comparator_isoform_id	gene_id	reference_isoform_id	subclass	stop_tx_pos_used	in_last_exon	distance_to_start_nt	exon_length_at_stop_nt	within_50nt_of_last_ej	mashr_posterior_mean_logfc	chr	h5_split	our_model_prob
ENSG00000000419.15.novel1	ENSG00000000419.15	ENST00000371588.10	NMD+/PTC+	1244	FALSE	1244	96	FALSE	1.87387173223883	chr20	train	0.9625191
ENSG00000000457.15.novel2	ENSG00000000457.15	ENST00000367771.11	NMD+/PTC+	1154	FALSE	1154	185	FALSE	3.7595841310597	chr1	test	0.8933987
ENSG00000001084.14.novel1	ENSG00000001084.14	ENST00000515580.1	NMD+/PTC-	2409	TRUE	2409	1627	TRUE	4.61269575905393	chr6	train	0.99303496
ENSG00000001084.14.novel7	ENSG00000001084.14	ENST00000515580.1	Control	1298	TRUE	1298	1631	TRUE	-0.0264295328126536	chr6	train	0.19105436
ENSG00000001497.19.novel1	ENSG00000001497.19	ENST00000374811.8	NMD+/PTC+	980	FALSE	980	86	FALSE	5.18947827371974	chrX	train	0.9783092
ENSG00000003402.22.novel42	ENSG00000003402.22	ENST00000341222.10	NMD+/PTC-	1270	TRUE	1270	3909	TRUE	1.75455698346143			
ENSG00000003402.22.novel46	ENSG00000003402.22	ENST00000341222.10	Control	3542	TRUE	3542	745	TRUE	0.0454923459624371	chr2	val	0.32739595
ENSG00000004864.15.novel1	ENSG00000004864.15	ENST00000265631.10	NMD+/PTC+	664	FALSE	664	140	FALSE	3.57459408973923	chr7	test	0.70769936
ENSG00000004864.15.novel2	ENSG00000004864.15	ENST00000265631.10	Control	945	TRUE	945	3101	TRUE	-0.0449547744708603	chr7	test	0.062324602
ENSG00000005238.21.novel1	ENSG00000005238.21	ENST00000903794.1	NMD+/PTC+	872	FALSE	872	59	FALSE	3.22421589753379	chr9	train	0.70373034
ENSG00000005436.15.novel1	ENSG00000005436.15	ENST00000470503.1	Control	831	TRUE	831	1137	TRUE	-0.0569516582799041	chr2	val	0.038607266
ENSG00000005436.15.novel3	ENSG00000005436.15	ENST00000470503.1	NMD+/PTC+	1211	FALSE	1211	82	FALSE	3.86792921979151	chr2	val	0.9957873
ENSG00000006194.12.novel67	ENSG00000006194.12	ENST00000575823.2	NMD+/PTC-	2757	TRUE	2757	4011	TRUE	3.16311932782003	chr16	train	0.5709114
ENSG00000006282.23.novel1	ENSG00000006282.23	ENST00000503127.5	NMD+/PTC+	1929	FALSE	1929	670	FALSE	1.87068337434969	chr17	train	0.8809016
ENSG00000007341.20.novel6	ENSG00000007341.20	ENST00000473206.5	NMD+/PTC-	1089	TRUE	1089	740	TRUE	3.67400030691922	chr1	test	0.33553863
ENSG00000007541.18.novel18	ENSG00000007541.18	ENST00000026218.9	NMD+/PTC+	1276	FALSE	1276	112	FALSE	1.63856597293149	chr16	train	0.97072965
ENSG00000008294.23.novel3	ENSG00000008294.23	ENST00000357122.8	NMD+/PTC+	687	FALSE	687	81	FALSE	3.63108943102462	chr17	train	0.996774
ENSG00000008952.18.novel1	ENSG00000008952.18	ENST00000480708.5	NMD+/PTC+	604	FALSE	604	113	FALSE	4.10461589223638	chr3	test	0.90093106
ENSG00000008952.18.novel26	ENSG00000008952.18	ENST00000480708.5	Control	609	TRUE	609	3917	TRUE	-0.0169096460336235	chr3	test	0.03345194
ENSG00000010030.14.novel2	ENSG00000010030.14	ENST00000339796.9	NMD+/PTC+	1071	FALSE	1071	188	FALSE	1.93547523988055	chr6	train	0.88470066
ENSG00000011105.15.novel1	ENSG00000011105.15	ENST00000011898.10	NMD+/PTC+	529	FALSE	529	102	FALSE	4.78400409295893	chr12	train	0.984183
ENSG00000011376.13.novel1	ENSG00000011376.13	ENST00000650792.2	Control	838	TRUE	838	1841	TRUE	-0.0508160684760256	chr3	test	0.18223295
ENSG00000011376.13.novel2	ENSG00000011376.13	ENST00000650792.2	NMD+/PTC+	2591	FALSE	2591	78	FALSE	2.76323404195542	chr3	test	0.9593569
ENSG00000011638.12.novel2	ENSG00000011638.12	ENST00000233047.9	NMD+/PTC+	697	FALSE	697	136	FALSE	2.30616046814443	chr16	train	0.8732554
ENSG00000012171.21.novel22	ENSG00000012171.21	ENST00000433753.4	NMD+/PTC+	1208	FALSE	1208	142	FALSE	2.68883561468381			
ENSG00000013441.18.novel26	ENSG00000013441.18	ENST00000321356.9	Control	3727	TRUE	3727	762	TRUE	0.0637530532649741	chr2	val	0.3322959
ENSG00000013561.19.novel1	ENSG00000013561.19	ENST00000394520.7	Control	1745	TRUE	1745	2565	TRUE	-0.00376910313576672	chr5	test	0.107775085
ENSG00000018510.19.novel1	ENSG00000018510.19	ENST00000679994.1	NMD+/PTC+	1195	FALSE	1195	128	FALSE	3.36069958755703	chr2	val	0.98574036
ENSG00000018510.19.novel53	ENSG00000018510.19	ENST00000679994.1	Control	1892	TRUE	1892	412	TRUE	-0.0773600966782363	chr2	val	0.24772382
ENSG00000018699.14.novel1	ENSG00000018699.14	ENST00000317907.9	NMD+/PTC+	2290	FALSE	2290	101	FALSE	2.47247822056169	chr2	val	0.67515266
ENSG00000019102.13.novel1	ENSG00000019102.13	ENST00000326621.10	NMD+/PTC+	892	FALSE	892	172	FALSE	3.9196743057443	chr11	train	0.92061675
ENSG00000019144.21.novel23	ENSG00000019144.21	ENST00000526537.2	NMD+/PTC+	1493	FALSE	1493	86	FALSE	1.86792591459342			
ENSG00000019144.21.novel3	ENSG00000019144.21	ENST00000526537.2	Control	2076	TRUE	2076	1356	TRUE	-0.0298649480858979	chr11	train	0.2877542
ENSG00000020129.17.novel2	ENSG00000020129.17	ENST00000356090.8	NMD+/PTC+	1945	FALSE	1945	225	FALSE	4.13665273537979	chr1	test	0.73507756
ENSG00000020426.12.novel2	ENSG00000020426.12	ENST00000261245.9	Control	965	TRUE	965	2129	TRUE	-0.0563599037988532	chr14	train	0.04830022
ENSG00000020426.12.novel6	ENSG00000020426.12	ENST00000261245.9	NMD+/PTC+	470	FALSE	470	104	FALSE	2.56291160568322	chr14	train	0.9808235
ENSG00000022840.17.novel36	ENSG00000022840.17	ENST00000325954.9	NMD+/PTC+	2582	FALSE	2582	159	FALSE	1.85074506046574	chr12	train	0.572576
ENSG00000023228.16.novel1	ENSG00000023228.16	ENST00000233190.11	NMD+/PTC+	1621	FALSE	1621	166	FALSE	4.80514194076547	chr2	val	0.9043311
ENSG00000023608.6.novel11	ENSG00000023608.6	ENST00000216294.5	NMD+/PTC+	580	FALSE	580	94	FALSE	3.38422950460423	chr14	train	0.98013717
ENSG00000023608.6.novel3	ENSG00000023608.6	ENST00000216294.5	Control	1256	TRUE	1256	2675	TRUE	-0.0629099039688586			
ENSG00000023697.14.novel1	ENSG00000023697.14	ENST00000428559.7	Control	1045	TRUE	1045	701	TRUE	0.0373402166657497	chr12	train	0.88999075
ENSG00000023697.14.novel2	ENSG00000023697.14	ENST00000428559.7	NMD+/PTC+	434	FALSE	434	96	FALSE	1.2662216104009	chr12	train	0.87621236
ENSG00000023909.11.novel3	ENSG00000023909.11	ENST00000370238.8	NMD+/PTC+	1005	FALSE	1005	115	FALSE	2.51811630611374	chr1	test	0.7321446
ENSG00000025708.15.novel1	ENSG00000025708.15	ENST00000252029.8	NMD+/PTC+	2054	FALSE	2054	447	FALSE	3.35843530315067	chr22	train	0.19476004
ENSG00000026652.16.novel1	ENSG00000026652.16	ENST00000320285.9	NMD+/PTC+	1050	FALSE	1050	69	FALSE	4.31113644256884	chr6	train	0.94010854
ENSG00000028203.20.novel3	ENSG00000028203.20	ENST00000436874.6	NMD+/PTC+	458	FALSE	458	73	FALSE	1.59818534629727	chr12	train	0.90043896
ENSG00000028310.19.novel1	ENSG00000028310.19	ENST00000869700.1	NMD+/PTC+	580	FALSE	580	180	FALSE	4.46607837041901	chr5	test	0.98023957
ENSG00000029725.18.novel1	ENSG00000029725.18	ENST00000537505.6	Control	801	TRUE	801	379	TRUE	0.0773824961471369	chr17	train	0.027455803
ENSG00000029725.18.novel5	ENSG00000029725.18	ENST00000537505.6	NMD+/PTC+	1324	FALSE	1324	132	FALSE	4.19626263147654	chr17	train	0.9868644
ENSG00000030066.15.novel2	ENSG00000030066.15	ENST00000378460.7	NMD+/PTC+	2083	FALSE	2083	181	FALSE	3.69013897361993	chr11	train	0.99547136
ENSG00000033178.14.novel4	ENSG00000033178.14	ENST00000322244.10	NMD+/PTC+	2384	FALSE	2384	35	FALSE	3.41448246001459	chr4	val	0.98680395
ENSG00000037241.8.novel8	ENSG00000037241.8	ENST00000521476.5	NMD+/PTC-	1793	TRUE	1793	367	TRUE	5.53916124603291	chr5	test	0.90685725
ENSG00000037474.16.novel2	ENSG00000037474.16	ENST00000264670.11	NMD+/PTC+	1190	FALSE	1190	152	FALSE	4.63576324998236	chr5	test	0.99510115
ENSG00000038210.15.novel1	ENSG00000038210.15	ENST00000264864.8	NMD+/PTC+	499	FALSE	499	201	FALSE	3.63793623773945	chr4	val	0.9854101
ENSG00000038532.18.novel2	ENSG00000038532.18	ENST00000409552.4	Control	2963	TRUE	2963	1685	TRUE	-0.00760499281082254	chr16	train	0.051277682
ENSG00000038532.18.novel4	ENSG00000038532.18	ENST00000409552.4	NMD+/PTC-	3035	TRUE	3035	6218	TRUE	1.40188704345038			
ENSG00000042088.15.novel2	ENSG00000042088.15	ENST00000393454.6	Control	2681	TRUE	2681	1710	TRUE	-0.0424341547471636	chr14	train	0.067263864
ENSG00000042088.15.novel5	ENSG00000042088.15	ENST00000393454.6	NMD+/PTC+	863	FALSE	863	93	FALSE	3.97268386075302	chr14	train	0.9909306
ENSG00000042980.15.novel4	ENSG00000042980.15	ENST00000265769.9	NMD+/PTC+	2067	FALSE	2067	193	FALSE	2.74298425693201	chr8	train	0.973784
ENSG00000047249.19.novel1	ENSG00000047249.19	ENST00000355221.7	NMD+/PTC+	905	FALSE	905	117	FALSE	5.27039365635114	chr8	train	0.96933854
ENSG00000047621.13.novel1	ENSG00000047621.13	ENST00000908046.1	NMD+/PTC+	1119	FALSE	1119	75	FALSE	4.45606988110454	chr12	train	0.9479431
ENSG00000047621.13.novel7	ENSG00000047621.13	ENST00000908046.1	Control	645	TRUE	645	2235	TRUE	-0.0377147281838422	chr12	train	0.14928274
ENSG00000048140.19.novel2	ENSG00000048140.19	ENST00000508164.6	NMD+/PTC-	1010	TRUE	1010	1941	TRUE	1.15289144942606			
ENSG00000048162.23.novel1	ENSG00000048162.23	ENST00000614830.5	NMD+/PTC+	1609	FALSE	1609	90	FALSE	4.27798118780065	chr5	test	0.73926103
ENSG00000049167.17.novel2	ENSG00000049167.17	ENST00000676185.1	NMD+/PTC+	827	FALSE	827	102	FALSE	2.08277965987542	chr5	test	0.83558613
ENSG00000050393.13.novel1	ENSG00000050393.13	ENST00000379170.9	NMD+/PTC+	708	FALSE	708	102	FALSE	0.68341769640421	chr6	train	0.97399884
ENSG00000050393.13.novel9	ENSG00000050393.13	ENST00000379170.9	Control	1195	TRUE	1195	2156	TRUE	-0.0337636181391904	chr6	train	0.078761026
ENSG00000051009.12.novel1	ENSG00000051009.12	ENST00000449352.7	NMD+/PTC+	2833	FALSE	2833	163	FALSE	1.32527254454597			
ENSG00000053372.6.novel1	ENSG00000053372.6	ENST00000330263.5	Control	1021	FALSE	1021	297	FALSE	-0.0744739717244362	chr1	test	0.25220397
ENSG00000053372.6.novel2	ENSG00000053372.6	ENST00000330263.5	NMD+/PTC+	486	FALSE	486	82	FALSE	3.05742959047624	chr1	test	0.37239996
ENSG00000053770.13.novel1	ENSG00000053770.13	ENST00000261558.8	NMD+/PTC+	1131	FALSE	1131	228	FALSE	2.94733351599201	chr14	train	0.94575673
ENSG00000053770.13.novel5	ENSG00000053770.13	ENST00000261558.8	Control	1750	TRUE	1750	3377	TRUE	-0.000655974031177097	chr14	train	0.14929186
ENSG00000054148.19.novel2	ENSG00000054148.19	ENST00000247665.12	Control	1881	TRUE	1881	1031	TRUE	-0.0104136471877868	chr9	train	0.52573824
ENSG00000054277.14.novel3	ENSG00000054277.14	ENST00000490673.5	NMD+/PTC+	955	FALSE	955	274	FALSE	1.11375365258414	chr1	test	0.5918565
ENSG00000054611.15.novel1	ENSG00000054611.15	ENST00000406733.1	Control	1302	TRUE	1302	369	TRUE	-0.0340679302818874	chr22	train	0.039778747
ENSG00000054611.15.novel4	ENSG00000054611.15	ENST00000406733.1	NMD+/PTC+	1364	FALSE	1364	96	FALSE	3.02113635419213	chr22	train	0.8157067
ENSG00000057019.17.novel21	ENSG00000057019.17	ENST00000326840.11	Control	1603	TRUE	1603	3086	TRUE	-0.0326800482142388	chr3	test	0.03456683
ENSG00000057019.17.novel3	ENSG00000057019.17	ENST00000326840.11	NMD+/PTC+	1763	FALSE	1763	74	FALSE	5.14666953505586	chr3	test	0.9923644
ENSG00000058063.18.novel1	ENSG00000058063.18	ENST00000323116.10	Control	3822	TRUE	3822	5195	TRUE	0.0314404505860166	chr3	test	0.05465919
ENSG00000058063.18.novel2	ENSG00000058063.18	ENST00000323116.10	NMD+/PTC+	2832	FALSE	2832	146	FALSE	2.26120110053923	chr3	test	0.9856564
ENSG00000058085.16.novel1	ENSG00000058085.16	ENST00000264144.5	NMD+/PTC+	1065	FALSE	1065	167	FALSE	7.27345736746795	chr1	test	0.80245715
ENSG00000058085.16.novel45	ENSG00000058085.16	ENST00000264144.5	Control	3464	TRUE	3464	416	TRUE	0.111871315024958	chr1	test	0.17725408
ENSG00000058804.13.novel1	ENSG00000058804.13	ENST00000371429.4	Control	2283	TRUE	2283	2574	TRUE	-0.0797713989581206	chr1	test	0.15257384
ENSG00000058804.13.novel4	ENSG00000058804.13	ENST00000371429.4	NMD+/PTC+	1623	FALSE	1623	101	FALSE	1.72856092382175	chr1	test	0.90994686
ENSG00000059758.9.novel5	ENSG00000059758.9	ENST00000261211.8	NMD+/PTC+	1283	FALSE	1283	95	FALSE	4.2215371234267	chr12	train	0.9822389
ENSG00000059758.9.novel7	ENSG00000059758.9	ENST00000261211.8	Control	1316	TRUE	1316	972	TRUE	0.0479964745092672	chr12	train	0.045814425
ENSG00000059769.21.novel8	ENSG00000059769.21	ENST00000313525.4	Control	1106	TRUE	1106	862	TRUE	-0.0206212929858168	chr9	train	0.029114617
ENSG00000060140.10.novel1	ENSG00000060140.10	ENST00000075503.8	Control	1678	TRUE	1678	3709	TRUE	0.0566379281363036	chr12	train	0.09013467
ENSG00000060140.10.novel5	ENSG00000060140.10	ENST00000075503.8	NMD+/PTC+	826	FALSE	826	111	FALSE	1.61594353872508	chr12	train	0.8253374
ENSG00000060558.4.novel1	ENSG00000060558.4	ENST00000262958.4	Control	1435	TRUE	1435	705	TRUE	0.0396195966143956	chr19	train	0.10331739
ENSG00000060558.4.novel3	ENSG00000060558.4	ENST00000262958.4	NMD+/PTC+	902	FALSE	902	155	FALSE	3.47698806140577	chr19	train	0.85536915
ENSG00000062598.19.novel1	ENSG00000062598.19	ENST00000290246.11	Control	2391	TRUE	2391	1527	TRUE	0.000439631958628934	chr20	train	0.09679224
ENSG00000062598.19.novel3	ENSG00000062598.19	ENST00000290246.11	NMD+/PTC+	407	FALSE	407	182	FALSE	2.95575523240309	chr20	train	0.942184
ENSG00000062822.17.novel1	ENSG00000062822.17	ENST00000599857.7	NMD+/PTC+	1973	FALSE	1973	114	FALSE	2.79105317964081	chr19	train	0.98960155
ENSG00000063660.10.novel2	ENSG00000063660.10	ENST00000264039.7	Control	2252	FALSE	2252	312	FALSE	-0.0363566490146593	chr2	val	0.1180288
ENSG00000063660.10.novel24	ENSG00000063660.10	ENST00000264039.7	NMD+/PTC+	1442	FALSE	1442	360	FALSE	3.69010949265953	chr2	val	0.9741019
ENSG00000064225.14.novel3	ENSG00000064225.14	ENST00000265261.11	NMD+/PTC+	799	FALSE	799	104	FALSE	4.35969463903833	chr3	test	0.98741865
ENSG00000064270.15.novel1	ENSG00000064270.15	ENST00000861762.1	Control	2351	TRUE	2351	1729	TRUE	-0.0605782581626289	chr16	train	0.04777051
ENSG00000064270.15.novel2	ENSG00000064270.15	ENST00000861762.1	NMD+/PTC+	3920	FALSE	3920	416	FALSE	2.66070258618208	chr16	train	0.48972654
ENSG00000064419.15.novel1	ENSG00000064419.15	ENST00000265388.10	Control	3327	FALSE	3327	92	TRUE	-0.0356890593015706	chr7	test	0.6115511
ENSG00000064607.18.novel1	ENSG00000064607.18	ENST00000452918.7	NMD+/PTC+	3664	FALSE	3664	121	FALSE	2.1890736396598	chr19	train	0.48537117
ENSG00000064607.18.novel9	ENSG00000064607.18	ENST00000452918.7	Control	3411	TRUE	3411	4393	TRUE	0.0274711265107719	chr19	train	0.034791138
ENSG00000064933.20.novel1	ENSG00000064933.20	ENST00000374826.8	NMD+/PTC+	2771	FALSE	2771	131	FALSE	3.16574667038488	chr2	val	0.8825676
ENSG00000064933.20.novel18	ENSG00000064933.20	ENST00000374826.8	Control	1159	TRUE	1159	672	TRUE	0.235432022038279	chr2	val	0.07710512
ENSG00000065457.12.novel1	ENSG00000065457.12	ENST00000564657.2	Control	2406	FALSE	2406	957	FALSE	-0.030769338817386	chr16	train	0.18780078
ENSG00000065457.12.novel4	ENSG00000065457.12	ENST00000564657.2	NMD+/PTC+	1174	FALSE	1174	131	FALSE	1.79288996243121	chr16	train	0.8556976
ENSG00000065600.14.novel3	ENSG00000065600.14	ENST00000261455.9	NMD+/PTC+	1027	FALSE	1027	108	FALSE	1.92403405598392	chr1	test	0.49064565
ENSG00000066557.7.novel1	ENSG00000066557.7	ENST00000370952.4	NMD+/PTC+	953	FALSE	953	143	FALSE	4.89826154325047	chr1	test	0.96875364
ENSG00000066557.7.novel3	ENSG00000066557.7	ENST00000370952.4	Control	1872	TRUE	1872	1473	TRUE	0.135738022365659	chr1	test	0.73774886
ENSG00000066629.20.novel2	ENSG00000066629.20	ENST00000262233.11	Control	777	TRUE	777	233	TRUE	-0.0477246769498729	chr14	train	0.13062719
ENSG00000066629.20.novel6	ENSG00000066629.20	ENST00000262233.11	NMD+/PTC+	2056	FALSE	2056	89	FALSE	3.46117712030104			
ENSG00000067221.15.novel3	ENSG00000067221.15	ENST00000316911.10	NMD+/PTC+	261	FALSE	261	131	FALSE	2.10325268736796	chr15	train	0.96919674
ENSG00000067596.13.novel2	ENSG00000067596.13	ENST00000589898.2	NMD+/PTC+	606	FALSE	606	379	FALSE	3.94814078266639	chr17	train	0.985466
ENSG00000068305.20.novel1	ENSG00000068305.20	ENST00000557785.5	Control	1740	TRUE	1740	2161	TRUE	-0.00878941212634401	chr15	train	0.060971264
ENSG00000068305.20.novel20	ENSG00000068305.20	ENST00000557785.5	NMD+/PTC+	1091	FALSE	1091	127	FALSE	3.00875784180701	chr15	train	0.85377187
ENSG00000068400.15.novel2	ENSG00000068400.15	ENST00000376423.8	NMD+/PTC+	2301	FALSE	2301	346	FALSE	2.91693116147697	chrX	train	0.89738697
ENSG00000068724.19.novel1	ENSG00000068724.19	ENST00000319190.11	Control	1259	TRUE	1259	2939	TRUE	0.0163539055457091	chr2	val	0.084733464
ENSG00000068724.19.novel4	ENSG00000068724.19	ENST00000319190.11	NMD+/PTC+	1315	FALSE	1315	131	FALSE	3.3337617303043	chr2	val	0.9921853
ENSG00000068885.16.novel13	ENSG00000068885.16	ENST00000496589.5	NMD+/PTC+	1772	FALSE	1772	90	FALSE	2.29324639549716	chr3	test	0.97569525
ENSG00000068885.16.novel7	ENSG00000068885.16	ENST00000496589.5	Control	2630	TRUE	2630	1651	TRUE	0.24873600126675	chr3	test	0.052872796
ENSG00000068971.15.novel3	ENSG00000068971.15	ENST00000164133.7	NMD+/PTC+	863	FALSE	863	102	FALSE	2.12146999396181	chr11	train	0.8424366
ENSG00000069122.20.novel1	ENSG00000069122.20	ENST00000283296.12	NMD+/PTC+	4247	FALSE	4247	79	FALSE	2.0134794006398	chr6	train	0.6869794
ENSG00000069122.20.novel2	ENSG00000069122.20	ENST00000283296.12	Control	4676	TRUE	4676	1567	TRUE	-0.00961362128432742	chr6	train	0.18498147
ENSG00000069998.13.novel1	ENSG00000069998.13	ENST00000336737.8	Control	2480	TRUE	2480	852	TRUE	-0.0510313009887502	chr22	train	0.11586531
ENSG00000069998.13.novel2	ENSG00000069998.13	ENST00000336737.8	NMD+/PTC+	1127	FALSE	1127	189	FALSE	1.73897422757543	chr22	train	0.92132837
ENSG00000070413.22.novel2	ENSG00000070413.22	ENST00000263196.12	NMD+/PTC+	1097	FALSE	1097	125	FALSE	4.29590215329113	chr22	train	0.9536162
ENSG00000070495.16.novel21	ENSG00000070495.16	ENST00000397625.9	Control	1662	FALSE	1662	1574	FALSE	-0.0126205249947809	chr17	train	0.49865407
ENSG00000070540.14.novel2	ENSG00000070540.14	ENST00000262139.10	NMD+/PTC+	814	FALSE	814	108	FALSE	4.80908792520987	chr17	train	0.99458694
ENSG00000070669.18.novel1	ENSG00000070669.18	ENST00000394308.8	NMD+/PTC+	1417	FALSE	1417	175	FALSE	4.54594780006974	chr7	test	0.95414066
ENSG00000071205.13.novel2	ENSG00000071205.13	ENST00000510379.1	NMD+/PTC+	1748	FALSE	1748	88	FALSE	4.3720373214238	chr4	val	0.9956825
ENSG00000071205.13.novel5	ENSG00000071205.13	ENST00000510379.1	Control	817	TRUE	817	3246	TRUE	0.0831462025474714	chr4	val	0.13714848
ENSG00000071242.14.novel1	ENSG00000071242.14	ENST00000265678.9	Control	1331	TRUE	1331	2163	TRUE	0.115177042571393	chr6	train	0.048995893
ENSG00000071242.14.novel9	ENSG00000071242.14	ENST00000265678.9	NMD+/PTC+	1262	FALSE	1262	65	FALSE	2.68249573807535	chr6	train	0.9775913
ENSG00000071539.15.novel2	ENSG00000071539.15	ENST00000166345.8	Control	1713	FALSE	1713	144	TRUE	0.164054236865984	chr5	test	0.32097888
ENSG00000071539.15.novel5	ENSG00000071539.15	ENST00000166345.8	NMD+/PTC+	1217	FALSE	1217	154	FALSE	3.12626553934534	chr5	test	0.98341525
ENSG00000072571.21.novel2	ENSG00000072571.21	ENST00000393915.9	NMD+/PTC+	622	FALSE	622	75	FALSE	3.0118751576112	chr5	test	0.9833734
ENSG00000072849.12.novel1	ENSG00000072849.12	ENST00000158771.9	NMD+/PTC+	1331	FALSE	1331	152	FALSE	3.72528988591009	chr17	train	0.7035289
ENSG00000072864.17.novel38	ENSG00000072864.17	ENST00000396354.6	Control	1213	TRUE	1213	4146	TRUE	-0.00289769628889905	chr16	train	0.4483992
ENSG00000072864.17.novel6	ENSG00000072864.17	ENST00000396354.6	NMD+/PTC+	465	FALSE	465	149	FALSE	3.14365453766134	chr16	train	0.9836428
ENSG00000072958.10.novel5	ENSG00000072958.10	ENST00000291439.8	NMD+/PTC+	695	FALSE	695	143	FALSE	4.39216943511854	chr19	train	0.9846662
ENSG00000073792.17.novel1	ENSG00000073792.17	ENST00000382199.7	NMD+/PTC+	483	FALSE	483	52	FALSE	2.27951860234466	chr3	test	0.9677845
ENSG00000074582.16.novel1	ENSG00000074582.16	ENST00000907075.1	NMD+/PTC-	3492	TRUE	3492	323	TRUE	1.24044911530403	chr2	val	0.49637422
ENSG00000074582.16.novel6	ENSG00000074582.16	ENST00000907075.1	Control	3151	TRUE	3151	318	TRUE	-0.00901092194844502	chr2	val	0.6039073
ENSG00000074935.15.novel1	ENSG00000074935.15	ENST00000368662.10	Control	880	TRUE	880	1456	TRUE	-0.0275934463508188	chr6	train	0.14881894
ENSG00000074935.15.novel2	ENSG00000074935.15	ENST00000368662.10	NMD+/PTC+	295	FALSE	295	116	FALSE	1.94775522643372			
ENSG00000075213.12.novel1	ENSG00000075213.12	ENST00000265362.9	Control	2776	TRUE	2776	4832	TRUE	0.0716214223195981	chr7	test	0.061266027
ENSG00000075213.12.novel2	ENSG00000075213.12	ENST00000265362.9	NMD+/PTC+	2899	FALSE	2899	65	FALSE	3.57437228513972	chr7	test	0.9151417
ENSG00000075539.16.novel15	ENSG00000075539.16	ENST00000503339.5	Control	1709	TRUE	1709	2113	TRUE	0.190158047526126	chr4	val	0.13458222
ENSG00000075539.16.novel19	ENSG00000075539.16	ENST00000503339.5	NMD+/PTC-	1676	TRUE	1676	2317	TRUE	1.57212733007603	chr4	val	0.18110241
ENSG00000076067.15.novel2	ENSG00000076067.15	ENST00000262031.10	Control	1407	TRUE	1407	6459	TRUE	-0.0494371677739892	chr12	train	0.0628669
ENSG00000076067.15.novel3	ENSG00000076067.15	ENST00000262031.10	NMD+/PTC+	824	FALSE	824	118	FALSE	2.59887933692954	chr12	train	0.9027774
ENSG00000076928.21.novel3	ENSG00000076928.21	ENST00000354532.8	NMD+/PTC+	2039	FALSE	2039	129	FALSE	2.99103079377478	chr19	train	0.995789
ENSG00000077238.15.novel2	ENSG00000077238.15	ENST00000395762.7	NMD+/PTC-	1584	TRUE	1584	2559	TRUE	2.86549209202336	chr16	train	0.5225218
ENSG00000077454.18.novel3	ENSG00000077454.18	ENST00000310300.11	NMD+/PTC+	1233	FALSE	1233	85	FALSE	2.93106945883397	chr7	test	0.99602133
ENSG00000077463.16.novel2	ENSG00000077463.16	ENST00000600938.5	Control	818	TRUE	818	1048	TRUE	-0.0675795832182845			
ENSG00000077514.10.novel4	ENSG00000077514.10	ENST00000532784.5	NMD+/PTC+	1035	FALSE	1035	113	FALSE	3.01229610667306	chr11	train	0.90247697
ENSG00000077514.10.novel5	ENSG00000077514.10	ENST00000532784.5	Control	302	TRUE	302	2047	TRUE	-0.0825478228785207	chr11	train	0.0725922
ENSG00000077585.15.novel1	ENSG00000077585.15	ENST00000366592.8	Control	625	FALSE	625	150	FALSE	0.0955572709633121	chr1	test	0.9632555
ENSG00000077585.15.novel4	ENSG00000077585.15	ENST00000366592.8	NMD+/PTC+	1330	FALSE	1330	148	FALSE	3.2455150602204	chr1	test	0.26078776
ENSG00000077713.20.novel1	ENSG00000077713.20	ENST00000217909.8	Control	965	TRUE	965	2032	TRUE	0.00797226032957586	chrX	train	0.36547017
ENSG00000077713.20.novel3	ENSG00000077713.20	ENST00000217909.8	NMD+/PTC+	882	FALSE	882	173	FALSE	2.31458927534804	chrX	train	0.8860276
ENSG00000077942.20.novel1	ENSG00000077942.20	ENST00000262722.11	NMD+/PTC+	1222	FALSE	1222	82	FALSE	3.4621183583364	chr22	train	0.98943067
ENSG00000078070.15.novel1	ENSG00000078070.15	ENST00000265594.9	NMD+/PTC+	298	FALSE	298	96	FALSE	3.74885933896271	chr3	test	0.9387607
ENSG00000078070.15.novel4	ENSG00000078070.15	ENST00000265594.9	Control	523	TRUE	523	2016	TRUE	0.0329739479130123	chr3	test	0.5288695
ENSG00000078142.15.novel1	ENSG00000078142.15	ENST00000262039.9	NMD+/PTC+	2402	FALSE	2402	91	FALSE	4.23547869675862	chr18	train	0.97658545
ENSG00000078142.15.novel3	ENSG00000078142.15	ENST00000262039.9	Control	915	TRUE	915	4423	TRUE	0.111508410464887	chr18	train	0.05476188
ENSG00000078618.24.novel42	ENSG00000078618.24	ENST00000354831.11	NMD+/PTC+	1019	FALSE	1019	70	FALSE	3.8763955399228	chr1	test	0.9872602
ENSG00000078747.18.novel7	ENSG00000078747.18	ENST00000374864.10	NMD+/PTC+	1837	FALSE	1837	135	FALSE	3.13272525862498	chr20	train	0.98297775
ENSG00000079385.24.novel1	ENSG00000079385.24	ENST00000403444.7	NMD+/PTC+	1287	FALSE	1287	154	FALSE	3.77731025641767	chr19	train	0.9101251
ENSG00000079974.20.novel5	ENSG00000079974.20	ENST00000395595.8	NMD+/PTC+	547	FALSE	547	98	FALSE	3.68627695830569	chr22	train	0.97463304
ENSG00000080189.16.novel1	ENSG00000080189.16	ENST00000372230.10	NMD+/PTC+	1108	FALSE	1108	135	FALSE	2.95055976849655	chr20	train	0.8820033
ENSG00000080608.11.novel10	ENSG00000080608.11	ENST00000397885.3	NMD+/PTC+	1084	FALSE	1084	99	FALSE	2.79074387946718	chr9	train	0.98704404
ENSG00000080608.11.novel14	ENSG00000080608.11	ENST00000397885.3	Control	4087	TRUE	4087	1784	TRUE	-0.0719374702772514	chr9	train	0.1792525
ENSG00000080823.24.novel23	ENSG00000080823.24	ENST00000522874.5	NMD+/PTC+	423	FALSE	423	79	FALSE	2.88427346250737	chr14	train	0.15108417
ENSG00000080986.14.novel2	ENSG00000080986.14	ENST00000261597.9	Control	947	TRUE	947	755	TRUE	-0.0170278921410903	chr18	train	0.03782705
ENSG00000080986.14.novel3	ENSG00000080986.14	ENST00000261597.9	NMD+/PTC+	640	FALSE	640	173	FALSE	3.00272046418516	chr18	train	0.933782
ENSG00000081320.13.novel1	ENSG00000081320.13	ENST00000263955.9	NMD+/PTC+	795	FALSE	795	145	FALSE	3.39792610647889	chr2	val	0.96138656
ENSG00000081692.14.novel3	ENSG00000081692.14	ENST00000620518.5	NMD+/PTC+	1083	FALSE	1083	801	FALSE	1.06334170477069			
ENSG00000081760.18.novel2	ENSG00000081760.18	ENST00000316519.11	Control	2028	TRUE	2028	1245	TRUE	-0.0889779038456633	chr12	train	0.060072564
ENSG00000081760.18.novel3	ENSG00000081760.18	ENST00000316519.11	NMD+/PTC+	1457	FALSE	1457	320	FALSE	2.8273635027817	chr12	train	0.95994925
ENSG00000081923.16.novel32	ENSG00000081923.16	ENST00000648908.2	NMD+/PTC-	2548	TRUE	2548	1505	TRUE	1.59099373352985			
ENSG00000084073.11.novel1	ENSG00000084073.11	ENST00000372759.4	Control	1702	TRUE	1702	1910	TRUE	0.105832327085747	chr1	test	0.9645097
ENSG00000085274.17.novel23	ENSG00000085274.17	ENST00000356716.8	Control	2426	TRUE	2426	2768	TRUE	0.0661681530911791	chr3	test	0.74682134
ENSG00000085274.17.novel25	ENSG00000085274.17	ENST00000356716.8	NMD+/PTC+	1059	FALSE	1059	678	FALSE	1.72141183870183	chr3	test	0.81138337
ENSG00000085433.18.novel2	ENSG00000085433.18	ENST00000369962.8	NMD+/PTC+	931	FALSE	931	179	FALSE	3.0275547686105	chr1	test	0.9844636
ENSG00000085721.14.novel1	ENSG00000085721.14	ENST00000198767.11	NMD+/PTC+	722	FALSE	722	99	FALSE	5.61516127814638	chr16	train	0.99470264
ENSG00000086200.18.novel22	ENSG00000086200.18	ENST00000409534.1	NMD+/PTC-	3025	TRUE	3025	2799	TRUE	3.73795974467032	chr5	test	0.9562373
ENSG00000086696.12.novel1	ENSG00000086696.12	ENST00000199936.9	NMD+/PTC+	969	FALSE	969	69	FALSE	4.94960180763273	chr16	train	0.7985791
ENSG00000086696.12.novel2	ENSG00000086696.12	ENST00000199936.9	Control	1204	TRUE	1204	1358	TRUE	-0.0306428237787084	chr16	train	0.07421365
ENSG00000086827.10.novel1	ENSG00000086827.10	ENST00000898960.1	NMD+/PTC+	1061	FALSE	1061	153	FALSE	5.15123477435046	chr11	train	0.96305037
ENSG00000086827.10.novel4	ENSG00000086827.10	ENST00000898960.1	Control	1453	TRUE	1453	1985	TRUE	-0.120346672792902	chr11	train	0.032614123
ENSG00000087008.17.novel10	ENSG00000087008.17	ENST00000895408.1	NMD+/PTC+	2061	FALSE	2061	445	FALSE	2.2391026195792	chr4	val	0.91984564
ENSG00000087008.17.novel9	ENSG00000087008.17	ENST00000895408.1	Control	2248	TRUE	2248	2148	TRUE	-0.0692029513326148	chr4	val	0.039350867
ENSG00000087076.10.novel1	ENSG00000087076.10	ENST00000263278.9	Control	1073	TRUE	1073	338	TRUE	-0.0587210742092087	chr19	train	0.11123546
ENSG00000087076.10.novel2	ENSG00000087076.10	ENST00000263278.9	NMD+/PTC+	884	FALSE	884	68	FALSE	3.69806650551398	chr19	train	0.9163306
ENSG00000087128.10.novel1	ENSG00000087128.10	ENST00000305363.9	NMD+/PTC+	519	FALSE	519	178	FALSE	6.03922127410315	chr4	val	0.9657865
ENSG00000087128.10.novel3	ENSG00000087128.10	ENST00000305363.9	Control	1494	TRUE	1494	3904	TRUE	0.0178942769725068	chr4	val	0.8102467
ENSG00000087206.18.novel1	ENSG00000087206.18	ENST00000377227.8	NMD+/PTC+	875	FALSE	875	62	FALSE	4.03507339080887	chr5	test	0.9877509
ENSG00000087206.18.novel73	ENSG00000087206.18	ENST00000377227.8	Control	1104	TRUE	1104	3143	TRUE	-0.0580340973686054			
ENSG00000087269.17.novel11	ENSG00000087269.17	ENST00000416614.7	NMD+/PTC+	2619	FALSE	2619	135	FALSE	3.26315584523758	chr4	val	0.9631747
ENSG00000087884.17.novel1	ENSG00000087884.17	ENST00000526415.5	Control	719	TRUE	719	209	TRUE	0.234899972601346	chr11	train	0.13886954
ENSG00000087995.17.novel2	ENSG00000087995.17	ENST00000311506.10	Control	1157	FALSE	1157	1039	FALSE	-0.0450468242389987	chr17	train	0.21035443
ENSG00000088451.12.novel1	ENSG00000088451.12	ENST00000261296.7	NMD+/PTC+	453	FALSE	453	143	FALSE	1.99918267270538	chr13	train	0.9835976
ENSG00000088451.12.novel3	ENSG00000088451.12	ENST00000261296.7	Control	1296	TRUE	1296	808	TRUE	0.0148158277252459	chr13	train	0.71419615
ENSG00000088766.13.novel1	ENSG00000088766.13	ENST00000378863.9	Control	927	TRUE	927	1043	TRUE	0.00549660991146612	chr20	train	0.1878401
ENSG00000088766.13.novel11	ENSG00000088766.13	ENST00000378863.9	NMD+/PTC+	926	FALSE	926	131	FALSE	2.16288445440602	chr20	train	0.9731856
ENSG00000088992.19.novel1	ENSG00000088992.19	ENST00000470612.5	NMD+/PTC-	696	TRUE	696	1744	TRUE	2.52839139804381	chr12	train	0.19274054
ENSG00000089060.13.novel9	ENSG00000089060.13	ENST00000680972.1	NMD+/PTC+	1828	FALSE	1828	142	FALSE	3.30282019612704	chr12	train	0.9685272
ENSG00000089234.17.novel1	ENSG00000089234.17	ENST00000871566.1	NMD+/PTC+	483	FALSE	483	190	FALSE	2.40940152544633	chr12	train	0.9466977
ENSG00000089234.17.novel4	ENSG00000089234.17	ENST00000871566.1	Control	1634	TRUE	1634	2418	TRUE	-0.00646207499453552	chr12	train	0.22110716
ENSG00000089639.12.novel2	ENSG00000089639.12	ENST00000203556.9	NMD+/PTC+	2236	FALSE	2236	388	FALSE	2.41956200295579	chr19	train	0.9053986
ENSG00000090054.17.novel2	ENSG00000090054.17	ENST00000262554.7	NMD+/PTC+	1209	FALSE	1209	60	FALSE	5.27789418482659	chr9	train	0.9848691
ENSG00000090661.14.novel1	ENSG00000090661.14	ENST00000251363.10	Control	1770	TRUE	1770	1793	TRUE	-0.0411194259337538	chr19	train	0.1217761
ENSG00000090661.14.novel4	ENSG00000090661.14	ENST00000251363.10	NMD+/PTC+	1295	FALSE	1295	187	FALSE	2.20960135750621	chr19	train	0.8569459
ENSG00000090989.19.novel54	ENSG00000090989.19	ENST00000892248.1	NMD+/PTC-	2915	TRUE	2915	2227	TRUE	1.57096667583176			
ENSG00000091127.15.novel1	ENSG00000091127.15	ENST00000469408.6	NMD+/PTC+	1631	FALSE	1631	127	FALSE	4.45681063981434	chr7	test	0.97333086
ENSG00000091844.9.novel1	ENSG00000091844.9	ENST00000206262.2	Control	774	TRUE	774	1767	TRUE	0.0818961461116371	chr6	train	0.17122766
ENSG00000091844.9.novel2	ENSG00000091844.9	ENST00000206262.2	NMD+/PTC+	831	FALSE	831	143	FALSE	2.69722474385077	chr6	train	0.2398601
ENSG00000092020.12.novel1	ENSG00000092020.12	ENST00000557217.5	Control	2851	TRUE	2851	1251	TRUE	-0.0106666650289967	chr14	train	0.46954525
ENSG00000092020.12.novel2	ENSG00000092020.12	ENST00000557217.5	NMD+/PTC+	1894	FALSE	1894	138	FALSE	3.96818962992664	chr14	train	0.73006785
ENSG00000092036.20.novel9	ENSG00000092036.20	ENST00000541587.6	NMD+/PTC+	869	FALSE	869	166	FALSE	2.85875465704773	chr14	train	0.9429954
ENSG00000092108.23.novel2	ENSG00000092108.23	ENST00000458591.7	NMD+/PTC+	1669	FALSE	1669	60	FALSE	4.2413284661032	chr14	train	0.99328494
ENSG00000092978.12.novel1	ENSG00000092978.12	ENST00000366934.3	NMD+/PTC+	1385	FALSE	1385	61	FALSE	3.46274149208173	chr1	test	0.9818528
ENSG00000092978.12.novel49	ENSG00000092978.12	ENST00000366934.3	Control	947	TRUE	947	758	TRUE	-0.0197302483930288	chr1	test	0.029903384
ENSG00000093009.12.novel3	ENSG00000093009.12	ENST00000263201.7	NMD+/PTC+	860	FALSE	860	62	FALSE	2.07330810988033	chr22	train	0.9848786
ENSG00000093010.16.novel1	ENSG00000093010.16	ENST00000361682.11	NMD+/PTC+	1330	FALSE	1330	190	FALSE	2.44580759487824	chr22	train	0.85233825
ENSG00000093167.19.novel2	ENSG00000093167.19	ENST00000354379.8	NMD+/PTC+	1508	FALSE	1508	50	FALSE	4.80009292781991	chr3	test	0.98550344
ENSG00000095066.13.novel1	ENSG00000095066.13	ENST00000894575.1	NMD+/PTC+	647	FALSE	647	63	FALSE	5.41921140354168	chr19	train	0.99703526
ENSG00000095066.13.novel4	ENSG00000095066.13	ENST00000894575.1	Control	1254	TRUE	1254	1614	TRUE	-0.0937133029164246	chr19	train	0.030256
ENSG00000095303.18.novel1	ENSG00000095303.18	ENST00000362012.7	NMD+/PTC+	239	FALSE	239	222	FALSE	1.72598317638938	chr9	train	0.63272524
ENSG00000095485.19.novel3	ENSG00000095485.19	ENST00000354105.10	NMD+/PTC+	328	FALSE	328	102	FALSE	4.51163667241809	chr10	train	0.94628537
ENSG00000095485.19.novel6	ENSG00000095485.19	ENST00000354105.10	Control	826	TRUE	826	1057	TRUE	-0.018666610406842	chr10	train	0.025698528
ENSG00000096717.13.novel1	ENSG00000096717.13	ENST00000212015.11	Control	2501	TRUE	2501	2210	TRUE	0.035799771242894	chr10	train	0.98730266
ENSG00000096717.13.novel3	ENSG00000096717.13	ENST00000212015.11	NMD+/PTC+	1067	FALSE	1067	125	FALSE	2.55080311782672	chr10	train	0.9907154
ENSG00000096746.19.novel1	ENSG00000096746.19	ENST00000265866.12	Control	2114	TRUE	2114	2025	TRUE	-0.0135712516924956	chr10	train	0.1478277
ENSG00000096746.19.novel2	ENSG00000096746.19	ENST00000265866.12	NMD+/PTC+	1461	FALSE	1461	185	FALSE	4.28253708718746	chr10	train	0.9859781
ENSG00000096872.18.novel5	ENSG00000096872.18	ENST00000429045.6	NMD+/PTC+	907	FALSE	907	139	FALSE	3.27817245462726	chr9	train	0.99322826
ENSG00000099260.13.novel1	ENSG00000099260.13	ENST00000909491.1	NMD+/PTC+	844	FALSE	844	94	FALSE	3.40805929089694	chr1	test	0.2110836
ENSG00000099260.13.novel9	ENSG00000099260.13	ENST00000909491.1	Control	726	TRUE	726	4072	TRUE	-0.00937145807181333	chr1	test	0.15019697
ENSG00000099282.11.novel1	ENSG00000099282.11	ENST00000373290.7	NMD+/PTC+	926	FALSE	926	117	FALSE	2.33330419170248	chr10	train	0.915213
ENSG00000099326.10.novel1	ENSG00000099326.10	ENST00000215057.7	NMD+/PTC+	1207	FALSE	1207	139	FALSE	3.33464302680031	chr19	train	0.8328469
ENSG00000099849.16.novel1	ENSG00000099849.16	ENST00000397582.7	NMD+/PTC-	1144	TRUE	1144	510	TRUE	1.29014803051801	chr11	train	0.29224247
ENSG00000099899.17.novel14	ENSG00000099899.17	ENST00000403707.7	NMD+/PTC+	1127	FALSE	1127	80	FALSE	3.27935907976313	chr22	train	0.9836193
ENSG00000099917.18.novel1	ENSG00000099917.18	ENST00000292733.11	NMD+/PTC+	212	FALSE	212	118	FALSE	1.5946618887768	chr22	train	0.8728163
ENSG00000099998.20.novel2	ENSG00000099998.20	ENST00000327365.10	NMD+/PTC+	928	FALSE	928	137	FALSE	2.12547258243575	chr22	train	0.93666196
ENSG00000100003.18.novel10	ENSG00000100003.18	ENST00000615189.5	NMD+/PTC+	305	FALSE	305	189	FALSE	3.32589582100553	chr22	train	0.8442374
ENSG00000100003.18.novel12	ENSG00000100003.18	ENST00000615189.5	Control	1051	FALSE	1051	170	TRUE	0.131043227306934	chr22	train	0.18454966
ENSG00000100083.21.novel4	ENSG00000100083.21	ENST00000343632.9	NMD+/PTC+	1283	FALSE	1283	196	FALSE	3.22915091251978	chr22	train	0.9709519
ENSG00000100151.17.novel3	ENSG00000100151.17	ENST00000356976.8	NMD+/PTC+	548	FALSE	548	90	FALSE	4.05780410773018	chr22	train	0.96474886
ENSG00000100258.19.novel3	ENSG00000100258.19	ENST00000474879.7	NMD+/PTC+	692	FALSE	692	179	FALSE	2.98406340209777	chr22	train	0.9871709
ENSG00000100258.19.novel7	ENSG00000100258.19	ENST00000474879.7	Control	2748	TRUE	2748	751	TRUE	0.0794154650320225	chr22	train	0.9446233
ENSG00000100271.18.novel2	ENSG00000100271.18	ENST00000440761.1	Control	1662	TRUE	1662	2249	TRUE	-0.0262563052683702	chr22	train	0.10184452
ENSG00000100271.18.novel3	ENSG00000100271.18	ENST00000440761.1	NMD+/PTC+	648	FALSE	648	181	FALSE	1.19427284866103			
ENSG00000100284.23.novel1	ENSG00000100284.23	ENST00000449058.7	NMD+/PTC+	287	FALSE	287	150	FALSE	2.36443530795291	chr22	train	0.93854266
ENSG00000100294.14.novel1	ENSG00000100294.14	ENST00000327555.5	NMD+/PTC+	522	FALSE	522	537	FALSE	3.15047314952429	chr22	train	0.9703763
ENSG00000100294.14.novel3	ENSG00000100294.14	ENST00000327555.5	Control	816	TRUE	816	2665	TRUE	-0.0275238283430844	chr22	train	0.2201727
ENSG00000100376.13.novel1	ENSG00000100376.13	ENST00000894423.1	Control	1027	TRUE	1027	1696	TRUE	0.0834154529491075	chr22	train	0.0883562
ENSG00000100376.13.novel2	ENSG00000100376.13	ENST00000894423.1	NMD+/PTC+	1127	FALSE	1127	286	FALSE	3.7093442843093	chr22	train	0.9585379
ENSG00000100416.16.novel31	ENSG00000100416.16	ENST00000381019.3	Control	2057	TRUE	2057	2170	TRUE	-0.0870067585751801	chr22	train	0.13453093
ENSG00000100417.13.novel1	ENSG00000100417.13	ENST00000216259.8	NMD+/PTC+	710	FALSE	710	116	FALSE	0.796829456812941			
ENSG00000100418.9.novel1	ENSG00000100418.9	ENST00000263256.7	Control	880	TRUE	880	2335	TRUE	0.104466093511532	chr22	train	0.06817188
ENSG00000100418.9.novel3	ENSG00000100418.9	ENST00000263256.7	NMD+/PTC+	508	FALSE	508	142	FALSE	4.29470133079565	chr22	train	0.94597936
ENSG00000100441.11.novel1	ENSG00000100441.11	ENST00000556842.5	Control	2818	TRUE	2818	4800	TRUE	0.0854067427976368	chr14	train	0.05730707
ENSG00000100441.11.novel3	ENSG00000100441.11	ENST00000556842.5	NMD+/PTC+	1831	FALSE	1831	97	FALSE	2.65221403640316	chr14	train	0.9786285
ENSG00000100519.13.novel1	ENSG00000100519.13	ENST00000445930.7	NMD+/PTC+	401	FALSE	401	602	FALSE	4.73889254250925	chr14	train	0.30250528
ENSG00000100519.13.novel69	ENSG00000100519.13	ENST00000445930.7	Control	856	TRUE	856	1421	TRUE	-0.0449966580002774	chr14	train	0.10047969
ENSG00000100558.10.novel1	ENSG00000100558.10	ENST00000216446.9	NMD+/PTC+	386	FALSE	386	49	FALSE	3.30777296564114	chr14	train	0.90537566
ENSG00000100558.10.novel4	ENSG00000100558.10	ENST00000216446.9	Control	1207	TRUE	1207	2484	TRUE	0.0175688733074308	chr14	train	0.049780317
ENSG00000100726.16.novel2	ENSG00000100726.16	ENST00000262319.11	NMD+/PTC+	1676	FALSE	1676	111	FALSE	4.50117501591679	chr16	train	0.99067324
ENSG00000100897.19.novel11	ENSG00000100897.19	ENST00000559115.5	NMD+/PTC+	1324	FALSE	1324	65	FALSE	3.41047862739747	chr14	train	0.7884317
ENSG00000100897.19.novel4	ENSG00000100897.19	ENST00000559115.5	Control	2943	TRUE	2943	2437	TRUE	-0.0509145200201935	chr14	train	0.08542362
ENSG00000100918.15.novel7	ENSG00000100918.15	ENST00000620473.4	NMD+/PTC+	1602	FALSE	1602	140	FALSE	1.70950067320109	chr14	train	0.92773575
ENSG00000100949.16.novel3	ENSG00000100949.16	ENST00000399409.7	NMD+/PTC+	1738	FALSE	1738	235	FALSE	2.6893951972016	chr14	train	0.43553576
ENSG00000101150.19.novel1	ENSG00000101150.19	ENST00000346249.9	NMD+/PTC+	1710	FALSE	1710	71	FALSE	3.14477339448256	chr20	train	0.877141
ENSG00000101152.13.novel1	ENSG00000101152.13	ENST00000360864.9	Control	1126	TRUE	1126	4562	TRUE	0.0699946371176143	chr20	train	0.28847888
ENSG00000101166.17.novel59	ENSG00000101166.17	ENST00000355937.9	NMD+/PTC+	779	FALSE	779	155	FALSE	3.18719055790707	chr20	train	0.9688411
ENSG00000101194.19.novel1	ENSG00000101194.19	ENST00000370351.9	NMD+/PTC+	1084	FALSE	1084	88	FALSE	3.03933155395873	chr20	train	0.92118245
ENSG00000101194.19.novel2	ENSG00000101194.19	ENST00000370351.9	Control	1410	TRUE	1410	2887	TRUE	-0.0293334128328726	chr20	train	0.06767059
ENSG00000101213.8.novel2	ENSG00000101213.8	ENST00000542869.3	Control	2781	TRUE	2781	1739	TRUE	0.0429334332433434	chr20	train	0.81975394
ENSG00000101452.16.novel1	ENSG00000101452.16	ENST00000252011.8	Control	2170	TRUE	2170	1228	TRUE	-0.0489078224578247	chr20	train	0.16795547
ENSG00000101546.13.novel1	ENSG00000101546.13	ENST00000262197.7	NMD+/PTC+	377	FALSE	377	260	FALSE	2.27704147395162	chr18	train	0.8464815
ENSG00000101546.13.novel30	ENSG00000101546.13	ENST00000262197.7	Control	3695	TRUE	3695	4878	TRUE	-0.00229160580902241	chr18	train	0.57910246
ENSG00000101624.12.novel1	ENSG00000101624.12	ENST00000586887.1	NMD+/PTC+	1184	FALSE	1184	187	FALSE	4.14217327268376	chr18	train	0.9792371
ENSG00000101624.12.novel2	ENSG00000101624.12	ENST00000586887.1	Control	1333	TRUE	1333	652	TRUE	-0.0841395711019377	chr18	train	0.04999966
ENSG00000101751.12.novel1	ENSG00000101751.12	ENST00000579534.6	Control	2425	TRUE	2425	4590	TRUE	0.024338974948117	chr18	train	0.9513355
ENSG00000101751.12.novel5	ENSG00000101751.12	ENST00000579534.6	NMD+/PTC+	1119	FALSE	1119	144	FALSE	4.15707602684051	chr18	train	0.9721191
ENSG00000101773.20.novel47	ENSG00000101773.20	ENST00000327155.10	NMD+/PTC+	1260	FALSE	1260	199	FALSE	3.63641137432441	chr18	train	0.9677274
ENSG00000101773.20.novel58	ENSG00000101773.20	ENST00000327155.10	Control	2367	TRUE	2367	1095	TRUE	-0.0160638759269401	chr18	train	0.068699345
ENSG00000102007.12.novel1	ENSG00000102007.12	ENST00000376327.6	NMD+/PTC+	770	FALSE	770	316	FALSE	4.14811792731856	chrX	train	0.9350664
ENSG00000102007.12.novel2	ENSG00000102007.12	ENST00000376327.6	Control	857	TRUE	857	564	TRUE	0.0456156809051829	chrX	train	0.7268946
ENSG00000102032.14.novel3	ENSG00000102032.14	ENST00000393700.8	NMD+/PTC+	284	FALSE	284	339	FALSE	2.84930586576278	chrX	train	0.87299436
ENSG00000102032.14.novel7	ENSG00000102032.14	ENST00000393700.8	Control	1480	TRUE	1480	136	TRUE	-0.00412030700397494	chrX	train	0.74696565
ENSG00000102158.23.novel1	ENSG00000102158.23	ENST00000358075.11	Control	1191	FALSE	1191	625	FALSE	-0.0242415593590253	chrX	train	0.29253146
ENSG00000102158.23.novel4	ENSG00000102158.23	ENST00000358075.11	NMD+/PTC+	1189	FALSE	1189	205	FALSE	1.9183182563031	chrX	train	0.7570254
ENSG00000102225.18.novel1	ENSG00000102225.18	ENST00000357227.9	NMD+/PTC-	2028	TRUE	2028	1267	TRUE	0.705873861525425	chrX	train	0.1075611
ENSG00000102312.25.novel1	ENSG00000102312.25	ENST00000361988.7	NMD+/PTC+	853	FALSE	853	44	FALSE	0.659794519466366			
ENSG00000102606.21.novel17	ENSG00000102606.21	ENST00000375736.8	NMD+/PTC+	1432	FALSE	1432	140	FALSE	4.08635511649188	chr13	train	0.93993336
ENSG00000102606.21.novel2	ENSG00000102606.21	ENST00000375736.8	Control	1963	TRUE	1963	1961	TRUE	0.00523220042603317	chr13	train	0.12507574
ENSG00000102738.9.novel2	ENSG00000102738.9	ENST00000323563.8	Control	651	TRUE	651	2673	TRUE	0.138588971613565	chr13	train	0.046669673
ENSG00000102738.9.novel24	ENSG00000102738.9	ENST00000323563.8	NMD+/PTC+	1218	FALSE	1218	197	FALSE	4.94215325962436	chr13	train	0.9435045
ENSG00000102796.13.novel1	ENSG00000102796.13	ENST00000650833.1	Control	1052	TRUE	1052	312	TRUE	-0.0648300865545965			
ENSG00000102796.13.novel80	ENSG00000102796.13	ENST00000650833.1	NMD+/PTC+	697	FALSE	697	138	FALSE	2.52354945929596	chr13	train	0.9338584
ENSG00000103061.14.novel1	ENSG00000103061.14	ENST00000263997.11	NMD+/PTC+	1058	FALSE	1058	129	FALSE	4.2238611284338	chr16	train	0.9206012
ENSG00000103061.14.novel4	ENSG00000103061.14	ENST00000263997.11	Control	913	TRUE	913	4466	TRUE	0.142766239112158	chr16	train	0.051265422
ENSG00000103064.16.novel1	ENSG00000103064.16	ENST00000566454.5	NMD+/PTC+	2113	FALSE	2113	243	FALSE	2.57440229730216	chr16	train	0.447951
ENSG00000103067.15.novel1	ENSG00000103067.15	ENST00000473183.7	NMD+/PTC+	1067	FALSE	1067	43	FALSE	4.23365150359439	chr16	train	0.986847
ENSG00000103067.15.novel5	ENSG00000103067.15	ENST00000473183.7	Control	2374	TRUE	2374	4348	TRUE	0.0550449418429071	chr16	train	0.96845967
ENSG00000103202.14.novel1	ENSG00000103202.14	ENST00000448828.5	Control	820	TRUE	820	578	TRUE	0.100621735115653	chr16	train	0.08007759
ENSG00000103202.14.novel28	ENSG00000103202.14	ENST00000448828.5	NMD+/PTC-	1345	TRUE	1345	542	TRUE	2.15200780713289	chr16	train	0.5480311
ENSG00000103245.15.novel2	ENSG00000103245.15	ENST00000563051.1	Control	973	FALSE	973	94	FALSE	-0.0258577171912012	chr16	train	0.8202051
ENSG00000103253.20.novel1	ENSG00000103253.20	ENST00000389703.8	NMD+/PTC+	1612	FALSE	1612	102	FALSE	2.35216962287065	chr16	train	0.8473546
ENSG00000103253.20.novel3	ENSG00000103253.20	ENST00000389703.8	Control	1608	TRUE	1608	461	TRUE	0.0382600900624849	chr16	train	0.13614231
ENSG00000103264.19.novel12	ENSG00000103264.19	ENST00000311635.12	NMD+/PTC+	1333	FALSE	1333	573	FALSE	3.74512547039493	chr16	train	0.85113996
ENSG00000103429.12.novel1	ENSG00000103429.12	ENST00000261658.7	NMD+/PTC+	969	FALSE	969	174	FALSE	4.21579224904143	chr16	train	0.59994406
ENSG00000103534.18.novel14	ENSG00000103534.18	ENST00000542583.7	NMD+/PTC+	2279	FALSE	2279	152	FALSE	3.00187737216472	chr16	train	0.77485114
ENSG00000103549.23.novel1	ENSG00000103549.23	ENST00000324685.11	Control	3534	TRUE	3534	2371	TRUE	-0.064356778725879	chr16	train	0.06643444
ENSG00000103549.23.novel6	ENSG00000103549.23	ENST00000324685.11	NMD+/PTC+	2768	FALSE	2768	118	FALSE	3.9256977132237	chr16	train	0.97424704
ENSG00000103642.12.novel7	ENSG00000103642.12	ENST00000261893.9	NMD+/PTC+	1186	FALSE	1186	79	FALSE	2.88062563448127	chr15	train	0.8799388
ENSG00000103855.19.novel1	ENSG00000103855.19	ENST00000864261.1	Control	2213	TRUE	2213	1585	TRUE	-0.0333768517020318	chr15	train	0.077287465
ENSG00000103855.19.novel2	ENSG00000103855.19	ENST00000864261.1	NMD+/PTC+	1926	FALSE	1926	130	FALSE	2.52777304504777	chr15	train	0.8505336
ENSG00000103876.15.novel1	ENSG00000103876.15	ENST00000261755.9	Control	662	TRUE	662	2595	TRUE	-0.0387887303314642	chr15	train	0.08475001
ENSG00000103876.15.novel3	ENSG00000103876.15	ENST00000261755.9	NMD+/PTC+	1229	FALSE	1229	76	FALSE	2.53910787815482	chr15	train	0.96958274
ENSG00000104205.17.novel18	ENSG00000104205.17	ENST00000521198.7	NMD+/PTC+	1096	FALSE	1096	87	FALSE	3.00807840654015	chr8	train	0.98559856
ENSG00000104320.16.novel1	ENSG00000104320.16	ENST00000265433.8	NMD+/PTC+	633	FALSE	633	118	FALSE	1.80150256662575	chr8	train	0.94769216
ENSG00000104375.18.novel1	ENSG00000104375.18	ENST00000419617.7	Control	1350	TRUE	1350	4154	TRUE	-0.0191457001865999	chr8	train	0.024159595
ENSG00000104375.18.novel9	ENSG00000104375.18	ENST00000419617.7	NMD+/PTC+	932	FALSE	932	59	FALSE	3.57984934506026	chr8	train	0.98702
ENSG00000104412.9.novel1	ENSG00000104412.9	ENST00000220853.8	NMD+/PTC+	431	FALSE	431	86	FALSE	5.6336532829776	chr8	train	0.97648984
ENSG00000104497.16.novel1	ENSG00000104497.16	ENST00000345957.9	NMD+/PTC+	1216	FALSE	1216	137	FALSE	2.83466607163194	chr8	train	0.9676463
ENSG00000104635.16.novel2	ENSG00000104635.16	ENST00000381237.6	NMD+/PTC+	986	FALSE	986	170	FALSE	3.95778078329312	chr8	train	0.9265833
ENSG00000104714.15.novel1	ENSG00000104714.15	ENST00000262109.8	NMD+/PTC+	1267	FALSE	1267	185	FALSE	2.18414198022711	chr8	train	0.54320884
ENSG00000104714.15.novel3	ENSG00000104714.15	ENST00000262109.8	Control	1215	TRUE	1215	3781	TRUE	0.0395162891723636	chr8	train	0.037111565
ENSG00000104756.17.novel1	ENSG00000104756.17	ENST00000221200.9	NMD+/PTC+	581	FALSE	581	187	FALSE	2.87099207984479	chr8	train	0.9679213
ENSG00000104756.17.novel3	ENSG00000104756.17	ENST00000221200.9	Control	1226	TRUE	1226	2791	TRUE	0.0390265784850202	chr8	train	0.8245225
ENSG00000104783.16.novel1	ENSG00000104783.16	ENST00000648319.1	NMD+/PTC+	2461	FALSE	2461	228	FALSE	5.6547219574572	chr19	train	0.9169754
ENSG00000104783.16.novel5	ENSG00000104783.16	ENST00000648319.1	Control	1740	TRUE	1740	1193	TRUE	-0.074487851201966	chr19	train	0.058630507
ENSG00000104856.15.novel2	ENSG00000104856.15	ENST00000505236.2	Control	920	TRUE	920	1158	TRUE	-0.0477577235463343	chr19	train	0.038721703
ENSG00000104856.15.novel5	ENSG00000104856.15	ENST00000505236.2	NMD+/PTC+	714	FALSE	714	92	FALSE	3.509059293623	chr19	train	0.9213867
ENSG00000104960.15.novel3	ENSG00000104960.15	ENST00000599732.5	NMD+/PTC+	1689	FALSE	1689	88	FALSE	4.04175162946187	chr19	train	0.9518868
ENSG00000105131.9.novel1	ENSG00000105131.9	ENST00000221730.8	NMD+/PTC+	1011	FALSE	1011	86	FALSE	1.77674906366327	chr19	train	0.90406406
ENSG00000105131.9.novel2	ENSG00000105131.9	ENST00000221730.8	Control	1651	TRUE	1651	747	TRUE	-0.0415223654148604	chr19	train	0.067872904
ENSG00000105298.15.novel1	ENSG00000105298.15	ENST00000429344.7	NMD+/PTC+	1601	FALSE	1601	204	FALSE	3.64791851659542	chr19	train	0.9307132
ENSG00000105321.15.novel26	ENSG00000105321.15	ENST00000221922.11	Control	1771	TRUE	1771	1741	TRUE	-0.0424098760167097	chr19	train	0.13804683
ENSG00000105321.15.novel3	ENSG00000105321.15	ENST00000221922.11	NMD+/PTC+	293	FALSE	293	152	FALSE	3.01652704132383	chr19	train	0.9778765
ENSG00000105341.19.novel1	ENSG00000105341.19	ENST00000589970.5	Control	681	TRUE	681	2122	TRUE	-0.0760126073542964	chr19	train	0.039632007
ENSG00000105341.19.novel2	ENSG00000105341.19	ENST00000589970.5	NMD+/PTC+	382	FALSE	382	95	FALSE	5.07710328247821	chr19	train	0.955218
ENSG00000105372.9.novel4	ENSG00000105372.9	ENST00000593863.5	NMD+/PTC+	316	FALSE	316	397	FALSE	3.17777028020956	chr19	train	0.7001788
ENSG00000105443.17.novel12	ENSG00000105443.17	ENST00000452733.7	Control	1224	TRUE	1224	2060	TRUE	0.0377693776151819	chr19	train	0.04661407
ENSG00000105443.17.novel9	ENSG00000105443.17	ENST00000452733.7	NMD+/PTC+	437	FALSE	437	67	FALSE	4.64390216378329	chr19	train	0.9652406
ENSG00000105499.15.novel1	ENSG00000105499.15	ENST00000599921.6	Control	1813	TRUE	1813	512	TRUE	-0.0184270517875071	chr19	train	0.0971445
ENSG00000105499.15.novel3	ENSG00000105499.15	ENST00000599921.6	NMD+/PTC-	1229	TRUE	1229	2991	TRUE	2.04321594723225	chr19	train	0.115539774
ENSG00000105538.11.novel1	ENSG00000105538.11	ENST00000601530.1	NMD+/PTC-	3075	TRUE	3075	415	TRUE	3.33247216377501	chr19	train	0.8888891
ENSG00000105538.11.novel31	ENSG00000105538.11	ENST00000601530.1	Control	1485	TRUE	1485	429	TRUE	-0.00935800975760385	chr19	train	0.080497935
ENSG00000105655.20.novel2	ENSG00000105655.20	ENST00000338128.13	NMD+/PTC+	1157	FALSE	1157	422	FALSE	2.4442055922022	chr19	train	0.8046503
ENSG00000105656.14.novel1	ENSG00000105656.14	ENST00000262809.9	NMD+/PTC+	298	FALSE	298	120	FALSE	2.90451812637128	chr19	train	0.96407783
ENSG00000105778.21.novel1	ENSG00000105778.21	ENST00000409301.5	NMD+/PTC+	1704	FALSE	1704	309	FALSE	3.0766766154586	chr7	test	0.9624906
ENSG00000105778.21.novel7	ENSG00000105778.21	ENST00000409301.5	Control	2148	TRUE	2148	4927	TRUE	-0.00246964147500294	chr7	test	0.02083227
ENSG00000105793.17.novel3	ENSG00000105793.17	ENST00000222511.11	NMD+/PTC+	594	FALSE	594	53	FALSE	4.2391159239214	chr7	test	0.9826402
ENSG00000105852.12.novel1	ENSG00000105852.12	ENST00000265627.10	NMD+/PTC+	503	FALSE	503	201	FALSE	2.75113219405992	chr7	test	0.9686157
ENSG00000105856.15.novel8	ENSG00000105856.15	ENST00000468410.5	NMD+/PTC+	908	FALSE	908	145	FALSE	4.22923936971875	chr7	test	0.93088615
ENSG00000105865.12.novel3	ENSG00000105865.12	ENST00000265720.8	NMD+/PTC+	1223	FALSE	1223	180	FALSE	2.83456310879372	chr7	test	0.90489167
ENSG00000105993.16.novel1	ENSG00000105993.16	ENST00000429029.6	NMD+/PTC+	698	FALSE	698	55	FALSE	3.17129230375439	chr7	test	0.9240615
ENSG00000106052.15.novel1	ENSG00000106052.15	ENST00000265393.10	Control	2228	TRUE	2228	2050	TRUE	-0.0273725070708015	chr7	test	0.029037103
ENSG00000106052.15.novel4	ENSG00000106052.15	ENST00000265393.10	NMD+/PTC+	1981	FALSE	1981	83	FALSE	3.00220226642032	chr7	test	0.7126114
ENSG00000106258.17.novel1	ENSG00000106258.17	ENST00000222982.8	NMD+/PTC+	442	FALSE	442	132	FALSE	6.00058608362454	chr7	test	0.8697882
ENSG00000106261.18.novel2	ENSG00000106261.18	ENST00000875800.1	NMD+/PTC+	1200	FALSE	1200	250	FALSE	3.58665770519289	chr7	test	0.8332005
ENSG00000106526.13.novel1	ENSG00000106526.13	ENST00000683684.1	NMD+/PTC+	729	FALSE	729	174	FALSE	1.56240650729722	chr7	test_paralog	0.94536996
ENSG00000106526.13.novel8	ENSG00000106526.13	ENST00000683684.1	Control	823	FALSE	823	107	TRUE	0.0178045596894049	chr7	test_paralog	0.37345234
ENSG00000106771.14.novel4	ENSG00000106771.14	ENST00000413712.7	NMD+/PTC+	1994	FALSE	1994	111	FALSE	2.47076604634588	chr9	train	0.98581517
ENSG00000107164.18.novel2	ENSG00000107164.18	ENST00000319725.10	NMD+/PTC+	1468	FALSE	1468	133	FALSE	3.63428139495078	chr9	train	0.9791747
ENSG00000107521.22.novel3	ENSG00000107521.22	ENST00000325103.10	NMD+/PTC+	848	FALSE	848	161	FALSE	3.89255986731971	chr10	train	0.9650602
ENSG00000107614.23.novel1	ENSG00000107614.23	ENST00000377799.8	Control	1275	TRUE	1275	2910	TRUE	-0.0331297209588296	chr10	train	0.04917643
ENSG00000107651.16.novel2	ENSG00000107651.16	ENST00000705471.1	Control	3371	FALSE	3371	102	TRUE	0.201534208699288	chr10	train	0.7020631
ENSG00000107651.16.novel4	ENSG00000107651.16	ENST00000705471.1	NMD+/PTC+	484	FALSE	484	211	FALSE	4.17490969261898	chr10	train	0.8515993
ENSG00000107669.20.novel1	ENSG00000107669.20	ENST00000224652.12	Control	590	TRUE	590	946	TRUE	-0.0698650844081616	chr10	train	0.09223288
ENSG00000107789.16.novel1	ENSG00000107789.16	ENST00000371996.9	Control	1415	TRUE	1415	2806	TRUE	-0.12608641212197	chr10	train	0.051050596
ENSG00000107789.16.novel3	ENSG00000107789.16	ENST00000371996.9	NMD+/PTC+	1420	FALSE	1420	118	FALSE	3.50974105966353	chr10	train	0.93704784
ENSG00000108187.17.novel6	ENSG00000108187.17	ENST00000309049.8	NMD+/PTC+	793	FALSE	793	147	FALSE	2.67268174749994	chr10	train	0.90505654
ENSG00000108349.19.novel1	ENSG00000108349.19	ENST00000264645.12	NMD+/PTC+	505	FALSE	505	159	FALSE	2.38472112879379	chr17	train	0.9105193
ENSG00000108599.16.novel3	ENSG00000108599.16	ENST00000225737.11	NMD+/PTC+	1251	FALSE	1251	137	FALSE	3.40485973090159	chr17	train	0.9904235
ENSG00000108599.16.novel4	ENSG00000108599.16	ENST00000225737.11	Control	2102	TRUE	2102	783	TRUE	-0.0776819061367823	chr17	train	0.07772027
ENSG00000108651.11.novel1	ENSG00000108651.11	ENST00000261708.9	Control	1806	FALSE	1806	73	TRUE	-0.0649323901779232	chr17	train	0.7542837
ENSG00000108651.11.novel2	ENSG00000108651.11	ENST00000261708.9	NMD+/PTC+	921	FALSE	921	182	FALSE	4.2226731070706	chr17	train	0.9937185
ENSG00000108771.14.novel2	ENSG00000108771.14	ENST00000251642.8	NMD+/PTC+	2195	FALSE	2195	97	FALSE	2.39428421490667	chr17	train	0.3714391
ENSG00000108784.11.novel4	ENSG00000108784.11	ENST00000225927.7	NMD+/PTC+	513	FALSE	513	147	FALSE	2.63947839437888	chr17	train	0.943194
ENSG00000108784.11.novel5	ENSG00000108784.11	ENST00000225927.7	Control	2269	TRUE	2269	1422	TRUE	0.0337230412923405	chr17	train	0.016188383
ENSG00000108854.17.novel1	ENSG00000108854.17	ENST00000262435.14	Control	3079	TRUE	3079	3666	TRUE	0.0842139594507718	chr17	train	0.012762582
ENSG00000108854.17.novel2	ENSG00000108854.17	ENST00000262435.14	NMD+/PTC+	689	FALSE	689	114	FALSE	3.11973872153786	chr17	train	0.9760677
ENSG00000108950.13.novel1	ENSG00000108950.13	ENST00000592554.2	Control	1239	TRUE	1239	1854	TRUE	0.00107200206068489	chr17	train	0.05209211
ENSG00000108950.13.novel3	ENSG00000108950.13	ENST00000592554.2	NMD+/PTC+	2003	FALSE	2003	177	FALSE	2.9804002531297	chr17	train	0.9741988
ENSG00000109680.12.novel1	ENSG00000109680.12	ENST00000502873.5	NMD+/PTC+	2091	FALSE	2091	142	FALSE	1.52421172577282			
ENSG00000109680.12.novel3	ENSG00000109680.12	ENST00000502873.5	Control	1623	TRUE	1623	311	TRUE	-0.044400346679982	chr4	val	0.23783754
ENSG00000109736.16.novel1	ENSG00000109736.16	ENST00000329687.8	Control	1842	TRUE	1842	1234	TRUE	-0.049880951351101	chr4	val	0.0904739
ENSG00000109738.12.novel1	ENSG00000109738.12	ENST00000264428.9	Control	1227	TRUE	1227	440	TRUE	-0.0555769191830225	chr4	val	0.065200046
ENSG00000109738.12.novel5	ENSG00000109738.12	ENST00000264428.9	NMD+/PTC+	1147	FALSE	1147	64	FALSE	2.55121114950853	chr4	val	0.8910824
ENSG00000109743.13.novel11	ENSG00000109743.13	ENST00000265016.9	NMD+/PTC+	1155	FALSE	1155	82	FALSE	2.52005513584552	chr4	val	0.9624856
ENSG00000109743.13.novel9	ENSG00000109743.13	ENST00000265016.9	Control	1282	TRUE	1282	2180	TRUE	-0.0624622642518627	chr4	val	0.1860422
ENSG00000109787.14.novel1	ENSG00000109787.14	ENST00000261438.10	NMD+/PTC+	1227	FALSE	1227	79	FALSE	3.28221469749199	chr4	val	0.91518855
ENSG00000109805.11.novel1	ENSG00000109805.11	ENST00000251496.7	NMD+/PTC+	3048	FALSE	3048	87	FALSE	2.90802768677425	chr4	val	0.95270246
ENSG00000109805.11.novel6	ENSG00000109805.11	ENST00000251496.7	Control	3120	TRUE	3120	2059	TRUE	-0.082254253951265	chr4	val	0.028006496
ENSG00000109814.13.novel1	ENSG00000109814.13	ENST00000316423.11	NMD+/PTC+	1283	FALSE	1283	92	FALSE	5.0603489710088	chr4	val	0.9644671
ENSG00000109920.14.novel3	ENSG00000109920.14	ENST00000263773.10	Control	1842	TRUE	1842	1243	TRUE	-0.0453975443533052	chr11	train	0.026284654
ENSG00000109920.14.novel7	ENSG00000109920.14	ENST00000263773.10	NMD+/PTC-	1998	TRUE	1998	2205	TRUE	1.41668050173908	chr11	train	0.101591714
ENSG00000110321.19.novel3	ENSG00000110321.19	ENST00000339995.11	NMD+/PTC+	3095	FALSE	3095	205	FALSE	4.13011592148607	chr11	train	0.89638025
ENSG00000110328.7.novel1	ENSG00000110328.7	ENST00000227756.5	Control	1969	TRUE	1969	3442	TRUE	0.00737077886264989	chr11	train	0.24570553
ENSG00000110328.7.novel3	ENSG00000110328.7	ENST00000227756.5	NMD+/PTC+	1782	FALSE	1782	138	FALSE	3.8174634490582	chr11	train	0.9610742
ENSG00000110697.15.novel1	ENSG00000110697.15	ENST00000356404.8	NMD+/PTC+	3290	FALSE	3290	383	FALSE	4.01174327407021	chr11	train	0.9357989
ENSG00000110713.19.novel6	ENSG00000110713.19	ENST00000397004.9	NMD+/PTC+	1618	FALSE	1618	141	FALSE	3.08047073874884	chr11	train	0.9924327
ENSG00000110719.11.novel5	ENSG00000110719.11	ENST00000265686.8	Control	2979	TRUE	2979	3099	TRUE	0.169212080361292	chr11	train	0.658924
ENSG00000110719.11.novel8	ENSG00000110719.11	ENST00000265686.8	NMD+/PTC+	1598	FALSE	1598	326	FALSE	2.95759406563036	chr11	train	0.9792905
ENSG00000110721.13.novel1	ENSG00000110721.13	ENST00000356135.9	NMD+/PTC+	1078	FALSE	1078	122	FALSE	5.53363257810279	chr11	train	0.9859002
ENSG00000110756.19.novel3	ENSG00000110756.19	ENST00000396253.7	NMD+/PTC+	2075	FALSE	2075	121	FALSE	1.20604243656429			
ENSG00000110851.13.novel3	ENSG00000110851.13	ENST00000228437.10	NMD+/PTC+	1513	FALSE	1513	150	FALSE	4.12734573598686	chr12	train	0.93496865
ENSG00000110888.20.novel37	ENSG00000110888.20	ENST00000695402.1	NMD+/PTC+	853	FALSE	853	168	FALSE	3.6509336415191	chr12	train	0.9917783
ENSG00000110888.20.novel52	ENSG00000110888.20	ENST00000695402.1	Control	3647	TRUE	3647	1497	TRUE	0.107323755915019	chr12	train	0.9634756
ENSG00000110931.20.novel2	ENSG00000110931.20	ENST00000402834.8	NMD+/PTC+	762	FALSE	762	100	FALSE	4.68889720594968	chr12	train	0.9109419
ENSG00000110931.20.novel3	ENSG00000110931.20	ENST00000402834.8	Control	1826	TRUE	1826	548	TRUE	0.0535633588421679	chr12	train	0.065493
ENSG00000111052.9.novel1	ENSG00000111052.9	ENST00000552864.6	Control	584	FALSE	584	77	TRUE	0.0215904934012211	chr12	train	0.5491836
ENSG00000111224.15.novel7	ENSG00000111224.15	ENST00000427057.6	Control	1126	FALSE	1126	474	FALSE	0.0881804052671124	chr12	train	0.18164158
ENSG00000111247.16.novel2	ENSG00000111247.16	ENST00000352618.9	NMD+/PTC+	820	FALSE	820	150	FALSE	2.41493128211341	chr12	train	0.8847778
ENSG00000111321.12.novel1	ENSG00000111321.12	ENST00000228918.9	Control	1842	TRUE	1842	2296	TRUE	-0.0612452363521027	chr12	train	0.07350639
ENSG00000111321.12.novel2	ENSG00000111321.12	ENST00000228918.9	NMD+/PTC+	1400	FALSE	1400	113	FALSE	4.15000071387972	chr12	train	0.9718382
ENSG00000111325.17.novel1	ENSG00000111325.17	ENST00000454694.6	NMD+/PTC-	1679	TRUE	1679	964	TRUE	1.78803495207301	chr12	train	0.8749355
ENSG00000111581.11.novel2	ENSG00000111581.11	ENST00000229179.9	NMD+/PTC+	520	FALSE	520	145	FALSE	3.22231690643867	chr12	train	0.9298999
ENSG00000111906.19.novel4	ENSG00000111906.19	ENST00000398153.7	NMD+/PTC+	767	FALSE	767	139	FALSE	2.8138532810567	chr6	train	0.9034638
ENSG00000112210.13.novel1	ENSG00000112210.13	ENST00000317483.4	NMD+/PTC+	1111	FALSE	1111	93	FALSE	2.18847974489363	chr6	train	0.79478014
ENSG00000112237.14.novel2	ENSG00000112237.14	ENST00000520429.6	NMD+/PTC+	773	FALSE	773	75	FALSE	5.4966118772558	chr6	train	0.97786635
ENSG00000112305.16.novel26	ENSG00000112305.16	ENST00000316999.9	Control	770	TRUE	770	1676	TRUE	-0.0457019665465767			
ENSG00000112305.16.novel47	ENSG00000112305.16	ENST00000316999.9	NMD+/PTC+	399	FALSE	399	176	FALSE	2.66717185081588	chr6	train	0.89256614
ENSG00000112357.15.novel1	ENSG00000112357.15	ENST00000865442.1	NMD+/PTC+	472	FALSE	472	107	FALSE	4.11202644079949	chr6	train	0.9875871
ENSG00000112367.13.novel2	ENSG00000112367.13	ENST00000676435.1	Control	854	TRUE	854	3264	TRUE	0.0596573571181786	chr6	train	0.050469033
ENSG00000112763.18.novel1	ENSG00000112763.18	ENST00000312541.10	Control	887	TRUE	887	2582	TRUE	-0.00243689285857798	chr6	train	0.02549507
ENSG00000112855.18.novel1	ENSG00000112855.18	ENST00000230771.9	NMD+/PTC+	505	FALSE	505	120	FALSE	4.39393199243001	chr5	test	0.8525854
ENSG00000112874.11.novel1	ENSG00000112874.11	ENST00000879998.1	Control	2077	TRUE	2077	2117	TRUE	0.0231567894731884	chr5	test	0.60707086
ENSG00000112874.11.novel2	ENSG00000112874.11	ENST00000879998.1	NMD+/PTC+	322	FALSE	322	243	FALSE	4.13555790119048	chr5	test	0.95515937
ENSG00000112877.9.novel2	ENSG00000112877.9	ENST00000264935.6	NMD+/PTC+	529	FALSE	529	179	FALSE	2.76371537322457	chr5	test	0.9882421
ENSG00000112877.9.novel4	ENSG00000112877.9	ENST00000264935.6	Control	2055	TRUE	2055	600	TRUE	0.0887089992398239	chr5	test	0.96180737
ENSG00000112983.18.novel3	ENSG00000112983.18	ENST00000230901.9	Control	2951	TRUE	2951	385	TRUE	-0.0531118838376262	chr5	test	0.10559284
ENSG00000112983.18.novel7	ENSG00000112983.18	ENST00000230901.9	NMD+/PTC+	2390	FALSE	2390	215	FALSE	3.50790926652655	chr5	test	0.96628547
ENSG00000113108.21.novel12	ENSG00000113108.21	ENST00000412920.7	NMD+/PTC+	984	FALSE	984	384	FALSE	2.84689953479105	chr5	test	0.9225045
ENSG00000113108.21.novel48	ENSG00000113108.21	ENST00000412920.7	Control	2279	TRUE	2279	818	TRUE	-0.0256384634158954	chr5	test	0.8844029
ENSG00000113194.14.novel1	ENSG00000113194.14	ENST00000862014.1	NMD+/PTC+	768	FALSE	768	172	FALSE	4.29005106070093	chr5	test	0.94073045
ENSG00000113194.14.novel3	ENSG00000113194.14	ENST00000862014.1	Control	978	TRUE	978	2137	TRUE	0.0901496623069214	chr5	test	0.032855693
ENSG00000113240.15.novel1	ENSG00000113240.15	ENST00000316308.9	NMD+/PTC+	729	FALSE	729	67	FALSE	2.75350395048898	chr5	test	0.97816354
ENSG00000113319.14.novel1	ENSG00000113319.14	ENST00000638442.1	NMD+/PTC+	1018	FALSE	1018	91	FALSE	3.46753964616661	chr5	test	0.83208066
ENSG00000113319.14.novel2	ENSG00000113319.14	ENST00000638442.1	Control	2411	TRUE	2411	2433	TRUE	0.00959006329971182	chr5	test	0.025868542
ENSG00000113369.9.novel2	ENSG00000113369.9	ENST00000265138.4	NMD+/PTC+	1753	FALSE	1753	193	FALSE	2.05467285720184	chr5	test	0.3559706
ENSG00000113369.9.novel3	ENSG00000113369.9	ENST00000265138.4	Control	1023	TRUE	1023	1316	TRUE	-0.0085289864917171	chr5	test	0.05830133
ENSG00000113597.19.novel10	ENSG00000113597.19	ENST00000399438.8	NMD+/PTC+	605	FALSE	605	128	FALSE	2.15084231192025	chr5	test	0.9601185
ENSG00000113638.15.novel4	ENSG00000113638.15	ENST00000337702.5	Control	1477	TRUE	1477	4923	TRUE	0.0436718554852734	chr5	test	0.04503582
ENSG00000113649.15.novel38	ENSG00000113649.15	ENST00000394421.7	NMD+/PTC+	3077	FALSE	3077	94	FALSE	3.62390692973612	chr5	test	0.8810087
ENSG00000113851.17.novel1	ENSG00000113851.17	ENST00000498700.5	NMD+/PTC+	632	FALSE	632	141	FALSE	4.04118872225759	chr3	test	0.97283137
ENSG00000113851.17.novel2	ENSG00000113851.17	ENST00000498700.5	Control	1262	TRUE	1262	3422	TRUE	-0.0119852990786407	chr3	test	0.056655996
ENSG00000113966.12.novel1	ENSG00000113966.12	ENST00000463745.6	NMD+/PTC+	1117	FALSE	1117	180	FALSE	2.98653087592663	chr3	test	0.27980557
ENSG00000113966.12.novel3	ENSG00000113966.12	ENST00000463745.6	Control	1043	TRUE	1043	3425	TRUE	0.0152486876226564	chr3	test	0.056855593
ENSG00000114120.15.novel1	ENSG00000114120.15	ENST00000507429.5	NMD+/PTC+	767	FALSE	767	103	FALSE	2.40865820331426	chr3	test	0.920158
ENSG00000114120.15.novel3	ENSG00000114120.15	ENST00000507429.5	Control	682	TRUE	682	2635	TRUE	0.0939243643954555	chr3	test	0.071014725
ENSG00000114316.14.novel1	ENSG00000114316.14	ENST00000265560.9	Control	2694	TRUE	2694	1023	TRUE	-0.0563599369394388	chr3	test	0.048980407
ENSG00000114316.14.novel2	ENSG00000114316.14	ENST00000265560.9	NMD+/PTC+	1186	FALSE	1186	62	FALSE	4.57436337351573	chr3	test	0.98874587
ENSG00000114423.24.novel6	ENSG00000114423.24	ENST00000394030.8	NMD+/PTC+	908	FALSE	908	122	FALSE	3.47529299023182	chr3	test	0.9387501
ENSG00000114626.19.novel1	ENSG00000114626.19	ENST00000232744.13	NMD+/PTC+	1100	FALSE	1100	379	FALSE	3.87136173090815	chr3	test	0.71489257
ENSG00000114735.11.novel1	ENSG00000114735.11	ENST00000232854.9	NMD+/PTC+	539	FALSE	539	92	FALSE	3.84288070653786	chr3	test	0.8744362
ENSG00000115109.15.novel3	ENSG00000115109.15	ENST00000331393.8	NMD+/PTC+	1541	FALSE	1541	131	FALSE	4.01870737330095	chr2	val	0.5887245
ENSG00000115109.15.novel4	ENSG00000115109.15	ENST00000331393.8	Control	1114	TRUE	1114	1379	TRUE	-0.0575652019437145	chr2	val	0.18514504
ENSG00000115282.22.novel1	ENSG00000115282.22	ENST00000233623.11	NMD+/PTC+	1311	FALSE	1311	230	FALSE	3.27081037751043	chr2	val	0.78282785
ENSG00000115286.22.novel1	ENSG00000115286.22	ENST00000313408.11	NMD+/PTC+	815	FALSE	815	295	FALSE	3.85099933638043	chr19	train	0.95304257
ENSG00000115289.15.novel1	ENSG00000115289.15	ENST00000475863.5	Control	817	TRUE	817	153	TRUE	-0.00296558579679687	chr2	val	0.054301143
ENSG00000115289.15.novel4	ENSG00000115289.15	ENST00000475863.5	NMD+/PTC+	1400	FALSE	1400	219	FALSE	2.01737207244289	chr2	val	0.25479984
ENSG00000115368.11.novel1	ENSG00000115368.11	ENST00000472286.5	NMD+/PTC+	1933	FALSE	1933	123	FALSE	3.86997190353841	chr2	val	0.9778876
ENSG00000115368.11.novel5	ENSG00000115368.11	ENST00000472286.5	Control	1177	TRUE	1177	2725	TRUE	0.0442931503428694	chr2	val	0.0341799
ENSG00000115486.14.novel1	ENSG00000115486.14	ENST00000496962.2	NMD+/PTC+	1685	FALSE	1685	170	FALSE	4.47113744121158	chr2	val	0.9559042
ENSG00000115602.18.novel1	ENSG00000115602.18	ENST00000311734.6	NMD+/PTC+	1323	FALSE	1323	72	FALSE	4.766930234201	chr2	val	0.8208359
ENSG00000115750.18.novel2	ENSG00000115750.18	ENST00000263663.10	Control	1734	TRUE	1734	2298	TRUE	-0.0727449646006286	chr2	val	0.028834559
ENSG00000115993.14.novel1	ENSG00000115993.14	ENST00000332624.8	Control	2548	TRUE	2548	2920	TRUE	-0.033769521142749	chr2	val	0.085701436
ENSG00000115993.14.novel2	ENSG00000115993.14	ENST00000332624.8	NMD+/PTC+	767	FALSE	767	117	FALSE	2.05464765890363	chr2	val	0.890864
ENSG00000116001.18.novel17	ENSG00000116001.18	ENST00000433529.7	NMD+/PTC+	815	FALSE	815	88	FALSE	3.91661520883031	chr2	val	0.982057
ENSG00000116198.15.novel1	ENSG00000116198.15	ENST00000378230.8	Control	1191	TRUE	1191	855	TRUE	-0.0179056009066595	chr1	test	0.047526497
ENSG00000116198.15.novel7	ENSG00000116198.15	ENST00000378230.8	NMD+/PTC+	1511	FALSE	1511	198	FALSE	2.72489855656741	chr1	test	0.9297089
ENSG00000116266.12.novel1	ENSG00000116266.12	ENST00000370008.4	Control	972	TRUE	972	2470	TRUE	-0.027267120522361	chr1	test	0.073421925
ENSG00000116266.12.novel2	ENSG00000116266.12	ENST00000370008.4	NMD+/PTC+	803	FALSE	803	96	FALSE	4.13958617112636	chr1	test	0.99310726
ENSG00000116337.21.novel2	ENSG00000116337.21	ENST00000342115.8	NMD+/PTC+	1786	FALSE	1786	127	FALSE	3.70282633406152	chr1	test	0.9484722
ENSG00000116473.16.novel1	ENSG00000116473.16	ENST00000369709.4	NMD+/PTC+	512	FALSE	512	121	FALSE	1.746581071193	chr1	test_paralog	0.97677225
ENSG00000116679.18.novel1	ENSG00000116679.18	ENST00000367498.8	Control	1381	TRUE	1381	4536	TRUE	-0.0168370465344039	chr1	test	0.07694891
ENSG00000116704.9.novel1	ENSG00000116704.9	ENST00000235345.6	Control	1463	FALSE	1463	133	TRUE	-0.0247886795503521	chr1	test	0.28898814
ENSG00000116704.9.novel2	ENSG00000116704.9	ENST00000235345.6	NMD+/PTC-	1415	TRUE	1415	3809	TRUE	1.72241186034691	chr1	test	0.11532887
ENSG00000116754.15.novel1	ENSG00000116754.15	ENST00000915572.1	NMD+/PTC+	661	FALSE	661	117	FALSE	4.26627620544399	chr1	test	0.97930074
ENSG00000116754.15.novel2	ENSG00000116754.15	ENST00000915572.1	Control	543	TRUE	543	2171	TRUE	0.0765928121468538	chr1	test	0.023816839
ENSG00000116954.9.novel2	ENSG00000116954.9	ENST00000373001.4	NMD+/PTC+	580	FALSE	580	115	FALSE	2.65738160207012	chr1	test	0.98276585
ENSG00000116954.9.novel7	ENSG00000116954.9	ENST00000373001.4	Control	3657	TRUE	3657	1507	TRUE	0.0398833574298121	chr1	test	0.8729772
ENSG00000117475.15.novel3	ENSG00000117475.15	ENST00000367808.8	NMD+/PTC+	927	FALSE	927	129	FALSE	4.51714484832971	chr1	test	0.7607827
ENSG00000117480.17.novel3	ENSG00000117480.17	ENST00000243167.9	NMD+/PTC+	1058	FALSE	1058	125	FALSE	3.47591865532164	chr1	test	0.99475175
ENSG00000117543.23.novel2	ENSG00000117543.23	ENST00000488176.1	NMD+/PTC+	1006	FALSE	1006	78	FALSE	4.46765088264056	chr1	test	0.9884671
ENSG00000117543.23.novel4	ENSG00000117543.23	ENST00000488176.1	Control	851	FALSE	851	78	FALSE	0.117547631852887	chr1	test	0.96987027
ENSG00000117616.19.novel1	ENSG00000117616.19	ENST00000498238.1	NMD+/PTC+	1132	FALSE	1132	45	FALSE	3.7239726543868	chr1	test	0.8809023
ENSG00000117616.19.novel2	ENSG00000117616.19	ENST00000498238.1	Control	1017	FALSE	1017	949	FALSE	-0.0236456457194067	chr1	test	0.38446346
ENSG00000117620.16.novel12	ENSG00000117620.16	ENST00000533028.8	NMD+/PTC+	920	FALSE	920	36	FALSE	2.72117399530556	chr1	test	0.9735773
ENSG00000117650.14.novel1	ENSG00000117650.14	ENST00000366999.9	NMD+/PTC+	874	FALSE	874	113	FALSE	3.20939911814776	chr1	test	0.9709862
ENSG00000117682.19.novel1	ENSG00000117682.19	ENST00000236342.12	Control	1214	TRUE	1214	2547	TRUE	0.0554941702959491	chr1	test	0.07783028
ENSG00000117748.11.novel1	ENSG00000117748.11	ENST00000373912.8	NMD+/PTC+	427	FALSE	427	258	FALSE	5.67307889372739	chr1	test	0.8233904
ENSG00000118242.17.novel19	ENSG00000118242.17	ENST00000263268.11	NMD+/PTC+	1027	FALSE	1027	218	FALSE	1.43995117714792	chr2	val	0.72710127
ENSG00000118242.17.novel20	ENSG00000118242.17	ENST00000263268.11	Control	992	FALSE	992	717	FALSE	-0.0642971502714321	chr2	val	0.42528
ENSG00000118454.14.novel1	ENSG00000118454.14	ENST00000370944.9	Control	2075	TRUE	2075	3852	TRUE	-0.0651042891158815	chr1	test	0.1255092
ENSG00000118454.14.novel4	ENSG00000118454.14	ENST00000370944.9	NMD+/PTC+	1645	FALSE	1645	117	FALSE	3.53005886689014	chr1	test	0.962347
ENSG00000118961.16.novel1	ENSG00000118961.16	ENST00000541941.5	NMD+/PTC+	1100	FALSE	1100	257	FALSE	3.36010489908912	chr2	val	0.938953
ENSG00000118965.17.novel1	ENSG00000118965.17	ENST00000281405.9	Control	3705	TRUE	3705	4015	TRUE	-0.017869467594921	chr2	val	0.07880084
ENSG00000118965.17.novel8	ENSG00000118965.17	ENST00000281405.9	NMD+/PTC+	1364	FALSE	1364	145	FALSE	3.07286322854292	chr2	val	0.99653685
ENSG00000119403.16.novel2	ENSG00000119403.16	ENST00000312189.10	NMD+/PTC+	1588	FALSE	1588	86	FALSE	2.41777673104921	chr9	train	0.90684927
ENSG00000119411.12.novel4	ENSG00000119411.12	ENST00000462085.1	NMD+/PTC+	769	FALSE	769	183	FALSE	2.49480044214414	chr9	train	0.6205349
ENSG00000119599.19.novel4	ENSG00000119599.19	ENST00000892932.1	NMD+/PTC+	1695	FALSE	1695	417	FALSE	3.030642366651	chr14	train	0.2996972
ENSG00000119661.16.novel1	ENSG00000119661.16	ENST00000553645.7	NMD+/PTC+	220	FALSE	220	161	FALSE	3.66981921728285	chr14	train	0.964051
ENSG00000119965.13.novel1	ENSG00000119965.13	ENST00000481909.2	NMD+/PTC+	584	FALSE	584	107	FALSE	3.74445250369547	chr10	train	0.9158392
ENSG00000119965.13.novel2	ENSG00000119965.13	ENST00000481909.2	Control	1331	TRUE	1331	2365	TRUE	-0.0518907329137567	chr10	train	0.037654158
ENSG00000119977.23.novel2	ENSG00000119977.23	ENST00000371209.5	NMD+/PTC+	815	FALSE	815	116	FALSE	2.68350229269262	chr10	train	0.9830051
ENSG00000120217.14.novel1	ENSG00000120217.14	ENST00000381577.4	Control	926	TRUE	926	2270	TRUE	-0.0698543996458489			
ENSG00000120217.14.novel2	ENSG00000120217.14	ENST00000381577.4	NMD+/PTC+	649	FALSE	649	47	FALSE	1.96920469134206	chr9	train	0.9817494
ENSG00000120256.12.novel9	ENSG00000120256.12	ENST00000239367.7	NMD+/PTC+	1041	FALSE	1041	142	FALSE	1.78009807932229	chr6	train	0.9750013
ENSG00000120451.11.novel1	ENSG00000120451.11	ENST00000265909.9	Control	3294	TRUE	3294	4535	TRUE	0.0393664568523604	chr11	train	0.11102912
ENSG00000120451.11.novel10	ENSG00000120451.11	ENST00000265909.9	NMD+/PTC+	2606	FALSE	2606	97	FALSE	2.48321634788026	chr11	train	0.9435497
ENSG00000120685.21.novel1	ENSG00000120685.21	ENST00000625998.2	Control	1254	TRUE	1254	1789	TRUE	-0.0153567999321531	chr13	train	0.16995566
ENSG00000120685.21.novel3	ENSG00000120685.21	ENST00000625998.2	NMD+/PTC+	1624	FALSE	1624	1786	FALSE	2.34154124684002	chr13	train	0.37829506
ENSG00000120837.9.novel1	ENSG00000120837.9	ENST00000551727.5	NMD+/PTC+	413	FALSE	413	198	FALSE	1.63629975391861	chr12	train	0.9052939
ENSG00000120910.16.novel1	ENSG00000120910.16	ENST00000289963.12	NMD+/PTC+	1647	FALSE	1647	114	FALSE	4.88146614585344	chr8	train	0.9753887
ENSG00000120925.17.novel2	ENSG00000120925.17	ENST00000527424.6	NMD+/PTC+	790	FALSE	790	77	FALSE	3.71864491772519	chr8	train	0.96509415
ENSG00000120948.20.novel12	ENSG00000120948.20	ENST00000240185.8	Control	436	TRUE	436	1403	TRUE	-0.0410917546301579	chr1	test	0.05858888
ENSG00000120948.20.novel79	ENSG00000120948.20	ENST00000240185.8	NMD+/PTC+	1020	FALSE	1020	137	FALSE	1.61819158902775	chr1	test	0.62829196
ENSG00000121022.15.novel1	ENSG00000121022.15	ENST00000357849.9	Control	1544	TRUE	1544	250	TRUE	-0.00173130296904822	chr8	train	0.09700493
ENSG00000121022.15.novel4	ENSG00000121022.15	ENST00000357849.9	NMD+/PTC+	945	FALSE	945	175	FALSE	4.5470367239518	chr8	train	0.9441187
ENSG00000121210.17.novel1	ENSG00000121210.17	ENST00000409663.7	Control	764	TRUE	764	3718	TRUE	-0.0644878269584457			
ENSG00000121210.17.novel3	ENSG00000121210.17	ENST00000409663.7	NMD+/PTC+	1424	FALSE	1424	134	FALSE	3.19465483172792	chr4	val	0.98989093
ENSG00000121578.14.novel1	ENSG00000121578.14	ENST00000393765.7	NMD+/PTC+	1740	FALSE	1740	105	FALSE	3.31359071568434	chr3	test	0.6087002
ENSG00000121621.8.novel1	ENSG00000121621.8	ENST00000263181.7	NMD+/PTC+	497	FALSE	497	105	FALSE	2.63983409217964	chr11	train	0.984237
ENSG00000121775.19.novel1	ENSG00000121775.19	ENST00000441402.5	NMD+/PTC-	1588	TRUE	1588	437	TRUE	1.00496393606587	chr1	test	0.38538367
ENSG00000121775.19.novel8	ENSG00000121775.19	ENST00000441402.5	Control	1794	TRUE	1794	436	TRUE	-0.0318907286067523	chr1	test	0.4358531
ENSG00000121895.10.novel1	ENSG00000121895.10	ENST00000877062.1	NMD+/PTC+	589	FALSE	589	261	FALSE	3.99688636173294	chr4	val	0.65652514
ENSG00000121931.17.novel2	ENSG00000121931.17	ENST00000485275.2	NMD+/PTC-	1516	TRUE	1516	2155	TRUE	2.64111099668431	chr1	test	0.08171623
ENSG00000121931.17.novel7	ENSG00000121931.17	ENST00000485275.2	Control	1576	FALSE	1576	2932	FALSE	-0.00397679394394614	chr1	test	0.13216838
ENSG00000121957.16.novel8	ENSG00000121957.16	ENST00000264126.9	NMD+/PTC+	1741	FALSE	1741	177	FALSE	2.92274600328755	chr1	test	0.8558763
ENSG00000122068.14.novel1	ENSG00000122068.14	ENST00000241502.9	NMD+/PTC+	904	FALSE	904	173	FALSE	4.31229151486877	chr3	test	0.9868591
ENSG00000122068.14.novel2	ENSG00000122068.14	ENST00000241502.9	Control	935	FALSE	935	75	TRUE	-0.0250228232739897	chr3	test	0.689169
ENSG00000122335.18.novel1	ENSG00000122335.18	ENST00000642903.1	NMD+/PTC+	304	FALSE	304	137	FALSE	3.287748244279	chr6	train	0.8470731
ENSG00000122557.12.novel2	ENSG00000122557.12	ENST00000396081.5	NMD+/PTC+	1990	FALSE	1990	123	FALSE	2.6316718491434	chr7	test	0.5678466
ENSG00000122566.24.novel1	ENSG00000122566.24	ENST00000715986.1	NMD+/PTC+	2081	FALSE	2081	83	FALSE	3.22924166431307	chr7	test	0.9149957
ENSG00000122674.13.novel4	ENSG00000122674.13	ENST00000325974.9	NMD+/PTC+	640	FALSE	640	82	FALSE	4.10690323720107	chr7	test	0.99193317
ENSG00000122687.20.novel2	ENSG00000122687.20	ENST00000467199.5	Control	694	TRUE	694	1371	TRUE	0.0953488274081267	chr7	test	0.031281587
ENSG00000122707.13.novel12	ENSG00000122707.13	ENST00000377966.4	NMD+/PTC+	278	FALSE	278	104	FALSE	3.75281973771065	chr9	train	0.9729898
ENSG00000122707.13.novel5	ENSG00000122707.13	ENST00000377966.4	Control	815	TRUE	815	1487	TRUE	-0.0355826665084877			
ENSG00000122882.12.novel1	ENSG00000122882.12	ENST00000372979.9	NMD+/PTC+	1402	FALSE	1402	192	FALSE	4.98471104637877	chr10	train	0.9831214
ENSG00000122882.12.novel2	ENSG00000122882.12	ENST00000372979.9	Control	2261	TRUE	2261	464	TRUE	-0.0370319869532356	chr10	train	0.029639117
ENSG00000122912.16.novel1	ENSG00000122912.16	ENST00000609923.6	Control	997	TRUE	997	156	TRUE	-0.0569908114359552	chr10	train	0.055046983
ENSG00000122912.16.novel2	ENSG00000122912.16	ENST00000609923.6	NMD+/PTC+	446	FALSE	446	182	FALSE	0.95504593635063			
ENSG00000122952.18.novel3	ENSG00000122952.18	ENST00000361148.6	NMD+/PTC+	208	FALSE	208	366	FALSE	2.25064801767639	chr10	train	0.8815771
ENSG00000122970.17.novel1	ENSG00000122970.17	ENST00000242591.10	Control	1459	TRUE	1459	1518	TRUE	-0.0518343436113409	chr12	train	0.018893166
ENSG00000122970.17.novel2	ENSG00000122970.17	ENST00000242591.10	NMD+/PTC+	1371	FALSE	1371	147	FALSE	2.98032581505006	chr12	train	0.9895355
ENSG00000123130.18.novel7	ENSG00000123130.18	ENST00000379303.10	NMD+/PTC+	846	FALSE	846	68	FALSE	4.83577789351393	chrX	train	0.98680437
ENSG00000123178.17.novel1	ENSG00000123178.17	ENST00000378195.6	NMD+/PTC+	780	FALSE	780	129	FALSE	2.68012146625717	chr13	train	0.5055647
ENSG00000123213.24.novel2	ENSG00000123213.24	ENST00000380985.10	Control	2284	TRUE	2284	3166	TRUE	0.0561397671479993	chr5	test	0.03045775
ENSG00000123213.24.novel3	ENSG00000123213.24	ENST00000380985.10	NMD+/PTC+	1230	FALSE	1230	202	FALSE	4.73780654688149	chr5	test	0.98395604
ENSG00000123240.18.novel3	ENSG00000123240.18	ENST00000378747.8	NMD+/PTC+	454	FALSE	454	297	FALSE	3.38462362288715	chr10	train	0.8470853
ENSG00000123342.17.novel1	ENSG00000123342.17	ENST00000322569.9	Control	1326	FALSE	1326	165	FALSE	0.0360316413369573	chr12	train	0.3118089
ENSG00000123342.17.novel2	ENSG00000123342.17	ENST00000322569.9	NMD+/PTC+	518	FALSE	518	216	FALSE	1.98423860017226	chr12	train	0.95133805
ENSG00000123352.19.novel1	ENSG00000123352.19	ENST00000549375.5	NMD+/PTC+	1756	FALSE	1756	59	FALSE	3.38363025749168	chr12	train	0.9512954
ENSG00000123352.19.novel29	ENSG00000123352.19	ENST00000549375.5	Control	1315	TRUE	1315	478	TRUE	0.0697028413306195	chr12	train	0.11824933
ENSG00000123983.16.novel1	ENSG00000123983.16	ENST00000392066.7	NMD+/PTC+	1743	FALSE	1743	75	FALSE	3.67879911599277	chr2	val	0.97534436
ENSG00000123989.16.novel2	ENSG00000123989.16	ENST00000243776.11	Control	4133	TRUE	4133	1865	TRUE	-0.0395996340415203	chr2	val	0.1571714
ENSG00000124222.24.novel1	ENSG00000124222.24	ENST00000371132.8	NMD+/PTC+	1223	FALSE	1223	92	FALSE	1.73498745290482	chr20	train	0.9502619
ENSG00000124275.16.novel1	ENSG00000124275.16	ENST00000440940.7	NMD+/PTC+	386	FALSE	386	118	FALSE	2.81501350241644	chr5	test	0.987025
ENSG00000124508.18.novel1	ENSG00000124508.18	ENST00000356709.9	NMD+/PTC-	1756	TRUE	1756	2505	TRUE	1.86138183946944	chr6	train	0.023938494
ENSG00000124786.14.novel1	ENSG00000124786.14	ENST00000710437.1	NMD+/PTC+	1114	FALSE	1114	108	FALSE	3.15569618849243	chr6	train	0.9480381
ENSG00000125447.19.novel1	ENSG00000125447.19	ENST00000537686.6	Control	2300	TRUE	2300	2171	TRUE	0.0744248805124143	chr17	train	0.09114994
ENSG00000125447.19.novel2	ENSG00000125447.19	ENST00000537686.6	NMD+/PTC+	653	FALSE	653	196	FALSE	4.28244211856278	chr17	train	0.99334645
ENSG00000125459.19.novel1	ENSG00000125459.19	ENST00000245564.8	Control	1761	TRUE	1761	2734	TRUE	0.00688353120833081	chr1	test	0.05337995
ENSG00000125459.19.novel2	ENSG00000125459.19	ENST00000245564.8	NMD+/PTC+	610	FALSE	610	55	FALSE	4.62534309590213	chr1	test	0.99308175
ENSG00000125731.14.novel1	ENSG00000125731.14	ENST00000245908.11	Control	1729	TRUE	1729	597	TRUE	-0.0592912722186876	chr19	train	0.09698828
ENSG00000125731.14.novel2	ENSG00000125731.14	ENST00000245908.11	NMD+/PTC+	2010	FALSE	2010	198	FALSE	4.13575893154388	chr19	train	0.94383293
ENSG00000125733.19.novel2	ENSG00000125733.19	ENST00000313285.12	NMD+/PTC+	1126	FALSE	1126	110	FALSE	4.64926105981396	chr19	train	0.9950246
ENSG00000125753.16.novel1	ENSG00000125753.16	ENST00000245932.11	Control	1650	TRUE	1650	1703	TRUE	-0.0148379235010305	chr19	train	0.80963624
ENSG00000125753.16.novel8	ENSG00000125753.16	ENST00000245932.11	NMD+/PTC+	1193	FALSE	1193	50	FALSE	4.59209183293585	chr19	train	0.6333768
ENSG00000125812.17.novel1	ENSG00000125812.17	ENST00000338121.10	Control	2271	TRUE	2271	2929	TRUE	-0.0253684306066158	chr20	train	0.059189
ENSG00000125812.17.novel2	ENSG00000125812.17	ENST00000338121.10	NMD+/PTC+	1490	FALSE	1490	168	FALSE	2.88300363270049	chr20	train	0.88915545
ENSG00000125821.14.novel1	ENSG00000125821.14	ENST00000377452.4	Control	846	TRUE	846	566	TRUE	0.0196400796320495	chr20	train	0.010993768
ENSG00000125821.14.novel3	ENSG00000125821.14	ENST00000377452.4	NMD+/PTC+	617	FALSE	617	172	FALSE	3.07504452668606	chr20	train	0.820918
ENSG00000125977.8.novel1	ENSG00000125977.8	ENST00000374980.3	NMD+/PTC+	493	FALSE	493	127	FALSE	5.89024637243433	chr20	train	0.9973527
ENSG00000125977.8.novel28	ENSG00000125977.8	ENST00000374980.3	Control	710	FALSE	710	178	FALSE	-0.00823344114193984	chr20	train	0.13876468
ENSG00000126070.21.novel1	ENSG00000126070.21	ENST00000373191.9	NMD+/PTC+	1414	FALSE	1414	92	FALSE	1.99307938872178	chr1	test	0.29991886
ENSG00000126070.21.novel3	ENSG00000126070.21	ENST00000373191.9	Control	2894	TRUE	2894	980	TRUE	0.00114194171623225	chr1	test	0.048069563
ENSG00000126214.23.novel1	ENSG00000126214.23	ENST00000389744.8	NMD+/PTC+	2221	FALSE	2221	82	FALSE	3.27703714557129	chr14	train	0.8904158
ENSG00000126226.23.novel2	ENSG00000126226.23	ENST00000337344.9	NMD+/PTC+	1742	FALSE	1742	315	FALSE	4.34306601940439	chr13	train	0.7509444
ENSG00000126249.8.novel2	ENSG00000126249.8	ENST00000246535.4	Control	1365	TRUE	1365	181	TRUE	0.123754319274625	chr19	train	0.59331495
ENSG00000126460.12.novel1	ENSG00000126460.12	ENST00000246794.10	Control	778	TRUE	778	645	TRUE	-0.0136190176541014	chr19	train	0.054674927
ENSG00000126460.12.novel2	ENSG00000126460.12	ENST00000246794.10	NMD+/PTC+	489	FALSE	489	328	FALSE	1.82799684980836	chr19	train	0.90158236
ENSG00000126524.13.novel1	ENSG00000126524.13	ENST00000246868.7	Control	960	TRUE	960	313	TRUE	-0.0384499146545741	chr7	test	0.04958736
ENSG00000126787.14.novel6	ENSG00000126787.14	ENST00000247191.7	NMD+/PTC+	1990	FALSE	1990	190	FALSE	3.61104066816164	chr14	train	0.98362684
ENSG00000126790.13.novel10	ENSG00000126790.13	ENST00000247194.9	Control	764	FALSE	764	771	FALSE	0.0267459464016335	chr14	train	0.9417223
ENSG00000126790.13.novel4	ENSG00000126790.13	ENST00000247194.9	NMD+/PTC+	978	FALSE	978	987	FALSE	1.94881041376677	chr14	train	0.8458987
ENSG00000126858.20.novel9	ENSG00000126858.20	ENST00000333942.10	NMD+/PTC+	1815	FALSE	1815	52	FALSE	1.86119737429026	chr17	train	0.9628326
ENSG00000127022.17.novel5	ENSG00000127022.17	ENST00000247461.9	NMD+/PTC-	929	TRUE	929	2388	TRUE	1.63878099044026	chr5	test	0.29645663
ENSG00000127249.16.novel1	ENSG00000127249.16	ENST00000490925.5	Control	1195	TRUE	1195	530	TRUE	0.0329915019652146	chr3	test	0.12726526
ENSG00000127249.16.novel2	ENSG00000127249.16	ENST00000490925.5	NMD+/PTC+	2757	FALSE	2757	97	FALSE	3.71795687124448	chr3	test	0.9407812
ENSG00000127586.18.novel2	ENSG00000127586.18	ENST00000262315.14	NMD+/PTC+	1181	FALSE	1181	124	FALSE	2.7393594171509	chr16	train	0.9965424
ENSG00000127663.17.novel1	ENSG00000127663.17	ENST00000611640.4	NMD+/PTC-	1136	TRUE	1136	3829	TRUE	1.31454880451655	chr19	train	0.26979062
ENSG00000128191.18.novel10	ENSG00000128191.18	ENST00000351989.8	NMD+/PTC+	1700	FALSE	1700	283	FALSE	3.27145350008288	chr22	train	0.7498213
ENSG00000128191.18.novel11	ENSG00000128191.18	ENST00000351989.8	Control	3770	TRUE	3770	1853	TRUE	-0.0275929862193179	chr22	train	0.16256432
ENSG00000128309.19.novel2	ENSG00000128309.19	ENST00000429360.6	NMD+/PTC-	844	FALSE	844	97	TRUE	0.407295543061626	chr22	train	0.85851085
ENSG00000128513.17.novel1	ENSG00000128513.17	ENST00000668382.1	Control	2477	TRUE	2477	821	TRUE	0.0647688192515338	chr7	test	0.5815031
ENSG00000128513.17.novel2	ENSG00000128513.17	ENST00000668382.1	NMD+/PTC+	2180	FALSE	2180	92	FALSE	3.28967712022456	chr7	test	0.3685388
ENSG00000128654.15.novel79	ENSG00000128654.15	ENST00000249442.11	NMD+/PTC+	418	FALSE	418	77	FALSE	3.89560057030399	chr2	val	0.9489312
ENSG00000128683.15.novel1	ENSG00000128683.15	ENST00000344257.9	NMD+/PTC+	1090	FALSE	1090	86	FALSE	3.27134247969546	chr2	val	0.986871
ENSG00000128683.15.novel3	ENSG00000128683.15	ENST00000344257.9	Control	988	TRUE	988	191	TRUE	0.0921755298554406	chr2	val	0.10101918
ENSG00000128928.11.novel1	ENSG00000128928.11	ENST00000487418.8	Control	1488	FALSE	1488	433	FALSE	-0.00411783943813745	chr15	train	0.22062497
ENSG00000128928.11.novel6	ENSG00000128928.11	ENST00000487418.8	NMD+/PTC+	1041	FALSE	1041	160	FALSE	2.69342816389186	chr15	train	0.97018784
ENSG00000129071.11.novel2	ENSG00000129071.11	ENST00000429544.7	NMD+/PTC+	936	FALSE	936	75	FALSE	3.30205029918403	chr3	test	0.9409718
ENSG00000129195.17.novel1	ENSG00000129195.17	ENST00000572447.6	NMD+/PTC+	870	FALSE	870	369	FALSE	1.93243494167997	chr17	train	0.7274555
ENSG00000129451.13.novel1	ENSG00000129451.13	ENST00000358789.8	NMD+/PTC+	315	FALSE	315	275	FALSE	3.37651929187122	chr19	train	0.59919685
ENSG00000129484.15.novel1	ENSG00000129484.15	ENST00000250416.9	NMD+/PTC+	891	FALSE	891	113	FALSE	3.85922794135831	chr14	train	0.98744696
ENSG00000129484.15.novel4	ENSG00000129484.15	ENST00000250416.9	Control	1567	TRUE	1567	275	TRUE	-0.0511486489740578	chr14	train	0.20961495
ENSG00000129515.21.novel1	ENSG00000129515.21	ENST00000396526.7	Control	1202	TRUE	1202	2696	TRUE	-0.045350120260636	chr14	train	0.04927035
ENSG00000129515.21.novel2	ENSG00000129515.21	ENST00000396526.7	NMD+/PTC+	1049	FALSE	1049	87	FALSE	4.94013848944894	chr14	train	0.9692041
ENSG00000129657.17.novel21	ENSG00000129657.17	ENST00000436233.9	NMD+/PTC+	1054	FALSE	1054	190	FALSE	4.31551278763363	chr17	train	0.97023183
ENSG00000130023.17.novel3	ENSG00000130023.17	ENST00000418781.7	NMD+/PTC+	48	FALSE	48	1553	FALSE	3.88382183334522	chr6	train	0.40242472
ENSG00000130066.17.novel12	ENSG00000130066.17	ENST00000379270.5	Control	676	FALSE	676	1630	FALSE	0.099439151856879	chrX	train	0.4295372
ENSG00000130150.13.novel1	ENSG00000130150.13	ENST00000380492.8	Control	1304	TRUE	1304	1082	TRUE	-0.0445248060575111	chrX	train	0.0397717
ENSG00000130150.13.novel4	ENSG00000130150.13	ENST00000380492.8	NMD+/PTC+	1854	FALSE	1854	225	FALSE	2.09271436185096	chrX	train	0.73660046
ENSG00000130244.14.novel1	ENSG00000130244.14	ENST00000252530.10	NMD+/PTC+	91	FALSE	91	357	FALSE	2.19138589177944	chr19	train	0.7628726
ENSG00000130244.14.novel5	ENSG00000130244.14	ENST00000252530.10	Control	1261	TRUE	1261	338	TRUE	0.169414325506209	chr19	train	0.7043591
ENSG00000130309.13.novel26	ENSG00000130309.13	ENST00000593832.1	Control	1411	TRUE	1411	1986	TRUE	0.0529804873876698	chr19	train	0.17582594
ENSG00000130363.15.novel2	ENSG00000130363.15	ENST00000449822.6	Control	1441	TRUE	1441	1617	TRUE	0.0365031703488024	chr6	train	0.038129557
ENSG00000130363.15.novel3	ENSG00000130363.15	ENST00000449822.6	NMD+/PTC+	1061	FALSE	1061	142	FALSE	2.39312666018157	chr6	train	0.91873425
ENSG00000130479.12.novel1	ENSG00000130479.12	ENST00000324096.9	NMD+/PTC+	291	FALSE	291	83	FALSE	2.60250423305314	chr19	train	0.9149899
ENSG00000130517.15.novel2	ENSG00000130517.15	ENST00000269919.11	Control	717	TRUE	717	249	TRUE	-0.0511178153254287	chr19	train	0.0524952
ENSG00000130517.15.novel3	ENSG00000130517.15	ENST00000269919.11	NMD+/PTC+	756	FALSE	756	376	FALSE	2.54108966470506	chr19	train	0.91064256
ENSG00000130703.18.novel2	ENSG00000130703.18	ENST00000313733.9	Control	1158	TRUE	1158	348	TRUE	-0.013651327890598	chr20	train	0.07006872
ENSG00000130703.18.novel3	ENSG00000130703.18	ENST00000313733.9	NMD+/PTC+	1107	FALSE	1107	129	FALSE	4.71978406016991	chr20	train	0.98241687
ENSG00000130731.17.novel1	ENSG00000130731.17	ENST00000397666.6	NMD+/PTC+	1226	FALSE	1226	452	FALSE	1.18863627636916	chr16	train	0.3573799
ENSG00000130958.14.novel22	ENSG00000130958.14	ENST00000253270.13	NMD+/PTC+	611	FALSE	611	93	FALSE	3.70228034246078	chr9	train	0.99403787
ENSG00000131037.16.novel4	ENSG00000131037.16	ENST00000201647.11	NMD+/PTC+	340	FALSE	340	162	FALSE	5.16898885046041	chr19	train	0.79198533
ENSG00000131061.16.novel4	ENSG00000131061.16	ENST00000342427.6	NMD+/PTC+	1853	FALSE	1853	112	FALSE	1.99467180538583	chr20	train	0.96910983
ENSG00000131080.16.novel1	ENSG00000131080.16	ENST00000374719.8	NMD+/PTC+	694	FALSE	694	387	FALSE	2.23218092886259	chrX	train	0.812533
ENSG00000131373.16.novel1	ENSG00000131373.16	ENST00000456194.6	NMD+/PTC+	856	FALSE	856	113	FALSE	3.55502632984272	chr3	test	0.9683252
ENSG00000131389.19.novel1	ENSG00000131389.19	ENST00000622186.5	Control	983	TRUE	983	1066	TRUE	-0.116725109163392	chr3	test	0.18796462
ENSG00000131389.19.novel2	ENSG00000131389.19	ENST00000622186.5	NMD+/PTC+	1415	FALSE	1415	113	FALSE	2.43941141359646	chr3	test	0.9309239
ENSG00000131591.19.novel2	ENSG00000131591.19	ENST00000421241.7	Control	880	TRUE	880	1177	TRUE	-0.0135408266947213	chr1	test	0.09124489
ENSG00000131746.14.novel1	ENSG00000131746.14	ENST00000254051.11	NMD+/PTC+	752	FALSE	752	141	FALSE	6.57630448401736	chr17	train	0.64679074
ENSG00000131746.14.novel71	ENSG00000131746.14	ENST00000254051.11	Control	2333	FALSE	2333	959	FALSE	0.0634092848672713	chr17	train	0.22912312
ENSG00000131748.17.novel1	ENSG00000131748.17	ENST00000908874.1	NMD+/PTC+	1079	FALSE	1079	63	FALSE	2.95911354356503	chr17	train	0.96303976
ENSG00000131748.17.novel2	ENSG00000131748.17	ENST00000908874.1	Control	1740	TRUE	1740	1410	TRUE	-0.011131923499837	chr17	train	0.043619443
ENSG00000131773.15.novel1	ENSG00000131773.15	ENST00000704572.1	NMD+/PTC+	1510	FALSE	1510	150	FALSE	3.67303564189308	chr8	train	0.9202248
ENSG00000131773.15.novel3	ENSG00000131773.15	ENST00000704572.1	Control	1375	TRUE	1375	634	TRUE	0.122924685275717	chr8	train	0.04917222
ENSG00000131781.14.novel1	ENSG00000131781.14	ENST00000865849.1	Control	1252	FALSE	1252	73	TRUE	-0.000994519101150725	chr1	test	0.40835106
ENSG00000131781.14.novel7	ENSG00000131781.14	ENST00000865849.1	NMD+/PTC+	1060	FALSE	1060	353	FALSE	1.61912723492358	chr1	test	0.6922346
ENSG00000131966.15.novel1	ENSG00000131966.15	ENST00000254286.9	NMD+/PTC+	689	FALSE	689	80	FALSE	3.24783527051311	chr14	train	0.9714758
ENSG00000132254.14.novel1	ENSG00000132254.14	ENST00000423813.6	NMD+/PTC+	822	FALSE	822	74	FALSE	5.12739439428803	chr11	train	0.87563145
ENSG00000132254.14.novel2	ENSG00000132254.14	ENST00000423813.6	Control	1149	TRUE	1149	3201	TRUE	-0.0390287566633397	chr11	train	0.12016313
ENSG00000132275.12.novel20	ENSG00000132275.12	ENST00000534343.1	Control	3525	TRUE	3525	5192	TRUE	0.0589188427873514	chr11	train	0.7637879
ENSG00000132275.12.novel5	ENSG00000132275.12	ENST00000534343.1	NMD+/PTC+	881	FALSE	881	413	FALSE	2.47407223468831	chr11	train	0.8623415
ENSG00000132570.16.novel1	ENSG00000132570.16	ENST00000254908.11	NMD+/PTC+	962	FALSE	962	174	FALSE	2.74356859271464	chr5	test	0.9239135
ENSG00000132570.16.novel5	ENSG00000132570.16	ENST00000254908.11	Control	770	FALSE	770	745	FALSE	0.160333232034152	chr5	test	0.31805903
ENSG00000132600.19.novel4	ENSG00000132600.19	ENST00000897111.1	NMD+/PTC+	2340	FALSE	2340	172	FALSE	2.8125432864957	chr16	train	0.95448154
ENSG00000132600.19.novel7	ENSG00000132600.19	ENST00000897111.1	Control	3172	TRUE	3172	296	TRUE	0.0212900338482634	chr16	train	0.9800393
ENSG00000132604.12.novel1	ENSG00000132604.12	ENST00000254942.8	Control	1524	TRUE	1524	4691	TRUE	-0.0503286917289578	chr16	train	0.028295046
ENSG00000132604.12.novel2	ENSG00000132604.12	ENST00000254942.8	NMD+/PTC+	963	FALSE	963	220	FALSE	2.69771776566666	chr16	train	0.7952881
ENSG00000132635.18.novel2	ENSG00000132635.18	ENST00000360652.7	Control	1822	TRUE	1822	646	TRUE	-0.0604102798607707	chr20	train	0.045174368
ENSG00000132635.18.novel6	ENSG00000132635.18	ENST00000360652.7	NMD+/PTC+	897	FALSE	897	247	FALSE	2.471551808296	chr20	train	0.8905558
ENSG00000132664.14.novel2	ENSG00000132664.14	ENST00000377603.5	NMD+/PTC+	946	FALSE	946	68	FALSE	4.22298984173022	chr20	train	0.9696545
ENSG00000132680.12.novel1	ENSG00000132680.12	ENST00000368321.8	NMD+/PTC+	1611	FALSE	1611	92	FALSE	2.55986059166479	chr1	test	0.29667297
ENSG00000132680.12.novel7	ENSG00000132680.12	ENST00000368321.8	Control	1850	TRUE	1850	403	TRUE	-0.108006816231597	chr1	test	0.19964126
ENSG00000132768.15.novel18	ENSG00000132768.15	ENST00000255108.8	Control	2404	TRUE	2404	1641	TRUE	-0.0132300619831817	chr1	test	0.6332749
ENSG00000132842.17.novel29	ENSG00000132842.17	ENST00000255194.11	Control	1129	TRUE	1129	711	TRUE	-0.0185933325019405	chr5	test	0.036040887
ENSG00000132842.17.novel3	ENSG00000132842.17	ENST00000255194.11	NMD+/PTC+	2162	FALSE	2162	162	FALSE	3.19660709407849	chr5	test	0.99198955
ENSG00000132879.15.novel1	ENSG00000132879.15	ENST00000251547.10	Control	527	FALSE	527	362	FALSE	-0.0612560414223959	chr1	test	0.6777852
ENSG00000132879.15.novel2	ENSG00000132879.15	ENST00000251547.10	NMD+/PTC+	911	FALSE	911	179	FALSE	4.89520821159083	chr1	test	0.960051
ENSG00000132950.20.novel1	ENSG00000132950.20	ENST00000382907.8	NMD+/PTC+	2141	FALSE	2141	213	FALSE	3.00171559520875	chr13	train	0.91372633
ENSG00000132950.20.novel4	ENSG00000132950.20	ENST00000382907.8	Control	1259	TRUE	1259	804	TRUE	0.00720382910823511	chr13	train	0.06621633
ENSG00000132970.15.novel1	ENSG00000132970.15	ENST00000335327.6	NMD+/PTC+	1006	FALSE	1006	167	FALSE	2.99369943124394	chr13	train	0.95887166
ENSG00000133104.15.novel1	ENSG00000133104.15	ENST00000888914.1	NMD+/PTC+	1772	FALSE	1772	122	FALSE	4.98202720331492	chr13	train	0.98056465
ENSG00000133114.19.novel7	ENSG00000133114.19	ENST00000379151.9	NMD+/PTC+	315	FALSE	315	85	FALSE	3.24164927176408	chr13	train	0.9228865
ENSG00000133313.16.novel9	ENSG00000133313.16	ENST00000324262.9	NMD+/PTC+	917	FALSE	917	421	FALSE	4.45144889948041	chr18	train	0.9570244
ENSG00000133315.13.novel2	ENSG00000133315.13	ENST00000538595.1	NMD+/PTC+	1471	FALSE	1471	242	FALSE	2.10319588245379	chr11	train	0.89629865
ENSG00000133433.12.novel1	ENSG00000133433.12	ENST00000290765.9	NMD+/PTC+	350	FALSE	350	104	FALSE	2.43661289826132	chr22	train	0.9569268
ENSG00000133433.12.novel2	ENSG00000133433.12	ENST00000290765.9	Control	471	FALSE	471	2695	FALSE	-0.0184594216515912	chr22	train	0.4227334
ENSG00000133627.19.novel1	ENSG00000133627.19	ENST00000397282.2	NMD+/PTC+	510	FALSE	510	37	FALSE	3.15801490406035	chr7	test_paralog	0.9674261
ENSG00000133627.19.novel4	ENSG00000133627.19	ENST00000397282.2	Control	1121	TRUE	1121	1139	TRUE	0.00670820630004241	chr7	test_paralog	0.20725742
ENSG00000133731.11.novel2	ENSG00000133731.11	ENST00000256108.10	NMD+/PTC+	896	FALSE	896	32	FALSE	4.34164997575264	chr8	train	0.9448186
ENSG00000133818.15.novel1	ENSG00000133818.15	ENST00000526063.5	Control	815	TRUE	815	1518	TRUE	0.017255305078069	chr11	train	0.11863988
ENSG00000133818.15.novel3	ENSG00000133818.15	ENST00000526063.5	NMD+/PTC+	879	FALSE	879	140	FALSE	2.94117938355434	chr11	train	0.81997746
ENSG00000134086.11.novel3	ENSG00000134086.11	ENST00000256474.3	Control	755	FALSE	755	1152	FALSE	-0.066710833431071	chr3	test	0.45621502
ENSG00000134109.11.novel1	ENSG00000134109.11	ENST00000256497.9	NMD+/PTC+	1718	FALSE	1718	97	FALSE	2.47631864712149	chr3	test	0.9605062
ENSG00000134109.11.novel3	ENSG00000134109.11	ENST00000256497.9	Control	1668	TRUE	1668	4130	TRUE	-0.0523083679597344	chr3	test	0.108153
ENSG00000134146.13.novel8	ENSG00000134146.13	ENST00000256538.9	NMD+/PTC+	770	FALSE	770	139	FALSE	3.33019184126828	chr15	train	0.9793473
ENSG00000134255.17.novel1	ENSG00000134255.17	ENST00000357172.9	NMD+/PTC+	1057	FALSE	1057	145	FALSE	4.89680373381558	chr1	test	0.9118841
ENSG00000134255.17.novel3	ENSG00000134255.17	ENST00000357172.9	Control	1740	TRUE	1740	978	TRUE	0.10814870086429	chr1	test	0.072854586
ENSG00000134285.12.novel8	ENSG00000134285.12	ENST00000550765.6	NMD+/PTC-	1549	TRUE	1549	249	TRUE	2.52696098175474	chr12	train	0.77009034
ENSG00000134317.18.novel1	ENSG00000134317.18	ENST00000324907.14	Control	2070	TRUE	2070	1764	TRUE	0.00397328826576825	chr2	val	0.039338358
ENSG00000134317.18.novel4	ENSG00000134317.18	ENST00000324907.14	NMD+/PTC+	856	FALSE	856	157	FALSE	2.07624038570101	chr2	val	0.9770116
ENSG00000134339.10.novel3	ENSG00000134339.10	ENST00000528349.5	NMD+/PTC+	282	FALSE	282	99	FALSE	3.10080407539377	chr11	train	0.8210278
ENSG00000134461.17.novel1	ENSG00000134461.17	ENST00000191063.8	NMD+/PTC+	1126	FALSE	1126	395	FALSE	2.60109519918361	chr10	train	0.9665317
ENSG00000134461.17.novel5	ENSG00000134461.17	ENST00000191063.8	Control	1487	TRUE	1487	1723	TRUE	0.134304870055975	chr10	train	0.48049557
ENSG00000134480.18.novel1	ENSG00000134480.18	ENST00000256897.9	NMD+/PTC+	857	FALSE	857	112	FALSE	4.02407672830679	chr5	test	0.9503937
ENSG00000134602.17.novel55	ENSG00000134602.17	ENST00000394334.7	NMD+/PTC+	1687	FALSE	1687	63	FALSE	3.79758716631437	chrX	train	0.88985276
ENSG00000134809.10.novel1	ENSG00000134809.10	ENST00000257245.9	NMD+/PTC-	704	TRUE	704	456	TRUE	2.70960285651945	chr11	train	0.10078896
ENSG00000134897.15.novel6	ENSG00000134897.15	ENST00000257336.6	NMD+/PTC+	1616	FALSE	1616	87	FALSE	2.61258066525978	chr13	train	0.77777493
ENSG00000134996.13.novel1	ENSG00000134996.13	ENST00000346234.7	Control	1028	TRUE	1028	2774	TRUE	-0.030019747359495	chr9	train	0.8899783
ENSG00000134996.13.novel2	ENSG00000134996.13	ENST00000346234.7	NMD+/PTC+	631	FALSE	631	51	FALSE	3.82092293778554	chr9	train	0.94941324
ENSG00000135040.17.novel1	ENSG00000135040.17	ENST00000361671.10	NMD+/PTC+	969	FALSE	969	151	FALSE	5.46010696001219	chr9	train	0.996357
ENSG00000135108.17.novel1	ENSG00000135108.17	ENST00000622495.5	NMD+/PTC+	557	FALSE	557	95	FALSE	3.79272987086009	chr12	train	0.990546
ENSG00000135124.17.novel1	ENSG00000135124.17	ENST00000337233.9	NMD+/PTC+	790	FALSE	790	81	FALSE	2.90749767095322	chr12	train	0.97890306
ENSG00000135164.20.novel1	ENSG00000135164.20	ENST00000331242.12	Control	2879	TRUE	2879	1362	TRUE	-0.0138381039831821	chr7	test	0.0727419
ENSG00000135241.18.novel2	ENSG00000135241.18	ENST00000257694.13	NMD+/PTC+	2284	FALSE	2284	69	FALSE	4.59490968534728	chr7	test	0.65879506
ENSG00000135269.19.novel3	ENSG00000135269.19	ENST00000358204.9	NMD+/PTC+	709	FALSE	709	1477	FALSE	3.14350107069553	chr7	test	0.6583207
ENSG00000135451.14.novel5	ENSG00000135451.14	ENST00000257909.8	NMD+/PTC+	616	FALSE	616	138	FALSE	2.15178641579398	chr12	train	0.9636301
ENSG00000135655.17.novel26	ENSG00000135655.17	ENST00000353364.7	NMD+/PTC+	1284	FALSE	1284	146	FALSE	5.01901522756952	chr12	train	0.9534362
ENSG00000135678.13.novel1	ENSG00000135678.13	ENST00000551568.6	NMD+/PTC+	287	FALSE	287	173	FALSE	1.56355939742205	chr12	train	0.96135306
ENSG00000135678.13.novel2	ENSG00000135678.13	ENST00000551568.6	Control	1035	TRUE	1035	1832	TRUE	0.19221445613203	chr12	train	0.050922837
ENSG00000135838.15.novel19	ENSG00000135838.15	ENST00000879502.1	NMD+/PTC+	559	FALSE	559	387	FALSE	2.1359570388863	chr1	test	0.92819697
ENSG00000135838.15.novel5	ENSG00000135838.15	ENST00000879502.1	Control	1295	FALSE	1295	40	TRUE	-0.0188276778191135	chr1	test	0.1500861
ENSG00000135953.12.novel1	ENSG00000135953.12	ENST00000258436.10	NMD+/PTC+	567	FALSE	567	179	FALSE	0.484176082404197			
ENSG00000135953.12.novel4	ENSG00000135953.12	ENST00000258436.10	Control	1390	TRUE	1390	4585	TRUE	0.0961597315695147	chr2	val	0.8948661
ENSG00000135974.12.novel2	ENSG00000135974.12	ENST00000258457.7	NMD+/PTC+	385	FALSE	385	157	FALSE	3.67131024060936	chr2	val	0.59523535
ENSG00000136045.13.novel1	ENSG00000136045.13	ENST00000412830.8	NMD+/PTC+	913	FALSE	913	97	FALSE	5.13753454813042	chr12	train	0.98500097
ENSG00000136045.13.novel30	ENSG00000136045.13	ENST00000412830.8	Control	957	TRUE	957	162	TRUE	0.050687720439593	chr12	train	0.117756866
ENSG00000136051.16.novel3	ENSG00000136051.16	ENST00000332180.10	Control	621	TRUE	621	2072	TRUE	0.131491144995182	chr12	train	0.070035435
ENSG00000136051.16.novel48	ENSG00000136051.16	ENST00000332180.10	NMD+/PTC+	674	FALSE	674	116	FALSE	2.99903700766118	chr12	train	0.99820125
ENSG00000136143.17.novel1	ENSG00000136143.17	ENST00000646932.1	NMD+/PTC+	212	FALSE	212	100	FALSE	0.784619882361553			
ENSG00000136144.13.novel5	ENSG00000136144.13	ENST00000378302.7	NMD+/PTC+	1504	FALSE	1504	158	FALSE	3.05091377224649	chr13	train	0.9806995
ENSG00000136152.16.novel3	ENSG00000136152.16	ENST00000349995.10	NMD+/PTC+	545	FALSE	545	135	FALSE	2.65861844503769	chr13	train	0.99352723
ENSG00000136152.16.novel5	ENSG00000136152.16	ENST00000349995.10	Control	2007	TRUE	2007	278	TRUE	-0.0038303011685584	chr13	train	0.15835378
ENSG00000136243.19.novel1	ENSG00000136243.19	ENST00000258742.10	NMD+/PTC+	814	FALSE	814	87	FALSE	4.21333319535548	chr7	test	0.7960664
ENSG00000136243.19.novel10	ENSG00000136243.19	ENST00000258742.10	Control	635	FALSE	635	87	TRUE	0.0253657481083571	chr7	test	0.13010153
ENSG00000136536.16.novel2	ENSG00000136536.16	ENST00000856570.1	NMD+/PTC+	2417	FALSE	2417	114	FALSE	2.32814093724409	chr2	val	0.799155
ENSG00000136643.13.novel1	ENSG00000136643.13	ENST00000366960.8	Control	3278	TRUE	3278	2340	TRUE	0.00261747589761067	chr1	test	0.057293255
ENSG00000136783.11.novel1	ENSG00000136783.11	ENST00000374767.5	Control	1036	TRUE	1036	1722	TRUE	-0.0625994539875144	chr9	train	0.029057994
ENSG00000136783.11.novel3	ENSG00000136783.11	ENST00000374767.5	NMD+/PTC+	616	FALSE	616	92	FALSE	5.30095338557462	chr9	train	0.9740582
ENSG00000136856.19.novel1	ENSG00000136856.19	ENST00000373371.8	Control	1422	TRUE	1422	463	TRUE	-0.0243121172712294	chr9	train	0.06184189
ENSG00000136856.19.novel3	ENSG00000136856.19	ENST00000373371.8	NMD+/PTC+	748	FALSE	748	144	FALSE	2.57460646696103	chr9	train	0.9909738
ENSG00000136877.17.novel1	ENSG00000136877.17	ENST00000373247.7	NMD+/PTC+	903	FALSE	903	190	FALSE	2.99546685546911	chr9	train	0.996443
ENSG00000136877.17.novel52	ENSG00000136877.17	ENST00000373247.7	Control	1603	TRUE	1603	3523	TRUE	-0.0446152180251929	chr9	train	0.17539833
ENSG00000136878.15.novel1	ENSG00000136878.15	ENST00000372429.8	Control	2979	FALSE	2979	177	TRUE	0.248407094339653	chr9	train	0.15535296
ENSG00000136878.15.novel2	ENSG00000136878.15	ENST00000372429.8	NMD+/PTC+	871	FALSE	871	445	FALSE	2.17864014282217	chr9	train	0.94114804
ENSG00000137073.25.novel1	ENSG00000137073.25	ENST00000379238.7	NMD+/PTC+	972	FALSE	972	190	FALSE	4.05721133707651	chr9	train	0.9766011
ENSG00000137106.19.novel1	ENSG00000137106.19	ENST00000460882.5	NMD+/PTC+	779	FALSE	779	449	FALSE	3.90082957183161	chr9	train	0.88268507
ENSG00000137200.14.novel1	ENSG00000137200.14	ENST00000373451.9	Control	2615	TRUE	2615	1505	TRUE	0.0285343201601457	chr6	train	0.09728264
ENSG00000137200.14.novel3	ENSG00000137200.14	ENST00000373451.9	NMD+/PTC+	1408	FALSE	1408	180	FALSE	4.35772179144935	chr6	train	0.99683774
ENSG00000137275.17.novel1	ENSG00000137275.17	ENST00000259808.9	NMD+/PTC+	861	FALSE	861	150	FALSE	5.85425490748385	chr6	train	0.95604974
ENSG00000137522.19.novel1	ENSG00000137522.19	ENST00000530137.1	NMD+/PTC+	337	FALSE	337	138	FALSE	3.24294292593669	chr11	train	0.79555404
ENSG00000137522.19.novel2	ENSG00000137522.19	ENST00000530137.1	Control	777	FALSE	777	112	TRUE	0.0420824088476238	chr11	train	0.8654119
ENSG00000137648.21.novel1	ENSG00000137648.21	ENST00000534111.5	NMD+/PTC+	1387	FALSE	1387	150	FALSE	2.24937538128864			
ENSG00000137868.20.novel1	ENSG00000137868.20	ENST00000395105.9	NMD+/PTC-	765	TRUE	765	1311	TRUE	1.80497113549838	chr15	train	0.29821035
ENSG00000137942.19.novel3	ENSG00000137942.19	ENST00000370253.6	NMD+/PTC+	468	FALSE	468	92	FALSE	2.53097576629957	chr1	test	0.97939235
ENSG00000137955.17.novel3	ENSG00000137955.17	ENST00000319942.8	NMD+/PTC+	699	FALSE	699	110	FALSE	1.98209024197636	chr1	test	0.8980616
ENSG00000137955.17.novel7	ENSG00000137955.17	ENST00000319942.8	Control	2222	TRUE	2222	577	TRUE	0.00958911044941211	chr1	test	0.8659126
ENSG00000137996.14.novel1	ENSG00000137996.14	ENST00000370128.9	NMD+/PTC+	770	FALSE	770	159	FALSE	3.90663559808922	chr1	test	0.641148
ENSG00000138018.19.novel1	ENSG00000138018.19	ENST00000260585.12	NMD+/PTC+	792	FALSE	792	49	FALSE	4.07718377737271	chr2	val	0.96839595
ENSG00000138018.19.novel3	ENSG00000138018.19	ENST00000260585.12	Control	926	TRUE	926	1513	TRUE	0.0635555354752869	chr2	val	0.034088068
ENSG00000138035.16.novel3	ENSG00000138035.16	ENST00000447944.7	Control	2335	TRUE	2335	2323	TRUE	0.0377003325267122	chr2	val	0.07537758
ENSG00000138035.16.novel6	ENSG00000138035.16	ENST00000447944.7	NMD+/PTC+	804	FALSE	804	58	FALSE	2.57738926648784	chr2	val	0.9916089
ENSG00000138074.16.novel4	ENSG00000138074.16	ENST00000310574.8	NMD+/PTC+	1359	FALSE	1359	113	FALSE	3.93240660088107	chr2	val	0.9202399
ENSG00000138131.5.novel1	ENSG00000138131.5	ENST00000260702.4	NMD+/PTC+	1137	FALSE	1137	184	FALSE	2.5364824143731	chr10	train	0.97425044
ENSG00000138138.15.novel2	ENSG00000138138.15	ENST00000852090.1	Control	1134	TRUE	1134	2684	TRUE	-0.000241026551935343	chr10	train	0.09740109
ENSG00000138326.22.novel1	ENSG00000138326.22	ENST00000478655.6	NMD+/PTC+	93	FALSE	93	432	FALSE	2.45754985871459	chr10	train	0.72604805
ENSG00000138459.10.novel1	ENSG00000138459.10	ENST00000492406.6	Control	2096	TRUE	2096	2907	TRUE	-0.0552543315642769	chr3	test	0.024044387
ENSG00000138459.10.novel9	ENSG00000138459.10	ENST00000492406.6	NMD+/PTC+	1543	FALSE	1543	69	FALSE	1.77288857820179	chr3	test	0.5447978
ENSG00000138617.17.novel1	ENSG00000138617.17	ENST00000261888.10	NMD+/PTC+	1463	FALSE	1463	112	FALSE	3.89265377752596	chr15	train	0.96008486
ENSG00000138642.17.novel3	ENSG00000138642.17	ENST00000264346.12	NMD+/PTC+	1818	FALSE	1818	114	FALSE	3.41962753146182	chr4	val	0.9281708
ENSG00000138668.21.novel1	ENSG00000138668.21	ENST00000894839.1	NMD+/PTC+	1375	FALSE	1375	98	FALSE	3.81352734937043	chr4	val	0.96885866
ENSG00000138678.12.novel2	ENSG00000138678.12	ENST00000264409.5	NMD+/PTC+	786	FALSE	786	173	FALSE	2.82429867297804	chr4	val	0.9484881
ENSG00000138750.17.novel2	ENSG00000138750.17	ENST00000869721.1	Control	739	TRUE	739	836	TRUE	0.0878020115313269	chr4	val	0.81735104
ENSG00000138785.17.novel2	ENSG00000138785.17	ENST00000451321.6	NMD+/PTC+	846	FALSE	846	150	FALSE	3.59346484873619	chr4	val	0.94234383
ENSG00000138801.10.novel1	ENSG00000138801.10	ENST00000265174.5	Control	2562	TRUE	2562	941	TRUE	-0.0361641410597845	chr4	val	0.7659643
ENSG00000138801.10.novel2	ENSG00000138801.10	ENST00000265174.5	NMD+/PTC+	553	FALSE	553	115	FALSE	1.52448614637199	chr4	val	0.63480717
ENSG00000138942.18.novel2	ENSG00000138942.18	ENST00000883459.1	NMD+/PTC+	484	FALSE	484	55	FALSE	1.07861458144723	chr22	train	0.79158324
ENSG00000139163.17.novel1	ENSG00000139163.17	ENST00000266517.9	NMD+/PTC+	1012	FALSE	1012	103	FALSE	4.72364923610657	chr12	train	0.9798054
ENSG00000139372.15.novel10	ENSG00000139372.15	ENST00000392872.8	NMD+/PTC+	909	FALSE	909	95	FALSE	3.73908644427046	chr12	train	0.94926316
ENSG00000139505.14.novel1	ENSG00000139505.14	ENST00000381801.6	Control	1930	TRUE	1930	3271	TRUE	-0.0211894139119339	chr13	train	0.0528406
ENSG00000139505.14.novel2	ENSG00000139505.14	ENST00000381801.6	NMD+/PTC+	1520	FALSE	1520	132	FALSE	4.03153768957081	chr13	train	0.7940009
ENSG00000139620.14.novel1	ENSG00000139620.14	ENST00000420613.7	NMD+/PTC+	571	FALSE	571	164	FALSE	3.52200841724022	chr12	train	0.9775548
ENSG00000139620.14.novel2	ENSG00000139620.14	ENST00000420613.7	Control	1475	TRUE	1475	965	TRUE	-0.0468920696433691	chr12	train	0.03141213
ENSG00000139626.17.novel1	ENSG00000139626.17	ENST00000267082.10	NMD+/PTC+	2190	FALSE	2190	209	FALSE	3.79712215363939	chr12	train	0.8641571
ENSG00000139636.17.novel1	ENSG00000139636.17	ENST00000267102.13	NMD+/PTC+	1409	FALSE	1409	91	FALSE	3.32473686397143	chr12	train	0.94467133
ENSG00000139651.12.novel1	ENSG00000139651.12	ENST00000416904.5	Control	1387	TRUE	1387	3370	TRUE	0.14572466030055			
ENSG00000139651.12.novel2	ENSG00000139651.12	ENST00000416904.5	NMD+/PTC+	1616	FALSE	1616	263	FALSE	1.42171708952543	chr12	train	0.45575905
ENSG00000140299.15.novel1	ENSG00000140299.15	ENST00000607373.6	NMD+/PTC+	847	FALSE	847	87	FALSE	4.00379897765703	chr15	train	0.9849722
ENSG00000140400.19.novel1	ENSG00000140400.19	ENST00000267978.10	NMD+/PTC+	465	FALSE	465	546	FALSE	2.2973002948066	chr15	train	0.93057317
ENSG00000140416.27.novel3	ENSG00000140416.27	ENST00000358278.7	NMD+/PTC+	1333	FALSE	1333	76	FALSE	4.95125567990431	chr15	train	0.989944
ENSG00000140471.18.novel14	ENSG00000140471.18	ENST00000561308.5	NMD+/PTC+	698	FALSE	698	162	FALSE	3.32596130339878	chr15	train	0.94977355
ENSG00000140471.18.novel2	ENSG00000140471.18	ENST00000561308.5	Control	2465	TRUE	2465	3204	TRUE	0.073703571247127	chr15	train	0.27034226
ENSG00000140521.18.novel32	ENSG00000140521.18	ENST00000268124.11	NMD+/PTC+	3859	FALSE	3859	99	FALSE	4.1468522713403	chr15	train	0.9001188
ENSG00000140521.18.novel33	ENSG00000140521.18	ENST00000268124.11	Control	4805	TRUE	4805	528	TRUE	-0.0100521962554176	chr15	train	0.0627286
ENSG00000140563.17.novel1	ENSG00000140563.17	ENST00000357742.10	Control	3345	TRUE	3345	4987	TRUE	-0.0377284519874834	chr15	train	0.064727925
ENSG00000140563.17.novel4	ENSG00000140563.17	ENST00000357742.10	NMD+/PTC+	1773	FALSE	1773	66	FALSE	2.18885201606762	chr15	train	0.95106864
ENSG00000140598.17.novel2	ENSG00000140598.17	ENST00000268206.12	NMD+/PTC+	1784	FALSE	1784	86	FALSE	3.99761747313524	chr15	train	0.9673953
ENSG00000140598.17.novel50	ENSG00000140598.17	ENST00000268206.12	Control	4000	TRUE	4000	1445	TRUE	0.0763860475400524			
ENSG00000140829.13.novel1	ENSG00000140829.13	ENST00000268482.8	NMD+/PTC+	2919	FALSE	2919	209	FALSE	2.88176647981526	chr16	train	0.9824523
ENSG00000140829.13.novel2	ENSG00000140829.13	ENST00000268482.8	Control	944	TRUE	944	1626	TRUE	0.0161576941638315	chr16	train	0.08686371
ENSG00000140854.14.novel4	ENSG00000140854.14	ENST00000379661.8	NMD+/PTC+	1113	FALSE	1113	191	FALSE	3.91209285010335	chr16	train	0.97480845
ENSG00000140983.16.novel1	ENSG00000140983.16	ENST00000315082.9	NMD+/PTC+	525	FALSE	525	92	FALSE	2.54933280072065	chr16	train	0.9963102
ENSG00000140983.16.novel2	ENSG00000140983.16	ENST00000315082.9	Control	1920	TRUE	1920	695	TRUE	-0.0143682084203435	chr16	train	0.05426777
ENSG00000140992.21.novel1	ENSG00000140992.21	ENST00000342085.9	NMD+/PTC+	880	FALSE	880	69	FALSE	3.06420871758026	chr16	train	0.988189
ENSG00000140995.18.novel5	ENSG00000140995.18	ENST00000418391.6	NMD+/PTC+	530	FALSE	530	188	FALSE	2.33581473308759	chr16	train	0.82411337
ENSG00000141198.17.novel5	ENSG00000141198.17	ENST00000575882.6	NMD+/PTC+	912	FALSE	912	61	FALSE	4.29983028736733	chr17	train	0.99113387
ENSG00000141447.20.novel23	ENSG00000141447.20	ENST00000399443.7	NMD+/PTC+	1006	FALSE	1006	108	FALSE	1.2657496105232			
ENSG00000141452.12.novel1	ENSG00000141452.12	ENST00000269221.8	NMD+/PTC+	436	FALSE	436	87	FALSE	1.8603182293939	chr18	train	0.9889976
ENSG00000141526.19.novel1	ENSG00000141526.19	ENST00000584689.6	NMD+/PTC-	1710	TRUE	1710	7233	TRUE	2.32249271276703	chr17	train	0.06522726
ENSG00000142002.20.novel1	ENSG00000142002.20	ENST00000262960.14	NMD+/PTC+	2747	FALSE	2747	135	FALSE	3.77593067344232	chr19	train	0.88434935
ENSG00000142224.18.novel1	ENSG00000142224.18	ENST00000340758.7	Control	1040	TRUE	1040	3132	TRUE	-0.0456560690000558	chr1	test	0.07077762
ENSG00000142224.18.novel2	ENSG00000142224.18	ENST00000340758.7	NMD+/PTC+	1042	FALSE	1042	445	FALSE	3.99178677646338	chr1	test	0.59380436
ENSG00000142273.14.novel1	ENSG00000142273.14	ENST00000647358.2	NMD+/PTC+	907	FALSE	907	88	FALSE	3.87633191787884	chr19	train	0.9756948
ENSG00000142552.9.novel1	ENSG00000142552.9	ENST00000270645.8	NMD+/PTC+	574	FALSE	574	173	FALSE	3.66452234431963	chr19	train	0.9624777
ENSG00000142687.20.novel2	ENSG00000142687.20	ENST00000469892.7	NMD+/PTC+	2716	FALSE	2716	143	FALSE	2.7893920718594	chr1	test	0.90306383
ENSG00000142765.19.novel2	ENSG00000142765.19	ENST00000318074.9	NMD+/PTC+	974	FALSE	974	97	FALSE	3.27736436683258	chr1	test	0.93451744
ENSG00000142892.16.novel1	ENSG00000142892.16	ENST00000370812.8	NMD+/PTC+	289	FALSE	289	112	FALSE	3.52076442049425	chr1	test	0.9834517
ENSG00000142892.16.novel5	ENSG00000142892.16	ENST00000370812.8	Control	314	TRUE	314	439	TRUE	0.0141506768038437	chr1	test	0.11836917
ENSG00000142920.19.novel2	ENSG00000142920.19	ENST00000910998.1	NMD+/PTC+	1461	FALSE	1461	70	FALSE	1.5125387593474	chr1	test	0.87280005
ENSG00000142945.14.novel1	ENSG00000142945.14	ENST00000372224.9	Control	2290	TRUE	2290	674	TRUE	-0.00762787751594971	chr1	test	0.07586176
ENSG00000142945.14.novel9	ENSG00000142945.14	ENST00000372224.9	NMD+/PTC+	2944	FALSE	2944	143	FALSE	2.62204636649636	chr1	test	0.9758428
ENSG00000143156.15.novel2	ENSG00000143156.15	ENST00000367811.8	NMD+/PTC+	1077	FALSE	1077	65	FALSE	4.54822821907706	chr1	test	0.93935233
ENSG00000143303.13.novel1	ENSG00000143303.13	ENST00000368216.9	NMD+/PTC+	995	FALSE	995	483	FALSE	2.0909993627058	chr1	test	0.88611835
ENSG00000143303.13.novel3	ENSG00000143303.13	ENST00000368216.9	Control	1994	TRUE	1994	354	TRUE	0.0480823668315402	chr1	test	0.08403215
ENSG00000143367.18.novel60	ENSG00000143367.18	ENST00000368848.6	NMD+/PTC+	238	FALSE	238	139	FALSE	2.50873493970133	chr1	test	0.8768129
ENSG00000143418.21.novel9	ENSG00000143418.21	ENST00000368954.10	NMD+/PTC+	990	FALSE	990	164	FALSE	2.02894714521365	chr1	test	0.9616736
ENSG00000143437.22.novel53	ENSG00000143437.22	ENST00000505755.5	NMD+/PTC+	2561	FALSE	2561	100	FALSE	2.1654577107412	chr1	test	0.9966757
ENSG00000143498.19.novel4	ENSG00000143498.19	ENST00000352967.9	Control	1442	TRUE	1442	898	TRUE	0.0595463467765027	chr1	test	0.024831668
ENSG00000143578.17.novel3	ENSG00000143578.17	ENST00000368607.8	NMD+/PTC+	978	FALSE	978	335	FALSE	2.0896478389141	chr1	test	0.88716066
ENSG00000143774.19.novel2	ENSG00000143774.19	ENST00000312726.9	Control	1475	TRUE	1475	294	TRUE	-0.024255291217969	chr1	test	0.18521608
ENSG00000143774.19.novel4	ENSG00000143774.19	ENST00000312726.9	NMD+/PTC-	2145	TRUE	2145	311	TRUE	0.573136571698086			
ENSG00000143797.13.novel1	ENSG00000143797.13	ENST00000305997.8	NMD+/PTC+	558	FALSE	558	96	FALSE	1.35104585149401	chr2	val	0.30609047
ENSG00000143797.13.novel7	ENSG00000143797.13	ENST00000305997.8	Control	1531	TRUE	1531	2733	TRUE	-0.0346733155105548	chr2	val	0.31811926
ENSG00000143801.19.novel7	ENSG00000143801.19	ENST00000422240.6	NMD+/PTC+	1932	FALSE	1932	310	FALSE	2.62296099860086	chr1	test	0.92108464
ENSG00000143811.21.novel1	ENSG00000143811.21	ENST00000343818.11	NMD+/PTC+	413	FALSE	413	1568	FALSE	1.04899985720818			
ENSG00000143811.21.novel8	ENSG00000143811.21	ENST00000343818.11	Control	3247	TRUE	3247	1224	TRUE	0.363826248609651	chr1	test_paralog	0.21452542
ENSG00000143845.15.novel2	ENSG00000143845.15	ENST00000367202.9	NMD+/PTC+	710	FALSE	710	143	FALSE	0.837171293454038			
ENSG00000144118.15.novel1	ENSG00000144118.15	ENST00000272519.10	NMD+/PTC+	413	FALSE	413	178	FALSE	3.65991190600015	chr2	val	0.81892234
ENSG00000144134.20.novel3	ENSG00000144134.20	ENST00000393167.7	NMD+/PTC+	540	FALSE	540	98	FALSE	3.2431077616228	chr2	val	0.98178744
ENSG00000144134.20.novel66	ENSG00000144134.20	ENST00000393167.7	Control	744	TRUE	744	580	TRUE	-0.0265177652436659	chr2	val	0.085132405
ENSG00000144645.17.novel1	ENSG00000144645.17	ENST00000438237.6	Control	1374	TRUE	1374	1177	TRUE	-0.0360820913472562			
ENSG00000144645.17.novel4	ENSG00000144645.17	ENST00000438237.6	NMD+/PTC+	1430	FALSE	1430	150	FALSE	4.04720148819419	chr3	test	0.96308887
ENSG00000144681.12.novel1	ENSG00000144681.12	ENST00000273183.8	Control	777	TRUE	777	3191	TRUE	-0.067202122446042	chr3	test	0.06333627
ENSG00000144681.12.novel3	ENSG00000144681.12	ENST00000273183.8	NMD+/PTC+	737	FALSE	737	82	FALSE	2.15202472365474	chr3	test	0.95455474
ENSG00000144744.19.novel4	ENSG00000144744.19	ENST00000361055.9	NMD+/PTC+	773	FALSE	773	65	FALSE	4.9176845614831	chr3	test	0.9944239
ENSG00000145386.12.novel11	ENSG00000145386.12	ENST00000274026.10	Control	1639	TRUE	1639	1845	TRUE	-0.104583405393189	chr4	val	0.095227376
ENSG00000145386.12.novel2	ENSG00000145386.12	ENST00000274026.10	NMD+/PTC+	845	FALSE	845	224	FALSE	3.20671472905591	chr4	val	0.95402074
ENSG00000145414.10.novel2	ENSG00000145414.10	ENST00000274054.3	Control	1450	TRUE	1450	4774	TRUE	-0.0811244590002216	chr4	val	0.020855801
ENSG00000145723.18.novel4	ENSG00000145723.18	ENST00000399004.7	NMD+/PTC+	1114	FALSE	1114	286	FALSE	2.68672541508112	chr5	test	0.469474
ENSG00000145740.21.novel3	ENSG00000145740.21	ENST00000380860.8	NMD+/PTC+	1622	FALSE	1622	130	FALSE	2.83333122586252	chr5	test	0.96255267
ENSG00000145782.14.novel1	ENSG00000145782.14	ENST00000509910.2	Control	1129	FALSE	1129	567	FALSE	-0.028489754166608	chr5	test	0.5507422
ENSG00000145908.14.novel2	ENSG00000145908.14	ENST00000427179.5	NMD+/PTC-	2192	TRUE	2192	4546	TRUE	2.27863427253596	chr5	test	0.63233477
ENSG00000145908.14.novel4	ENSG00000145908.14	ENST00000427179.5	Control	2236	TRUE	2236	2593	TRUE	0.127930687627791	chr5	test	0.17941977
ENSG00000145919.12.novel1	ENSG00000145919.12	ENST00000311086.9	NMD+/PTC+	1020	FALSE	1020	93	FALSE	3.87688295118572	chr5	test	0.9342251
ENSG00000146054.19.novel30	ENSG00000146054.19	ENST00000334421.5	NMD+/PTC+	2241	FALSE	2241	708	FALSE	1.85816717006444	chr5	test	0.19082032
ENSG00000146232.18.novel1	ENSG00000146232.18	ENST00000619360.6	NMD+/PTC+	726	FALSE	726	223	FALSE	3.239174392936	chr6	train	0.9482876
ENSG00000146232.18.novel24	ENSG00000146232.18	ENST00000619360.6	Control	5590	TRUE	5590	1122	TRUE	0.0635920193272722	chr6	train	0.16773343
ENSG00000146476.12.novel2	ENSG00000146476.12	ENST00000367294.4	Control	811	TRUE	811	910	TRUE	-0.0584870531499202	chr6	train	0.03534888
ENSG00000146574.17.novel1	ENSG00000146574.17	ENST00000316731.13	Control	1224	TRUE	1224	2051	TRUE	0.0151083032700991	chr7	test	0.053014215
ENSG00000146574.17.novel11	ENSG00000146574.17	ENST00000316731.13	NMD+/PTC+	787	FALSE	787	176	FALSE	2.34450719499953	chr7	test	0.97709787
ENSG00000146909.9.novel1	ENSG00000146909.9	ENST00000275820.4	Control	2611	TRUE	2611	2072	TRUE	-0.0397597653309724	chr7	test	0.044007637
ENSG00000146909.9.novel3	ENSG00000146909.9	ENST00000275820.4	NMD+/PTC+	1697	FALSE	1697	403	FALSE	3.29941563906516	chr7	test	0.91501135
ENSG00000146918.21.novel1	ENSG00000146918.21	ENST00000356309.8	Control	3704	TRUE	3704	697	TRUE	-0.0746481385832858	chr7	test	0.06470957
ENSG00000146918.21.novel4	ENSG00000146918.21	ENST00000356309.8	NMD+/PTC+	1552	FALSE	1552	140	FALSE	3.16290344307198	chr7	test	0.99407357
ENSG00000147421.19.novel3	ENSG00000147421.19	ENST00000887447.1	Control	1528	FALSE	1528	52	TRUE	-0.0280882681109197	chr8	train	0.41177088
ENSG00000147421.19.novel5	ENSG00000147421.19	ENST00000887447.1	NMD+/PTC+	1570	FALSE	1570	185	FALSE	1.63955414733808	chr8	train	0.7657772
ENSG00000147475.18.novel2	ENSG00000147475.18	ENST00000648919.1	NMD+/PTC+	340	FALSE	340	62	FALSE	1.99072386503318	chr8	train	0.977966
ENSG00000147576.18.novel1	ENSG00000147576.18	ENST00000396623.8	Control	1380	TRUE	1380	639	TRUE	0.0653036650721424	chr8	train	0.25025633
ENSG00000147576.18.novel2	ENSG00000147576.18	ENST00000396623.8	NMD+/PTC+	161	FALSE	161	54	FALSE	2.28567826295599	chr8	train	0.7974808
ENSG00000147654.17.novel34	ENSG00000147654.17	ENST00000337573.10	NMD+/PTC+	710	FALSE	710	189	FALSE	2.88610592470584	chr8	train	0.9352695
ENSG00000147854.19.novel1	ENSG00000147854.19	ENST00000276893.10	NMD+/PTC+	797	FALSE	797	219	FALSE	2.81143837747125	chr9	train	0.99608684
ENSG00000148110.18.novel1	ENSG00000148110.18	ENST00000375344.8	Control	1589	FALSE	1589	143	TRUE	0.0026143802134018	chr9	train	0.8828278
ENSG00000148110.18.novel2	ENSG00000148110.18	ENST00000375344.8	NMD+/PTC+	982	FALSE	982	219	FALSE	1.7110034967104	chr9	train	0.95110446
ENSG00000148154.11.novel1	ENSG00000148154.11	ENST00000374279.4	Control	1743	TRUE	1743	1531	TRUE	-0.0341433087243266	chr9	train	0.066009186
ENSG00000148154.11.novel5	ENSG00000148154.11	ENST00000374279.4	NMD+/PTC+	748	FALSE	748	78	FALSE	3.87384551794083	chr9	train	0.96803766
ENSG00000148634.17.novel2	ENSG00000148634.17	ENST00000373700.9	NMD+/PTC+	529	FALSE	529	133	FALSE	4.82012375697395	chr10	train	0.92346853
ENSG00000148660.23.novel2	ENSG00000148660.23	ENST00000322680.7	Control	1753	FALSE	1753	245	TRUE	-0.0165683935221959	chr10	train	0.0652916
ENSG00000148660.23.novel4	ENSG00000148660.23	ENST00000322680.7	NMD+/PTC+	533	FALSE	533	73	FALSE	2.19574717870715	chr10	train	0.9975719
ENSG00000148803.14.novel1	ENSG00000148803.14	ENST00000278025.9	NMD+/PTC-	440	TRUE	440	1847	TRUE	1.74977955057183	chr10	train	0.27587152
ENSG00000148814.19.novel7	ENSG00000148814.19	ENST00000368614.8	NMD+/PTC+	1772	FALSE	1772	243	FALSE	1.86836900341187	chr10	train	0.15420724
ENSG00000148832.17.novel4	ENSG00000148832.17	ENST00000278060.10	Control	2066	TRUE	2066	768	TRUE	-0.0549829436747253	chr10	train	0.8302917
ENSG00000148908.16.novel7	ENSG00000148908.16	ENST00000369103.3	NMD+/PTC+	1305	FALSE	1305	1491	FALSE	2.27031683523021	chr10	train	0.77201873
ENSG00000149182.16.novel44	ENSG00000149182.16	ENST00000525314.6	NMD+/PTC+	1354	FALSE	1354	53	FALSE	2.61312505858329	chr11	train	0.98288685
ENSG00000149243.18.novel1	ENSG00000149243.18	ENST00000376292.8	NMD+/PTC+	1384	FALSE	1384	189	FALSE	2.53685644834311	chr11	train	0.89504415
ENSG00000149243.18.novel3	ENSG00000149243.18	ENST00000376292.8	Control	1282	TRUE	1282	466	TRUE	0.275953232917961			
ENSG00000149269.11.novel4	ENSG00000149269.11	ENST00000873307.1	NMD+/PTC+	1294	FALSE	1294	55	FALSE	3.97408213131428	chr11	train	0.98807496
ENSG00000149564.13.novel1	ENSG00000149564.13	ENST00000278927.10	NMD+/PTC+	505	FALSE	505	202	FALSE	2.31801776791112	chr11	train	0.8140451
ENSG00000149930.19.novel2	ENSG00000149930.19	ENST00000279394.7	NMD+/PTC+	3502	FALSE	3502	105	FALSE	2.1757065323404	chr16	train	0.8295374
ENSG00000150401.16.novel2	ENSG00000150401.16	ENST00000478244.6	Control	1233	TRUE	1233	2820	TRUE	0.138186469082544	chr13	train	0.14270514
ENSG00000150403.19.novel2	ENSG00000150403.19	ENST00000434316.7	NMD+/PTC+	2132	FALSE	2132	151	FALSE	3.27463496166097	chr13	train	0.96421146
ENSG00000150477.16.novel1	ENSG00000150477.16	ENST00000280020.10	Control	513	TRUE	513	3003	TRUE	-0.000182787037019261	chr18	train	0.15270548
ENSG00000150477.16.novel7	ENSG00000150477.16	ENST00000280020.10	NMD+/PTC+	287	FALSE	287	116	FALSE	2.68849605880907			
ENSG00000150776.19.novel9	ENSG00000150776.19	ENST00000530104.2	Control	3462	TRUE	3462	2691	TRUE	0.0350666880304022	chr11	train	0.14667116
ENSG00000151092.19.novel2	ENSG00000151092.19	ENST00000280700.10	NMD+/PTC+	807	FALSE	807	111	FALSE	4.29432760550035	chr3	test	0.9793874
ENSG00000151445.17.novel1	ENSG00000151445.17	ENST00000343765.6	Control	1327	TRUE	1327	1637	TRUE	0.0231404156302442	chr14	train	0.48071226
ENSG00000151445.17.novel2	ENSG00000151445.17	ENST00000343765.6	NMD+/PTC+	882	FALSE	882	74	FALSE	4.7957432564437	chr14	train	0.9927053
ENSG00000151575.16.novel1	ENSG00000151575.16	ENST00000696102.1	Control	1512	TRUE	1512	1803	TRUE	0.202420165876102	chr15	train	0.3475103
ENSG00000151575.16.novel5	ENSG00000151575.16	ENST00000696102.1	NMD+/PTC+	1223	FALSE	1223	77	FALSE	1.94150269239791	chr15	train	0.8117938
ENSG00000151576.11.novel1	ENSG00000151576.11	ENST00000485050.5	NMD+/PTC+	1516	FALSE	1516	242	FALSE	3.60279468939861	chr3	test	0.6379105
ENSG00000151651.17.novel2	ENSG00000151651.17	ENST00000445355.8	NMD+/PTC+	866	FALSE	866	189	FALSE	3.74931430910591	chr10	train	0.98137754
ENSG00000151689.14.novel1	ENSG00000151689.14	ENST00000392329.7	NMD+/PTC+	823	FALSE	823	90	FALSE	2.71198073226295	chr2	val	0.9426155
ENSG00000151689.14.novel3	ENSG00000151689.14	ENST00000392329.7	Control	2059	TRUE	2059	823	TRUE	-0.0849113227989777	chr2	val	0.1000889
ENSG00000151693.12.novel61	ENSG00000151693.12	ENST00000315273.4	NMD+/PTC+	933	FALSE	933	109	FALSE	2.70232652188499	chr2	val	0.9255926
ENSG00000151715.9.novel1	ENSG00000151715.9	ENST00000281441.8	NMD+/PTC+	720	FALSE	720	146	FALSE	5.04983941470332	chr11	train	0.8448955
ENSG00000151718.17.novel1	ENSG00000151718.17	ENST00000403733.8	NMD+/PTC+	792	FALSE	792	204	FALSE	2.56575162641486	chr4	val	0.63780713
ENSG00000151718.17.novel3	ENSG00000151718.17	ENST00000403733.8	Control	3160	TRUE	3160	1601	TRUE	0.0868073757286629	chr4	val	0.044793498
ENSG00000151743.11.novel3	ENSG00000151743.11	ENST00000281471.11	NMD+/PTC+	381	FALSE	381	145	FALSE	2.63986218120991	chr12	train	0.93414986
ENSG00000151876.14.novel1	ENSG00000151876.14	ENST00000281623.8	Control	1369	TRUE	1369	552	TRUE	0.121463653907294	chr5	test	0.68781745
ENSG00000151876.14.novel5	ENSG00000151876.14	ENST00000281623.8	NMD+/PTC+	921	FALSE	921	1470	FALSE	2.62751174625917	chr5	test	0.733636
ENSG00000151923.19.novel3	ENSG00000151923.19	ENST00000436547.7	NMD+/PTC+	986	FALSE	986	68	FALSE	4.12339662109366	chr10	train	0.97131956
ENSG00000152256.15.novel3	ENSG00000152256.15	ENST00000410055.5	NMD+/PTC+	1020	FALSE	1020	99	FALSE	3.33487816277042	chr2	val	0.9811529
ENSG00000152465.19.novel8	ENSG00000152465.19	ENST00000378150.1	NMD+/PTC+	1648	FALSE	1648	176	FALSE	3.51661393166862	chr10	train	0.9543884
ENSG00000152700.15.novel1	ENSG00000152700.15	ENST00000402673.7	NMD+/PTC+	665	FALSE	665	104	FALSE	4.7969797277823	chr5	test_paralog	0.5968491
ENSG00000153066.14.novel1	ENSG00000153066.14	ENST00000283033.10	NMD+/PTC+	822	FALSE	822	94	FALSE	2.3285638383574	chr16	train	0.99569255
ENSG00000153066.14.novel11	ENSG00000153066.14	ENST00000283033.10	Control	2160	TRUE	2160	3189	TRUE	0.0293919487636377	chr16	train	0.02604284
ENSG00000153071.16.novel3	ENSG00000153071.16	ENST00000320816.11	NMD+/PTC+	1302	FALSE	1302	633	FALSE	3.79195074194031	chr5	test	0.8258258
ENSG00000153071.16.novel36	ENSG00000153071.16	ENST00000320816.11	Control	1318	TRUE	1318	284	TRUE	0.0454901500463252	chr5	test	0.25634342
ENSG00000153574.10.novel1	ENSG00000153574.10	ENST00000283646.5	NMD+/PTC+	598	FALSE	598	97	FALSE	2.54865159934865	chr2	val	0.9885195
ENSG00000153786.14.novel4	ENSG00000153786.14	ENST00000313732.9	NMD+/PTC+	909	FALSE	909	111	FALSE	2.78065756437705	chr16	train	0.88366544
ENSG00000154001.15.novel1	ENSG00000154001.15	ENST00000887187.1	NMD+/PTC+	832	FALSE	832	102	FALSE	2.72954365409118	chr14	train	0.7999817
ENSG00000154001.15.novel4	ENSG00000154001.15	ENST00000887187.1	Control	1942	TRUE	1942	997	TRUE	-0.0327758183301865	chr14	train	0.092096716
ENSG00000154114.14.novel7	ENSG00000154114.14	ENST00000422003.6	NMD+/PTC+	705	FALSE	705	127	FALSE	2.53874374469569	chr11	train	0.8608783
ENSG00000154277.14.novel1	ENSG00000154277.14	ENST00000284440.9	Control	1357	TRUE	1357	704	TRUE	-0.0779794954053657	chr4	val	0.7026228
ENSG00000154277.14.novel4	ENSG00000154277.14	ENST00000284440.9	NMD+/PTC-	824	TRUE	824	588	TRUE	1.52178496281278	chr4	val	0.038153246
ENSG00000154553.17.novel2	ENSG00000154553.17	ENST00000284771.7	NMD+/PTC+	673	FALSE	673	781	FALSE	3.70334074536806	chr4	val	0.89949685
ENSG00000154640.16.novel1	ENSG00000154640.16	ENST00000348354.7	NMD+/PTC+	679	FALSE	679	126	FALSE	3.10907445426063	chr21	train	0.95305616
ENSG00000154655.17.novel1	ENSG00000154655.17	ENST00000317931.12	NMD+/PTC+	2028	FALSE	2028	170	FALSE	2.37194959044345	chr18	train	0.9113623
ENSG00000154655.17.novel2	ENSG00000154655.17	ENST00000317931.12	Control	821	TRUE	821	615	TRUE	0.0121834451282439	chr18	train	0.055392217
ENSG00000154710.19.novel1	ENSG00000154710.19	ENST00000284957.9	NMD+/PTC+	521	FALSE	521	82	FALSE	5.06728188928519	chr7	test	0.9603657
ENSG00000154719.15.novel2	ENSG00000154719.15	ENST00000352957.9	Control	1053	TRUE	1053	2644	TRUE	-0.0400869151642658	chr21	train	0.028520796
ENSG00000154719.15.novel62	ENSG00000154719.15	ENST00000352957.9	NMD+/PTC+	398	FALSE	398	100	FALSE	4.17973916297265	chr21	train	0.9785986
ENSG00000154845.17.novel1	ENSG00000154845.17	ENST00000400555.7	NMD+/PTC+	1970	FALSE	1970	125	FALSE	6.09858663787917	chr18	train	0.9945803
ENSG00000155016.19.novel1	ENSG00000155016.19	ENST00000908819.1	NMD+/PTC+	674	FALSE	674	139	FALSE	2.34398989428051	chr4	val	0.95764714
ENSG00000155256.19.novel2	ENSG00000155256.19	ENST00000891775.1	NMD+/PTC+	499	FALSE	499	187	FALSE	1.91876287914892	chr10	train	0.96907914
ENSG00000155275.20.novel1	ENSG00000155275.20	ENST00000389737.5	NMD+/PTC+	2682	FALSE	2682	115	FALSE	3.76284208121218	chr4	val	0.9812765
ENSG00000155275.20.novel69	ENSG00000155275.20	ENST00000389737.5	Control	2130	TRUE	2130	2588	TRUE	-0.0794594608990351	chr4	val	0.041949473
ENSG00000155367.17.novel2	ENSG00000155367.17	ENST00000309276.11	NMD+/PTC+	1088	FALSE	1088	108	FALSE	3.60288346012035	chr1	test	0.9475337
ENSG00000155367.17.novel8	ENSG00000155367.17	ENST00000309276.11	Control	1999	TRUE	1999	587	TRUE	0.0275263804161663	chr1	test	0.027417026
ENSG00000155438.13.novel1	ENSG00000155438.13	ENST00000285814.9	NMD+/PTC+	405	FALSE	405	212	FALSE	2.53026922733246	chr2	val	0.93695116
ENSG00000155666.13.novel3	ENSG00000155666.13	ENST00000286096.9	NMD+/PTC+	763	FALSE	763	72	FALSE	2.44104854960305	chr16	train	0.93188936
ENSG00000155729.14.novel1	ENSG00000155729.14	ENST00000359878.8	NMD+/PTC+	608	FALSE	608	194	FALSE	4.11087806703633	chr2	val	0.9213749
ENSG00000155729.14.novel2	ENSG00000155729.14	ENST00000359878.8	Control	1072	TRUE	1072	4320	TRUE	-0.0490707425487044	chr2	val	0.053368643
ENSG00000156162.17.novel2	ENSG00000156162.17	ENST00000414645.6	Control	2354	TRUE	2354	2455	TRUE	0.026534024321751	chr8	train	0.41604912
ENSG00000156162.17.novel7	ENSG00000156162.17	ENST00000414645.6	NMD+/PTC+	770	FALSE	770	135	FALSE	2.99971515825459	chr8	train	0.982947
ENSG00000156171.16.novel3	ENSG00000156171.16	ENST00000484310.6	NMD+/PTC+	1213	FALSE	1213	83	FALSE	2.37347070590772	chr1	test	0.67745495
ENSG00000156232.8.novel14	ENSG00000156232.8	ENST00000286760.5	NMD+/PTC-	1512	TRUE	1512	1876	TRUE	1.55452226853092	chr15	train	0.08104271
ENSG00000156232.8.novel7	ENSG00000156232.8	ENST00000286760.5	Control	1898	TRUE	1898	1037	TRUE	-0.0127866584137599	chr15	train	0.04397216
ENSG00000156469.10.novel1	ENSG00000156469.10	ENST00000287025.4	NMD+/PTC-	1521	TRUE	1521	1526	TRUE	2.77510209122956	chr8	train	0.09046425
ENSG00000156469.10.novel5	ENSG00000156469.10	ENST00000287025.4	Control	1431	TRUE	1431	1526	TRUE	-0.0470553927049222	chr8	train	0.044545803
ENSG00000156502.15.novel1	ENSG00000156502.15	ENST00000359655.9	Control	2588	TRUE	2588	801	TRUE	0.111490392782917	chr10	train	0.93508905
ENSG00000156502.15.novel2	ENSG00000156502.15	ENST00000359655.9	NMD+/PTC+	944	FALSE	944	112	FALSE	2.9825550123541	chr10	train	0.9881123
ENSG00000156671.16.novel1	ENSG00000156671.16	ENST00000542569.6	NMD+/PTC+	1051	FALSE	1051	151	FALSE	2.09640024183042	chr10	train	0.92151225
ENSG00000156675.17.novel39	ENSG00000156675.17	ENST00000287263.8	NMD+/PTC+	2017	FALSE	2017	377	FALSE	0.689646204645892	chr8	train	0.98025274
ENSG00000156804.8.novel2	ENSG00000156804.8	ENST00000517956.5	NMD+/PTC+	842	FALSE	842	50	FALSE	2.62210149767772	chr8	train	0.90601957
ENSG00000156970.14.novel4	ENSG00000156970.14	ENST00000287598.11	NMD+/PTC+	697	FALSE	697	170	FALSE	3.49814230396262	chr15	train	0.9789761
ENSG00000157014.11.novel1	ENSG00000157014.11	ENST00000287652.8	NMD+/PTC+	2866	FALSE	2866	97	FALSE	2.68378900057298	chr3	test	0.91796356
ENSG00000157045.9.novel1	ENSG00000157045.9	ENST00000565187.5	NMD+/PTC+	488	FALSE	488	133	FALSE	3.22169022453398	chr16	train	0.969455
ENSG00000157107.15.novel30	ENSG00000157107.15	ENST00000430046.7	Control	1045	TRUE	1045	988	TRUE	-0.0163621048335994	chr5	test	0.10208233
ENSG00000157107.15.novel5	ENSG00000157107.15	ENST00000430046.7	NMD+/PTC+	726	FALSE	726	147	FALSE	2.92882640044676	chr5	test	0.99628437
ENSG00000157191.21.novel1	ENSG00000157191.21	ENST00000337132.10	NMD+/PTC+	1085	FALSE	1085	99	FALSE	2.56270612209683	chr1	test	0.9065229
ENSG00000157601.16.novel1	ENSG00000157601.16	ENST00000398598.8	NMD+/PTC+	2268	FALSE	2268	159	FALSE	2.18935131879794	chr21	train	0.8873101
ENSG00000157693.16.novel1	ENSG00000157693.16	ENST00000288502.9	NMD+/PTC+	572	FALSE	572	324	FALSE	1.40767344901804	chr9	train	0.87340385
ENSG00000157800.19.novel2	ENSG00000157800.19	ENST00000326232.14	NMD+/PTC+	873	FALSE	873	120	FALSE	4.58373617467784	chr7	test	0.97610176
ENSG00000157873.19.novel2	ENSG00000157873.19	ENST00000355716.5	Control	1116	TRUE	1116	938	TRUE	-0.0663602044322206			
ENSG00000157873.19.novel8	ENSG00000157873.19	ENST00000355716.5	NMD+/PTC+	1492	FALSE	1492	181	FALSE	2.78429440841122	chr1	test	0.7682686
ENSG00000157992.13.novel27	ENSG00000157992.13	ENST00000872249.1	NMD+/PTC+	129	FALSE	129	380	FALSE	1.78338936924629	chr2	val	0.8973233
ENSG00000158062.22.novel10	ENSG00000158062.22	ENST00000472155.5	NMD+/PTC+	617	FALSE	617	215	FALSE	2.13276085477479	chr1	test	0.98012537
ENSG00000158106.16.novel3	ENSG00000158106.16	ENST00000857760.1	NMD+/PTC+	923	FALSE	923	552	FALSE	2.21816484321275	chr8	train	0.9145855
ENSG00000158161.17.novel4	ENSG00000158161.17	ENST00000540618.5	NMD+/PTC+	1211	FALSE	1211	68	FALSE	4.33651729196899	chr1	test	0.94744843
ENSG00000158161.17.novel54	ENSG00000158161.17	ENST00000540618.5	Control	645	TRUE	645	3896	TRUE	0.480881390904231	chr1	test	0.02837471
ENSG00000158201.11.novel2	ENSG00000158201.11	ENST00000289119.7	Control	1262	TRUE	1262	199	TRUE	-0.0468367857892113	chr18	train	0.03316193
ENSG00000158201.11.novel3	ENSG00000158201.11	ENST00000289119.7	NMD+/PTC+	850	FALSE	850	174	FALSE	3.05988278839188	chr18	train	0.965785
ENSG00000158315.12.novel1	ENSG00000158315.12	ENST00000372990.6	NMD+/PTC+	808	FALSE	808	101	FALSE	2.17763895092006	chr1	test	0.86929435
ENSG00000158315.12.novel6	ENSG00000158315.12	ENST00000372990.6	Control	937	TRUE	937	2934	TRUE	-0.00115943346644608	chr1	test	0.07734229
ENSG00000158402.22.novel2	ENSG00000158402.22	ENST00000323760.11	NMD+/PTC+	674	FALSE	674	156	FALSE	3.03116586365336	chr5	test	0.865254
ENSG00000158882.16.novel14	ENSG00000158882.16	ENST00000367988.8	Control	1135	TRUE	1135	4804	TRUE	0.122377898494889	chr1	test	0.11021866
ENSG00000158882.16.novel17	ENSG00000158882.16	ENST00000367988.8	NMD+/PTC+	940	FALSE	940	77	FALSE	2.52828687937908	chr1	test	0.7099666
ENSG00000159214.14.novel1	ENSG00000159214.14	ENST00000857677.1	Control	1422	TRUE	1422	593	TRUE	-0.0256783613686011	chr1	test	0.41363293
ENSG00000159214.14.novel10	ENSG00000159214.14	ENST00000857677.1	NMD+/PTC+	679	FALSE	679	161	FALSE	2.6620677809001	chr1	test	0.971924
ENSG00000159348.14.novel1	ENSG00000159348.14	ENST00000367249.9	NMD+/PTC+	845	FALSE	845	130	FALSE	5.23591146249503	chr1	test	0.9283967
ENSG00000159423.18.novel3	ENSG00000159423.18	ENST00000375341.8	NMD+/PTC+	1264	FALSE	1264	48	FALSE	3.16573126564204	chr1	test	0.9574653
ENSG00000160058.20.novel2	ENSG00000160058.20	ENST00000455895.7	NMD+/PTC+	223	FALSE	223	110	FALSE	3.04582825055826	chr1	test	0.9366856
ENSG00000160179.21.novel1	ENSG00000160179.21	ENST00000398449.8	NMD+/PTC-	2022	TRUE	2022	3087	TRUE	1.63627825072366			
ENSG00000160191.19.novel1	ENSG00000160191.19	ENST00000291539.11	Control	610	TRUE	610	598	TRUE	-0.0515526249710093			
ENSG00000160191.19.novel4	ENSG00000160191.19	ENST00000291539.11	NMD+/PTC+	547	FALSE	547	71	FALSE	3.38353910045596	chr21	train	0.98804164
ENSG00000160193.13.novel1	ENSG00000160193.13	ENST00000398208.3	NMD+/PTC+	368	FALSE	368	157	FALSE	5.08379480363849	chr21	train	0.97984135
ENSG00000160226.16.novel10	ENSG00000160226.16	ENST00000339818.9	NMD+/PTC+	385	FALSE	385	230	FALSE	3.20209663012699	chr21	train	0.81959426
ENSG00000160310.21.novel2	ENSG00000160310.21	ENST00000397628.5	NMD+/PTC-	1533	TRUE	1533	5797	TRUE	0.400746089969332			
ENSG00000160325.16.novel2	ENSG00000160325.16	ENST00000316948.9	Control	482	TRUE	482	1367	TRUE	0.0794517480192861	chr9	train	0.118174896
ENSG00000160326.15.novel8	ENSG00000160326.15	ENST00000371899.9	NMD+/PTC+	1798	FALSE	1798	146	FALSE	2.27905806461645	chr9	train	0.6750123
ENSG00000160408.17.novel1	ENSG00000160408.17	ENST00000373144.7	NMD+/PTC+	1055	FALSE	1055	108	FALSE	1.63023739082182	chr9	train	0.7486691
ENSG00000160439.16.novel71	ENSG00000160439.16	ENST00000610356.4	NMD+/PTC+	1642	FALSE	1642	303	FALSE	3.55521303490342	chr19	train	0.86226606
ENSG00000160439.16.novel8	ENSG00000160439.16	ENST00000610356.4	Control	2023	TRUE	2023	1005	TRUE	0.0470089240907957	chr19	train	0.15648845
ENSG00000160613.16.novel2	ENSG00000160613.16	ENST00000320934.8	NMD+/PTC+	2523	FALSE	2523	118	FALSE	3.08851227195177	chr11	train	0.8812642
ENSG00000160613.16.novel48	ENSG00000160613.16	ENST00000320934.8	Control	2983	TRUE	2983	3732	TRUE	0.0546429484160485	chr11	train	0.06986944
ENSG00000160691.20.novel7	ENSG00000160691.20	ENST00000368453.8	NMD+/PTC+	3106	FALSE	3106	413	FALSE	1.24632962777666	chr1	test	0.21213257
ENSG00000160803.9.novel1	ENSG00000160803.9	ENST00000368309.4	Control	1856	TRUE	1856	1835	TRUE	0.0315047125306541	chr1	test	0.8406685
ENSG00000160803.9.novel4	ENSG00000160803.9	ENST00000368309.4	NMD+/PTC+	1068	FALSE	1068	140	FALSE	2.73468189857062	chr1	test	0.98205537
ENSG00000160813.8.novel2	ENSG00000160813.8	ENST00000292330.3	Control	688	TRUE	688	280	TRUE	-0.0482616368215073	chr7	test	0.024282504
ENSG00000160961.13.novel1	ENSG00000160961.13	ENST00000292530.11	Control	701	TRUE	701	1172	TRUE	-0.00589812754054301	chr19	train	0.06354675
ENSG00000160961.13.novel5	ENSG00000160961.13	ENST00000292530.11	NMD+/PTC+	825	FALSE	825	108	FALSE	2.85036714283159	chr19	train	0.96669054
ENSG00000160972.11.novel1	ENSG00000160972.11	ENST00000435887.2	Control	2759	TRUE	2759	607	TRUE	0.0406938435577342	chr8	train	0.17449434
ENSG00000160972.11.novel3	ENSG00000160972.11	ENST00000435887.2	NMD+/PTC+	1210	FALSE	1210	44	FALSE	2.27138964844061	chr8	train	0.84712636
ENSG00000161202.21.novel1	ENSG00000161202.21	ENST00000313143.9	Control	2656	TRUE	2656	3296	TRUE	-0.0437619485366629	chr3	test	0.9852976
ENSG00000161202.21.novel4	ENSG00000161202.21	ENST00000313143.9	NMD+/PTC+	803	FALSE	803	136	FALSE	4.02471202127511	chr3	test	0.98293394
ENSG00000161265.15.novel1	ENSG00000161265.15	ENST00000292879.9	NMD+/PTC+	278	FALSE	278	113	FALSE	3.85883224067823	chr19	train	0.9544094
ENSG00000161265.15.novel6	ENSG00000161265.15	ENST00000292879.9	Control	1394	TRUE	1394	282	TRUE	-0.0665023859751328	chr19	train	0.2775706
ENSG00000161558.12.novel1	ENSG00000161558.12	ENST00000600816.1	NMD+/PTC-	2143	TRUE	2143	1080	TRUE	2.49863118942522	chr19	train	0.93232155
ENSG00000161558.12.novel4	ENSG00000161558.12	ENST00000600816.1	Control	1483	TRUE	1483	532	TRUE	0.0985943608331869	chr19	train	0.13812056
ENSG00000161654.11.novel5	ENSG00000161654.11	ENST00000293406.8	NMD+/PTC+	249	FALSE	249	134	FALSE	1.45968487580298			
ENSG00000161800.14.novel11	ENSG00000161800.14	ENST00000312377.10	NMD+/PTC+	679	FALSE	679	97	FALSE	4.19612601533357	chr12	train	0.9867475
ENSG00000162066.17.novel2	ENSG00000162066.17	ENST00000293971.11	NMD+/PTC+	834	FALSE	834	213	FALSE	3.49403734960984	chr16	train	0.94001275
ENSG00000162069.17.novel2	ENSG00000162069.17	ENST00000572449.6	NMD+/PTC+	964	FALSE	964	1051	FALSE	3.13896544020038	chr16	train	0.9698665
ENSG00000162129.16.novel3	ENSG00000162129.16	ENST00000542555.3	NMD+/PTC+	600	FALSE	600	107	FALSE	2.2629048983429	chr11	train	0.96726525
ENSG00000162341.19.novel1	ENSG00000162341.19	ENST00000294309.8	NMD+/PTC+	1910	FALSE	1910	77	FALSE	4.29690256820631	chr11	train	0.9868103
ENSG00000162373.14.novel2	ENSG00000162373.14	ENST00000463562.1	NMD+/PTC+	1052	FALSE	1052	214	FALSE	1.98924915315529			
ENSG00000162373.14.novel3	ENSG00000162373.14	ENST00000463562.1	Control	1325	TRUE	1325	523	TRUE	-0.043746328123581	chr1	test	0.10888336
ENSG00000162385.12.novel2	ENSG00000162385.12	ENST00000371470.8	NMD+/PTC+	393	FALSE	393	158	FALSE	2.39081400416193	chr1	test_paralog	0.9366992
ENSG00000162434.15.novel4	ENSG00000162434.15	ENST00000342505.5	NMD+/PTC-	714	TRUE	714	3774	TRUE	1.0176072749441	chr1	test	0.100473925
ENSG00000162434.15.novel5	ENSG00000162434.15	ENST00000342505.5	Control	888	TRUE	888	2390	TRUE	-0.00392630679954715	chr1	test	0.024795122
ENSG00000162458.14.novel2	ENSG00000162458.14	ENST00000375766.8	Control	1315	TRUE	1315	2047	TRUE	-0.0220076864615864	chr1	test	0.056443162
ENSG00000162601.13.novel1	ENSG00000162601.13	ENST00000697263.1	Control	2549	TRUE	2549	5414	TRUE	0.14605649776341	chr1	test	0.03281764
ENSG00000162601.13.novel14	ENSG00000162601.13	ENST00000697263.1	NMD+/PTC+	452	FALSE	452	74	FALSE	4.13766695107546	chr1	test	0.9797166
ENSG00000162695.14.novel2	ENSG00000162695.14	ENST00000370112.8	NMD+/PTC+	1109	FALSE	1109	150	FALSE	4.52245943430348	chr1	test	0.905091
ENSG00000162723.10.novel1	ENSG00000162723.10	ENST00000368093.4	NMD+/PTC+	450	FALSE	450	273	FALSE	2.46721812242051	chr1	test	0.5298459
ENSG00000162852.15.novel1	ENSG00000162852.15	ENST00000366513.9	Control	2241	TRUE	2241	2537	TRUE	-0.0329049505264326	chr1	test	0.054434266
ENSG00000162852.15.novel7	ENSG00000162852.15	ENST00000366513.9	NMD+/PTC+	955	FALSE	955	87	FALSE	2.74368642874996	chr1	test	0.97292084
ENSG00000162869.17.novel4	ENSG00000162869.17	ENST00000294952.13	NMD+/PTC+	683	FALSE	683	202	FALSE	3.80111886352256	chr2	val	0.97972727
ENSG00000162885.15.novel1	ENSG00000162885.15	ENST00000366600.8	Control	1960	TRUE	1960	3151	TRUE	-0.024848869523942	chr1	test	0.15156801
ENSG00000162885.15.novel3	ENSG00000162885.15	ENST00000366600.8	NMD+/PTC+	1125	FALSE	1125	126	FALSE	3.4389358836672	chr1	test	0.9672902
ENSG00000163001.13.novel2	ENSG00000163001.13	ENST00000349456.9	NMD+/PTC+	917	FALSE	917	111	FALSE	3.04763411898935	chr2	val	0.9685896
ENSG00000163001.13.novel6	ENSG00000163001.13	ENST00000349456.9	Control	1251	TRUE	1251	857	TRUE	-0.00951001392824671	chr2	val	0.048165794
ENSG00000163040.16.novel1	ENSG00000163040.16	ENST00000409856.8	Control	909	TRUE	909	402	TRUE	-0.0697596428050055	chr2	val	0.38677332
ENSG00000163040.16.novel3	ENSG00000163040.16	ENST00000409856.8	NMD+/PTC+	450	FALSE	450	221	FALSE	2.52962895853629	chr2	val	0.9671751
ENSG00000163072.17.novel1	ENSG00000163072.17	ENST00000317647.12	NMD+/PTC+	1270	FALSE	1270	89	FALSE	2.27916058348403	chr2	val	0.8945299
ENSG00000163141.21.novel25	ENSG00000163141.21	ENST00000368931.8	NMD+/PTC+	252	FALSE	252	96	FALSE	2.21177395295151	chr1	test	0.91195095
ENSG00000163249.14.novel1	ENSG00000163249.14	ENST00000295414.8	Control	1469	FALSE	1469	1169	FALSE	0.0424438285433476	chr2	val	0.5587165
ENSG00000163291.15.novel2	ENSG00000163291.15	ENST00000512733.5	NMD+/PTC+	1148	FALSE	1148	148	FALSE	3.71293354859505	chr4	val	0.895199
ENSG00000163312.12.novel3	ENSG00000163312.12	ENST00000295488.8	NMD+/PTC+	1814	FALSE	1814	111	FALSE	2.22410226348149	chr4	val	0.98886687
ENSG00000163472.20.novel63	ENSG00000163472.20	ENST00000495881.1	Control	3144	FALSE	3144	3539	FALSE	0.125439034830641			
ENSG00000163521.17.novel5	ENSG00000163521.17	ENST00000295759.12	Control	3842	TRUE	3842	758	TRUE	-0.00595424572071441	chr2	val	0.3025908
ENSG00000163521.17.novel73	ENSG00000163521.17	ENST00000295759.12	NMD+/PTC+	2429	FALSE	2429	59	FALSE	1.84108195302521	chr2	val	0.9600242
ENSG00000163558.14.novel1	ENSG00000163558.14	ENST00000295797.5	NMD+/PTC+	967	FALSE	967	141	FALSE	3.29284486455237	chr3	test	0.99003875
ENSG00000163608.16.novel2	ENSG00000163608.16	ENST00000473284.5	NMD+/PTC+	809	FALSE	809	121	FALSE	4.12413981953141	chr3	test	0.9610066
ENSG00000163687.15.novel1	ENSG00000163687.15	ENST00000394549.7	NMD+/PTC-	1489	TRUE	1489	1434	TRUE	4.2415579607642	chr3	test	0.133928
ENSG00000163687.15.novel2	ENSG00000163687.15	ENST00000394549.7	Control	1521	TRUE	1521	1433	TRUE	0.027919516825357	chr3	test	0.09862099
ENSG00000163701.20.novel2	ENSG00000163701.20	ENST00000383814.8	NMD+/PTC+	1559	FALSE	1559	125	FALSE	3.54599561035582	chr3	test	0.82639617
ENSG00000163762.8.novel1	ENSG00000163762.8	ENST00000296059.7	NMD+/PTC+	698	FALSE	698	170	FALSE	1.94448726023851	chr3	test	0.3499124
ENSG00000163785.15.novel2	ENSG00000163785.15	ENST00000620660.4	NMD+/PTC+	1511	FALSE	1511	110	FALSE	2.34160371143698	chr3	test	0.9848557
ENSG00000163867.18.novel26	ENSG00000163867.18	ENST00000317538.9	NMD+/PTC-	4283	TRUE	4283	2767	TRUE	2.70033960439065	chr1	test	0.08637828
ENSG00000163898.11.novel64	ENSG00000163898.11	ENST00000296252.9	NMD+/PTC+	512	FALSE	512	368	FALSE	1.90710451055495	chr3	test	0.39799803
ENSG00000163918.13.novel2	ENSG00000163918.13	ENST00000928098.1	Control	1329	TRUE	1329	180	TRUE	-0.017436807249779	chr3	test	0.12682965
ENSG00000163918.13.novel8	ENSG00000163918.13	ENST00000928098.1	NMD+/PTC+	790	FALSE	790	126	FALSE	2.37708455464132	chr3	test	0.96711093
ENSG00000163960.14.novel1	ENSG00000163960.14	ENST00000493566.1	Control	436	TRUE	436	1053	TRUE	-0.0159235872222884	chr3	test	0.12928288
ENSG00000164074.18.novel1	ENSG00000164074.18	ENST00000645843.2	Control	816	TRUE	816	1524	TRUE	0.0283265905234446	chr4	val	0.28313616
ENSG00000164074.18.novel3	ENSG00000164074.18	ENST00000645843.2	NMD+/PTC+	786	FALSE	786	85	FALSE	3.21445352639452	chr4	val	0.9832207
ENSG00000164077.16.novel2	ENSG00000164077.16	ENST00000296473.8	NMD+/PTC+	965	FALSE	965	874	FALSE	2.59824192309352	chr3	test	0.7491238
ENSG00000164087.9.novel2	ENSG00000164087.9	ENST00000394970.6	NMD+/PTC+	1083	FALSE	1083	69	FALSE	2.12275366342836	chr3	test	0.9388779
ENSG00000164162.15.novel2	ENSG00000164162.15	ENST00000507656.6	NMD+/PTC+	1149	FALSE	1149	330	FALSE	1.90900296899256	chr4	val	0.7181421
ENSG00000164171.12.novel31	ENSG00000164171.12	ENST00000296585.10	Control	1850	TRUE	1850	1280	TRUE	0.0908660891697231	chr5	test	0.0995114
ENSG00000164171.12.novel4	ENSG00000164171.12	ENST00000296585.10	NMD+/PTC-	1013	TRUE	1013	1724	TRUE	1.39650114548749			
ENSG00000164253.15.novel12	ENSG00000164253.15	ENST00000296679.9	NMD+/PTC+	1299	FALSE	1299	134	FALSE	1.77211008820102	chr5	test	0.6805317
ENSG00000164253.15.novel2	ENSG00000164253.15	ENST00000296679.9	Control	1208	TRUE	1208	2189	TRUE	0.0589070988224019	chr5	test	0.0358195
ENSG00000164300.19.novel1	ENSG00000164300.19	ENST00000507668.7	Control	1078	TRUE	1078	478	TRUE	-0.00964647185671197	chr5	test	0.029413266
ENSG00000164300.19.novel6	ENSG00000164300.19	ENST00000507668.7	NMD+/PTC+	827	FALSE	827	127	FALSE	3.83357357119862	chr5	test	0.99375844
ENSG00000164307.14.novel3	ENSG00000164307.14	ENST00000443439.7	NMD+/PTC+	1319	FALSE	1319	102	FALSE	4.18389239679327	chr5	test	0.9772479
ENSG00000164308.19.novel1	ENSG00000164308.19	ENST00000437043.8	Control	2762	TRUE	2762	1429	TRUE	-0.0305188601147533	chr5	test	0.056190025
ENSG00000164308.19.novel3	ENSG00000164308.19	ENST00000437043.8	NMD+/PTC+	2324	FALSE	2324	125	FALSE	2.66357290545225	chr5	test	0.94056314
ENSG00000164329.16.novel3	ENSG00000164329.16	ENST00000453514.6	NMD+/PTC+	1728	FALSE	1728	137	FALSE	3.89650475677448	chr5	test	0.86831003
ENSG00000164347.19.novel1	ENSG00000164347.19	ENST00000296805.8	Control	1302	TRUE	1302	3185	TRUE	-0.0813287962435997	chr5	test	0.052221607
ENSG00000164347.19.novel2	ENSG00000164347.19	ENST00000296805.8	NMD+/PTC+	2094	FALSE	2094	186	FALSE	4.09320297908794	chr5	test	0.92874175
ENSG00000164494.13.novel3	ENSG00000164494.13	ENST00000900081.1	NMD+/PTC+	1342	FALSE	1342	149	FALSE	2.37507386739374	chr6	train	0.83091146
ENSG00000164548.13.novel2	ENSG00000164548.13	ENST00000482395.1	NMD+/PTC-	1373	TRUE	1373	793	TRUE	4.1559255376153	chr7	test	0.96265495
ENSG00000164548.13.novel4	ENSG00000164548.13	ENST00000482395.1	Control	4097	TRUE	4097	793	TRUE	0.029475602459821	chr7	test	0.19616908
ENSG00000164761.10.novel1	ENSG00000164761.10	ENST00000297350.9	NMD+/PTC+	1041	FALSE	1041	126	FALSE	2.13399410099465			
ENSG00000164761.10.novel3	ENSG00000164761.10	ENST00000297350.9	Control	1480	TRUE	1480	3155	TRUE	-0.0498991376439823	chr8	train	0.11122751
ENSG00000164815.12.novel1	ENSG00000164815.12	ENST00000297431.9	NMD+/PTC+	945	FALSE	945	53	FALSE	4.37667625609764	chr7	test	0.9932468
ENSG00000164929.18.novel8	ENSG00000164929.18	ENST00000309982.10	NMD+/PTC+	658	FALSE	658	158	FALSE	1.76422216005791	chr8	train	0.7807585
ENSG00000164941.15.novel1	ENSG00000164941.15	ENST00000523321.5	NMD+/PTC+	1074	FALSE	1074	125	FALSE	4.10098434055595	chr8	train	0.9957743
ENSG00000164941.15.novel2	ENSG00000164941.15	ENST00000523321.5	Control	3016	TRUE	3016	1681	TRUE	-0.024808106207337	chr8	train	0.16694202
ENSG00000165304.9.novel9	ENSG00000165304.9	ENST00000543751.5	NMD+/PTC+	298	FALSE	298	86	FALSE	3.27334979189883	chr9	train	0.97806066
ENSG00000165338.17.novel1	ENSG00000165338.17	ENST00000371681.8	NMD+/PTC+	2279	FALSE	2279	168	FALSE	1.59713438694876			
ENSG00000165476.15.novel1	ENSG00000165476.15	ENST00000373758.5	NMD+/PTC+	929	FALSE	929	146	FALSE	3.57167996244763	chr10	train	0.36745542
ENSG00000165476.15.novel15	ENSG00000165476.15	ENST00000373758.5	Control	1074	TRUE	1074	736	TRUE	0.00527924752643573	chr10	train	0.03973947
ENSG00000165501.18.novel1	ENSG00000165501.18	ENST00000318317.8	Control	2049	TRUE	2049	2101	TRUE	0.00151399243886353	chr14	train	0.057377387
ENSG00000165501.18.novel4	ENSG00000165501.18	ENST00000318317.8	NMD+/PTC+	1607	FALSE	1607	153	FALSE	1.44726930100235	chr14	train	0.43194017
ENSG00000165591.8.novel5	ENSG00000165591.8	ENST00000374900.5	NMD+/PTC+	1694	FALSE	1694	206	FALSE	2.0470029352009	chrX	train	0.8145589
ENSG00000165733.9.novel50	ENSG00000165733.9	ENST00000374518.6	NMD+/PTC+	1973	FALSE	1973	151	FALSE	3.86954706654253	chr10	train	0.8785605
ENSG00000165891.17.novel2	ENSG00000165891.17	ENST00000322886.12	NMD+/PTC+	633	FALSE	633	43	FALSE	2.49718185573597	chr12	train	0.9871732
ENSG00000165891.17.novel7	ENSG00000165891.17	ENST00000322886.12	Control	1106	TRUE	1106	3941	TRUE	-0.00883882449951867	chr12	train	0.03680728
ENSG00000165905.19.novel5	ENSG00000165905.19	ENST00000401752.6	NMD+/PTC+	2085	FALSE	2085	321	FALSE	3.12279099714894	chr11	train	0.7214968
ENSG00000165915.15.novel1	ENSG00000165915.15	ENST00000869741.1	NMD+/PTC+	1211	FALSE	1211	209	FALSE	2.20975283016393	chr11	train	0.15772167
ENSG00000165915.15.novel3	ENSG00000165915.15	ENST00000869741.1	Control	1115	TRUE	1115	1293	TRUE	-0.0501680117205832	chr11	train	0.095808715
ENSG00000165948.12.novel1	ENSG00000165948.12	ENST00000909478.1	NMD+/PTC-	1164	FALSE	1164	246	TRUE	1.11679428819883			
ENSG00000165948.12.novel2	ENSG00000165948.12	ENST00000909478.1	Control	715	TRUE	715	238	TRUE	-0.058278777071512	chr14	train	0.61830634
ENSG00000166123.15.novel1	ENSG00000166123.15	ENST00000340124.9	NMD+/PTC+	432	FALSE	432	111	FALSE	3.24073267864727	chr16	train	0.97586083
ENSG00000166164.17.novel4	ENSG00000166164.17	ENST00000710357.1	NMD+/PTC+	1695	FALSE	1695	112	FALSE	4.1116577846339	chr16	train	0.97577286
ENSG00000166197.18.novel3	ENSG00000166197.18	ENST00000488254.6	NMD+/PTC+	408	FALSE	408	143	FALSE	5.52078403049921	chr10	train	0.9108531
ENSG00000166311.11.novel4	ENSG00000166311.11	ENST00000342245.9	Control	2544	TRUE	2544	802	TRUE	-0.0237855139172745	chr11	train	0.91812694
ENSG00000166484.21.novel1	ENSG00000166484.21	ENST00000395604.8	NMD+/PTC+	774	FALSE	774	720	FALSE	3.46000043168076	chr17	train	0.86562747
ENSG00000166529.17.novel1	ENSG00000166529.17	ENST00000292450.9	Control	1732	TRUE	1732	1279	TRUE	-0.046458838723679	chr7	test	0.21856439
ENSG00000166529.17.novel3	ENSG00000166529.17	ENST00000292450.9	NMD+/PTC+	806	FALSE	806	155	FALSE	3.16705405249462	chr7	test	0.89065164
ENSG00000166780.12.novel6	ENSG00000166780.12	ENST00000300006.9	Control	817	TRUE	817	784	TRUE	-0.042181220575548			
ENSG00000166780.12.novel7	ENSG00000166780.12	ENST00000300006.9	NMD+/PTC+	451	FALSE	451	149	FALSE	3.61551884241365	chr16	train	0.9684616
ENSG00000166855.10.novel1	ENSG00000166855.10	ENST00000300107.7	NMD+/PTC+	1611	FALSE	1611	155	FALSE	2.20921281902842	chr15	train	0.9456008
ENSG00000166855.10.novel43	ENSG00000166855.10	ENST00000300107.7	Control	2117	TRUE	2117	1435	TRUE	-0.0155413786912817	chr15	train	0.031168614
ENSG00000166881.11.novel2	ENSG00000166881.11	ENST00000300128.9	NMD+/PTC+	715	FALSE	715	226	FALSE	3.37941940265639	chr12	train	0.9187111
ENSG00000166881.11.novel3	ENSG00000166881.11	ENST00000300128.9	Control	1030	TRUE	1030	2271	TRUE	0.155982346628982	chr12	train	0.012446312
ENSG00000167113.12.novel1	ENSG00000167113.12	ENST00000608951.5	NMD+/PTC+	1030	FALSE	1030	103	FALSE	3.8993983191412	chr9	train	0.85066235
ENSG00000167113.12.novel4	ENSG00000167113.12	ENST00000608951.5	Control	1236	TRUE	1236	602	TRUE	0.0412070510072859	chr9	train	0.07523669
ENSG00000167302.12.novel1	ENSG00000167302.12	ENST00000637944.2	NMD+/PTC+	1079	FALSE	1079	294	FALSE	3.24637573337746	chr17	train	0.9619789
ENSG00000167302.12.novel2	ENSG00000167302.12	ENST00000637944.2	Control	2879	TRUE	2879	1438	TRUE	0.0346678204641749	chr17	train	0.10792234
ENSG00000167306.22.novel3	ENSG00000167306.22	ENST00000592688.1	Control	5886	TRUE	5886	3807	TRUE	0.0277027822327062	chr18	train	0.12069378
ENSG00000167306.22.novel6	ENSG00000167306.22	ENST00000592688.1	NMD+/PTC+	3631	FALSE	3631	286	FALSE	2.53509479062683	chr18	train	0.9054076
ENSG00000167515.12.novel4	ENSG00000167515.12	ENST00000696289.1	NMD+/PTC+	726	FALSE	726	1132	FALSE	1.3832297669915	chr16	train	0.8415077
ENSG00000167528.14.novel1	ENSG00000167528.14	ENST00000863442.1	NMD+/PTC+	528	FALSE	528	114	FALSE	1.68561610142695	chr12	train	0.9443937
ENSG00000167555.15.novel3	ENSG00000167555.15	ENST00000360465.8	Control	2588	TRUE	2588	3289	TRUE	-0.0709026567901994	chr19	train	0.32590157
ENSG00000167555.15.novel9	ENSG00000167555.15	ENST00000360465.8	NMD+/PTC+	890	FALSE	890	165	FALSE	2.88663151715658	chr19	train	0.41727015
ENSG00000167600.15.novel1	ENSG00000167600.15	ENST00000310054.9	Control	1257	TRUE	1257	1292	TRUE	-0.0265485162886608	chr19	train	0.053501472
ENSG00000167600.15.novel2	ENSG00000167600.15	ENST00000310054.9	NMD+/PTC+	1048	FALSE	1048	180	FALSE	3.38306799063798	chr19	train	0.9670031
ENSG00000167608.13.novel2	ENSG00000167608.13	ENST00000619895.5	Control	2169	FALSE	2169	144	FALSE	0.168901822545598	chr19	train	0.1856305
ENSG00000167608.13.novel3	ENSG00000167608.13	ENST00000619895.5	NMD+/PTC+	1120	FALSE	1120	164	FALSE	4.01648584667375	chr19	train	0.9483327
ENSG00000167703.16.novel1	ENSG00000167703.16	ENST00000894530.1	NMD+/PTC+	1626	FALSE	1626	133	FALSE	3.52582580142601	chr17	train	0.96394247
ENSG00000167861.17.novel5	ENSG00000167861.17	ENST00000425042.7	NMD+/PTC+	1828	FALSE	1828	300	FALSE	3.53178098194183	chr17	train	0.980594
ENSG00000168066.23.novel2	ENSG00000168066.23	ENST00000377390.8	NMD+/PTC+	1045	FALSE	1045	90	FALSE	5.4504349343054	chr11	train	0.9917979
ENSG00000168216.14.novel1	ENSG00000168216.14	ENST00000649934.3	NMD+/PTC+	1396	FALSE	1396	150	FALSE	3.03080940314541	chr6	train	0.94660413
ENSG00000168216.14.novel3	ENSG00000168216.14	ENST00000649934.3	Control	1288	TRUE	1288	1421	TRUE	-0.0138104626704777	chr6	train	0.06019644
ENSG00000168297.17.novel1	ENSG00000168297.17	ENST00000877069.1	Control	1619	TRUE	1619	1308	TRUE	-0.0113677344102258	chr3	test	0.09456937
ENSG00000168297.17.novel4	ENSG00000168297.17	ENST00000877069.1	NMD+/PTC+	1302	FALSE	1302	122	FALSE	3.28936821118026	chr3	test	0.9897641
ENSG00000168389.19.novel1	ENSG00000168389.19	ENST00000372811.10	Control	2367	TRUE	2367	2112	TRUE	0.0801636136995736	chr1	test	0.06808013
ENSG00000168389.19.novel2	ENSG00000168389.19	ENST00000372811.10	NMD+/PTC+	1112	FALSE	1112	113	FALSE	3.62909644849875	chr1	test	0.9467694
ENSG00000168476.13.novel1	ENSG00000168476.13	ENST00000306306.8	NMD+/PTC+	1145	FALSE	1145	604	FALSE	3.12276862394971	chr8	train	0.6595258
ENSG00000168495.14.novel2	ENSG00000168495.14	ENST00000397802.8	NMD+/PTC+	908	FALSE	908	153	FALSE	3.4607741821909	chr8	train	0.9329639
ENSG00000168522.14.novel7	ENSG00000168522.14	ENST00000302279.8	Control	1445	TRUE	1445	1095	TRUE	-0.0084270426630821	chr8	train	0.6899649
ENSG00000168575.12.novel3	ENSG00000168575.12	ENST00000908100.1	NMD+/PTC+	1726	FALSE	1726	186	FALSE	3.57002430515943	chr8	train	0.9368535
ENSG00000168724.19.novel1	ENSG00000168724.19	ENST00000648817.1	Control	1455	TRUE	1455	1653	TRUE	0.00222919019403762	chr5	test	0.018344097
ENSG00000168724.19.novel7	ENSG00000168724.19	ENST00000648817.1	NMD+/PTC+	1179	FALSE	1179	159	FALSE	2.50784876162425	chr5	test	0.9882311
ENSG00000168826.17.novel1	ENSG00000168826.17	ENST00000337872.9	NMD+/PTC+	1421	FALSE	1421	74	FALSE	2.15390219691515	chr4	val	0.93898267
ENSG00000168826.17.novel3	ENSG00000168826.17	ENST00000337872.9	Control	1550	TRUE	1550	1147	TRUE	-0.0990987461241515	chr4	val	0.26778558
ENSG00000168883.21.novel1	ENSG00000168883.21	ENST00000323701.11	NMD+/PTC+	548	FALSE	548	137	FALSE	2.08078166841259	chr2	val	0.9859719
ENSG00000169087.12.novel1	ENSG00000169087.12	ENST00000306103.3	Control	966	TRUE	966	2409	TRUE	0.117073401577291	chr3	test	0.0676668
ENSG00000169087.12.novel3	ENSG00000169087.12	ENST00000306103.3	NMD+/PTC+	829	FALSE	829	172	FALSE	2.56478266108946	chr3	test	0.9792046
ENSG00000169251.14.novel2	ENSG00000169251.14	ENST00000351193.7	Control	1988	TRUE	1988	4084	TRUE	0.00768189782111582	chr3	test	0.044129193
ENSG00000169251.14.novel3	ENSG00000169251.14	ENST00000351193.7	NMD+/PTC+	333	FALSE	333	97	FALSE	4.59944287021687	chr3	test	0.91612405
ENSG00000169410.12.novel11	ENSG00000169410.12	ENST00000618819.5	NMD+/PTC+	1903	FALSE	1903	79	FALSE	3.02304696245915	chr15	train	0.9619123
ENSG00000169410.12.novel8	ENSG00000169410.12	ENST00000618819.5	Control	1469	TRUE	1469	2739	TRUE	-0.0933137589726672			
ENSG00000169621.12.novel1	ENSG00000169621.12	ENST00000303795.9	NMD+/PTC+	943	FALSE	943	152	FALSE	5.33918851858832	chr2	val	0.9174203
ENSG00000169621.12.novel4	ENSG00000169621.12	ENST00000303795.9	Control	595	TRUE	595	374	TRUE	-0.0437968507821569	chr2	val	0.034706052
ENSG00000169733.13.novel1	ENSG00000169733.13	ENST00000310496.9	NMD+/PTC+	930	FALSE	930	330	FALSE	2.10839329723883	chr17	train	0.9238898
ENSG00000169733.13.novel9	ENSG00000169733.13	ENST00000310496.9	Control	1767	TRUE	1767	2255	TRUE	0.120046391446792	chr17	train	0.753039
ENSG00000169762.18.novel13	ENSG00000169762.18	ENST00000503858.1	Control	1895	TRUE	1895	3033	TRUE	0.0359559377356027	chr4	val	0.096215755
ENSG00000169902.16.novel8	ENSG00000169902.16	ENST00000304842.6	NMD+/PTC+	1214	FALSE	1214	118	FALSE	1.6086149855159	chr7	test	0.94793975
ENSG00000169972.14.novel1	ENSG00000169972.14	ENST00000379031.10	Control	1705	TRUE	1705	353	TRUE	0.0997252073653542	chr1	test	0.2655025
ENSG00000169972.14.novel4	ENSG00000169972.14	ENST00000379031.10	NMD+/PTC+	404	FALSE	404	654	FALSE	1.30947855903952	chr1	test	0.6584393
ENSG00000170242.20.novel4	ENSG00000170242.20	ENST00000339865.9	NMD+/PTC+	1735	FALSE	1735	149	FALSE	3.36898226777484	chr11	train	0.9895466
ENSG00000170412.19.novel2	ENSG00000170412.19	ENST00000392627.7	Control	2531	FALSE	2531	93	TRUE	-0.0338288132339266	chr17	train	0.68866676
ENSG00000170477.13.novel1	ENSG00000170477.13	ENST00000551956.2	Control	3240	TRUE	3240	708	TRUE	-0.0193374850662794	chr12	train	0.8819875
ENSG00000170477.13.novel5	ENSG00000170477.13	ENST00000551956.2	NMD+/PTC+	785	FALSE	785	61	FALSE	3.85484134781173	chr12	train	0.90340513
ENSG00000170537.14.novel1	ENSG00000170537.14	ENST00000304381.10	NMD+/PTC+	1239	FALSE	1239	174	FALSE	5.39232231255558	chr16	train	0.9865311
ENSG00000170542.8.novel1	ENSG00000170542.8	ENST00000380698.5	NMD+/PTC+	575	FALSE	575	144	FALSE	3.41167193800869	chr6	train	0.8708602
ENSG00000170542.8.novel45	ENSG00000170542.8	ENST00000380698.5	Control	1145	TRUE	1145	1210	TRUE	-0.0790793525274007	chr6	train	0.034861982
ENSG00000170581.16.novel3	ENSG00000170581.16	ENST00000314128.9	NMD+/PTC+	1343	FALSE	1343	336	FALSE	2.56959114620503	chr12	train	0.87786645
ENSG00000170949.19.novel2	ENSG00000170949.19	ENST00000429604.5	NMD+/PTC+	629	FALSE	629	127	FALSE	1.97200574314121	chr19	train	0.55781525
ENSG00000171055.16.novel7	ENSG00000171055.16	ENST00000405912.8	Control	1092	TRUE	1092	3506	TRUE	0.0387091677995399	chr2	val	0.07889237
ENSG00000171100.17.novel2	ENSG00000171100.17	ENST00000687365.1	NMD+/PTC+	258	FALSE	258	111	FALSE	2.86261847411962	chrX	train	0.8697575
ENSG00000171103.12.novel1	ENSG00000171103.12	ENST00000306108.10	Control	1821	TRUE	1821	2115	TRUE	-0.0900031673531982	chr2	val	0.24153887
ENSG00000171103.12.novel3	ENSG00000171103.12	ENST00000306108.10	NMD+/PTC+	784	FALSE	784	191	FALSE	1.65942127515047	chr2	val	0.89838374
ENSG00000171307.20.novel2	ENSG00000171307.20	ENST00000352634.8	NMD+/PTC+	1496	FALSE	1496	86	FALSE	4.13979805451118	chr10	train	0.9374125
ENSG00000171401.16.novel1	ENSG00000171401.16	ENST00000246635.8	NMD+/PTC+	490	FALSE	490	180	FALSE	4.41232597386385	chr17	train	0.7901031
ENSG00000171401.16.novel12	ENSG00000171401.16	ENST00000246635.8	Control	3061	TRUE	3061	389	TRUE	-0.049324116733301			
ENSG00000171462.16.novel2	ENSG00000171462.16	ENST00000357338.3	Control	1344	TRUE	1344	934	TRUE	0.0917391691744212	chr6	train	0.027426673
ENSG00000171462.16.novel3	ENSG00000171462.16	ENST00000357338.3	NMD+/PTC+	335	FALSE	335	170	FALSE	1.45696711759884			
ENSG00000171475.15.novel1	ENSG00000171475.15	ENST00000585043.5	Control	1470	TRUE	1470	3950	TRUE	0.056213041831737	chr17	train	0.7552688
ENSG00000171606.19.novel2	ENSG00000171606.19	ENST00000617501.5	NMD+/PTC+	1329	FALSE	1329	222	FALSE	2.80796292434042	chr19	train	0.9630443
ENSG00000171606.19.novel72	ENSG00000171606.19	ENST00000617501.5	Control	2281	TRUE	2281	5819	TRUE	-0.0350910082095942	chr19	train	0.72842765
ENSG00000171861.12.novel1	ENSG00000171861.12	ENST00000574916.1	Control	1307	TRUE	1307	774	TRUE	0.00693218375486404			
ENSG00000171903.18.novel1	ENSG00000171903.18	ENST00000402119.9	NMD+/PTC+	1018	FALSE	1018	271	FALSE	4.05811396694823	chr19	train	0.91792095
ENSG00000172062.18.novel1	ENSG00000172062.18	ENST00000506163.5	Control	946	TRUE	946	257	TRUE	0.0197376738548265			
ENSG00000172062.18.novel3	ENSG00000172062.18	ENST00000506163.5	NMD+/PTC+	931	FALSE	931	109	FALSE	2.76642684508288	chr5	test	0.94944966
ENSG00000172216.7.novel1	ENSG00000172216.7	ENST00000718336.1	NMD+/PTC+	1458	FALSE	1458	1598	FALSE	1.44789751859432	chr20	train	0.13911116
ENSG00000172216.7.novel2	ENSG00000172216.7	ENST00000718336.1	Control	1162	TRUE	1162	1219	TRUE	0.0604435898633121	chr20	train	0.1568228
ENSG00000172243.19.novel1	ENSG00000172243.19	ENST00000353231.9	Control	592	FALSE	592	87	TRUE	0.055939228329999	chr12	train	0.1242913
ENSG00000172243.19.novel3	ENSG00000172243.19	ENST00000353231.9	NMD+/PTC+	608	FALSE	608	87	FALSE	2.09099019518677	chr12	train	0.52895105
ENSG00000172331.13.novel14	ENSG00000172331.13	ENST00000344924.8	Control	2321	TRUE	2321	1513	TRUE	0.0665431249064824	chr7	test	0.13997512
ENSG00000172375.15.novel1	ENSG00000172375.15	ENST00000648610.2	NMD+/PTC+	2344	FALSE	2344	76	FALSE	2.0261965173101	chr11	train	0.94841933
ENSG00000172530.23.novel2	ENSG00000172530.23	ENST00000854734.1	NMD+/PTC+	593	FALSE	593	82	FALSE	3.6850370891745	chr16	train	0.98942846
ENSG00000172594.14.novel4	ENSG00000172594.14	ENST00000368440.5	NMD+/PTC+	1055	FALSE	1055	170	FALSE	2.07964263488435	chr6	train	0.96871847
ENSG00000172939.10.novel1	ENSG00000172939.10	ENST00000311806.8	NMD+/PTC+	1132	FALSE	1132	137	FALSE	6.2475696103266	chr3	test	0.994494
ENSG00000172939.10.novel4	ENSG00000172939.10	ENST00000311806.8	Control	1711	TRUE	1711	794	TRUE	-0.0227670127709679	chr3	test	0.039389018
ENSG00000172977.14.novel5	ENSG00000172977.14	ENST00000377046.7	NMD+/PTC+	1455	FALSE	1455	186	FALSE	3.67977120708585	chr11	train	0.9054963
ENSG00000172992.14.novel5	ENSG00000172992.14	ENST00000692009.1	Control	2250	TRUE	2250	1387	TRUE	0.383193616561547			
ENSG00000173145.12.novel15	ENSG00000173145.12	ENST00000371361.3	Control	911	TRUE	911	1802	TRUE	-0.0233233604470944	chr10	train	0.028566852
ENSG00000173145.12.novel2	ENSG00000173145.12	ENST00000371361.3	NMD+/PTC+	415	FALSE	415	123	FALSE	5.01095709403471	chr10	train	0.9777591
ENSG00000173156.8.novel41	ENSG00000173156.8	ENST00000308831.7	NMD+/PTC+	1464	FALSE	1464	260	FALSE	2.59216755861395	chr11	train	0.7245905
ENSG00000173272.17.novel3	ENSG00000173272.17	ENST00000309451.7	NMD+/PTC+	1022	FALSE	1022	237	FALSE	3.35531552046446	chr2	val	0.80466896
ENSG00000173540.15.novel72	ENSG00000173540.15	ENST00000308388.7	NMD+/PTC+	1333	FALSE	1333	394	FALSE	2.16973049314204	chr3	test	0.6209504
ENSG00000173540.15.novel73	ENSG00000173540.15	ENST00000308388.7	Control	5254	TRUE	5254	5045	TRUE	0.143292174675336			
ENSG00000173889.17.novel2	ENSG00000173889.17	ENST00000491258.1	Control	1041	TRUE	1041	1359	TRUE	0.0677610116562349	chr3	test	0.062868424
ENSG00000173889.17.novel5	ENSG00000173889.17	ENST00000491258.1	NMD+/PTC+	2682	FALSE	2682	207	FALSE	1.62291352746259	chr3	test	0.8907326
ENSG00000173926.7.novel1	ENSG00000173926.7	ENST00000308660.6	Control	1223	TRUE	1223	1339	TRUE	0.0597006094374188	chr5	test	0.2677882
ENSG00000173926.7.novel30	ENSG00000173926.7	ENST00000308660.6	NMD+/PTC-	1368	TRUE	1368	1209	TRUE	3.48349434413443	chr5	test	0.15366955
ENSG00000173933.22.novel5	ENSG00000173933.22	ENST00000398692.8	NMD+/PTC-	921	TRUE	921	534	TRUE	4.62126007900738	chr11	train	0.9519933
ENSG00000174177.14.novel3	ENSG00000174177.14	ENST00000453996.7	NMD+/PTC+	1278	FALSE	1278	104	FALSE	3.2386348053456	chr16	train	0.97592556
ENSG00000174227.17.novel4	ENSG00000174227.17	ENST00000453061.7	NMD+/PTC+	2479	FALSE	2479	164	FALSE	2.09435894270592	chr4	val	0.14735724
ENSG00000174428.20.novel1	ENSG00000174428.20	ENST00000620662.1	NMD+/PTC-	1007	FALSE	1007	55	TRUE	1.39300182143619	chr7	test	0.34300992
ENSG00000174428.20.novel5	ENSG00000174428.20	ENST00000620662.1	Control	3196	TRUE	3196	2129	TRUE	0.104345189454716	chr7	test	0.5455453
ENSG00000174442.13.novel1	ENSG00000174442.13	ENST00000307897.10	NMD+/PTC+	2016	FALSE	2016	115	FALSE	2.68712775128057	chr15	train	0.94676185
ENSG00000174483.21.novel2	ENSG00000174483.21	ENST00000318312.12	Control	845	TRUE	845	587	TRUE	0.0519554665047812	chr11	train	0.041348293
ENSG00000174483.21.novel6	ENSG00000174483.21	ENST00000318312.12	NMD+/PTC+	300	FALSE	300	273	FALSE	1.69886653749828	chr11	train	0.837888
ENSG00000174842.18.novel1	ENSG00000174842.18	ENST00000370360.8	NMD+/PTC+	424	FALSE	424	133	FALSE	3.3712161621687	chr1	test	0.98704785
ENSG00000174842.18.novel2	ENSG00000174842.18	ENST00000370360.8	Control	1866	TRUE	1866	913	TRUE	-0.0302690160403271	chr1	test	0.042177096
ENSG00000174915.13.novel1	ENSG00000174915.13	ENST00000308020.6	Control	1683	FALSE	1683	223	FALSE	0.0162111380668305	chr11	train	0.34665772
ENSG00000174915.13.novel2	ENSG00000174915.13	ENST00000308020.6	NMD+/PTC+	607	FALSE	607	135	FALSE	4.3955780296712	chr11	train	0.9899697
ENSG00000174943.12.novel3	ENSG00000174943.12	ENST00000568000.6	NMD+/PTC+	769	FALSE	769	80	FALSE	1.8886295736628	chr16	train	0.9170908
ENSG00000174989.15.novel3	ENSG00000174989.15	ENST00000455858.2	NMD+/PTC+	584	FALSE	584	158	FALSE	4.39643449193938	chr12	train	0.9789104
ENSG00000175137.12.novel2	ENSG00000175137.12	ENST00000366472.6	NMD+/PTC+	1923	FALSE	1923	257	FALSE	2.99433361624115	chr1	test	0.83395845
ENSG00000175215.11.novel1	ENSG00000175215.11	ENST00000398073.7	Control	1362	TRUE	1362	3806	TRUE	-0.0348585293830909	chr12	train	0.06025616
ENSG00000175215.11.novel3	ENSG00000175215.11	ENST00000398073.7	NMD+/PTC+	925	FALSE	925	102	FALSE	2.66727256827792	chr12	train	0.90697604
ENSG00000175221.17.novel1	ENSG00000175221.17	ENST00000395808.7	NMD+/PTC+	1255	FALSE	1255	212	FALSE	2.32054898083271	chr19	train	0.9150728
ENSG00000175287.20.novel10	ENSG00000175287.20	ENST00000875832.1	NMD+/PTC+	516	FALSE	516	188	FALSE	2.15175178461584	chr9	train	0.9665118
ENSG00000175287.20.novel22	ENSG00000175287.20	ENST00000875832.1	Control	682	TRUE	682	376	TRUE	-0.0674273189232334			
ENSG00000175782.12.novel2	ENSG00000175782.12	ENST00000398004.4	Control	1246	TRUE	1246	1822	TRUE	-0.0103193847620048	chr12	train	0.023611913
ENSG00000176142.14.novel1	ENSG00000176142.14	ENST00000319172.10	Control	1884	TRUE	1884	2715	TRUE	-0.0498403681358968	chr3	test	0.03202672
ENSG00000176142.14.novel2	ENSG00000176142.14	ENST00000319172.10	NMD+/PTC+	1606	FALSE	1606	181	FALSE	4.99535311910767	chr3	test	0.8487468
ENSG00000176148.17.novel4	ENSG00000176148.17	ENST00000334274.9	NMD+/PTC+	1395	FALSE	1395	182	FALSE	2.86895249548002	chr11	train	0.8875137
ENSG00000176390.13.novel2	ENSG00000176390.13	ENST00000324238.7	Control	1040	TRUE	1040	1458	TRUE	-0.0530133956188208	chr17	train	0.026498217
ENSG00000176390.13.novel3	ENSG00000176390.13	ENST00000324238.7	NMD+/PTC+	1024	FALSE	1024	113	FALSE	2.29058950777809	chr17	train	0.76295525
ENSG00000176531.13.novel5	ENSG00000176531.13	ENST00000934851.1	NMD+/PTC+	1894	FALSE	1894	91	FALSE	2.86055199708964	chr19	train	0.9601695
ENSG00000176783.16.novel1	ENSG00000176783.16	ENST00000393438.6	NMD+/PTC+	1614	FALSE	1614	102	FALSE	4.77500775760673	chr5	test	0.9925208
ENSG00000176783.16.novel4	ENSG00000176783.16	ENST00000393438.6	Control	2645	TRUE	2645	651	TRUE	-0.0477642634586986	chr5	test	0.06297794
ENSG00000176853.17.novel2	ENSG00000176853.17	ENST00000334705.12	NMD+/PTC+	1584	FALSE	1584	47	FALSE	3.65134523991221	chr8	train	0.99298227
ENSG00000176953.14.novel1	ENSG00000176953.14	ENST00000320805.9	Control	1454	TRUE	1454	3396	TRUE	-0.0408731822414805	chr16	train	0.07828979
ENSG00000176953.14.novel2	ENSG00000176953.14	ENST00000320805.9	NMD+/PTC+	892	FALSE	892	145	FALSE	3.31610285072328	chr16	train	0.98152405
ENSG00000177054.15.novel2	ENSG00000177054.15	ENST00000446113.7	NMD+/PTC+	1684	FALSE	1684	158	FALSE	4.39271665554651	chr11	train	0.9508048
ENSG00000177106.18.novel1	ENSG00000177106.18	ENST00000318562.13	Control	2666	TRUE	2666	827	TRUE	-0.0993613526555937	chr11	train	0.043813016
ENSG00000177106.18.novel6	ENSG00000177106.18	ENST00000318562.13	NMD+/PTC+	1281	FALSE	1281	149	FALSE	3.42760601482859	chr11	train	0.9807802
ENSG00000177302.17.novel2	ENSG00000177302.17	ENST00000580095.5	NMD+/PTC+	2329	FALSE	2329	186	FALSE	3.99073170126432	chr17	train	0.96645457
ENSG00000177427.14.novel1	ENSG00000177427.14	ENST00000323019.9	NMD+/PTC+	556	FALSE	556	91	FALSE	2.92253423578519	chr17	train	0.81344485
ENSG00000177548.14.novel1	ENSG00000177548.14	ENST00000358201.9	NMD+/PTC+	625	FALSE	625	1319	FALSE	0.694974389849246	chr16	train	0.7124767
ENSG00000177663.16.novel1	ENSG00000177663.16	ENST00000319363.11	NMD+/PTC+	969	FALSE	969	307	FALSE	3.30530298163775	chr22	train	0.8630827
ENSG00000177731.17.novel2	ENSG00000177731.17	ENST00000327031.9	NMD+/PTC+	4000	FALSE	4000	106	FALSE	4.20687064556518	chr17	train	0.9583099
ENSG00000177989.15.novel1	ENSG00000177989.15	ENST00000329363.9	Control	1156	TRUE	1156	438	TRUE	-0.0290740836198639			
ENSG00000177989.15.novel7	ENSG00000177989.15	ENST00000329363.9	NMD+/PTC+	809	FALSE	809	583	FALSE	2.99823362439846	chr22	train	0.30325246
ENSG00000178026.14.novel3	ENSG00000178026.14	ENST00000318753.13	Control	743	FALSE	743	715	FALSE	0.209946071572628	chr22	train	0.79411346
ENSG00000178149.18.novel8	ENSG00000178149.18	ENST00000341949.9	NMD+/PTC+	1363	FALSE	1363	83	FALSE	2.05870833729222	chr3	test	0.98371005
ENSG00000178177.18.novel1	ENSG00000178177.18	ENST00000326877.8	NMD+/PTC+	1409	FALSE	1409	252	FALSE	2.31255348404544	chr4	val	0.8959102
ENSG00000178694.10.novel1	ENSG00000178694.10	ENST00000314622.9	NMD+/PTC+	601	FALSE	601	155	FALSE	2.4333771511059	chr3	test	0.66099113
ENSG00000178694.10.novel2	ENSG00000178694.10	ENST00000314622.9	Control	1555	TRUE	1555	2292	TRUE	-0.000511105535434285	chr3	test	0.7125815
ENSG00000178971.18.novel1	ENSG00000178971.18	ENST00000651323.1	NMD+/PTC+	3495	FALSE	3495	166	FALSE	3.67859718068759	chr17	train	0.9298264
ENSG00000178999.14.novel1	ENSG00000178999.14	ENST00000585124.6	NMD+/PTC+	768	FALSE	768	139	FALSE	4.47846832304021	chr17	train	0.9027711
ENSG00000178999.14.novel4	ENSG00000178999.14	ENST00000585124.6	Control	1073	TRUE	1073	312	TRUE	-0.0297532247281808	chr17	train	0.028807163
ENSG00000179262.11.novel1	ENSG00000179262.11	ENST00000586534.6	NMD+/PTC+	613	FALSE	613	39	FALSE	3.72655674540964	chr19	train	0.95096785
ENSG00000179335.21.novel1	ENSG00000179335.21	ENST00000395066.9	NMD+/PTC+	1514	FALSE	1514	117	FALSE	4.46531337399008	chr15	train	0.91746336
ENSG00000179335.21.novel8	ENSG00000179335.21	ENST00000395066.9	Control	3913	TRUE	3913	496	TRUE	0.0401405581084941	chr15	train	0.65904987
ENSG00000179344.18.novel7	ENSG00000179344.18	ENST00000434651.7	NMD+/PTC+	514	FALSE	514	251	FALSE	2.07890394297493	chr6	train	0.90420604
ENSG00000179593.17.novel5	ENSG00000179593.17	ENST00000380183.9	Control	1292	TRUE	1292	2201	TRUE	-0.0480790442550479	chr17	train	0.15192623
ENSG00000179593.17.novel8	ENSG00000179593.17	ENST00000380183.9	NMD+/PTC+	1619	FALSE	1619	171	FALSE	1.67423726910038	chr17	train	0.59425336
ENSG00000179630.12.novel5	ENSG00000179630.12	ENST00000325686.7	NMD+/PTC+	773	FALSE	773	179	FALSE	3.25306175282624	chr13	train	0.87887925
ENSG00000181031.17.novel2	ENSG00000181031.17	ENST00000572965.1	Control	1464	TRUE	1464	2853	TRUE	-0.0317294210634183	chr17	train	0.08927199
ENSG00000181031.17.novel4	ENSG00000181031.17	ENST00000572965.1	NMD+/PTC-	1351	TRUE	1351	2853	TRUE	1.08549751499138			
ENSG00000181481.15.novel1	ENSG00000181481.15	ENST00000324689.8	NMD+/PTC+	1488	FALSE	1488	206	FALSE	2.40389474415713	chr17	train	0.5367063
ENSG00000181513.16.novel1	ENSG00000181513.16	ENST00000586346.5	Control	1524	TRUE	1524	739	TRUE	-0.0117813813107814	chr17	train	0.052348543
ENSG00000181513.16.novel2	ENSG00000181513.16	ENST00000586346.5	NMD+/PTC+	561	FALSE	561	277	FALSE	2.0606700042995	chr17	train	0.92767674
ENSG00000181523.14.novel2	ENSG00000181523.14	ENST00000326317.11	Control	1190	TRUE	1190	1758	TRUE	-0.0252026922830362	chr17	train	0.043545127
ENSG00000182087.15.novel1	ENSG00000182087.15	ENST00000356663.8	Control	2074	TRUE	2074	1280	TRUE	-0.00624968497873998	chr19	train	0.04250684
ENSG00000182087.15.novel4	ENSG00000182087.15	ENST00000356663.8	NMD+/PTC+	1357	FALSE	1357	219	FALSE	4.55813348272348	chr19	train	0.92771643
ENSG00000182196.15.novel3	ENSG00000182196.15	ENST00000853819.1	NMD+/PTC+	984	FALSE	984	224	FALSE	3.56746852097358	chr12	train	0.8980033
ENSG00000182325.12.novel1	ENSG00000182325.12	ENST00000331890.6	NMD+/PTC+	884	FALSE	884	1286	FALSE	3.34593403399854	chr8	train	0.64621866
ENSG00000182858.15.novel1	ENSG00000182858.15	ENST00000330817.11	NMD+/PTC+	1343	FALSE	1343	76	FALSE	1.98156334766221	chr22	train	0.8011413
ENSG00000182858.15.novel2	ENSG00000182858.15	ENST00000330817.11	Control	1533	TRUE	1533	4544	TRUE	0.0618566524187527	chr22	train	0.084740825
ENSG00000182872.17.novel1	ENSG00000182872.17	ENST00000864485.1	NMD+/PTC+	1647	FALSE	1647	87	FALSE	3.54372740005112	chrX	train	0.9621931
ENSG00000183386.12.novel1	ENSG00000183386.12	ENST00000485803.5	NMD+/PTC+	706	FALSE	706	187	FALSE	3.06290995481676	chr1	test	0.7287903
ENSG00000183474.17.novel2	ENSG00000183474.17	ENST00000877333.1	NMD+/PTC+	288	FALSE	288	87	FALSE	2.30844956960067	chr5	test	0.91857845
ENSG00000183486.15.novel11	ENSG00000183486.15	ENST00000330714.8	Control	2839	TRUE	2839	2245	TRUE	0.00546237680912482	chr21	train	0.25820965
ENSG00000183486.15.novel2	ENSG00000183486.15	ENST00000330714.8	NMD+/PTC+	938	FALSE	938	199	FALSE	1.76121274589539	chr21	train	0.9480996
ENSG00000183569.19.novel1	ENSG00000183569.19	ENST00000876813.1	NMD+/PTC+	867	FALSE	867	83	FALSE	3.51886450039123	chr22	train	0.9483703
ENSG00000183576.14.novel1	ENSG00000183576.14	ENST00000331768.10	NMD+/PTC+	599	FALSE	599	73	FALSE	1.94882127213152	chr14	train	0.95868284
ENSG00000183735.12.novel44	ENSG00000183735.12	ENST00000331710.10	Control	2435	TRUE	2435	299	TRUE	-0.0908219389143903	chr12	train	0.07430764
ENSG00000183763.10.novel1	ENSG00000183763.10	ENST00000331456.7	NMD+/PTC+	442	FALSE	442	217	FALSE	3.35740956879006	chr3	test	0.9797593
ENSG00000183763.10.novel2	ENSG00000183763.10	ENST00000331456.7	Control	1445	TRUE	1445	913	TRUE	-0.07738641641121	chr3	test	0.06420804
ENSG00000183963.20.novel1	ENSG00000183963.20	ENST00000333137.12	NMD+/PTC+	903	FALSE	903	153	FALSE	4.9712120878286	chr22	train	0.973644
ENSG00000184164.16.novel1	ENSG00000184164.16	ENST00000328268.9	NMD+/PTC+	593	FALSE	593	257	FALSE	5.29390194017921	chr22	train	0.97519106
ENSG00000184205.15.novel1	ENSG00000184205.15	ENST00000375442.8	NMD+/PTC+	1522	FALSE	1522	91	FALSE	4.9459001410351	chrX	train	0.9643325
ENSG00000184205.15.novel3	ENSG00000184205.15	ENST00000375442.8	Control	1751	TRUE	1751	771	TRUE	-0.0402397109078203	chrX	train	0.017656038
ENSG00000184402.15.novel1	ENSG00000184402.15	ENST00000331758.8	NMD+/PTC+	1503	FALSE	1503	175	FALSE	3.37012951160513	chr20	train	0.1769411
ENSG00000184402.15.novel5	ENSG00000184402.15	ENST00000331758.8	Control	1695	TRUE	1695	3333	TRUE	0.00906633205624223	chr20	train	0.97182965
ENSG00000184497.14.novel1	ENSG00000184497.14	ENST00000375353.5	NMD+/PTC+	637	FALSE	637	248	FALSE	2.27068111356549	chr13	train	0.94666
ENSG00000184584.15.novel1	ENSG00000184584.15	ENST00000652110.1	Control	1387	TRUE	1387	932	TRUE	-0.0167767203297865	chr5	test	0.18873382
ENSG00000184743.14.novel1	ENSG00000184743.14	ENST00000398868.8	Control	1986	TRUE	1986	5322	TRUE	-0.0324102385311689	chr11	train	0.045143023
ENSG00000184743.14.novel2	ENSG00000184743.14	ENST00000398868.8	NMD+/PTC+	1131	FALSE	1131	93	FALSE	3.63743600276846	chr11	train	0.9703748
ENSG00000184887.15.novel3	ENSG00000184887.15	ENST00000536364.6	NMD+/PTC-	650	FALSE	650	322	TRUE	1.41164379607995	chr14	train	0.7465012
ENSG00000184979.13.novel1	ENSG00000184979.13	ENST00000715585.1	Control	1567	TRUE	1567	1342	TRUE	-0.053740967161389	chr22	train	0.2132125
ENSG00000184979.13.novel4	ENSG00000184979.13	ENST00000715585.1	NMD+/PTC+	1067	FALSE	1067	147	FALSE	2.81816020710283	chr22	train	0.97871107
ENSG00000185000.13.novel1	ENSG00000185000.13	ENST00000528718.6	Control	1281	TRUE	1281	2126	TRUE	-0.00402887143980262	chr8	train	0.8951017
ENSG00000185000.13.novel11	ENSG00000185000.13	ENST00000528718.6	NMD+/PTC+	1267	FALSE	1267	104	FALSE	3.14188696693555	chr8	train	0.9563437
ENSG00000185009.14.novel1	ENSG00000185009.14	ENST00000372745.1	NMD+/PTC+	1541	FALSE	1541	145	FALSE	3.60566831941815	chr10	train	0.6386872
ENSG00000185163.11.novel1	ENSG00000185163.11	ENST00000397333.4	NMD+/PTC+	1345	FALSE	1345	318	FALSE	3.81882857212683	chr12	train	0.99357516
ENSG00000185163.11.novel6	ENSG00000185163.11	ENST00000397333.4	Control	2105	TRUE	2105	2705	TRUE	-0.0245285871761003	chr12	train	0.9740492
ENSG00000185324.23.novel1	ENSG00000185324.23	ENST00000353379.12	Control	2010	TRUE	2010	780	TRUE	-0.0433908190183015	chr16	train	0.88386
ENSG00000185324.23.novel2	ENSG00000185324.23	ENST00000353379.12	NMD+/PTC+	132	FALSE	132	73	FALSE	2.2134355703131	chr16	train	0.9221779
ENSG00000185347.20.novel4	ENSG00000185347.20	ENST00000392522.8	NMD+/PTC+	482	FALSE	482	162	FALSE	3.4238211745273	chr14	train	0.9506571
ENSG00000185386.16.novel1	ENSG00000185386.16	ENST00000330651.11	NMD+/PTC+	710	FALSE	710	160	FALSE	1.5042869013436	chr22	train	0.9923786
ENSG00000185386.16.novel2	ENSG00000185386.16	ENST00000330651.11	Control	1273	TRUE	1273	1319	TRUE	-0.0755852034097029			
ENSG00000185404.18.novel2	ENSG00000185404.18	ENST00000243810.10	NMD+/PTC+	1671	FALSE	1671	80	FALSE	3.84435585817258	chr2	val	0.9204856
ENSG00000185418.17.novel1	ENSG00000185418.17	ENST00000335968.8	NMD+/PTC+	1519	FALSE	1519	105	FALSE	3.45061451456486	chr15	train	0.99375474
ENSG00000185418.17.novel2	ENSG00000185418.17	ENST00000335968.8	Control	685	TRUE	685	4467	TRUE	-0.0158495588602108	chr15	train	0.22328323
ENSG00000185480.13.novel42	ENSG00000185480.13	ENST00000327680.7	Control	1410	TRUE	1410	2876	TRUE	-0.0300624961213993	chr12	train	0.08973317
ENSG00000185480.13.novel53	ENSG00000185480.13	ENST00000327680.7	NMD+/PTC+	942	FALSE	942	136	FALSE	2.25202898298418	chr12	train	0.8039016
ENSG00000185507.22.novel2	ENSG00000185507.22	ENST00000525445.6	NMD+/PTC+	902	FALSE	902	87	FALSE	3.96116488173617	chr11	train	0.8395091
ENSG00000185753.14.novel21	ENSG00000185753.14	ENST00000327877.10	NMD+/PTC+	4151	FALSE	4151	4259	FALSE	2.39997301333179	chrX	train	0.6615567
ENSG00000186010.20.novel2	ENSG00000186010.20	ENST00000507754.9	Control	1770	FALSE	1770	3055	FALSE	0.228065470469865	chr19	train	0.21392345
ENSG00000186073.15.novel1	ENSG00000186073.15	ENST00000437989.6	Control	894	FALSE	894	139	TRUE	0.0709729903205491	chr15	train	0.11004452
ENSG00000186088.17.novel2	ENSG00000186088.17	ENST00000257626.12	Control	818	TRUE	818	1428	TRUE	-0.00906765064669432	chr7	test	0.06518706
ENSG00000186088.17.novel7	ENSG00000186088.17	ENST00000257626.12	NMD+/PTC+	518	FALSE	518	70	FALSE	2.02694082680597	chr7	test	0.9750897
ENSG00000186204.16.novel1	ENSG00000186204.16	ENST00000550308.6	Control	1397	TRUE	1397	2367	TRUE	-0.0587958262467715	chr19	train	0.18891728
ENSG00000186204.16.novel2	ENSG00000186204.16	ENST00000550308.6	NMD+/PTC+	405	FALSE	405	54	FALSE	5.62895126266509	chr19	train	0.96631795
ENSG00000186314.13.novel4	ENSG00000186314.13	ENST00000394450.6	NMD+/PTC+	677	FALSE	677	361	FALSE	2.54416703983794	chr5	test	0.89332503
ENSG00000186314.13.novel5	ENSG00000186314.13	ENST00000394450.6	Control	679	TRUE	679	4235	TRUE	-0.0719652175063881	chr5	test	0.11262984
ENSG00000186364.13.novel13	ENSG00000186364.13	ENST00000334513.6	NMD+/PTC+	2100	FALSE	2100	258	FALSE	1.78436523221898	chr1	test	0.9515483
ENSG00000186364.13.novel3	ENSG00000186364.13	ENST00000334513.6	Control	1175	TRUE	1175	578	TRUE	0.194834029025747	chr1	test	0.96026224
ENSG00000186448.16.novel1	ENSG00000186448.16	ENST00000344387.9	NMD+/PTC+	741	FALSE	741	133	FALSE	3.42406382754773	chr3	test	0.9158973
ENSG00000186522.16.novel2	ENSG00000186522.16	ENST00000397712.7	NMD+/PTC+	794	FALSE	794	162	FALSE	5.25085227763197	chr2	val	0.96547616
ENSG00000186567.15.novel1	ENSG00000186567.15	ENST00000358777.10	Control	1273	TRUE	1273	935	TRUE	-0.0306271396082498	chr19	train	0.09818578
ENSG00000186567.15.novel3	ENSG00000186567.15	ENST00000358777.10	NMD+/PTC+	816	FALSE	816	134	FALSE	3.47195522190561	chr19	train	0.7500768
ENSG00000186812.14.novel1	ENSG00000186812.14	ENST00000330501.12	NMD+/PTC+	800	FALSE	800	323	FALSE	1.31704362169196			
ENSG00000186832.9.novel2	ENSG00000186832.9	ENST00000301653.9	NMD+/PTC+	1479	FALSE	1479	377	FALSE	5.44418967814578	chr17	train	0.92615956
ENSG00000186832.9.novel3	ENSG00000186832.9	ENST00000301653.9	Control	1937	TRUE	1937	252	TRUE	-0.0500752105241092	chr17	train	0.88500243
ENSG00000186866.18.novel6	ENSG00000186866.18	ENST00000898195.1	Control	1358	TRUE	1358	1713	TRUE	-0.0713177432134871	chr21	train	0.046353433
ENSG00000186908.16.novel1	ENSG00000186908.16	ENST00000426126.7	Control	1593	TRUE	1593	1569	TRUE	-0.0775808577563658	chr12	train	0.035272013
ENSG00000186908.16.novel3	ENSG00000186908.16	ENST00000426126.7	NMD+/PTC+	868	FALSE	868	122	FALSE	3.17926511813505	chr12	train	0.9904614
ENSG00000187097.14.novel3	ENSG00000187097.14	ENST00000334696.11	NMD+/PTC+	1033	FALSE	1033	102	FALSE	2.65936626039064	chr14	train	0.9814817
ENSG00000187118.15.novel1	ENSG00000187118.15	ENST00000466830.6	NMD+/PTC+	415	FALSE	415	91	FALSE	3.29263661031391	chr3	test	0.32756153
ENSG00000187325.6.novel1	ENSG00000187325.6	ENST00000341864.6	Control	854	TRUE	854	3454	TRUE	-0.00722475887210361	chrX	train	0.056842145
ENSG00000187630.19.novel2	ENSG00000187630.19	ENST00000397071.5	Control	1029	FALSE	1029	56	TRUE	0.0764922119700269	chr14	train	0.82401145
ENSG00000187630.19.novel3	ENSG00000187630.19	ENST00000397071.5	NMD+/PTC+	2954	FALSE	2954	222	FALSE	3.24688545148457	chr14	train	0.815539
ENSG00000187735.17.novel2	ENSG00000187735.17	ENST00000521604.7	NMD+/PTC+	790	FALSE	790	49	FALSE	3.17941777012308	chr8	train	0.9767858
ENSG00000187961.16.novel1	ENSG00000187961.16	ENST00000338591.8	NMD+/PTC+	251	FALSE	251	122	FALSE	3.60900632088238	chr1	test	0.9351855
ENSG00000187961.16.novel6	ENSG00000187961.16	ENST00000338591.8	Control	1049	FALSE	1049	3947	FALSE	0.0340919806761473	chr1	test	0.16813672
ENSG00000188130.15.novel2	ENSG00000188130.15	ENST00000215659.13	Control	1319	TRUE	1319	1104	TRUE	0.0189953139281437	chr22	train	0.115577355
ENSG00000188343.15.novel3	ENSG00000188343.15	ENST00000522324.5	NMD+/PTC+	1062	FALSE	1062	120	FALSE	2.25496894138254	chr8	train	0.6094107
ENSG00000188343.15.novel4	ENSG00000188343.15	ENST00000522324.5	Control	1366	TRUE	1366	1384	TRUE	-0.0780343979762382	chr8	train	0.5652961
ENSG00000189050.17.novel18	ENSG00000189050.17	ENST00000305783.13	NMD+/PTC+	848	FALSE	848	78	FALSE	1.67121578227397	chr17	train	0.97246313
ENSG00000189050.17.novel20	ENSG00000189050.17	ENST00000305783.13	Control	1288	TRUE	1288	594	TRUE	-0.0328581390231063	chr17	train	0.02131273
ENSG00000189152.12.novel1	ENSG00000189152.12	ENST00000344415.9	Control	722	TRUE	722	1758	TRUE	-0.0305393680641248	chr17	train	0.067567766
ENSG00000196387.11.novel1	ENSG00000196387.11	ENST00000536790.5	NMD+/PTC-	1781	TRUE	1781	2166	TRUE	0.963215610775241	chr12	train	0.82954204
ENSG00000196428.14.novel1	ENSG00000196428.14	ENST00000466814.1	NMD+/PTC+	3128	FALSE	3128	157	FALSE	3.00940752270573	chr3	test	0.9240835
ENSG00000196476.13.novel1	ENSG00000196476.13	ENST00000360321.7	NMD+/PTC+	196	FALSE	196	526	FALSE	4.23970301102275	chr20	train	0.845656
ENSG00000196476.13.novel3	ENSG00000196476.13	ENST00000360321.7	Control	1359	FALSE	1359	912	FALSE	-0.0734406033885638	chr20	train	0.7863217
ENSG00000196505.12.novel3	ENSG00000196505.12	ENST00000369443.10	Control	1298	TRUE	1298	5417	TRUE	0.0786912836319199	chr1	test	0.09655961
ENSG00000196505.12.novel6	ENSG00000196505.12	ENST00000369443.10	NMD+/PTC+	1580	FALSE	1580	107	FALSE	2.53217219766722	chr1	test	0.7583079
ENSG00000196652.13.novel1	ENSG00000196652.13	ENST00000864573.1	NMD+/PTC+	914	FALSE	914	606	FALSE	2.14639524991269	chr7	test	0.89731205
ENSG00000196705.9.novel4	ENSG00000196705.9	ENST00000311048.11	NMD+/PTC+	681	FALSE	681	282	FALSE	2.47584810310962	chr19	train	0.93240756
ENSG00000196792.13.novel1	ENSG00000196792.13	ENST00000355683.9	Control	3169	TRUE	3169	1783	TRUE	-0.0207980067072859	chr14	train	0.13605025
ENSG00000196873.17.novel1	ENSG00000196873.17	ENST00000478048.5	NMD+/PTC+	777	FALSE	777	88	FALSE	4.3146136613657	chr9	train	0.9964563
ENSG00000196911.13.novel4	ENSG00000196911.13	ENST00000356348.6	NMD+/PTC+	971	FALSE	971	81	FALSE	3.79394718222255	chr6	train	0.9914528
ENSG00000196998.20.novel5	ENSG00000196998.20	ENST00000376372.9	NMD+/PTC+	693	FALSE	693	85	FALSE	4.74588709655085	chrX	train	0.8786253
ENSG00000197024.10.novel1	ENSG00000197024.10	ENST00000426851.6	NMD+/PTC-	2265	TRUE	2265	4395	TRUE	3.0151321663826	chr7	test	0.96866703
ENSG00000197024.10.novel11	ENSG00000197024.10	ENST00000426851.6	Control	2252	TRUE	2252	4395	TRUE	0.00548699769385244	chr7	test	0.16732027
ENSG00000197142.12.novel5	ENSG00000197142.12	ENST00000354655.9	NMD+/PTC+	766	FALSE	766	65	FALSE	1.07976400798764	chr10	train	0.92225456
ENSG00000197150.14.novel1	ENSG00000197150.14	ENST00000358849.9	Control	1330	TRUE	1330	317	TRUE	-0.0608706498013099			
ENSG00000197150.14.novel4	ENSG00000197150.14	ENST00000358849.9	NMD+/PTC+	1321	FALSE	1321	137	FALSE	4.33306818919627	chr7	test	0.974614
ENSG00000197355.12.novel1	ENSG00000197355.12	ENST00000409858.8	NMD+/PTC+	423	FALSE	423	176	FALSE	3.68427574366795	chr9	train	0.8957019
ENSG00000197355.12.novel9	ENSG00000197355.12	ENST00000409858.8	Control	1820	TRUE	1820	2342	TRUE	-0.072439955780935	chr9	train	0.08887694
ENSG00000197601.16.novel2	ENSG00000197601.16	ENST00000354817.8	NMD+/PTC+	1264	FALSE	1264	130	FALSE	4.06854421789944	chr11	train	0.9451942
ENSG00000197601.16.novel3	ENSG00000197601.16	ENST00000354817.8	Control	1054	TRUE	1054	2524	TRUE	-0.0555000531048756	chr11	train	0.13974477
ENSG00000197763.20.novel1	ENSG00000197763.20	ENST00000523403.3	Control	2210	TRUE	2210	930	TRUE	0.0299156916149544	chr3	test	0.27259701
ENSG00000197763.20.novel2	ENSG00000197763.20	ENST00000523403.3	NMD+/PTC+	1725	FALSE	1725	132	FALSE	3.67142415353786	chr3	test	0.95277125
ENSG00000197771.14.novel3	ENSG00000197771.14	ENST00000369077.4	NMD+/PTC+	916	FALSE	916	197	FALSE	2.69885904292348	chr10	train	0.98087686
ENSG00000197798.10.novel1	ENSG00000197798.10	ENST00000891478.1	NMD+/PTC+	1135	FALSE	1135	175	FALSE	4.05541260996389	chr11	train	0.9479256
ENSG00000197860.11.novel3	ENSG00000197860.11	ENST00000381007.9	NMD+/PTC+	458	FALSE	458	100	FALSE	4.68670593741008	chr5	test	0.9668414
ENSG00000197872.12.novel3	ENSG00000197872.12	ENST00000381323.7	NMD+/PTC+	605	FALSE	605	78	FALSE	2.75627998305972	chr2	val	0.943261
ENSG00000198001.17.novel1	ENSG00000198001.17	ENST00000613694.5	Control	1458	TRUE	1458	2860	TRUE	0.102923902088393	chr12	train	0.6069331
ENSG00000198001.17.novel5	ENSG00000198001.17	ENST00000613694.5	NMD+/PTC+	700	FALSE	700	65	FALSE	2.7668138006719	chr12	train	0.9710854
ENSG00000198026.9.novel1	ENSG00000198026.9	ENST00000322927.3	Control	2402	TRUE	2402	4597	TRUE	-0.0126745283879864	chr20	train	0.10521014
ENSG00000198060.11.novel1	ENSG00000198060.11	ENST00000358935.3	NMD+/PTC+	1431	FALSE	1431	156	FALSE	4.43355290851284	chr10	train	0.93976665
ENSG00000198060.11.novel2	ENSG00000198060.11	ENST00000358935.3	Control	1129	FALSE	1129	203	FALSE	0.0148395883617856	chr10	train	0.22732769
ENSG00000198185.13.novel1	ENSG00000198185.13	ENST00000347606.8	NMD+/PTC+	365	FALSE	365	147	FALSE	2.74431830253311	chr20	train	0.8904515
ENSG00000198185.13.novel2	ENSG00000198185.13	ENST00000347606.8	Control	2431	TRUE	2431	3672	TRUE	-0.0517530727235352	chr20	train	0.57574624
ENSG00000198203.11.novel1	ENSG00000198203.11	ENST00000251481.11	NMD+/PTC+	819	FALSE	819	127	FALSE	4.33502939862698	chr2	val	0.86558807
ENSG00000198276.17.novel1	ENSG00000198276.17	ENST00000354216.11	NMD+/PTC+	1320	FALSE	1320	123	FALSE	3.09279629728905	chr20	train	0.9470395
ENSG00000198408.15.novel1	ENSG00000198408.15	ENST00000361464.8	NMD+/PTC+	3029	FALSE	3029	105	FALSE	4.09839374616585	chr10	train	0.98192453
ENSG00000198408.15.novel48	ENSG00000198408.15	ENST00000361464.8	Control	1786	TRUE	1786	875	TRUE	0.109595570038072	chr10	train	0.09124249
ENSG00000198612.12.novel1	ENSG00000198612.12	ENST00000354371.7	NMD+/PTC+	958	FALSE	958	108	FALSE	3.58907705891711	chr2	val	0.9449561
ENSG00000198690.11.novel3	ENSG00000198690.11	ENST00000362065.9	NMD+/PTC+	1743	FALSE	1743	234	FALSE	4.22559809931844	chr15	train	0.958718
ENSG00000198814.15.novel9	ENSG00000198814.15	ENST00000378945.7	NMD+/PTC+	410	FALSE	410	77	FALSE	2.09398107225233	chrX	train	0.98401695
ENSG00000198858.11.novel1	ENSG00000198858.11	ENST00000361574.10	NMD+/PTC+	219	FALSE	219	109	FALSE	3.66077902798879	chr19	train	0.8643708
ENSG00000198858.11.novel2	ENSG00000198858.11	ENST00000361574.10	Control	816	TRUE	816	1056	TRUE	-0.00590457199882079	chr19	train	0.041937202
ENSG00000203697.13.novel4	ENSG00000203697.13	ENST00000366873.6	NMD+/PTC+	568	FALSE	568	169	FALSE	1.87054203286225	chr1	test	0.89590687
ENSG00000203791.16.novel1	ENSG00000203791.16	ENST00000368836.7	NMD+/PTC+	792	FALSE	792	124	FALSE	1.40698313717065	chr10	train	0.93437564
ENSG00000203837.5.novel2	ENSG00000203837.5	ENST00000369230.4	Control	1470	TRUE	1470	876	TRUE	0.024012358329131	chr10	train	0.24116857
ENSG00000203837.5.novel7	ENSG00000203837.5	ENST00000369230.4	NMD+/PTC+	258	FALSE	258	120	FALSE	2.35368631033652	chr10	train	0.7466849
ENSG00000204130.15.novel1	ENSG00000204130.15	ENST00000937698.1	NMD+/PTC+	1626	FALSE	1626	163	FALSE	4.69844378327571	chr10	train	0.97952914
ENSG00000204256.16.novel43	ENSG00000204256.16	ENST00000607833.5	Control	3866	TRUE	3866	2307	TRUE	0.0706887140265468	chr6	train	0.12609836
ENSG00000204256.16.novel73	ENSG00000204256.16	ENST00000607833.5	NMD+/PTC+	3986	FALSE	3986	138	FALSE	3.8238699495216	chr6	train	0.94397867
ENSG00000204257.16.novel34	ENSG00000204257.16	ENST00000869592.1	NMD+/PTC+	698	FALSE	698	1193	FALSE	2.14596342705806	chr6	train	0.2482426
ENSG00000204348.11.novel1	ENSG00000204348.11	ENST00000375356.7	NMD+/PTC+	1873	FALSE	1873	147	FALSE	4.87080009556466	chr6	train	0.8726499
ENSG00000204394.14.novel1	ENSG00000204394.14	ENST00000375663.8	Control	4742	TRUE	4742	146	TRUE	-0.00937503589629324	chr6	train	0.059085917
ENSG00000204394.14.novel2	ENSG00000204394.14	ENST00000375663.8	NMD+/PTC+	2103	FALSE	2103	91	FALSE	3.16113119438713	chr6	train	0.98791134
ENSG00000204498.11.novel2	ENSG00000204498.11	ENST00000376146.8	NMD+/PTC+	681	FALSE	681	355	FALSE	2.42492566971128	chr6	train	0.63127935
ENSG00000204576.13.novel8	ENSG00000204576.13	ENST00000376557.3	Control	1113	TRUE	1113	2396	TRUE	0.349703256754268			
ENSG00000204599.17.novel3	ENSG00000204599.17	ENST00000428728.5	Control	1671	TRUE	1671	2045	TRUE	0.0278777046294743	chr6	train	0.22893383
ENSG00000204604.14.novel9	ENSG00000204604.14	ENST00000595646.6	NMD+/PTC+	441	FALSE	441	236	FALSE	2.47782391000235	chr19	train	0.89536744
ENSG00000204634.14.novel1	ENSG00000204634.14	ENST00000376840.8	Control	3228	TRUE	3228	919	TRUE	-0.0110089163376777	chr2	val	0.024623472
ENSG00000204634.14.novel6	ENSG00000204634.14	ENST00000376840.8	NMD+/PTC+	2076	FALSE	2076	118	FALSE	2.68348954583034	chr2	val	0.99387276
ENSG00000204642.15.novel5	ENSG00000204642.15	ENST00000334668.8	NMD+/PTC+	717	FALSE	717	259	FALSE	1.89151856051743	chr6	train	0.92882824
ENSG00000204842.19.novel15	ENSG00000204842.19	ENST00000890891.1	NMD+/PTC+	1517	FALSE	1517	179	FALSE	3.66705732001928	chr12	train	0.9747764
ENSG00000204859.14.novel12	ENSG00000204859.14	ENST00000482360.5	Control	5199	TRUE	5199	365	TRUE	0.0579775726494862	chr1	test	0.36167645
ENSG00000204859.14.novel4	ENSG00000204859.14	ENST00000482360.5	NMD+/PTC-	2143	TRUE	2143	365	TRUE	3.54747181719378	chr1	test	0.9935262
ENSG00000205250.10.novel4	ENSG00000205250.10	ENST00000567007.5	NMD+/PTC-	1501	TRUE	1501	912	TRUE	3.45072208954106	chr16	train	0.92189384
ENSG00000205250.10.novel83	ENSG00000205250.10	ENST00000567007.5	Control	446	FALSE	446	1323	FALSE	-0.0473057572427522			
ENSG00000205571.16.novel3	ENSG00000205571.16	ENST00000380743.9	NMD+/PTC+	944	FALSE	944	109	FALSE	3.21897832991539	chr5	test	0.96282446
ENSG00000213341.12.novel1	ENSG00000213341.12	ENST00000370397.8	Control	2264	FALSE	2264	100	TRUE	-0.0342315112746425	chr10	train	0.17585388
ENSG00000213341.12.novel4	ENSG00000213341.12	ENST00000370397.8	NMD+/PTC+	2337	FALSE	2337	235	FALSE	3.56448870591452	chr10	train	0.80688804
ENSG00000213551.8.novel4	ENSG00000213551.8	ENST00000372950.6	NMD+/PTC+	4051	FALSE	4051	148	FALSE	0.784524309014447	chr10	train	0.865073
ENSG00000213551.8.novel5	ENSG00000213551.8	ENST00000372950.6	Control	2504	TRUE	2504	1566	TRUE	-0.0287622559166321	chr10	train	0.7551429
ENSG00000213699.10.novel6	ENSG00000213699.10	ENST00000414029.1	NMD+/PTC+	397	FALSE	397	172	FALSE	2.49003519406992	chr2	val	0.8961895
ENSG00000214050.9.novel4	ENSG00000214050.9	ENST00000346498.6	Control	927	TRUE	927	2735	TRUE	-0.042515725524404	chr8	train	0.058898386
ENSG00000214050.9.novel6	ENSG00000214050.9	ENST00000346498.6	NMD+/PTC+	1054	FALSE	1054	114	FALSE	0.91442154326176			
ENSG00000214063.13.novel1	ENSG00000214063.13	ENST00000397406.5	NMD+/PTC+	995	FALSE	995	313	FALSE	2.20997535760513	chr11	train	0.9538334
ENSG00000214719.14.novel8	ENSG00000214719.14	ENST00000770062.1	Control	1749	FALSE	1749	665	FALSE	0.152555961777224	chr17	train	0.14362481
ENSG00000221968.10.novel2	ENSG00000221968.10	ENST00000278829.7	Control	1719	TRUE	1719	350	TRUE	0.0683749129804855	chr11	train	0.0661288
ENSG00000221968.10.novel5	ENSG00000221968.10	ENST00000278829.7	NMD+/PTC+	1571	FALSE	1571	177	FALSE	4.7112921217098	chr11	train	0.974916
ENSG00000221978.14.novel1	ENSG00000221978.14	ENST00000408918.8	Control	4006	TRUE	4006	1874	TRUE	0.0873894647742395	chr1	test	0.945497
ENSG00000221978.14.novel2	ENSG00000221978.14	ENST00000408918.8	NMD+/PTC+	1161	FALSE	1161	125	FALSE	3.89085299462719	chr1	test	0.9814404
ENSG00000224945.1.novel3	ENSG00000224945.1	ENST00000429700.2	Control	2605	FALSE	2605	2091	FALSE	0.265819081149429	chr9	train	0.61613
ENSG00000224945.1.novel5	ENSG00000224945.1	ENST00000429700.2	NMD+/PTC-	2852	FALSE	2852	81	TRUE	2.21129822283626	chr9	train	0.39956358
ENSG00000225921.8.novel28	ENSG00000225921.8	ENST00000451315.7	Control	3172	TRUE	3172	1255	TRUE	-0.0490310884009616	chr6	train	0.15484764
ENSG00000225921.8.novel29	ENSG00000225921.8	ENST00000451315.7	NMD+/PTC+	1193	FALSE	1193	1276	FALSE	1.60354629793613	chr6	train	0.95104396
ENSG00000225950.10.novel2	ENSG00000225950.10	ENST00000594938.2	NMD+/PTC-	1085	TRUE	1085	935	TRUE	1.34503439964348			
ENSG00000225950.10.novel4	ENSG00000225950.10	ENST00000594938.2	Control	831	TRUE	831	935	TRUE	-0.0513788595395301	chr19	train	0.035235476
ENSG00000228696.13.novel2	ENSG00000228696.13	ENST00000450673.4	NMD+/PTC+	836	FALSE	836	99	FALSE	1.80658895170865	chr17	train	0.2897115
ENSG00000234465.11.novel14	ENSG00000234465.11	ENST00000562365.2	NMD+/PTC-	1149	TRUE	1149	237	TRUE	2.45976800031875	chr19	train	0.32987297
ENSG00000235173.7.novel1	ENSG00000235173.7	ENST00000347708.5	NMD+/PTC+	1014	FALSE	1014	386	FALSE	3.7561046408307	chr8	train	0.9636554
ENSG00000235173.7.novel17	ENSG00000235173.7	ENST00000347708.5	Control	694	FALSE	694	1573	FALSE	0.0787388631409689	chr8	train	0.12249007
ENSG00000237651.8.novel2	ENSG00000237651.8	ENST00000426997.5	NMD+/PTC-	793	TRUE	793	1057	TRUE	1.54760745917333	chr2	val	0.19844313
ENSG00000240344.11.novel1	ENSG00000240344.11	ENST00000392283.9	NMD+/PTC+	656	FALSE	656	94	FALSE	1.93038151247578	chr2	val	0.930145
ENSG00000242028.9.novel4	ENSG00000242028.9	ENST00000442995.4	NMD+/PTC-	901	TRUE	901	172	TRUE	3.27533619072419	chr15	train	0.13399912
ENSG00000242247.12.novel12	ENSG00000242247.12	ENST00000263245.10	NMD+/PTC+	703	FALSE	703	53	FALSE	4.10119628925334	chr22	train	0.9889141
ENSG00000242247.12.novel22	ENSG00000242247.12	ENST00000263245.10	Control	946	TRUE	946	935	TRUE	-0.0270193379250207	chr22	train	0.057430115
ENSG00000243789.12.novel1	ENSG00000243789.12	ENST00000397299.9	NMD+/PTC+	349	FALSE	349	484	FALSE	2.38456331922166	chr15	train	0.9638448
ENSG00000243789.12.novel2	ENSG00000243789.12	ENST00000397299.9	Control	877	TRUE	877	520	TRUE	0.0889402566620758	chr15	train	0.82388866
ENSG00000244607.8.novel11	ENSG00000244607.8	ENST00000492806.5	Control	1049	TRUE	1049	1862	TRUE	0.0542503675056636	chr3	test	0.081161305
ENSG00000244607.8.novel6	ENSG00000244607.8	ENST00000492806.5	NMD+/PTC-	1205	TRUE	1205	1862	TRUE	2.67707380686442	chr3	test	0.89766055
ENSG00000256061.8.novel7	ENSG00000256061.8	ENST00000348518.4	NMD+/PTC+	502	FALSE	502	146	FALSE	1.4645272031707			
ENSG00000259024.7.novel2	ENSG00000259024.7	ENST00000522212.6	Control	813	FALSE	813	78	TRUE	0.0994984386030279	chr17	train	0.45171648
ENSG00000259024.7.novel6	ENSG00000259024.7	ENST00000522212.6	NMD+/PTC+	274	FALSE	274	90	FALSE	2.79539103871668	chr17	train	0.91158706
ENSG00000265681.9.novel3	ENSG00000265681.9	ENST00000578532.5	NMD+/PTC-	903	TRUE	903	221	TRUE	3.96071246893908	chr18	train	0.6543718
ENSG00000266173.8.novel5	ENSG00000266173.8	ENST00000638708.1	NMD+/PTC+	276	FALSE	276	103	FALSE	2.89048235981366	chr17	train	0.954838
ENSG00000267796.9.novel1	ENSG00000267796.9	ENST00000301159.14	NMD+/PTC+	490	FALSE	490	167	FALSE	2.75525807243828	chr19	train	0.93467593
ENSG00000268104.4.novel1	ENSG00000268104.4	ENST00000598581.3	Control	2090	TRUE	2090	2654	TRUE	0.0377633024010563	chrX	train	0.076361544
ENSG00000268104.4.novel2	ENSG00000268104.4	ENST00000598581.3	NMD+/PTC+	1271	FALSE	1271	126	FALSE	4.65796088020185	chrX	train	0.92667955
ENSG00000268350.9.novel2	ENSG00000268350.9	ENST00000612846.5	Control	1768	TRUE	1768	1452	TRUE	-0.0680017547427856	chrX	train	0.21077451
ENSG00000269335.8.novel63	ENSG00000269335.8	ENST00000594239.6	NMD+/PTC-	1569	TRUE	1569	4049	TRUE	3.10897724729247	chrX	train	0.48055294
ENSG00000273559.6.novel3	ENSG00000273559.6	ENST00000614790.5	NMD+/PTC+	843	FALSE	843	125	FALSE	4.80482944909608	chr17	train	0.9699017
ENSG00000276234.6.novel3	ENSG00000276234.6	ENST00000620367.4	Control	1649	FALSE	1649	229	TRUE	-0.0206062386173538	chr17	train	0.5337633
ENSG00000276234.6.novel50	ENSG00000276234.6	ENST00000620367.4	NMD+/PTC+	620	FALSE	620	158	FALSE	4.57036281445031	chr17	train	0.99291444
ENSG00000278259.6.novel5	ENSG00000278259.6	ENST00000614623.5	NMD+/PTC+	1543	FALSE	1543	103	FALSE	2.14899786074912	chr17	train	0.7642816
ENSG00000280071.5.novel1	ENSG00000280071.5	ENST00000620528.5	Control	834	TRUE	834	951	TRUE	-0.0305979096676049	chr21	train	0.049554136
ENSG00000280071.5.novel4	ENSG00000280071.5	ENST00000620528.5	NMD+/PTC+	333	FALSE	333	114	FALSE	2.45844062833812	chr21	train	0.93219227
ENSG00000290854.2.novel2	ENSG00000290854.2	ENST00000647043.1	Control	1937	TRUE	1937	2320	TRUE	0.0112244572188865	chr1	test	0.29789928
ENSG00000290854.2.novel4	ENSG00000290854.2	ENST00000647043.1	NMD+/PTC+	1911	FALSE	1911	124	FALSE	1.72452769269451	chr1	test	0.84730333
ENSG00000291100.2.novel3	ENSG00000291100.2	ENST00000842660.1	Control	1237	TRUE	1237	2481	TRUE	0.101214458760639	chr20	train	0.17549711
ENSG00000292358.3.novel1	ENSG00000292358.3	ENST00000972676.1	Control	1657	FALSE	1657	669	FALSE	0.0174106036056047	chrY	train	0.3717768
ENSG00000292358.3.novel5	ENSG00000292358.3	ENST00000972676.1	NMD+/PTC+	1118	FALSE	1118	209	FALSE	2.39130148601482	chrY	train	0.97745126
ENSG00000292366.2.novel3	ENSG00000292366.2	ENST00000711265.2	Control	762	TRUE	762	1900	TRUE	0.0347271607381983	chrY	train	0.04854972
ENSG00000293241.2.novel1	ENSG00000293241.2	ENST00000544802.6	Control	2678	TRUE	2678	1918	TRUE	-0.00612150537101832	chr7	test	0.10708243
ENSG00000293241.2.novel2	ENSG00000293241.2	ENST00000544802.6	NMD+/PTC+	1488	FALSE	1488	112	FALSE	2.36951607826297	chr7	test	0.85631526
ENSG00000293489.2.novel20	ENSG00000293489.2	ENST00000493981.2	NMD+/PTC-	2636	TRUE	2636	2024	TRUE	2.96629639784917	chr6	train	0.7271549
ENSG00000293489.2.novel30	ENSG00000293489.2	ENST00000493981.2	Control	1562	TRUE	1562	2182	TRUE	0.183278371657239	chr6	train	0.6154055
ENSG00000293669.2.novel1	ENSG00000293669.2	ENST00000688185.2	NMD+/PTC+	1290	FALSE	1290	271	FALSE	3.83201220302136	chr17	train	0.5325347
ENST00000006658.11	ENSG00000006282.23	ENST00000503127.5	Control	2444	TRUE	2444	361	TRUE	-0.0442276786398289	chr17	train	0.07972956
ENST00000159111.9	ENSG00000127663.17	ENST00000611640.4	Control	3517	TRUE	3517	2264	TRUE	-0.0316605927965411	chr19	train	0.028994529
ENST00000175506.8	ENSG00000070669.18	ENST00000394308.8	Control	2215	TRUE	2215	351	TRUE	0.155301347030227	chr7	test	0.0853483
ENST00000202831.7	ENSG00000089060.13	ENST00000680972.1	Control	1965	TRUE	1965	1208	TRUE	0.0228867077552118	chr12	train	0.06990993
ENST00000206474.11	ENSG00000092036.20	ENST00000541587.6	Control	1345	TRUE	1345	481	TRUE	-0.0182977807094735	chr14	train	0.030248964
ENST00000216288.11	ENSG00000075413.20	ENST00000303622.13	Control	2312	TRUE	2312	945	TRUE	0.0406641409246719	chr14	train	0.035966437
ENST00000217185.3	ENSG00000101213.8	ENST00000542869.3	NMD+/PTC+	459	FALSE	459	154	FALSE	1.18133993167306	chr20	train	0.97011805
ENST00000219069.6	ENSG00000006194.12	ENST00000575823.2	Control	2380	TRUE	2380	2068	TRUE	0.0364178512567317	chr16	train	0.17214656
ENST00000222574.9	ENSG00000105856.15	ENST00000468410.5	Control	1743	TRUE	1743	1109	TRUE	0.0345135474788982	chr7	test	0.10689878
ENST00000223423.8	ENSG00000095303.18	ENST00000362012.7	Control	1694	TRUE	1694	990	TRUE	-0.0237848403697606	chr9	train	0.032419696
ENST00000228843.13	ENSG00000111247.16	ENST00000352618.9	Control	1109	TRUE	1109	1191	TRUE	-0.144654623512807	chr12	train	0.11125791
ENST00000235878.5	ENSG00000117226.14	ENST00000493594.6	NMD+/PTC+	604	FALSE	604	252	FALSE	1.68579420835326	chr1	test	0.93805695
ENST00000238018.8	ENSG00000119125.18	ENST00000358399.8	Control	1625	FALSE	1625	92	TRUE	0.0201718661541169	chr9	train	0.12671313
ENST00000240139.10	ENSG00000120910.16	ENST00000289963.12	Control	1871	TRUE	1871	511	TRUE	0.0746985202990001	chr8	train	0.03929967
ENST00000243639.8	ENSG00000204604.14	ENST00000595646.6	Control	1838	TRUE	1838	3616	TRUE	0.0127862396865269	chr19	train	0.1869997
ENST00000243896.6	ENSG00000080189.16	ENST00000372230.10	Control	1581	TRUE	1581	997	TRUE	0.0874150053038911	chr20	train	0.14854011
ENST00000248041.12	ENSG00000171903.18	ENST00000402119.9	Control	1612	TRUE	1612	1543	TRUE	-0.0414251108556821	chr19	train	0.04743662
ENST00000248420.9	ENSG00000105298.15	ENST00000429344.7	Control	2330	FALSE	2330	510	TRUE	0.0419969912259935	chr19	train	0.3508147
ENST00000249910.5	ENSG00000129071.11	ENST00000429544.7	Control	1919	TRUE	1919	629	TRUE	-0.0545145868785966	chr3	test	0.03662943
ENST00000250056.12	ENSG00000129195.17	ENST00000572447.6	Control	830	TRUE	830	704	TRUE	-0.066168309710424	chr17	train	0.052739933
ENST00000250379.13	ENSG00000092208.20	ENST00000308317.12	Control	798	TRUE	798	336	TRUE	-0.0965227755558116	chr14	train	0.56145716
ENST00000254742.6	ENSG00000132406.13	ENST00000382753.5	NMD+/PTC+	200	FALSE	200	612	FALSE	3.48383508477954	chr4	val	0.8101732
ENST00000256733.9	ENSG00000134339.10	ENST00000528349.5	Control	439	TRUE	439	276	TRUE	0.0464266830305347	chr11	train	0.11119232
ENST00000257659.12	ENSG00000105793.17	ENST00000222511.11	Control	1004	TRUE	1004	999	TRUE	-0.0630905872227295	chr7	test	0.04268315
ENST00000259050.8	ENSG00000136536.16	ENST00000856570.1	Control	2237	TRUE	2237	3744	TRUE	-0.0260279067131955	chr2	val	0.052277815
ENST00000259206.9	ENSG00000136689.20	ENST00000354115.6	Control	665	TRUE	665	1361	TRUE	-0.00109659177544839	chr2	val	0.05675562
ENST00000259951.12	ENSG00000204642.15	ENST00000334668.8	Control	1359	TRUE	1359	414	TRUE	-0.00332829575772381	chr6	train	0.06982425
ENST00000260506.12	ENSG00000137942.19	ENST00000370253.6	Control	1807	TRUE	1807	3713	TRUE	-0.013575879650764	chr1	test	0.047831304
ENST00000260563.4	ENSG00000137996.14	ENST00000370128.9	Control	1267	TRUE	1267	369	TRUE	0.0129697748168945	chr1	test	0.083043806
ENST00000261203.7	ENSG00000111052.9	ENST00000552864.6	NMD+/PTC+	362	FALSE	362	77	FALSE	2.39311414125352	chr12	train	0.9427166
ENST00000261388.7	ENSG00000011638.12	ENST00000233047.9	Control	759	TRUE	759	1135	TRUE	-0.0175972800672791	chr16	train	0.10182005
ENST00000261817.6	ENSG00000110801.15	ENST00000541212.6	Control	755	TRUE	755	1580	TRUE	0.00947814269434619	chr12	train	0.35795116
ENST00000262013.12	ENSG00000008294.23	ENST00000357122.8	Control	4178	TRUE	4178	4214	TRUE	0.0454123636824922	chr17	train	0.017838452
ENST00000262177.9	ENSG00000105993.16	ENST00000429029.6	Control	1148	TRUE	1148	1424	TRUE	0.0607918743286723	chr7	test	0.1300356
ENST00000263112.11	ENSG00000099998.20	ENST00000327365.10	Control	2018	TRUE	2018	463	TRUE	-0.0586297555292296	chr22	train	0.07467279
ENST00000263205.11	ENSG00000099917.18	ENST00000292733.11	Control	2436	TRUE	2436	1052	TRUE	0.00895186318817113	chr22	train	0.09572565
ENST00000264668.6	ENSG00000124275.16	ENST00000440940.7	Control	2208	TRUE	2208	1211	TRUE	-0.0777015912311842	chr5	test	0.06760744
ENST00000265978.8	ENSG00000051009.12	ENST00000449352.7	Control	3320	TRUE	3320	523	TRUE	-0.0479593753915652	chr11	train	0.07617488
ENST00000266252.8	ENSG00000138942.18	ENST00000883459.1	Control	520	TRUE	520	2524	TRUE	0.0638227260383688	chr22	train	0.22253634
ENST00000268673.12	ENSG00000140992.21	ENST00000342085.9	Control	1400	TRUE	1400	5540	TRUE	0.0706096696800259	chr16	train	0.05536083
ENST00000271688.10	ENSG00000143418.21	ENST00000368954.10	Control	1569	TRUE	1569	1116	TRUE	-0.0654755448941553	chr1	test	0.040343575
ENST00000271889.8	ENSG00000143578.17	ENST00000368607.8	Control	1456	TRUE	1456	488	TRUE	-0.105980244075509	chr1	test	0.054864325
ENST00000274773.12	ENSG00000146054.19	ENST00000334421.5	Control	1622	TRUE	1622	1754	TRUE	0.0357061667022794	chr5	test	0.029737465
ENST00000281273.8	ENSG00000151576.11	ENST00000485050.5	Control	1505	TRUE	1505	2750	TRUE	-0.0119433845488832	chr3	test	0.69409657
ENST00000281419.8	ENSG00000151693.12	ENST00000315273.4	Control	3314	TRUE	3314	2426	TRUE	-0.00817100750603876	chr2	val	0.02854849
ENST00000285908.5	ENSG00000145919.12	ENST00000311086.9	Control	542	TRUE	542	772	TRUE	0.0311721229699366	chr5	test	0.074214265
ENST00000288723.9	ENSG00000157869.17	ENST00000330852.10	Control	853	FALSE	853	95	TRUE	-0.073320973487945	chr4	val	0.5919576
ENST00000289013.11	ENSG00000158106.16	ENST00000857760.1	Control	2125	TRUE	2125	1786	TRUE	-0.0206821801960351	chr8	train	0.034182757
ENST00000295694.9	ENSG00000163472.20	ENST00000495881.1	NMD+/PTC-	1344	TRUE	1344	1059	TRUE	2.14975057398396	chr1	test	0.061944928
ENST00000296702.9	ENSG00000113649.15	ENST00000394421.7	Control	3335	TRUE	3335	1521	TRUE	-0.0763993204568947	chr5	test	0.026612734
ENST00000296783.7	ENSG00000164329.16	ENST00000453514.6	Control	1754	TRUE	1754	1450	TRUE	-0.0607616088817384	chr5	test	0.06445161
ENST00000297574.6	ENSG00000164929.18	ENST00000309982.10	Control	682	TRUE	682	230	TRUE	0.0187626140119333	chr8	train	0.053717125
ENST00000298068.10	ENSG00000165338.17	ENST00000371681.8	Control	2426	TRUE	2426	2557	TRUE	-0.0920743938035613	chr10	train	0.023378074
ENST00000299421.9	ENSG00000166333.15	ENST00000420936.6	Control	1500	TRUE	1500	409	TRUE	-0.0352209639775389			
ENST00000301021.7	ENSG00000167515.12	ENST00000696289.1	Control	488	TRUE	488	1776	TRUE	0.0449361956695755	chr16	train	0.10152544
ENST00000302956.8	ENSG00000162066.17	ENST00000293971.11	Control	1414	TRUE	1414	1948	TRUE	-8.2282039559146e-05	chr16	train	0.286921
ENST00000306353.8	ENSG00000168890.15	ENST00000409668.1	NMD+/PTC+	470	FALSE	470	128	FALSE	0.993652425649892			
ENST00000306385.10	ENSG00000168487.20	ENST00000306349.13	Control	2995	TRUE	2995	733	TRUE	-0.0084893657596075	chr8	train	0.037860695
ENST00000306433.9	ENSG00000168495.14	ENST00000397802.8	Control	1253	TRUE	1253	4206	TRUE	0.0812268876689946	chr8	train	0.034279972
ENST00000308893.9	ENSG00000149930.19	ENST00000279394.7	Control	4524	TRUE	4524	2129	TRUE	0.0412894057139929	chr16	train	0.06336861
ENST00000309439.9	ENSG00000164162.15	ENST00000507656.6	Control	653	TRUE	653	446	TRUE	-0.0889216496393352	chr4	val	0.053001463
ENST00000310340.9	ENSG00000174227.17	ENST00000453061.7	Control	3043	TRUE	3043	377	TRUE	-0.061884986066779	chr4	val	0.03067624
ENST00000311350.8	ENSG00000122557.12	ENST00000396081.5	Control	1853	TRUE	1853	1193	TRUE	-0.0355518152491583	chr7	test	0.04124223
ENST00000311489.8	ENSG00000133731.11	ENST00000256108.10	Control	671	FALSE	671	152	TRUE	-0.0279156110330515	chr8	train	0.69304794
ENST00000312635.10	ENSG00000135655.17	ENST00000353364.7	Control	726	TRUE	726	1525	TRUE	-0.0765636293687669	chr12	train	0.093007915
ENST00000313244.14	ENSG00000125733.19	ENST00000313285.12	Control	1888	TRUE	1888	468	TRUE	-0.0174470091838883	chr19	train	0.026434341
ENST00000314673.8	ENSG00000135317.15	ENST00000369627.6	Control	2981	TRUE	2981	510	TRUE	-0.0255610783881497	chr6	train	0.0304593
ENST00000316856.7	ENSG00000179262.11	ENST00000586534.6	Control	1162	TRUE	1162	688	TRUE	-0.0683868713291093			
ENST00000318387.7	ENSG00000122952.18	ENST00000361148.6	Control	853	TRUE	853	1015	TRUE	-0.0198368152904955	chr10	train	0.16101484
ENST00000318787.13	ENSG00000111906.19	ENST00000398153.7	Control	554	TRUE	554	894	TRUE	0.149931225520576	chr6	train	0.23221418
ENST00000319073.5	ENSG00000120925.17	ENST00000527424.6	Control	815	TRUE	815	720	TRUE	0.0137231800907997	chr8	train	0.7973124
ENST00000319481.8	ENSG00000141447.20	ENST00000399443.7	Control	3025	TRUE	3025	1230	TRUE	-0.00101639265161876	chr18	train	0.06956301
ENST00000322269.10	ENSG00000071889.18	ENST00000359889.9	NMD+/PTC+	584	FALSE	584	98	FALSE	0.496091804999366			
ENST00000322813.10	ENSG00000005238.21	ENST00000903794.1	Control	1894	TRUE	1894	1258	TRUE	0.0894855329820919	chr9	train	0.08364012
ENST00000323301.8	ENSG00000148356.16	ENST00000300417.11	Control	2776	TRUE	2776	726	TRUE	-0.0563017471507711	chr9	train	0.082826115
ENST00000324464.8	ENSG00000123815.14	ENST00000678419.1	Control	1938	TRUE	1938	844	TRUE	0.00292664412337256	chr19	train	0.06970978
ENST00000324932.12	ENSG00000110713.19	ENST00000397004.9	Control	5586	TRUE	5586	1358	TRUE	-0.0198532821689252	chr11	train	0.042895313
ENST00000325223.7	ENSG00000160226.16	ENST00000339818.9	Control	976	TRUE	976	436	TRUE	-0.0723556938421788			
ENST00000325324.11	ENSG00000086200.18	ENST00000409534.1	Control	3101	TRUE	3101	1429	TRUE	-0.0292934796153898	chr5	test	0.12243005
ENST00000325464.6	ENSG00000175221.17	ENST00000395808.7	Control	2754	TRUE	2754	289	TRUE	-0.0124572670582489	chr19	train	0.09468776
ENST00000325468.9	ENSG00000165905.19	ENST00000401752.6	Control	2271	TRUE	2271	467	TRUE	0.0306989903550855	chr11	train	0.008982821
ENST00000326729.9	ENSG00000168765.20	ENST00000369836.9	Control	856	TRUE	856	486	TRUE	-0.0539797139246965			
ENST00000326853.9	ENSG00000198203.11	ENST00000251481.11	Control	1377	TRUE	1377	1564	TRUE	0.0833486656121276	chr2	val	0.08564279
ENST00000327761.7	ENSG00000068028.19	ENST00000395117.6	NMD+/PTC-	956	TRUE	956	946	TRUE	3.25543746550033	chr3	test	0.22735058
ENST00000327858.11	ENSG00000077942.20	ENST00000262722.11	Control	2215	TRUE	2215	829	TRUE	-0.0414110193693372	chr22	train	0.0490067
ENST00000329281.6	ENSG00000117475.15	ENST00000367808.8	Control	1626	FALSE	1626	213	TRUE	0.0038038818424436	chr1	test	0.1374624
ENST00000330243.9	ENSG00000185507.22	ENST00000525445.6	Control	1938	TRUE	1938	210	TRUE	0.0561589563943307	chr11	train	0.19008939
ENST00000330622.9	ENSG00000135108.17	ENST00000622495.5	Control	1887	TRUE	1887	1210	TRUE	-0.0277705075612042	chr12	train	0.075388156
ENST00000330843.9	ENSG00000156675.17	ENST00000287263.8	Control	3908	TRUE	3908	4496	TRUE	0.0169774576252653	chr8	train	0.03089922
ENST00000333483.14	ENSG00000087995.17	ENST00000311506.10	NMD+/PTC+	140	FALSE	140	436	FALSE	1.80996914257958	chr17	train	0.6779146
ENST00000334530.9	ENSG00000168476.13	ENST00000306306.8	Control	893	FALSE	893	155	TRUE	0.00746368042907917	chr8	train	0.659816
ENST00000334538.13	ENSG00000186866.18	ENST00000898195.1	NMD+/PTC+	1168	FALSE	1168	206	FALSE	4.22503259869936	chr21	train	0.85559076
ENST00000334944.9	ENSG00000168066.23	ENST00000377390.8	Control	2311	TRUE	2311	913	TRUE	-0.0205644830091812	chr11	train	0.011835401
ENST00000335698.4	ENSG00000165629.21	ENST00000356708.12	Control	925	TRUE	925	157	TRUE	-0.0447909550056018	chr10	train	0.026896112
ENST00000335760.9	ENSG00000179750.16	ENST00000333467.4	NMD+/PTC+	802	FALSE	802	295	FALSE	3.88530878183745	chr22	train	0.8527112
ENST00000336430.11	ENSG00000123130.18	ENST00000379303.10	Control	1452	TRUE	1452	312	TRUE	-0.0022396811596758	chrX	train	0.037524845
ENST00000336702.7	ENSG00000172375.15	ENST00000648610.2	Control	2483	TRUE	2483	2500	TRUE	0.0802868238563662	chr11	train	0.038232643
ENST00000337339.7	ENSG00000005302.19	ENST00000482871.6	Control	1312	TRUE	1312	2511	TRUE	-0.0184087531202152	chrX	train	0.03587151
ENST00000337665.8	ENSG00000076928.21	ENST00000354532.8	Control	2804	FALSE	2804	101	TRUE	-0.00653369114252316	chr19	train	0.78380877
ENST00000337841.4	ENSG00000090054.17	ENST00000262554.7	Control	445	TRUE	445	506	TRUE	-0.0481622907419121	chr9	train	0.10718971
ENST00000338546.9	ENSG00000107521.22	ENST00000325103.10	Control	1196	TRUE	1196	492	TRUE	-0.0298162639531732	chr10	train	0.029549351
ENST00000339773.9	ENSG00000135622.15	ENST00000357877.7	Control	1945	TRUE	1945	843	TRUE	0.00596605874890792	chr2	val	0.019906677
ENST00000339775.10	ENSG00000154640.16	ENST00000348354.7	Control	1045	TRUE	1045	680	TRUE	0.0253234465647579	chr21	train	0.025488483
ENST00000340139.10	ENSG00000138785.17	ENST00000451321.6	Control	1612	TRUE	1612	691	TRUE	-0.0128524221236088	chr4	val	0.08712102
ENST00000340308.7	ENSG00000157800.19	ENST00000326232.14	Control	1444	TRUE	1444	1753	TRUE	-0.00144177703242928	chr7	test	0.06658285
ENST00000340660.10	ENSG00000066427.26	ENST00000644486.2	Control	979	TRUE	979	321	TRUE	0.0238590071043487	chr14	train	0.05813641
ENST00000340729.9	ENSG00000162129.16	ENST00000542555.3	Control	2007	TRUE	2007	313	TRUE	0.0144788244437325	chr11	train	0.07131626
ENST00000341116.7	ENSG00000128309.19	ENST00000429360.6	Control	1199	TRUE	1199	604	TRUE	-0.0158760593671181	chr22	train	0.074939676
ENST00000341318.9	ENSG00000172977.14	ENST00000377046.7	Control	1657	TRUE	1657	558	TRUE	-0.0160255640994227	chr11	train	0.06575448
ENST00000341505.4	ENSG00000142273.14	ENST00000647358.2	Control	1350	FALSE	1350	70	TRUE	-0.0484015802917056			
ENST00000342616.4	ENSG00000204130.15	ENST00000937698.1	Control	787	TRUE	787	373	TRUE	0.143531304061007	chr10	train	0.020208582
ENST00000345724.7	ENSG00000172175.17	ENST00000649217.2	Control	2554	TRUE	2554	750	TRUE	-0.0126363424828047	chr18	train	0.05137082
ENST00000345739.10	ENSG00000115966.19	ENST00000264110.7	Control	1720	TRUE	1720	2586	TRUE	0.0226368321248897	chr2	val	0.71839774
ENST00000346134.11	ENSG00000090989.19	ENST00000892248.1	Control	2818	TRUE	2818	692	TRUE	-0.0841465920117994	chr4	val	0.041108694
ENST00000346192.7	ENSG00000073792.17	ENST00000382199.7	Control	1735	TRUE	1735	1649	TRUE	-0.00854088191210073	chr3	test	0.18960741
ENST00000346299.10	ENSG00000087053.20	ENST00000352297.11	Control	2085	TRUE	2085	2572	TRUE	-0.0462383018792331	chr11	train	0.15049295
ENST00000347691.9	ENSG00000182400.16	ENST00000330149.10	Control	691	TRUE	691	2570	TRUE	-0.0369359133376212	chr14	train	0.16238554
ENST00000348257.9	ENSG00000101150.19	ENST00000346249.9	Control	637	TRUE	637	1696	TRUE	0.031571207582638	chr20	train	0.11538168
ENST00000348520.10	ENSG00000126214.23	ENST00000389744.8	Control	2041	FALSE	2041	73	TRUE	-0.0361200846229399	chr14	train	0.10308757
ENST00000349215.8	ENSG00000110756.19	ENST00000396253.7	Control	3634	TRUE	3634	1267	TRUE	-0.0348538958636483	chr11	train	0.15691139
ENST00000350027.8	ENSG00000143498.19	ENST00000352967.9	NMD+/PTC-	1560	FALSE	1560	150	TRUE	2.73230679602083	chr1	test	0.5291252
ENST00000351429.7	ENSG00000156239.13	ENST00000303775.10	Control	587	TRUE	587	4301	TRUE	-0.083542295773515	chr21	train	0.12444895
ENST00000352301.8	ENSG00000138668.21	ENST00000894839.1	Control	1316	FALSE	1316	98	TRUE	-0.0409091969287105	chr4	val	0.47573167
ENST00000353788.8	ENSG00000104497.16	ENST00000345957.9	Control	1116	TRUE	1116	2013	TRUE	-0.0714536770329876	chr8	train	0.062043544
ENST00000353866.7	ENSG00000072571.21	ENST00000393915.9	Control	2457	TRUE	2457	468	TRUE	-0.0415263918217365	chr5	test	0.044739842
ENST00000354631.7	ENSG00000107614.23	ENST00000377799.8	NMD+/PTC+	246	FALSE	246	230	FALSE	1.74659399240491	chr10	train	0.96483874
ENST00000354667.8	ENSG00000122566.24	ENST00000715986.1	Control	1231	FALSE	1231	83	TRUE	-0.0206157096738931	chr7	test	0.59542817
ENST00000355264.9	ENSG00000185009.14	ENST00000372745.1	Control	1334	TRUE	1334	3656	TRUE	0.00890621809568602	chr10	train	0.0473203
ENST00000355557.7	ENSG00000196387.11	ENST00000536790.5	Control	1572	TRUE	1572	1919	TRUE	-0.0345467856569865	chr12	train	0.08089687
ENST00000355957.9	ENSG00000124222.24	ENST00000371132.8	Control	1662	TRUE	1662	3340	TRUE	0.020840870848548	chr20	train	0.0604801
ENST00000356306.9	ENSG00000148832.17	ENST00000278060.10	NMD+/PTC+	1006	FALSE	1006	113	FALSE	2.84007722855316	chr10	train	0.8950308
ENST00000356362.6	ENSG00000091127.15	ENST00000469408.6	Control	2201	TRUE	2201	1416	TRUE	-0.0314104197259809	chr7	test	0.02644483
ENST00000356836.10	ENSG00000117411.19	ENST00000372324.6	NMD+/PTC-	1907	TRUE	1907	871	TRUE	1.54231429228098	chr1	test	0.0981637
ENST00000357339.7	ENSG00000026103.25	ENST00000652046.1	Control	1263	TRUE	1263	2941	TRUE	-0.0700457997033737	chr10	train	0.06322508
ENST00000357390.8	ENSG00000171109.20	ENST00000471841.6	NMD+/PTC+	1194	FALSE	1194	105	FALSE	3.41543718429714	chr3	test	0.98992574
ENST00000357430.8	ENSG00000123983.16	ENST00000392066.7	Control	2592	TRUE	2592	3143	TRUE	-0.0451100884873409	chr2	val	0.028961241
ENST00000358039.9	ENSG00000007341.20	ENST00000473206.5	Control	1756	TRUE	1756	2598	TRUE	-0.107620286096552	chr1	test	0.030459285
ENST00000358377.7	ENSG00000119599.19	ENST00000892932.1	Control	1576	TRUE	1576	1092	TRUE	0.0406763594386474	chr14	train	0.024643408
ENST00000358769.7	ENSG00000108187.17	ENST00000309049.8	Control	1071	TRUE	1071	1630	TRUE	-0.0460063831526262	chr10	train	0.09519423
ENST00000359213.7	ENSG00000121578.14	ENST00000393765.7	Control	1578	TRUE	1578	940	TRUE	0.100620881008565	chr3	test	0.12733111
ENST00000359365.9	ENSG00000068028.19	ENST00000395117.6	Control	1054	TRUE	1054	940	TRUE	0.115760574851787	chr3	test	0.04771055
ENST00000359366.10	ENSG00000066427.26	ENST00000644486.2	NMD+/PTC+	276	FALSE	276	67	FALSE	4.02249010536274	chr14	train	0.986112
ENST00000359479.7	ENSG00000169359.17	ENST00000643144.2	Control	2082	FALSE	2082	196	TRUE	0.0844221543922201	chr3	test	0.225126
ENST00000359949.11	ENSG00000135124.17	ENST00000337233.9	Control	1315	TRUE	1315	548	TRUE	-0.0224177611873888	chr12	train	0.14639622
ENST00000359980.5	ENSG00000155256.19	ENST00000891775.1	Control	1402	TRUE	1402	1660	TRUE	-0.0213233110832852	chr10	train	0.1607848
ENST00000360003.7	ENSG00000197771.14	ENST00000369077.4	Control	2099	TRUE	2099	2197	TRUE	-0.0251066806740889	chr10	train	0.02113106
ENST00000360171.11	ENSG00000196873.17	ENST00000478048.5	Control	1237	TRUE	1237	555	TRUE	0.150824106120207	chr9	train	0.21597983
ENST00000360194.8	ENSG00000197798.10	ENST00000891478.1	Control	1118	TRUE	1118	512	TRUE	-0.0126993238516125	chr11	train	0.54209316
ENST00000361042.8	ENSG00000132970.15	ENST00000335327.6	Control	1725	TRUE	1725	3256	TRUE	-0.115932937467046	chr13	train	0.048420303
ENST00000361641.6	ENSG00000198860.15	ENST00000645668.2	Control	608	TRUE	608	1380	TRUE	0.017960062876267	chr1	test	0.064382315
ENST00000361778.7	ENSG00000165282.17	ENST00000907113.1	Control	2079	TRUE	2079	533	TRUE	-0.033254542798208	chr9	train	0.06805043
ENST00000361802.7	ENSG00000160179.21	ENST00000398449.8	Control	2182	TRUE	2182	8226	TRUE	0.190537588203199	chr21	train	0.027398609
ENST00000361875.8	ENSG00000196428.14	ENST00000466814.1	Control	3396	TRUE	3396	8047	TRUE	0.11338419076256	chr3	test	0.1806634
ENST00000361909.8	ENSG00000140931.21	ENST00000567572.6	Control	904	TRUE	904	1284	TRUE	0.0441737133996576	chr16	train	0.04939076
ENST00000366554.3	ENSG00000054277.14	ENST00000490673.5	Control	1324	TRUE	1324	1568	TRUE	-0.0428679366779783	chr1	test	0.03957443
ENST00000366872.10	ENSG00000203697.13	ENST00000366873.6	Control	2167	TRUE	2167	244	TRUE	-0.0399808987610185	chr1	test	0.042178888
ENST00000367201.7	ENSG00000143845.15	ENST00000367202.9	Control	1227	FALSE	1227	180	TRUE	-0.0207314040615028	chr1	test	0.33991966
ENST00000367368.3	ENSG00000120256.12	ENST00000239367.7	Control	984	TRUE	984	2239	TRUE	0.0448895737604678	chr6	train	0.24096753
ENST00000367756.8	ENSG00000112357.15	ENST00000865442.1	Control	456	TRUE	456	254	TRUE	-0.00146846501080419			
ENST00000368092.7	ENSG00000162723.10	ENST00000368093.4	Control	680	TRUE	680	375	TRUE	0.0320543694038955	chr1	test	0.047386076
ENST00000368450.5	ENSG00000160691.20	ENST00000368453.8	Control	1554	TRUE	1554	1634	TRUE	-0.0307751025209102	chr1	test	0.09618096
ENST00000368552.8	ENSG00000148803.14	ENST00000278025.9	Control	423	TRUE	423	1554	TRUE	0.173724673200354			
ENST00000368564.7	ENSG00000196911.13	ENST00000356348.6	Control	1744	TRUE	1744	9732	TRUE	0.00138983777607049	chr6	train	0.042877294
ENST00000368613.8	ENSG00000148814.19	ENST00000368614.8	Control	1899	TRUE	1899	391	TRUE	-0.00658830132323023	chr10	train	0.05701878
ENST00000368849.8	ENSG00000143367.18	ENST00000368848.6	Control	1231	TRUE	1231	1940	TRUE	0.0106576063349472	chr1	test	0.15151891
ENST00000369093.6	ENSG00000151923.19	ENST00000436547.7	Control	1209	TRUE	1209	3990	TRUE	-0.0239870617203603	chr10	train	0.02954374
ENST00000369487.3	ENSG00000116815.17	ENST00000369489.10	Control	790	TRUE	790	197	TRUE	-0.0339691551012411	chr1	test	0.032845788
ENST00000369965.8	ENSG00000085433.18	ENST00000369962.8	Control	3024	TRUE	3024	1359	TRUE	-0.0077179457472262	chr1	test	0.067580186
ENST00000369969.7	ENSG00000121940.18	ENST00000356970.6	Control	1952	FALSE	1952	318	TRUE	-0.0399449606624461	chr1	test	0.18184859
ENST00000370779.8	ENSG00000101928.14	ENST00000370783.8	Control	627	TRUE	627	178	TRUE	0.0123081165941998	chrX	train	0.14663936
ENST00000371033.9	ENSG00000101166.17	ENST00000355937.9	Control	570	TRUE	570	493	TRUE	-0.0815033776234879	chr20	train	0.03572072
ENST00000371242.6	ENSG00000101146.14	ENST00000395841.7	Control	1250	TRUE	1250	1199	TRUE	-0.00788127367878355	chr20	train	0.026934266
ENST00000371466.4	ENSG00000162385.12	ENST00000371470.8	Control	381	TRUE	381	219	TRUE	-0.0587294694850073	chr1	test_paralog	0.05167768
ENST00000371582.8	ENSG00000000419.15	ENST00000371588.10	Control	896	TRUE	896	370	TRUE	-0.0482915018844016	chr20	train	0.0443918
ENST00000371897.8	ENSG00000160326.15	ENST00000371899.9	Control	1375	TRUE	1375	1082	TRUE	-0.0254976751882132	chr9	train	0.05414637
ENST00000372674.5	ENSG00000133134.13	ENST00000372677.8	Control	580	TRUE	580	480	TRUE	-0.0606090180825967			
ENST00000373146.6	ENSG00000160408.17	ENST00000373144.7	Control	1132	TRUE	1132	1468	TRUE	0.0981980527507855	chr9	train	0.12995704
ENST00000373150.8	ENSG00000116871.17	ENST00000474796.2	Control	2647	TRUE	2647	602	TRUE	0.0760828576347216	chr1	test	0.0298233
ENST00000373243.7	ENSG00000020129.17	ENST00000356090.8	Control	2582	TRUE	2582	1553	TRUE	-0.0238162338076599	chr1	test	0.07277831
ENST00000373443.7	ENSG00000142920.19	ENST00000910998.1	Control	1701	TRUE	1701	486	TRUE	-0.0146070102325688	chr1	test	0.061361272
ENST00000373489.10	ENSG00000167081.19	ENST00000342287.9	Control	1386	TRUE	1386	1547	TRUE	-0.0593139985675399	chr9	train	0.034994572
ENST00000373492.6	ENSG00000167081.19	ENST00000342287.9	NMD+/PTC+	280	FALSE	280	191	FALSE	2.0974893659457	chr9	train	0.8409133
ENST00000373896.8	ENSG00000119403.16	ENST00000312189.10	Control	1856	TRUE	1856	2636	TRUE	0.0589394770941467	chr9	train	0.031973302
ENST00000374948.6	ENSG00000089685.16	ENST00000350051.8	Control	467	TRUE	467	2172	TRUE	-0.0568254762472126	chr17	train	0.044210557
ENST00000375200.6	ENSG00000131061.16	ENST00000342427.6	Control	2591	TRUE	2591	1282	TRUE	0.0268197586317034	chr20	train	0.056309655
ENST00000375257.2	ENSG00000130958.14	ENST00000253270.13	Control	536	TRUE	536	423	TRUE	-0.0667133124519033	chr9	train	0.030696234
ENST00000375349.7	ENSG00000204348.11	ENST00000375356.7	Control	1603	TRUE	1603	212	TRUE	-0.0791054208730043	chr6	train	0.09772537
ENST00000375403.6	ENSG00000150401.16	ENST00000478244.6	NMD+/PTC+	581	FALSE	581	152	FALSE	3.25033093865498	chr13	train	0.9782893
ENST00000375479.6	ENSG00000126226.23	ENST00000337344.9	Control	1281	FALSE	1281	114	TRUE	-0.0441439131087119	chr13	train	0.09135344
ENST00000375771.5	ENSG00000162458.14	ENST00000375766.8	NMD+/PTC-	1563	TRUE	1563	2047	TRUE	1.97647676369606	chr1	test	0.08431024
ENST00000375840.9	ENSG00000266173.8	ENST00000638708.1	Control	1445	TRUE	1445	917	TRUE	-0.0519327221045784	chr17	train	0.916715
ENST00000376145.8	ENSG00000204498.11	ENST00000376146.8	Control	1183	TRUE	1183	808	TRUE	-0.0735357050168723			
ENST00000376368.7	ENSG00000196998.20	ENST00000376372.9	Control	1282	TRUE	1282	209	TRUE	-0.0226269687301298	chrX	train	0.08001967
ENST00000377600.7	ENSG00000112763.18	ENST00000312541.10	NMD+/PTC+	705	FALSE	705	101	FALSE	3.08343269362923	chr6	train	0.95583206
ENST00000377604.8	ENSG00000182872.17	ENST00000864485.1	Control	3183	TRUE	3183	340	TRUE	-0.042974519906184	chrX	train	0.08697194
ENST00000379158.7	ENSG00000164978.20	ENST00000892446.1	NMD+/PTC-	737	TRUE	737	576	TRUE	2.66438330493021	chr9	train	0.6620557
ENST00000379250.10	ENSG00000124523.18	ENST00000888574.1	NMD+/PTC+	473	FALSE	473	226	FALSE	4.46911600668696	chr6	train	0.741243
ENST00000379325.7	ENSG00000131591.19	ENST00000421241.7	NMD+/PTC+	739	FALSE	739	172	FALSE	3.12503151960004	chr1	test	0.76823735
ENST00000379594.7	ENSG00000145782.14	ENST00000509910.2	NMD+/PTC+	511	FALSE	511	116	FALSE	5.28022343304935	chr5	test	0.8454453
ENST00000380729.8	ENSG00000183474.17	ENST00000877333.1	Control	1532	TRUE	1532	3143	TRUE	-0.0330932469339628	chr5	test	0.047360558
ENST00000381208.9	ENSG00000129197.16	ENST00000381209.8	Control	1089	TRUE	1089	335	TRUE	-0.043135885169293			
ENST00000381373.3	ENSG00000147854.19	ENST00000276893.10	Control	484	TRUE	484	345	TRUE	0.0531870588234528	chr9	train	0.03221363
ENST00000383745.6	ENSG00000186448.16	ENST00000344387.9	Control	989	TRUE	989	1981	TRUE	0.107165434690425	chr3	test	0.06607543
ENST00000392008.6	ENSG00000198612.12	ENST00000354371.7	Control	778	TRUE	778	956	TRUE	0.130210225311647	chr2	val	0.73704666
ENST00000392095.8	ENSG00000130023.17	ENST00000418781.7	Control	1901	TRUE	1901	191	TRUE	0.0857783764217591	chr6	train	0.1727996
ENST00000392341.6	ENSG00000141526.19	ENST00000584689.6	Control	1549	TRUE	1549	1385	TRUE	-0.00874117073890777	chr17	train	0.042166907
ENST00000392523.9	ENSG00000185347.20	ENST00000392522.8	Control	1618	TRUE	1618	632	TRUE	-0.00413324189776615	chr14	train	0.10395083
ENST00000392571.6	ENSG00000152256.15	ENST00000410055.5	Control	1515	TRUE	1515	141	TRUE	0.0359705580361759	chr2	val	0.07240405
ENST00000392623.5	ENSG00000189171.17	ENST00000476133.6	NMD+/PTC-	486	TRUE	486	235	TRUE	2.59012635816394	chr1	test	0.05929125
ENST00000393047.8	ENSG00000150776.19	ENST00000530104.2	NMD+/PTC-	1506	TRUE	1506	2686	TRUE	0.748907745449283	chr11	train	0.21522747
ENST00000393132.2	ENSG00000172331.13	ENST00000344924.8	NMD+/PTC-	1267	TRUE	1267	961	TRUE	1.22859425574841	chr7	test	0.113309905
ENST00000393400.6	ENSG00000163870.17	ENST00000355552.8	NMD+/PTC+	1060	FALSE	1060	81	FALSE	2.2226486670241	chr3	test	0.8331687
ENST00000393760.6	ENSG00000171307.20	ENST00000352634.8	Control	1498	TRUE	1498	594	TRUE	-0.041361971569127	chr10	train	0.24886627
ENST00000394073.6	ENSG00000124356.18	ENST00000339566.7	Control	1477	TRUE	1477	4950	TRUE	-0.0291405911369685	chr2	val	0.059486073
ENST00000394170.6	ENSG00000196652.13	ENST00000864573.1	Control	2771	TRUE	2771	2715	TRUE	-0.0305569398516077	chr7	test	0.07079509
ENST00000394514.6	ENSG00000013561.19	ENST00000394520.7	NMD+/PTC+	475	FALSE	475	528	FALSE	1.18816517702673	chr5	test	0.8758536
ENST00000394631.7	ENSG00000109534.18	ENST00000226796.7	Control	702	TRUE	702	323	TRUE	-0.0135804328004441			
ENST00000394689.2	ENSG00000166164.17	ENST00000710357.1	Control	1964	TRUE	1964	237	TRUE	-0.0077177593493499	chr16	train	0.039278492
ENST00000395226.6	ENSG00000138678.12	ENST00000264409.5	Control	1523	TRUE	1523	1208	TRUE	-0.0758483631624208	chr4	val	0.02833139
ENST00000395303.7	ENSG00000204257.16	ENST00000869592.1	Control	756	TRUE	756	256	TRUE	0.0895551567996005	chr6	train	0.040318843
ENST00000395425.6	ENSG00000126787.14	ENST00000247191.7	Control	2612	TRUE	2612	362	TRUE	-0.0641472565334533	chr14	train	0.048261374
ENST00000395602.8	ENSG00000166484.21	ENST00000395604.8	Control	2746	TRUE	2746	467	TRUE	-0.0477887990532022	chr17	train	0.02179207
ENST00000395703.8	ENSG00000177427.14	ENST00000323019.9	Control	633	TRUE	633	430	TRUE	0.0615823612768978	chr17	train	0.039063584
ENST00000395859.2	ENSG00000100483.15	ENST00000395860.7	Control	633	TRUE	633	177	TRUE	0.0174967680750599	chr14	train	0.16764821
ENST00000396196.6	ENSG00000151116.18	ENST00000396197.8	NMD+/PTC+	259	FALSE	259	136	FALSE	2.93145332016068	chr11	train	0.93190414
ENST00000396401.7	ENSG00000187735.17	ENST00000521604.7	Control	1166	TRUE	1166	1561	TRUE	-0.0488221884706073	chr8	train	0.077734046
ENST00000396525.7	ENSG00000110321.19	ENST00000339995.11	Control	2700	TRUE	2700	712	TRUE	0.0176958519809296	chr11	train	0.11417896
ENST00000396551.9	ENSG00000204599.17	ENST00000428728.5	NMD+/PTC-	1694	TRUE	1694	2018	TRUE	0.684530979448778			
ENST00000396596.2	ENSG00000104205.17	ENST00000521198.7	Control	1751	TRUE	1751	2610	TRUE	0.0587086810796873	chr8	train	0.039671637
ENST00000396649.7	ENSG00000151092.19	ENST00000280700.10	Control	1725	TRUE	1725	365	TRUE	-0.0521069742097695	chr3	test	0.039533593
ENST00000396774.6	ENSG00000047249.19	ENST00000355221.7	Control	1659	TRUE	1659	294	TRUE	-0.0430021299019287	chr8	train	0.019436723
ENST00000397206.6	ENSG00000163072.17	ENST00000317647.12	Control	1446	TRUE	1446	137	TRUE	0.00882753229320475	chr2	val	0.93905044
ENST00000397638.7	ENSG00000160310.21	ENST00000397628.5	Control	1507	TRUE	1507	1391	TRUE	-0.00157305996428341	chr21	train	0.057025712
ENST00000397783.5	ENSG00000007392.18	ENST00000337351.8	Control	1102	FALSE	1102	205	TRUE	-0.0330708346249221	chr16	train	0.2821367
ENST00000397871.5	ENSG00000100296.15	ENST00000397872.5	Control	2271	TRUE	2271	353	TRUE	-0.0564710855850391	chr22	train	0.069027536
ENST00000397873.6	ENSG00000100296.15	ENST00000397872.5	NMD+/PTC-	2273	TRUE	2273	163	TRUE	1.24898759166942	chr22	train	0.090893835
ENST00000398071.4	ENSG00000087269.17	ENST00000416614.7	Control	2435	TRUE	2435	215	TRUE	-0.059750295881284	chr4	val	0.02378954
ENST00000399079.7	ENSG00000179344.18	ENST00000434651.7	Control	732	TRUE	732	783	TRUE	-0.037396414069974	chr6	train	0.13171758
ENST00000399351.7	ENSG00000177054.15	ENST00000446113.7	Control	1828	TRUE	1828	594	TRUE	-0.0179852323128781	chr11	train	0.43417245
ENST00000399455.2	ENSG00000170242.20	ENST00000339865.9	Control	4248	TRUE	4248	3323	TRUE	-0.056849166164218	chr11	train	0.034223948
ENST00000399777.2	ENSG00000099968.20	ENST00000317582.10	NMD+/PTC+	783	FALSE	783	144	FALSE	2.72012260762919	chr22	train	0.8982489
ENST00000400556.8	ENSG00000154845.17	ENST00000400555.7	Control	2928	TRUE	2928	1159	TRUE	-0.00218432238833056	chr18	train	0.05372237
ENST00000402182.7	ENSG00000179750.16	ENST00000333467.4	Control	1528	TRUE	1528	771	TRUE	-0.0343658850421455	chr22	train	0.02114317
ENST00000403461.5	ENSG00000079385.24	ENST00000403444.7	Control	1113	FALSE	1113	32	TRUE	-0.00929585068558696	chr19	train	0.11014942
ENST00000403470.1	ENSG00000019102.13	ENST00000326621.10	Control	911	TRUE	911	429	TRUE	0.0539497980012598	chr11	train	0.057816256
ENST00000404072.7	ENSG00000100151.17	ENST00000356976.8	Control	1595	TRUE	1595	838	TRUE	-0.0506091659659991	chr22	train	0.06162345
ENST00000404424.5	ENSG00000115295.22	ENST00000320081.10	Control	2450	TRUE	2450	352	TRUE	0.01742172750338	chr2	val	0.088905536
ENST00000404724.7	ENSG00000093009.12	ENST00000263201.7	Control	1594	FALSE	1594	66	TRUE	-0.0847518174512828	chr22	train	0.034911286
ENST00000406555.7	ENSG00000172889.17	ENST00000371698.3	NMD+/PTC-	1135	TRUE	1135	415	TRUE	4.19833406628803	chr9	train	0.9660474
ENST00000406618.3	ENSG00000118960.14	ENST00000304031.8	Control	621	TRUE	621	1156	TRUE	-0.0690358750918873	chr2	val	0.031081174
ENST00000406925.7	ENSG00000242028.9	ENST00000442995.4	Control	4501	TRUE	4501	2864	TRUE	0.137640049137867	chr15	train	0.16477922
ENST00000409160.7	ENSG00000144485.12	ENST00000272937.10	Control	778	TRUE	778	1299	TRUE	0.0397587381124677	chr2	val	0.19325061
ENST00000409182.1	ENSG00000144485.12	ENST00000272937.10	NMD+/PTC-	639	TRUE	639	647	TRUE	2.15973417942207			
ENST00000409406.1	ENSG00000173933.22	ENST00000398692.8	Control	1872	FALSE	1872	691	TRUE	-0.00658893325617138	chr11	train	0.25745055
ENST00000409470.5	ENSG00000168883.21	ENST00000323701.11	Control	1725	FALSE	1725	93	TRUE	0.102199903917684	chr2	val	0.9159083
ENST00000409512.5	ENSG00000115919.16	ENST00000264170.9	NMD+/PTC-	1574	TRUE	1574	126	TRUE	1.8631070429396	chr2	val	0.040672984
ENST00000409584.5	ENSG00000115602.18	ENST00000311734.6	Control	1174	TRUE	1174	1682	TRUE	0.0175542868414967	chr2	val	0.062122878
ENST00000410049.1	ENSG00000135974.12	ENST00000258457.7	Control	629	TRUE	629	282	TRUE	-0.0605520787229544			
ENST00000411850.5	ENSG00000100284.23	ENST00000449058.7	Control	1607	TRUE	1607	938	TRUE	-0.034587074487012	chr22	train	0.06289623
ENST00000412033.7	ENSG00000092208.20	ENST00000308317.12	NMD+/PTC+	133	FALSE	133	85	FALSE	1.81945696648976	chr14	train	0.8372283
ENST00000413266.6	ENSG00000022840.17	ENST00000325954.9	Control	2451	TRUE	2451	297	TRUE	-0.0486045765847166	chr12	train	0.015051498
ENST00000413507.3	ENSG00000103642.12	ENST00000261893.9	Control	1161	TRUE	1161	1987	TRUE	0.0285703646278813	chr15	train	0.017796585
ENST00000415095.5	ENSG00000186522.16	ENST00000397712.7	Control	1361	TRUE	1361	436	TRUE	-0.0646942222883423	chr2	val	0.02583813
ENST00000415229.6	ENSG00000162174.13	ENST00000301776.9	Control	1142	TRUE	1142	1334	TRUE	-0.080349504627716	chr11	train	0.041171867
ENST00000415783.6	ENSG00000116001.18	ENST00000433529.7	Control	1358	TRUE	1358	3402	TRUE	-0.014571094314762	chr2	val	0.03220745
ENST00000416913.5	ENSG00000162869.17	ENST00000294952.13	Control	2567	TRUE	2567	671	TRUE	-0.0134541338486543	chr2	val	0.9465332
ENST00000417220.6	ENSG00000041880.16	ENST00000471971.6	NMD+/PTC-	2088	TRUE	2088	552	TRUE	1.57696968865504	chr3	test	0.020560378
ENST00000417413.7	ENSG00000127328.23	ENST00000247833.12	NMD+/PTC+	1108	FALSE	1108	100	FALSE	3.40080544323853	chr12	train	0.967036
ENST00000417689.6	ENSG00000172831.15	ENST00000317091.10	Control	2824	TRUE	2824	1231	TRUE	0.00185454792982222	chr16	train	0.3266514
ENST00000417736.2	ENSG00000176014.14	ENST00000591909.5	NMD+/PTC+	413	FALSE	413	555	FALSE	0.618817334035512	chr18	train	0.30424592
ENST00000418389.7	ENSG00000174886.16	ENST00000592634.5	Control	765	TRUE	765	2084	TRUE	-0.0354941298708705	chr19	train	0.04643652
ENST00000418431.5	ENSG00000172113.11	ENST00000442597.6	NMD+/PTC+	289	FALSE	289	118	FALSE	3.3470456917849	chr3	test	0.81169003
ENST00000418611.5	ENSG00000211456.15	ENST00000441228.5	NMD+/PTC+	483	FALSE	483	128	FALSE	1.78908451757724	chr3	test	0.7885668
ENST00000419205.5	ENSG00000071889.18	ENST00000359889.9	Control	1112	TRUE	1112	747	TRUE	-0.0171032612881505	chrX	train	0.102627315
ENST00000420510.5	ENSG00000144118.15	ENST00000272519.10	Control	847	TRUE	847	525	TRUE	-0.0362820178457209	chr2	val	0.06026256
ENST00000420827.2	ENSG00000033178.14	ENST00000322244.10	Control	1204	TRUE	1204	593	TRUE	0.119932867893781	chr4	val	0.022678113
ENST00000420864.5	ENSG00000128654.15	ENST00000249442.11	Control	1231	TRUE	1231	533	TRUE	0.101749034029633	chr2	val	0.90462154
ENST00000421276.6	ENSG00000093167.19	ENST00000354379.8	Control	1675	TRUE	1675	958	TRUE	-0.0418942752811899	chr3	test	0.028635109
ENST00000422257.7	ENSG00000139626.17	ENST00000267082.10	Control	2558	TRUE	2558	314	TRUE	-0.0316183074416415	chr12	train	0.04024267
ENST00000423725.5	ENSG00000023228.16	ENST00000233190.11	Control	2265	TRUE	2265	458	TRUE	0.00445018607797942	chr2	val	0.19837971
ENST00000423894.5	ENSG00000187118.15	ENST00000466830.6	Control	407	TRUE	407	263	TRUE	-0.0447147199342483			
ENST00000423945.6	ENSG00000291152.2	ENST00000685034.2	Control	709	TRUE	709	800	TRUE	0.159173394906036	chr7	test	0.1406577
ENST00000424495.2	ENSG00000112561.20	ENST00000373033.6	NMD+/PTC-	2982	TRUE	2982	1101	TRUE	2.55108100360306	chr6	train	0.13356732
ENST00000426705.6	ENSG00000143416.22	ENST00000368868.10	Control	1690	TRUE	1690	401	TRUE	-0.0542500193242194	chr1	test	0.41796494
ENST00000426808.5	ENSG00000156976.18	ENST00000323963.10	NMD+/PTC+	328	FALSE	328	169	FALSE	3.24310308290019	chr3	test	0.9771937
ENST00000426982.7	ENSG00000142687.20	ENST00000469892.7	Control	3284	TRUE	3284	188	TRUE	0.208737899216882			
ENST00000427190.6	ENSG00000198814.15	ENST00000378945.7	Control	1795	TRUE	1795	2731	TRUE	0.00414761686767686	chrX	train	0.025581563
ENST00000427993.7	ENSG00000117620.16	ENST00000533028.8	Control	1279	TRUE	1279	874	TRUE	-0.0339631536111749	chr1	test	0.06522589
ENST00000428707.2	ENSG00000093010.16	ENST00000361682.11	Control	997	TRUE	997	1759	TRUE	0.0737252416316908	chr22	train	0.01557094
ENST00000428760.5	ENSG00000115966.19	ENST00000264110.7	NMD+/PTC+	1448	FALSE	1448	74	FALSE	3.91425133984233	chr2	val	0.90691626
ENST00000429160.1	ENSG00000163960.14	ENST00000493566.1	NMD+/PTC+	254	FALSE	254	113	FALSE	2.8813532983714	chr3	test	0.96909034
ENST00000429751.6	ENSG00000085721.14	ENST00000198767.11	Control	1882	TRUE	1882	478	TRUE	0.0396860582285602	chr16	train	0.07724307
ENST00000429941.6	ENSG00000072958.10	ENST00000291439.8	Control	1229	TRUE	1229	372	TRUE	0.0255393553508496	chr19	train	0.047584094
ENST00000432425.5	ENSG00000013441.18	ENST00000321356.9	NMD+/PTC+	502	FALSE	502	67	FALSE	3.101094373353	chr2	val	0.9539015
ENST00000432569.2	ENSG00000145191.16	ENST00000648915.2	Control	345	TRUE	345	369	TRUE	-0.0344340484890466			
ENST00000432887.5	ENSG00000176148.17	ENST00000334274.9	Control	1746	TRUE	1746	1090	TRUE	0.16734372443151	chr11	train	0.028403934
ENST00000434065.5	ENSG00000163701.20	ENST00000383814.8	Control	1953	TRUE	1953	1145	TRUE	-0.0396181612651875	chr3	test	0.9084251
ENST00000434391.6	ENSG00000117682.19	ENST00000236342.12	NMD+/PTC+	370	FALSE	370	166	FALSE	4.28138475137579	chr1	test	0.97303885
ENST00000434858.5	ENSG00000115750.18	ENST00000263663.10	NMD+/PTC+	600	FALSE	600	100	FALSE	3.86686090058946	chr2	val	0.98748106
ENST00000436062.5	ENSG00000135241.18	ENST00000257694.13	Control	2722	TRUE	2722	1015	TRUE	0.11827449880079	chr7	test	0.050995678
ENST00000436757.7	ENSG00000110697.15	ENST00000356404.8	Control	3951	TRUE	3951	537	TRUE	0.137194200091986	chr11	train	0.025962843
ENST00000437212.8	ENSG00000137648.21	ENST00000534111.5	Control	1539	TRUE	1539	3989	TRUE	-0.0288414305673124	chr11	train	0.075392745
ENST00000438419.6	ENSG00000113597.19	ENST00000399438.8	Control	1284	TRUE	1284	261	TRUE	-0.0640030455383245	chr5	test	0.012381248
ENST00000438896.3	ENSG00000081692.14	ENST00000620518.5	Control	1344	TRUE	1344	1443	TRUE	-0.0682674666443827	chr1	test	0.6464774
ENST00000439052.6	ENSG00000140299.15	ENST00000607373.6	Control	1234	TRUE	1234	1265	TRUE	-0.0616805368050809	chr15	train	0.069358066
ENST00000439169.2	ENSG00000099899.17	ENST00000403707.7	Control	2248	TRUE	2248	457	TRUE	-0.0637971460935299	chr22	train	0.05573627
ENST00000439578.5	ENSG00000152700.15	ENST00000402673.7	Control	781	TRUE	781	265	TRUE	-0.0170936916807239	chr5	test_paralog	0.07798164
ENST00000439761.3	ENSG00000106258.17	ENST00000222982.8	Control	523	TRUE	523	4055	TRUE	0.00441524180632516	chr7	test	0.0421702
ENST00000440191.6	ENSG00000156976.18	ENST00000323963.10	Control	1261	TRUE	1261	773	TRUE	-0.0429020866482019	chr3	test	0.37183273
ENST00000440392.3	ENSG00000134146.13	ENST00000256538.9	Control	549	TRUE	549	3285	TRUE	-0.0670555616580421	chr15	train	0.040993046
ENST00000441576.6	ENSG00000178149.18	ENST00000341949.9	Control	1551	TRUE	1551	220	TRUE	0.108074486616841	chr3	test	0.038686607
ENST00000441843.5	ENSG00000179630.12	ENST00000325686.7	Control	1778	FALSE	1778	161	TRUE	-0.0680279987915354	chr13	train	0.031806458
ENST00000442215.6	ENSG00000163832.17	ENST00000439305.5	NMD+/PTC-	847	TRUE	847	557	TRUE	2.92273408372622	chr3	test	0.7408736
ENST00000443381.7	ENSG00000158805.13	ENST00000289816.9	Control	1949	TRUE	1949	2950	TRUE	0.0942728579156629	chr16	train	0.08346472
ENST00000443698.5	ENSG00000096872.18	ENST00000429045.6	Control	1974	TRUE	1974	308	TRUE	0.0632231146603788	chr9	train	0.03989304
ENST00000443785.5	ENSG00000159086.16	ENST00000331923.9	NMD+/PTC+	1553	FALSE	1553	100	FALSE	3.37349982125097	chr21	train	0.99819654
ENST00000443980.6	ENSG00000157191.21	ENST00000337132.10	Control	848	TRUE	848	1236	TRUE	0.012594443908056	chr1	test	0.05792064
ENST00000445295.2	ENSG00000221838.13	ENST00000429084.5	Control	1246	TRUE	1246	364	TRUE	-0.0380370197978892	chr7	test	0.037762407
ENST00000446293.6	ENSG00000160058.20	ENST00000455895.7	Control	1360	TRUE	1360	178	TRUE	-0.00425460623696959	chr1	test	0.05004083
ENST00000446801.6	ENSG00000174442.13	ENST00000307897.10	Control	2093	FALSE	2093	115	TRUE	-0.0296135719189005	chr15	train	0.90462327
ENST00000446927.5	ENSG00000135622.15	ENST00000357877.7	NMD+/PTC+	397	FALSE	397	120	FALSE	1.85518677540974	chr2	val	0.9876819
ENST00000446942.5	ENSG00000178026.14	ENST00000318753.13	NMD+/PTC+	352	FALSE	352	587	FALSE	2.27136871482858	chr22	train	0.9525538
ENST00000447096.1	ENSG00000059769.21	ENST00000313525.4	NMD+/PTC+	454	FALSE	454	238	FALSE	4.01633476671778	chr9	train	0.95760256
ENST00000447133.7	ENSG00000111224.15	ENST00000427057.6	NMD+/PTC-	1113	TRUE	1113	3579	TRUE	1.11531714768404	chr12	train	0.06900398
ENST00000447452.6	ENSG00000164815.12	ENST00000297431.9	Control	1028	TRUE	1028	532	TRUE	-0.0432716222994104	chr7	test	0.037379514
ENST00000447873.6	ENSG00000127990.20	ENST00000648936.2	Control	1396	TRUE	1396	293	TRUE	-0.0208191077821563	chr7	test	0.02123006
ENST00000448281.7	ENSG00000157014.11	ENST00000287652.8	Control	2901	FALSE	2901	179	TRUE	0.151485099458549			
ENST00000448392.6	ENSG00000103978.18	ENST00000389834.9	NMD+/PTC+	222	FALSE	222	86	FALSE	0.607956934388704			
ENST00000449301.5	ENSG00000119004.18	ENST00000356079.9	NMD+/PTC+	711	FALSE	711	116	FALSE	5.20901920402369	chr2	val	0.9927313
ENST00000450873.6	ENSG00000154710.19	ENST00000284957.9	Control	1748	TRUE	1748	932	TRUE	0.0183614265272385	chr7	test	0.05730657
ENST00000450991.6	ENSG00000089818.18	ENST00000339754.11	NMD+/PTC+	328	FALSE	328	109	FALSE	2.66911314899648	chr12	train	0.9456341
ENST00000451590.5	ENSG00000174775.19	ENST00000311189.8	Control	758	TRUE	758	513	TRUE	0.0743464346646639	chr11	train	0.11042646
ENST00000451623.5	ENSG00000171055.16	ENST00000405912.8	NMD+/PTC+	940	FALSE	940	66	FALSE	1.61146983234687	chr2	val	0.66530335
ENST00000452673.6	ENSG00000127022.17	ENST00000247461.9	Control	1926	TRUE	1926	2335	TRUE	-0.0374086686383919	chr5	test	0.17724344
ENST00000453172.2	ENSG00000134285.12	ENST00000550765.6	Control	533	TRUE	533	479	TRUE	-0.019003204510161	chr12	train	0.068187155
ENST00000453203.2	ENSG00000213676.14	ENST00000375201.8	Control	1894	FALSE	1894	85	TRUE	0.011373900309095	chr6	train	0.2802599
ENST00000453791.6	ENSG00000114626.19	ENST00000232744.13	Control	1516	TRUE	1516	652	TRUE	0.187348121141087	chr3	test	0.8583364
ENST00000454244.4	ENSG00000071282.13	ENST00000426878.2	Control	1090	TRUE	1090	182	TRUE	0.0329631711107278	chr3	test	0.76042134
ENST00000454520.6	ENSG00000161800.14	ENST00000312377.10	Control	1976	TRUE	1976	1180	TRUE	-0.0537821706091982	chr12	train	0.06549099
ENST00000455319.6	ENSG00000182325.12	ENST00000331890.6	Control	1627	TRUE	1627	248	TRUE	-0.005970056553358	chr8	train	0.044250287
ENST00000455834.5	ENSG00000114735.11	ENST00000232854.9	Control	1244	TRUE	1244	292	TRUE	-0.0404147186419997	chr3	test	0.07225632
ENST00000456380.5	ENSG00000136527.20	ENST00000463328.5	NMD+/PTC-	1310	TRUE	1310	396	TRUE	4.1662524960541	chr3	test	0.7688539
ENST00000456506.2	ENSG00000071282.13	ENST00000426878.2	NMD+/PTC+	226	FALSE	226	336	FALSE	1.49066001650019	chr3	test	0.29736325
ENST00000457269.8	ENSG00000105655.20	ENST00000338128.13	Control	1599	TRUE	1599	309	TRUE	-0.0599950100928123	chr19	train	0.033987094
ENST00000457458.6	ENSG00000102225.18	ENST00000357227.9	Control	1929	TRUE	1929	1267	TRUE	0.0759229888697085	chrX	train	0.1998006
ENST00000457572.5	ENSG00000100416.16	ENST00000381019.3	NMD+/PTC+	839	FALSE	839	118	FALSE	4.62963417525645	chr22	train	0.9950413
ENST00000459929.6	ENSG00000116679.18	ENST00000367498.8	NMD+/PTC+	1231	FALSE	1231	141	FALSE	4.52995333665388	chr1	test	0.90662575
ENST00000460212.1	ENSG00000156239.13	ENST00000303775.10	NMD+/PTC+	669	FALSE	669	180	FALSE	2.16327265860034	chr21	train	0.900328
ENST00000461304.5	ENSG00000125875.16	ENST00000354200.5	NMD+/PTC+	1336	FALSE	1336	292	FALSE	2.31772471532789	chr20	train	0.81629467
ENST00000461371.5	ENSG00000119004.18	ENST00000356079.9	Control	1253	TRUE	1253	257	TRUE	0.0891360097222638	chr2	val	0.5600761
ENST00000461440.5	ENSG00000135269.19	ENST00000358204.9	Control	646	TRUE	646	558	TRUE	0.00679934053713408	chr7	test	0.034102444
ENST00000462677.3	ENSG00000198860.15	ENST00000645668.2	NMD+/PTC+	412	FALSE	412	117	FALSE	3.58642200829506	chr1	test	0.90669256
ENST00000462788.6	ENSG00000121749.17	ENST00000485960.7	NMD+/PTC+	396	FALSE	396	103	FALSE	4.03708456537281	chr12	train	0.9874878
ENST00000462997.6	ENSG00000132664.14	ENST00000377603.5	Control	1172	TRUE	1172	1168	TRUE	0.182079375895665	chr20	train	0.77688473
ENST00000463347.5	ENSG00000211456.15	ENST00000441228.5	Control	467	TRUE	467	539	TRUE	0.154820528113765	chr3	test	0.039449748
ENST00000463376.6	ENSG00000184887.15	ENST00000536364.6	Control	1774	TRUE	1774	1454	TRUE	0.0884697578156816	chr14	train	0.78206015
ENST00000463664.5	ENSG00000143416.22	ENST00000368868.10	NMD+/PTC+	369	FALSE	369	551	FALSE	2.63388564527227	chr1	test	0.8695853
ENST00000464088.5	ENSG00000116815.17	ENST00000369489.10	NMD+/PTC+	724	FALSE	724	72	FALSE	1.47301421053217	chr1	test	0.11033986
ENST00000464099.5	ENSG00000203791.16	ENST00000368836.7	Control	750	TRUE	750	358	TRUE	0.0941775011835167	chr10	train	0.86192524
ENST00000464256.1	ENSG00000159086.16	ENST00000331923.9	Control	1321	TRUE	1321	593	TRUE	-0.0135590602814919	chr21	train	0.076948404
ENST00000464605.1	ENSG00000144744.19	ENST00000361055.9	Control	385	TRUE	385	410	TRUE	-0.0915744707214355	chr3	test	0.025313
ENST00000464909.2	ENSG00000237651.8	ENST00000426997.5	Control	444	TRUE	444	456	TRUE	-0.100118432431825			
ENST00000466129.6	ENSG00000138326.22	ENST00000478655.6	Control	361	TRUE	361	1019	TRUE	0.10834387780232	chr10	train	0.0696593
ENST00000466832.5	ENSG00000136527.20	ENST00000463328.5	Control	2028	TRUE	2028	397	TRUE	0.0849388921742263	chr3	test	0.25821197
ENST00000467891.5	ENSG00000188130.15	ENST00000215659.13	NMD+/PTC+	326	FALSE	326	542	FALSE	1.39238296253797	chr22	train	0.1499179
ENST00000470080.5	ENSG00000163762.8	ENST00000296059.7	Control	706	TRUE	706	216	TRUE	-0.0608253495735643	chr3	test	0.06919669
ENST00000470411.2	ENSG00000007541.18	ENST00000026218.9	Control	944	TRUE	944	1379	TRUE	-0.0578469407535031	chr16	train	0.030022249
ENST00000470551.1	ENSG00000101152.13	ENST00000360864.9	NMD+/PTC+	655	FALSE	655	74	FALSE	0.453313884780305			
ENST00000472637.5	ENSG00000163608.16	ENST00000473284.5	Control	1560	TRUE	1560	1088	TRUE	-0.0158265427683862	chr3	test	0.437214
ENST00000472647.5	ENSG00000143156.15	ENST00000367811.8	Control	1336	TRUE	1336	287	TRUE	0.00708494622649638	chr1	test	0.6244733
ENST00000474012.1	ENSG00000164087.9	ENST00000394970.6	Control	1327	TRUE	1327	532	TRUE	0.227047183235409	chr3	test	0.56273645
ENST00000474361.6	ENSG00000197976.13	ENST00000313871.9	NMD+/PTC+	1322	FALSE	1322	70	FALSE	4.06377527391742	chrX	train	0.946149
ENST00000474393.5	ENSG00000150403.19	ENST00000434316.7	Control	1833	TRUE	1833	1242	TRUE	0.0315705914881129	chr13	train	0.02934303
ENST00000475591.5	ENSG00000158062.22	ENST00000472155.5	Control	956	FALSE	956	1180	FALSE	-0.01377418353513	chr1	test	0.90094745
ENST00000475764.5	ENSG00000119125.18	ENST00000358399.8	NMD+/PTC+	1448	FALSE	1448	135	FALSE	4.34950437413899	chr9	train	0.9785984
ENST00000477538.2	ENSG00000134086.11	ENST00000256474.3	NMD+/PTC+	491	FALSE	491	1220	FALSE	2.44480395937128	chr3	test	0.071795985
ENST00000477693.1	ENSG00000155438.13	ENST00000285814.9	Control	655	TRUE	655	722	TRUE	0.0234186589495059	chr2	val	0.04630089
ENST00000478672.1	ENSG00000122674.13	ENST00000325974.9	Control	373	TRUE	373	1825	TRUE	-0.066662321299843			
ENST00000480046.5	ENSG00000165055.17	ENST00000262432.13	Control	1057	TRUE	1057	4841	TRUE	0.0043986136403513	chr7	test_paralog	0.46632633
ENST00000480681.1	ENSG00000187325.6	ENST00000341864.6	NMD+/PTC+	294	FALSE	294	350	FALSE	2.49160733495517	chrX	train	0.8700739
ENST00000480948.6	ENSG00000144048.13	ENST00000272444.8	Control	945	TRUE	945	266	TRUE	-0.0172753722464923	chr2	val	0.049065594
ENST00000481935.5	ENSG00000119688.22	ENST00000356924.9	Control	1676	TRUE	1676	803	TRUE	0.206584897803671	chr14	train	0.89386857
ENST00000482320.5	ENSG00000064419.15	ENST00000265388.10	NMD+/PTC+	450	FALSE	450	161	FALSE	2.45135193738936	chr7	test	0.6582974
ENST00000482555.5	ENSG00000165055.17	ENST00000262432.13	NMD+/PTC+	149	FALSE	149	445	FALSE	2.6328020871123	chr7	test_paralog	0.7411735
ENST00000482979.5	ENSG00000106261.18	ENST00000875800.1	Control	819	TRUE	819	807	TRUE	0.0917190500497763	chr7	test	0.29091135
ENST00000484413.6	ENSG00000189171.17	ENST00000476133.6	Control	1237	TRUE	1237	260	TRUE	0.114162925569119	chr1	test	0.49561343
ENST00000484417.5	ENSG00000101452.16	ENST00000252011.8	NMD+/PTC+	387	FALSE	387	125	FALSE	2.09080790371059	chr20	train	0.9901634
ENST00000485648.5	ENSG00000100417.13	ENST00000216259.8	Control	391	FALSE	391	414	FALSE	0.0787683088502044	chr22	train	0.9379991
ENST00000486040.1	ENSG00000122687.20	ENST00000467199.5	NMD+/PTC-	1682	TRUE	1682	1270	TRUE	0.539933298886616			
ENST00000486228.7	ENSG00000156345.19	ENST00000325303.9	NMD+/PTC+	757	FALSE	757	330	FALSE	2.5347772963269	chr9	train	0.8768214
ENST00000487577.5	ENSG00000025708.15	ENST00000252029.8	Control	1736	TRUE	1736	164	TRUE	-0.0214980060667509	chr22	train	0.091211386
ENST00000488362.5	ENSG00000184497.14	ENST00000375353.5	Control	531	TRUE	531	322	TRUE	-0.0726222843145357	chr13	train	0.029269733
ENST00000488673.6	ENSG00000165275.11	ENST00000857926.1	NMD+/PTC+	588	FALSE	588	237	FALSE	4.82791229053695	chr9	train	0.9856235
ENST00000488877.6	ENSG00000026103.25	ENST00000652046.1	NMD+/PTC+	448	FALSE	448	63	FALSE	2.37014494193754	chr10	train	0.9305959
ENST00000489394.5	ENSG00000130066.17	ENST00000379270.5	NMD+/PTC+	369	FALSE	369	110	FALSE	5.47119796080788	chrX	train	0.9768852
ENST00000489519.1	ENSG00000160325.16	ENST00000316948.9	NMD+/PTC-	391	TRUE	391	532	TRUE	2.561964065176	chr9	train	0.1843158
ENST00000489772.5	ENSG00000100083.21	ENST00000343632.9	Control	301	TRUE	301	1225	TRUE	0.0199346454409755	chr22	train	0.061809365
ENST00000491231.5	ENSG00000162236.14	ENST00000294179.8	NMD+/PTC+	859	FALSE	859	107	FALSE	4.42800662461498	chr11	train	0.95051664
ENST00000491265.1	ENSG00000173272.17	ENST00000309451.7	Control	408	TRUE	408	2656	TRUE	-0.0540538300172183	chr2	val	0.048714478
ENST00000491402.5	ENSG00000100483.15	ENST00000395860.7	NMD+/PTC+	481	FALSE	481	73	FALSE	3.54862418149081	chr14	train	0.9803642
ENST00000491407.1	ENSG00000160813.8	ENST00000292330.3	NMD+/PTC+	634	FALSE	634	434	FALSE	1.99797135678443	chr7	test	0.20426214
ENST00000491410.1	ENSG00000078618.24	ENST00000354831.11	Control	813	TRUE	813	523	TRUE	-0.0477334979816372			
ENST00000492498.5	ENSG00000101146.14	ENST00000395841.7	NMD+/PTC+	808	FALSE	808	76	FALSE	3.78177757447375	chr20	train	0.94976
ENST00000492540.5	ENSG00000054148.19	ENST00000247665.12	NMD+/PTC+	716	FALSE	716	548	FALSE	3.97156929357809	chr9	train	0.8282847
ENST00000492996.6	ENSG00000148634.17	ENST00000373700.9	Control	581	TRUE	581	2911	TRUE	0.0689786343749883	chr10	train	0.045611408
ENST00000493053.5	ENSG00000165629.21	ENST00000356708.12	NMD+/PTC+	203	FALSE	203	132	FALSE	2.62031479491033	chr10	train	0.82731307
ENST00000493230.5	ENSG00000174775.19	ENST00000311189.8	NMD+/PTC+	687	FALSE	687	82	FALSE	4.157306303798	chr11	train	0.9769493
ENST00000493368.5	ENSG00000137106.19	ENST00000460882.5	Control	726	TRUE	726	675	TRUE	0.0280550042559861	chr9	train	0.068228185
ENST00000493680.5	ENSG00000099968.20	ENST00000317582.10	Control	771	TRUE	771	1491	TRUE	-0.0397204653685621	chr22	train	0.033948172
ENST00000494584.5	ENSG00000130717.14	ENST00000372215.5	NMD+/PTC+	364	FALSE	364	69	FALSE	3.47571748308841	chr9	train	0.9783529
ENST00000494826.1	ENSG00000146476.12	ENST00000367294.4	NMD+/PTC+	229	FALSE	229	245	FALSE	3.57614886956779	chr6	train	0.6423782
ENST00000495421.1	ENSG00000132768.15	ENST00000255108.8	NMD+/PTC+	446	FALSE	446	224	FALSE	0.726900631452808	chr1	test	0.7381602
ENST00000495509.6	ENSG00000112511.19	ENST00000374516.8	NMD+/PTC+	1364	FALSE	1364	95	FALSE	2.14379930983356	chr6	train	0.93213385
ENST00000495579.5	ENSG00000213676.14	ENST00000375201.8	NMD+/PTC-	970	TRUE	970	461	TRUE	0.541681919511715			
ENST00000495742.5	ENSG00000168765.20	ENST00000369836.9	NMD+/PTC+	424	FALSE	424	96	FALSE	2.46577236586951	chr1	test	0.903822
ENST00000498336.5	ENSG00000204576.13	ENST00000376557.3	NMD+/PTC+	297	FALSE	297	181	FALSE	3.401723441395	chr6	train	0.6707792
ENST00000498510.2	ENSG00000041880.16	ENST00000471971.6	Control	1708	TRUE	1708	414	TRUE	-0.0370364549243298	chr3	test	0.014734358
ENST00000501493.6	ENSG00000109814.13	ENST00000316423.11	Control	1446	TRUE	1446	1491	TRUE	0.0486691600472752	chr4	val	0.03153598
ENST00000502506.6	ENSG00000186010.20	ENST00000507754.9	NMD+/PTC+	825	FALSE	825	236	FALSE	3.65871678653739	chr19	train	0.7356553
ENST00000502973.1	ENSG00000145414.10	ENST00000274054.3	NMD+/PTC+	569	FALSE	569	103	FALSE	1.61617227274571	chr4	val	0.49798185
ENST00000502979.1	ENSG00000145740.21	ENST00000380860.8	Control	292	TRUE	292	473	TRUE	-0.0200001829756983	chr5	test	0.058898017
ENST00000503235.1	ENSG00000168884.16	ENST00000315423.12	Control	1094	TRUE	1094	823	TRUE	-0.0263893612503607	chr4	val	0.10764195
ENST00000503596.5	ENSG00000109736.16	ENST00000329687.8	NMD+/PTC+	796	FALSE	796	112	FALSE	3.65531381450246	chr4	val	0.96390545
ENST00000503936.6	ENSG00000113638.15	ENST00000337702.5	NMD+/PTC-	364	TRUE	364	1363	TRUE	1.59557534075035	chr5	test	0.31435177
ENST00000504011.5	ENSG00000154553.17	ENST00000284771.7	Control	627	TRUE	627	2244	TRUE	0.00462027345098471	chr4	val	0.06784942
ENST00000504286.2	ENSG00000145545.14	ENST00000274192.7	NMD+/PTC+	884	FALSE	884	151	FALSE	3.21156206093839	chr5	test	0.6402082
ENST00000504878.1	ENSG00000134480.18	ENST00000256897.9	Control	1325	TRUE	1325	211	TRUE	0.106796033912273	chr5	test	0.92369354
ENST00000505603.5	ENSG00000169762.18	ENST00000503858.1	NMD+/PTC-	1585	TRUE	1585	277	TRUE	1.85984047373994	chr4	val	0.9261002
ENST00000505803.5	ENSG00000164211.14	ENST00000502322.5	Control	799	TRUE	799	225	TRUE	-0.0644326397735656	chr5	test	0.1088679
ENST00000506139.5	ENSG00000037474.16	ENST00000264670.11	Control	2262	TRUE	2262	664	TRUE	-0.0536020079810236	chr5	test	0.019856019
ENST00000508274.5	ENSG00000157869.17	ENST00000330852.10	NMD+/PTC+	467	FALSE	467	104	FALSE	1.63009889183352	chr4	val	0.90976685
ENST00000508629.5	ENSG00000145723.18	ENST00000399004.7	Control	710	TRUE	710	360	TRUE	-0.0413748120030406	chr5	test	0.048133384
ENST00000510267.5	ENSG00000168884.16	ENST00000315423.12	NMD+/PTC+	397	FALSE	397	291	FALSE	0.706904171243964			
ENST00000510985.1	ENSG00000163312.12	ENST00000295488.8	Control	3235	TRUE	3235	188	TRUE	-0.0563616742380437	chr4	val	0.054225978
ENST00000511137.5	ENSG00000164211.14	ENST00000502322.5	NMD+/PTC+	326	FALSE	326	115	FALSE	3.0715356203325	chr5	test	0.79655665
ENST00000512606.6	ENSG00000184584.15	ENST00000652110.1	NMD+/PTC+	330	FALSE	330	546	FALSE	1.87298405826724	chr5	test	0.7372289
ENST00000513117.1	ENSG00000145545.14	ENST00000274192.7	Control	461	FALSE	461	102	FALSE	-0.0173268199494116	chr5	test	0.4402715
ENST00000514033.1	ENSG00000109787.14	ENST00000261438.10	Control	1003	TRUE	1003	1023	TRUE	0.033882590627563	chr4	val	0.06170414
ENST00000515708.5	ENSG00000048140.19	ENST00000508164.6	Control	840	TRUE	840	1536	TRUE	-0.0543476788792701	chr5	test	0.0954628
ENST00000515853.5	ENSG00000163291.15	ENST00000512733.5	Control	773	TRUE	773	2740	TRUE	-0.103689444690807	chr4	val	0.8104129
ENST00000518714.5	ENSG00000112237.14	ENST00000520429.6	Control	984	TRUE	984	494	TRUE	-0.0401376136996557	chr6	train	0.027922887
ENST00000518913.5	ENSG00000168487.20	ENST00000306349.13	NMD+/PTC+	722	FALSE	722	216	FALSE	3.49990133953159	chr8	train	0.9879417
ENST00000519357.1	ENSG00000111671.11	ENST00000524270.6	Control	991	TRUE	991	1405	TRUE	0.0621967288300051	chr12	train	0.05841979
ENST00000519607.5	ENSG00000120526.13	ENST00000239690.9	NMD+/PTC+	433	FALSE	433	92	FALSE	3.83774491132907	chr8	train	0.9619726
ENST00000520511.1	ENSG00000156804.8	ENST00000517956.5	Control	581	TRUE	581	259	TRUE	-0.0104193079101886	chr8	train	0.031590864
ENST00000520957.1	ENSG00000113240.15	ENST00000316308.9	Control	278	TRUE	278	1605	TRUE	-0.0246774307099305	chr5	test	0.095237106
ENST00000521166.5	ENSG00000176853.17	ENST00000334705.12	Control	2617	TRUE	2617	198	TRUE	-0.0611229081522564	chr8	train	0.034221694
ENST00000523444.2	ENSG00000104320.16	ENST00000265433.8	Control	2478	TRUE	2478	2277	TRUE	-0.0481462988409783	chr8	train	0.59039176
ENST00000523887.5	ENSG00000147475.18	ENST00000648919.1	Control	690	TRUE	690	1980	TRUE	-0.0384067539348933	chr8	train	0.07335228
ENST00000524214.5	ENSG00000080823.24	ENST00000522874.5	Control	1387	TRUE	1387	230	TRUE	-0.061930726690131	chr14	train	0.27965096
ENST00000524782.6	ENSG00000149182.16	ENST00000525314.6	Control	1592	TRUE	1592	1202	TRUE	-0.00605910716043629	chr11	train	0.08274874
ENST00000525158.1	ENSG00000134809.10	ENST00000257245.9	Control	454	TRUE	454	278	TRUE	0.020625499110014	chr11	train	0.105114914
ENST00000526288.1	ENSG00000121621.8	ENST00000263181.7	Control	566	TRUE	566	662	TRUE	-0.0287175956145652	chr11	train	0.02469789
ENST00000526711.5	ENSG00000166333.15	ENST00000420936.6	NMD+/PTC+	259	FALSE	259	96	FALSE	2.05853743250788	chr11	train	0.9764089
ENST00000527764.1	ENSG00000116871.17	ENST00000474796.2	NMD+/PTC-	709	TRUE	709	311	TRUE	1.53124155179668	chr1	test	0.08218993
ENST00000528071.5	ENSG00000030066.15	ENST00000378460.7	Control	3370	TRUE	3370	935	TRUE	-0.0190419018909119	chr11	train	0.021319874
ENST00000529397.5	ENSG00000154114.14	ENST00000422003.6	Control	1375	TRUE	1375	319	TRUE	-0.0798980880219349	chr11	train	0.04436669
ENST00000533383.5	ENSG00000168522.14	ENST00000302279.8	NMD+/PTC+	219	FALSE	219	115	FALSE	2.64885412254295	chr8	train	0.90523684
ENST00000533603.5	ENSG00000149257.17	ENST00000358171.8	NMD+/PTC-	1597	TRUE	1597	1003	TRUE	3.42540101605682	chr11	train	0.2979184
ENST00000533723.1	ENSG00000166471.12	ENST00000528080.6	Control	576	TRUE	576	292	TRUE	-0.0126847258122745	chr11	train	0.031626828
ENST00000534405.5	ENSG00000166311.11	ENST00000342245.9	NMD+/PTC+	1333	FALSE	1333	172	FALSE	4.63596791184522	chr11	train	0.9669456
ENST00000535306.6	ENSG00000181481.15	ENST00000324689.8	Control	875	TRUE	875	1250	TRUE	-0.0356319958690979	chr17	train	0.062407795
ENST00000536343.5	ENSG00000102858.14	ENST00000262370.12	NMD+/PTC+	1080	FALSE	1080	227	FALSE	3.23738941789714	chr16	train	0.97197425
ENST00000536532.6	ENSG00000196839.15	ENST00000537820.2	NMD+/PTC+	874	FALSE	874	130	FALSE	3.70930629956593	chr20	train	0.9718179
ENST00000536761.5	ENSG00000151743.11	ENST00000281471.11	Control	999	TRUE	999	100	TRUE	0.106597655430321	chr12	train	0.8388081
ENST00000536889.1	ENSG00000133134.13	ENST00000372677.8	NMD+/PTC-	839	TRUE	839	628	TRUE	2.0699333497286			
ENST00000537971.5	ENSG00000011105.15	ENST00000011898.10	Control	836	TRUE	836	3520	TRUE	0.0509873059284175	chr12	train	0.107792735
ENST00000538839.5	ENSG00000159423.18	ENST00000375341.8	Control	1544	TRUE	1544	1526	TRUE	0.063371137406099	chr1	test	0.035203945
ENST00000539041.5	ENSG00000172594.14	ENST00000368440.5	Control	1446	TRUE	1446	627	TRUE	-0.0382716371424956	chr6	train	0.20904362
ENST00000539140.6	ENSG00000156171.16	ENST00000484310.6	Control	1045	TRUE	1045	935	TRUE	-0.0538015422361197	chr1	test	0.048007157
ENST00000539417.6	ENSG00000129197.16	ENST00000381209.8	NMD+/PTC+	1006	FALSE	1006	141	FALSE	3.30039620906382	chr17	train	0.6775015
ENST00000539480.5	ENSG00000115286.22	ENST00000313408.11	Control	576	TRUE	576	1172	TRUE	-0.0115405414673857	chr19	train	0.048359293
ENST00000540550.6	ENSG00000123297.21	ENST00000652027.2	NMD+/PTC-	543	TRUE	543	1411	TRUE	2.43655592359554	chr12	train	0.15192635
ENST00000541210.5	ENSG00000088992.19	ENST00000470612.5	Control	728	TRUE	728	286	TRUE	-0.0074251745087715	chr12	train	0.049176127
ENST00000541435.6	ENSG00000089327.17	ENST00000342879.7	Control	654	TRUE	654	294	TRUE	-0.0260399203056218	chr19	train	0.10861562
ENST00000542934.5	ENSG00000070495.16	ENST00000397625.9	NMD+/PTC+	1393	FALSE	1393	139	FALSE	3.89838858971434	chr17	train	0.89021105
ENST00000543699.5	ENSG00000110801.15	ENST00000541212.6	NMD+/PTC+	550	FALSE	550	102	FALSE	4.59210495811829	chr12	train	0.9323006
ENST00000543727.5	ENSG00000123297.21	ENST00000652027.2	Control	651	TRUE	651	77	TRUE	-0.0506666291508297	chr12	train	0.07309182
ENST00000543753.5	ENSG00000157992.13	ENST00000872249.1	Control	770	FALSE	770	113	TRUE	-0.0367539746979495	chr2	val	0.22676392
ENST00000543823.1	ENSG00000142765.19	ENST00000318074.9	Control	2151	TRUE	2151	218	TRUE	-0.053132532493132	chr1	test	0.32753983
ENST00000543987.5	ENSG00000151116.18	ENST00000396197.8	Control	1232	TRUE	1232	1287	TRUE	-0.0206700048422524	chr11	train	0.116812624
ENST00000544052.6	ENSG00000092108.23	ENST00000458591.7	Control	1878	TRUE	1878	204	TRUE	-0.0618299570346705	chr14	train	0.13417609
ENST00000544060.1	ENSG00000139372.15	ENST00000392872.8	Control	621	TRUE	621	838	TRUE	-0.0467463744118204	chr12	train	0.057749722
ENST00000544117.6	ENSG00000167528.14	ENST00000863442.1	Control	2026	TRUE	2026	6548	TRUE	0.0442305785257695	chr12	train	0.1680656
ENST00000544257.5	ENSG00000166532.17	ENST00000535829.6	NMD+/PTC+	1106	FALSE	1106	213	FALSE	6.30716850110868	chr12	train	0.9460347
ENST00000545612.5	ENSG00000111325.17	ENST00000454694.6	Control	1373	TRUE	1373	356	TRUE	-0.0507258579070174	chr12	train	0.3915274
ENST00000546181.2	ENSG00000089818.18	ENST00000339754.11	Control	274	TRUE	274	880	TRUE	0.00204469407301362	chr12	train	0.18013203
ENST00000546215.5	ENSG00000073060.18	ENST00000339570.9	Control	1509	FALSE	1509	129	TRUE	0.000868560030053626	chr12	train	0.064932354
ENST00000546360.5	ENSG00000070540.14	ENST00000262139.10	Control	1316	TRUE	1316	307	TRUE	-0.0288924005080283	chr17	train	0.3895454
ENST00000547382.5	ENSG00000139636.17	ENST00000267102.13	Control	1705	TRUE	1705	598	TRUE	0.0238259090607374	chr12	train	0.052835364
ENST00000547997.5	ENSG00000028203.20	ENST00000436874.6	Control	2503	TRUE	2503	1008	TRUE	0.0974305787780028	chr12	train	0.842062
ENST00000550536.5	ENSG00000127328.23	ENST00000247833.12	Control	1888	TRUE	1888	7841	TRUE	0.153839840895359	chr12	train	0.13459617
ENST00000550709.5	ENSG00000135451.14	ENST00000257909.8	Control	479	TRUE	479	536	TRUE	-0.0121861047930738	chr12	train	0.05604042
ENST00000550746.5	ENSG00000121749.17	ENST00000485960.7	Control	2140	TRUE	2140	4266	TRUE	-0.0366791976722734	chr12	train	0.03247381
ENST00000553152.2	ENSG00000089127.15	ENST00000452357.7	Control	1233	TRUE	1233	1296	TRUE	-0.0431411066139968	chr12	train	0.08555489
ENST00000553486.5	ENSG00000119688.22	ENST00000356924.9	NMD+/PTC+	202	FALSE	202	140	FALSE	1.72880317568588	chr14	train	0.9358339
ENST00000554764.6	ENSG00000166888.14	ENST00000300134.8	Control	2660	TRUE	2660	910	TRUE	0.0391438166246239	chr12	train	0.6152308
ENST00000554871.5	ENSG00000119661.16	ENST00000553645.7	Control	632	TRUE	632	41	TRUE	0.00953117396017325	chr14	train	0.8470205
ENST00000555238.6	ENSG00000133961.23	ENST00000557597.5	Control	2242	TRUE	2242	2078	TRUE	0.10153668238304	chr14	train	0.052331094
ENST00000555269.5	ENSG00000182400.16	ENST00000330149.10	NMD+/PTC+	409	FALSE	409	101	FALSE	3.26195219565997	chr14	train	0.91908324
ENST00000555358.5	ENSG00000196792.13	ENST00000355683.9	NMD+/PTC+	1131	FALSE	1131	176	FALSE	3.60972621794779	chr14	train	0.9937729
ENST00000556670.6	ENSG00000165792.19	ENST00000339374.11	Control	1360	TRUE	1360	219	TRUE	-0.0215922505574737	chr14	train	0.02983779
ENST00000557235.5	ENSG00000170581.16	ENST00000314128.9	Control	2620	TRUE	2620	596	TRUE	0.0289261363541224	chr12	train	0.02236658
ENST00000557550.6	ENSG00000165792.19	ENST00000339374.11	NMD+/PTC+	475	FALSE	475	114	FALSE	3.02463307959563	chr14	train	0.9423411
ENST00000559556.5	ENSG00000140416.27	ENST00000358278.7	Control	927	TRUE	927	133	TRUE	-0.0119540316239947	chr15	train	0.0655251
ENST00000562410.5	ENSG00000205084.13	ENST00000258173.11	NMD+/PTC+	378	FALSE	378	252	FALSE	2.18790806963471	chr16	train	0.957162
ENST00000562442.5	ENSG00000103429.12	ENST00000261658.7	Control	802	TRUE	802	786	TRUE	-0.0261157266695432	chr16	train	0.067274235
ENST00000562706.5	ENSG00000166479.11	ENST00000299608.7	Control	665	TRUE	665	368	TRUE	-0.0443554477482171	chr18	train	0.02102189
ENST00000563594.6	ENSG00000140995.18	ENST00000418391.6	Control	1523	TRUE	1523	2200	TRUE	0.0891152648426158	chr16	train	0.059891865
ENST00000564105.5	ENSG00000174177.14	ENST00000453996.7	Control	1517	TRUE	1517	139	TRUE	0.176907444798763	chr16	train	0.97185147
ENST00000564466.5	ENSG00000153786.14	ENST00000313732.9	Control	1358	TRUE	1358	307	TRUE	-0.0111581058683226	chr16	train	0.08512429
ENST00000564631.5	ENSG00000166479.11	ENST00000299608.7	NMD+/PTC+	364	FALSE	364	81	FALSE	3.35265169955981	chr18	train	0.98771465
ENST00000564777.5	ENSG00000067221.15	ENST00000316911.10	Control	1118	TRUE	1118	925	TRUE	-0.0120464258217281	chr15	train	0.091344535
ENST00000565425.5	ENSG00000103245.15	ENST00000563051.1	NMD+/PTC-	1308	TRUE	1308	847	TRUE	3.33176870494946	chr16	train	0.9720585
ENST00000565466.5	ENSG00000198690.11	ENST00000362065.9	Control	1873	TRUE	1873	658	TRUE	-0.0796782859418872	chr15	train	0.052274954
ENST00000565701.1	ENSG00000140950.17	ENST00000899777.1	NMD+/PTC-	298	TRUE	298	408	TRUE	1.88732275618157	chr16	train	0.21930322
ENST00000566014.2	ENSG00000103978.18	ENST00000389834.9	Control	1807	TRUE	1807	1158	TRUE	-0.0133414253579228	chr15	train	0.21245342
ENST00000566188.5	ENSG00000103066.14	ENST00000219345.10	NMD+/PTC-	763	TRUE	763	547	TRUE	1.31425054131047	chr16	train	0.23367728
ENST00000566756.5	ENSG00000140931.21	ENST00000567572.6	NMD+/PTC+	561	FALSE	561	245	FALSE	2.55553433454338	chr16	train	0.82909954
ENST00000567795.3	ENSG00000174943.12	ENST00000568000.6	Control	694	TRUE	694	2292	TRUE	-0.0584082819104852	chr16	train	0.019424278
ENST00000568077.5	ENSG00000130731.17	ENST00000397666.6	Control	493	TRUE	493	143	TRUE	-0.00561680207601173	chr16	train	0.62266064
ENST00000568295.5	ENSG00000158805.13	ENST00000289816.9	NMD+/PTC+	1134	FALSE	1134	84	FALSE	5.02780398196313	chr16	train	0.9709018
ENST00000568470.6	ENSG00000172831.15	ENST00000317091.10	NMD+/PTC+	1340	FALSE	1340	1506	FALSE	2.48144132802695	chr16	train	0.7743732
ENST00000569031.6	ENSG00000234465.11	ENST00000562365.2	Control	460	TRUE	460	231	TRUE	-0.101789728588513			
ENST00000569482.5	ENSG00000140400.19	ENST00000267978.10	Control	3063	TRUE	3063	241	TRUE	0.108840329088034			
ENST00000570030.1	ENSG00000177548.14	ENST00000358201.9	Control	536	TRUE	536	256	TRUE	0.0624199308908907	chr16	train	0.09846552
ENST00000572415.5	ENSG00000133393.14	ENST00000255759.11	NMD+/PTC+	411	FALSE	411	85	FALSE	2.91232782959659	chr16	train	0.90733904
ENST00000573150.5	ENSG00000181523.14	ENST00000326317.11	NMD+/PTC+	729	FALSE	729	204	FALSE	3.27361288436299	chr17	train	0.9413981
ENST00000574509.1	ENSG00000171861.12	ENST00000574916.1	NMD+/PTC+	343	FALSE	343	168	FALSE	0.618688530041673			
ENST00000574867.5	ENSG00000108559.14	ENST00000573584.6	Control	1686	TRUE	1686	585	TRUE	-0.0452445608855477	chr17	train	0.041022047
ENST00000575333.5	ENSG00000141198.17	ENST00000575882.6	Control	1050	TRUE	1050	925	TRUE	-0.00539627094176184	chr17	train	0.056578107
ENST00000575744.5	ENSG00000133393.14	ENST00000255759.11	Control	345	TRUE	345	297	TRUE	-0.0260981538457859	chr16	train	0.022856442
ENST00000575949.6	ENSG00000108433.17	ENST00000640051.2	NMD+/PTC-	470	TRUE	470	1201	TRUE	1.97544059557958	chr17	train	0.3389981
ENST00000575960.5	ENSG00000228696.13	ENST00000450673.4	Control	606	TRUE	606	146	TRUE	-0.0546613898128617	chr17	train	0.06534917
ENST00000578205.5	ENSG00000126858.20	ENST00000333942.10	Control	2001	TRUE	2001	888	TRUE	0.174602232247179	chr17	train	0.93844837
ENST00000579248.5	ENSG00000265681.9	ENST00000578532.5	Control	755	TRUE	755	83	TRUE	-0.0686936211413621			
ENST00000579677.5	ENSG00000135164.20	ENST00000331242.12	NMD+/PTC+	1092	FALSE	1092	282	FALSE	3.3599710286421	chr7	test	0.9652154
ENST00000579847.5	ENSG00000133313.16	ENST00000324262.9	Control	1590	TRUE	1590	1133	TRUE	-0.0334727844333019	chr18	train	0.10304907
ENST00000581729.2	ENSG00000178971.18	ENST00000651323.1	Control	3445	TRUE	3445	474	TRUE	0.0668767300033229	chr17	train	0.05373441
ENST00000582773.5	ENSG00000109066.15	ENST00000335464.10	NMD+/PTC-	1088	TRUE	1088	865	TRUE	1.68283566548475	chr17	train	0.36622545
ENST00000582781.5	ENSG00000171475.15	ENST00000585043.5	NMD+/PTC+	474	FALSE	474	117	FALSE	2.20563336291596	chr17	train	0.87054527
ENST00000583328.5	ENSG00000177302.17	ENST00000580095.5	Control	512	TRUE	512	417	TRUE	-0.11746696580791	chr17	train	0.056717787
ENST00000583540.2	ENSG00000189152.12	ENST00000344415.9	NMD+/PTC+	341	FALSE	341	68	FALSE	2.76817621515567	chr17	train	0.94704497
ENST00000585388.2	ENSG00000161654.11	ENST00000293406.8	Control	765	FALSE	765	241	TRUE	0.0695223373091646	chr17	train	0.3660741
ENST00000585800.1	ENSG00000186812.14	ENST00000330501.12	Control	1338	TRUE	1338	918	TRUE	-0.0931331894722061	chr18	train	0.10095451
ENST00000586653.5	ENSG00000176014.14	ENST00000591909.5	Control	343	TRUE	343	459	TRUE	0.0253305782071198	chr18	train	0.062455494
ENST00000587238.5	ENSG00000089639.12	ENST00000203556.9	Control	2867	TRUE	2867	494	TRUE	0.0251405642822761	chr19	train	0.042443093
ENST00000587385.6	ENSG00000126249.8	ENST00000246535.4	NMD+/PTC+	283	FALSE	283	342	FALSE	2.92331235978836	chr19	train	0.8546766
ENST00000588994.5	ENSG00000102858.14	ENST00000262370.12	Control	1665	TRUE	1665	113	TRUE	0.0437394949148682	chr16	train	0.059172012
ENST00000590310.2	ENSG00000136448.14	ENST00000258960.7	Control	1211	TRUE	1211	415	TRUE	-0.0390937218496742			
ENST00000590925.6	ENSG00000089685.16	ENST00000350051.8	NMD+/PTC+	415	FALSE	415	165	FALSE	4.13692598168001	chr17	train	0.79819286
ENST00000592290.5	ENSG00000089327.17	ENST00000342879.7	NMD+/PTC+	433	FALSE	433	93	FALSE	3.25305793765411	chr19	train	0.97337824
ENST00000593233.1	ENSG00000174886.16	ENST00000592634.5	NMD+/PTC+	152	FALSE	152	120	FALSE	1.51170529246927			
ENST00000595670.5	ENSG00000077463.16	ENST00000600938.5	NMD+/PTC+	530	FALSE	530	258	FALSE	4.09369475584275	chr19	train	0.93750393
ENST00000596915.1	ENSG00000105656.14	ENST00000262809.9	Control	333	TRUE	333	476	TRUE	0.07652870556577	chr19	train	0.045397796
ENST00000597849.5	ENSG00000142002.20	ENST00000262960.14	Control	1722	TRUE	1722	507	TRUE	-0.059449958720799	chr19	train	0.11678398
ENST00000599369.5	ENSG00000099326.10	ENST00000215057.7	Control	2448	TRUE	2448	1572	TRUE	-0.0379568626338619	chr19	train	0.04797659
ENST00000601675.5	ENSG00000104960.15	ENST00000599732.5	Control	1355	FALSE	1355	69	FALSE	-0.0477317495561011	chr19	train	0.21301748
ENST00000602022.5	ENSG00000127527.16	ENST00000597937.5	NMD+/PTC+	2279	FALSE	2279	206	FALSE	1.97224361805205	chr19	train	0.70296293
ENST00000605788.6	ENSG00000166197.18	ENST00000488254.6	Control	2122	TRUE	2122	1760	TRUE	0.00215157006631175	chr10	train	0.014435969
ENST00000611268.4	ENSG00000166471.12	ENST00000528080.6	NMD+/PTC+	1000	FALSE	1000	223	FALSE	1.91432020008115	chr11	train	0.4029779
ENST00000611366.5	ENSG00000100918.15	ENST00000620473.4	Control	2117	TRUE	2117	245	TRUE	-0.0606268886571885	chr14	train	0.117656566
ENST00000613002.4	ENSG00000102125.18	ENST00000601016.6	Control	1050	TRUE	1050	537	TRUE	-0.0525092570851525	chrX	train	0.09525988
ENST00000615148.5	ENSG00000141452.12	ENST00000269221.8	Control	1953	TRUE	1953	183	TRUE	0.0406222025650728	chr18	train	0.16325024
ENST00000615329.4	ENSG00000136643.13	ENST00000366960.8	NMD+/PTC+	1250	FALSE	1250	1596	FALSE	2.21861723028962	chr1	test	0.9517218
ENST00000615724.1	ENSG00000023909.11	ENST00000370238.8	Control	1052	TRUE	1052	2126	TRUE	-0.0634101359578376	chr1	test	0.052450817
ENST00000615986.4	ENSG00000102125.18	ENST00000601016.6	NMD+/PTC+	569	FALSE	569	152	FALSE	3.66563693321162	chrX	train	0.87706065
ENST00000616000.4	ENSG00000137868.20	ENST00000395105.9	Control	2232	TRUE	2232	775	TRUE	0.0398233709320499	chr15	train	0.052632056
ENST00000616701.5	ENSG00000012171.21	ENST00000433753.4	Control	2344	TRUE	2344	1245	TRUE	0.0750253397538301	chr3	test	0.049635272
ENST00000617207.4	ENSG00000269335.8	ENST00000594239.6	Control	1377	TRUE	1377	715	TRUE	0.0377883467279177	chrX	train	0.044317532
ENST00000618590.1	ENSG00000164978.20	ENST00000892446.1	Control	554	TRUE	554	588	TRUE	-0.0779407593382036	chr9	train	0.098731406
ENST00000618911.4	ENSG00000048162.23	ENST00000614830.5	Control	1087	TRUE	1087	306	TRUE	0.0336405768599301	chr5	test	0.1831487
ENST00000619373.5	ENSG00000268350.9	ENST00000612846.5	NMD+/PTC-	1174	TRUE	1174	1452	TRUE	1.59096529095232			
ENST00000620358.4	ENSG00000010030.14	ENST00000339796.9	Control	1149	TRUE	1149	568	TRUE	0.002911968056475	chr6	train	0.9038386
ENST00000620557.4	ENSG00000147654.17	ENST00000337573.10	Control	757	TRUE	757	1550	TRUE	-0.0992295930573373	chr8	train	0.09667641
ENST00000621344.4	ENSG00000278259.6	ENST00000614623.5	Control	1357	TRUE	1357	420	TRUE	-0.061770252583252	chr17	train	0.13649538
ENST00000622833.4	ENSG00000157045.9	ENST00000565187.5	Control	872	TRUE	872	357	TRUE	0.139505374615978	chr16	train	0.039222986
ENST00000623711.4	ENSG00000163785.15	ENST00000620660.4	Control	2029	TRUE	2029	1132	TRUE	-0.068685938935875	chr3	test	0.044938456
ENST00000626491.2	ENSG00000118961.16	ENST00000541941.5	Control	901	TRUE	901	470	TRUE	0.0560393732558791	chr2	val	0.03567163
ENST00000626847.2	ENSG00000205571.16	ENST00000380743.9	Control	881	TRUE	881	574	TRUE	-0.0146303022526913	chr5	test	0.058721855
ENST00000628829.2	ENSG00000162174.13	ENST00000301776.9	NMD+/PTC+	304	FALSE	304	158	FALSE	2.13207140826161	chr11	train	0.9409836
ENST00000629543.2	ENSG00000007392.18	ENST00000337351.8	NMD+/PTC+	277	FALSE	277	95	FALSE	4.99402673142381	chr16	train	0.963499
ENST00000636077.2	ENSG00000103264.19	ENST00000311635.12	Control	1711	TRUE	1711	4524	TRUE	-0.0123656764396735	chr16	train	0.09370837
ENST00000638270.1	ENSG00000042429.13	ENST00000525613.2	Control	1907	TRUE	1907	482	TRUE	0.110502257730143	chr11	train	0.19681968
ENST00000638487.1	ENSG00000042429.13	ENST00000525613.2	NMD+/PTC-	2416	TRUE	2416	1416	TRUE	4.04592932636012	chr11	train	0.97153544
ENST00000640621.1	ENSG00000108433.17	ENST00000640051.2	Control	643	TRUE	643	2668	TRUE	-0.0466617168897329	chr17	train	0.039818335
ENST00000641025.1	ENSG00000164073.12	ENST00000641243.1	NMD+/PTC+	1047	FALSE	1047	248	FALSE	3.37002771289113	chr4	val	0.1514967
ENST00000641690.1	ENSG00000164073.12	ENST00000641243.1	Control	1396	TRUE	1396	3010	TRUE	0.0236744752672027	chr4	val	0.07396073
ENST00000642244.1	ENSG00000122335.18	ENST00000642903.1	Control	1983	TRUE	1983	883	TRUE	-0.0157177730562992	chr6	train	0.12050038
ENST00000642292.1	ENSG00000122512.18	ENST00000642456.1	Control	2527	TRUE	2527	296	TRUE	0.197772883711327	chr7	test	0.07813164
ENST00000642752.1	ENSG00000112855.18	ENST00000230771.9	Control	1618	TRUE	1618	788	TRUE	0.0612604621110657	chr5	test	0.1999501
ENST00000642817.1	ENSG00000186073.15	ENST00000437989.6	NMD+/PTC+	381	FALSE	381	61	FALSE	3.76944638623347	chr15	train	0.84485096
ENST00000643457.1	ENSG00000172113.11	ENST00000442597.6	Control	678	TRUE	678	809	TRUE	-0.0157229741448825	chr3	test	0.06818164
ENST00000643595.1	ENSG00000122512.18	ENST00000642456.1	NMD+/PTC+	572	FALSE	572	119	FALSE	3.78226092612194	chr7	test	0.7763601
ENST00000644094.1	ENSG00000169359.17	ENST00000643144.2	NMD+/PTC+	1262	FALSE	1262	118	FALSE	3.92622932107634	chr3	test	0.6612389
ENST00000644338.1	ENSG00000136143.17	ENST00000646932.1	Control	676	TRUE	676	406	TRUE	-0.00931049773892225	chr13	train	0.030217793
ENST00000646097.1	ENSG00000139687.18	ENST00000267163.6	Control	481	TRUE	481	200	TRUE	-0.0376460671297766	chr13	train	0.034526464
ENST00000646559.1	ENSG00000127990.20	ENST00000648936.2	NMD+/PTC+	205	FALSE	205	62	FALSE	1.56895836079176	chr7	test	0.49288628
ENST00000648890.1	ENSG00000145191.16	ENST00000648915.2	NMD+/PTC+	1602	FALSE	1602	108	FALSE	4.90948278294867	chr3	test	0.98892885
ENST00000649602.1	ENSG00000005302.19	ENST00000482871.6	NMD+/PTC-	1571	TRUE	1571	757	TRUE	0.455643537721528			
ENST00000649642.1	ENSG00000140519.15	ENST00000268122.9	NMD+/PTC+	1291	FALSE	1291	74	FALSE	2.95351503590802	chr15	train	0.81702644
ENST00000650045.1	ENSG00000172175.17	ENST00000649217.2	NMD+/PTC+	1483	FALSE	1483	99	FALSE	2.98779538846301	chr18	train	0.9849439
ENST00000650714.1	ENSG00000131778.21	ENST00000652616.1	Control	2385	TRUE	2385	155	TRUE	-0.0155369323665435	chr1	test	0.048871875
ENST00000650721.1	ENSG00000131778.21	ENST00000652616.1	NMD+/PTC+	1123	FALSE	1123	111	FALSE	4.28757199616253	chr1	test	0.9929791
ENST00000650811.1	ENSG00000163249.14	ENST00000295414.8	NMD+/PTC+	477	FALSE	477	52	FALSE	3.49048133689666	chr2	val	0.9892412
ENST00000651498.1	ENSG00000118960.14	ENST00000304031.8	NMD+/PTC+	416	FALSE	416	217	FALSE	1.69288629337862	chr2	val	0.9525664
ENST00000652537.1	ENSG00000183735.12	ENST00000331710.10	NMD+/PTC+	1853	FALSE	1853	108	FALSE	2.50421466112779	chr12	train	0.99443394
ENST00000652555.1	ENSG00000174989.15	ENST00000455858.2	Control	1885	TRUE	1885	3121	TRUE	-0.0553284199308358	chr12	train	0.10979497
ENST00000667949.2	ENSG00000116337.21	ENST00000342115.8	Control	2698	TRUE	2698	1102	TRUE	0.0637664061388629	chr1	test	0.25809422
ENST00000672951.1	ENSG00000139163.17	ENST00000266517.9	Control	799	TRUE	799	205	TRUE	-0.0655316963157392	chr12	train	0.0740629
ENST00000673715.1	ENSG00000076242.19	ENST00000231790.8	Control	1927	TRUE	1927	222	TRUE	-0.0763277899862093	chr3	test	0.04057951
ENST00000673737.2	ENSG00000163703.21	ENST00000452070.6	NMD+/PTC+	768	FALSE	768	96	FALSE	4.25023806656403	chr3	test	0.9085972
ENST00000673972.1	ENSG00000076242.19	ENST00000231790.8	NMD+/PTC+	148	FALSE	148	149	FALSE	4.18138333980412	chr3	test	0.9710264
ENST00000674096.1	ENSG00000175782.12	ENST00000398004.4	NMD+/PTC+	665	FALSE	665	170	FALSE	4.06687479080295	chr12	train	0.86795443
ENST00000674569.1	ENSG00000112367.13	ENST00000676435.1	NMD+/PTC+	789	FALSE	789	163	FALSE	3.95370675249397	chr6	train	0.98808205
ENST00000674992.1	ENSG00000121940.18	ENST00000356970.6	NMD+/PTC+	507	FALSE	507	171	FALSE	3.84912337645195	chr1	test	0.9705893
ENST00000675625.1	ENSG00000104381.15	ENST00000220822.12	NMD+/PTC+	248	FALSE	248	174	FALSE	4.12270360468527	chr8	train	0.78497714
ENST00000675641.1	ENSG00000148356.16	ENST00000300417.11	NMD+/PTC+	1614	FALSE	1614	105	FALSE	3.67831551808359	chr9	train	0.99504733
ENST00000675777.1	ENSG00000133315.13	ENST00000538595.1	Control	1124	TRUE	1124	122	TRUE	-0.0290148113854421	chr11	train	0.056486376
ENST00000675928.1	ENSG00000104381.15	ENST00000220822.12	Control	970	TRUE	970	1791	TRUE	0.121946530854951	chr8	train	0.040070847
ENST00000675937.1	ENSG00000084073.11	ENST00000372759.4	NMD+/PTC+	1177	FALSE	1177	193	FALSE	4.87881836271794	chr1	test	0.97908324
ENST00000676177.1	ENSG00000087053.20	ENST00000352297.11	NMD+/PTC-	2222	TRUE	2222	2570	TRUE	0.413860954146538			
ENST00000676569.1	ENSG00000120526.13	ENST00000239690.9	Control	1590	TRUE	1590	1132	TRUE	-0.0435672195869909	chr8	train	0.039188642
ENST00000676694.1	ENSG00000075413.20	ENST00000303622.13	NMD+/PTC+	939	FALSE	939	66	FALSE	1.47065748178323	chr14	train	0.94868344
ENST00000676828.1	ENSG00000136448.14	ENST00000258960.7	NMD+/PTC+	1548	FALSE	1548	327	FALSE	1.69040764929639	chr17	train	0.6253835
ENST00000676986.1	ENSG00000001497.19	ENST00000374811.8	Control	1502	TRUE	1502	821	TRUE	0.178827283044505	chrX	train	0.06709709
ENST00000677531.1	ENSG00000112561.20	ENST00000373033.6	Control	1614	TRUE	1614	1101	TRUE	0.0996199028511883	chr6	train	0.030652158
ENST00000679002.1	ENSG00000123815.14	ENST00000678419.1	NMD+/PTC+	535	FALSE	535	352	FALSE	2.68347749101701	chr19	train	0.9523202
ENST00000680131.1	ENSG00000135297.18	ENST00000680686.1	NMD+/PTC+	1400	FALSE	1400	216	FALSE	4.55394532520331	chr6	train	0.985572
ENST00000681117.1	ENSG00000073060.18	ENST00000339570.9	NMD+/PTC+	908	FALSE	908	167	FALSE	2.39203016822227	chr12	train	0.9747405
ENST00000681204.1	ENSG00000135297.18	ENST00000680686.1	Control	1894	TRUE	1894	1736	TRUE	-0.0759486308058795	chr6	train	0.05092238
ENST00000681308.1	ENSG00000138138.15	ENST00000852090.1	NMD+/PTC+	484	FALSE	484	90	FALSE	3.32168204129777	chr10	train	0.96295595
ENST00000681505.1	ENSG00000089127.15	ENST00000452357.7	NMD+/PTC+	677	FALSE	677	230	FALSE	2.31808621224261	chr12	train	0.727271
ENST00000681539.1	ENSG00000125875.16	ENST00000354200.5	Control	1357	FALSE	1357	292	TRUE	-0.105719371458751	chr20	train	0.31133994
ENST00000681849.1	ENSG00000157601.16	ENST00000398598.8	Control	2372	TRUE	2372	1110	TRUE	-0.20678136627319	chr21	train	0.08893323
ENST00000682872.1	ENSG00000172530.23	ENST00000854734.1	Control	1743	TRUE	1743	727	TRUE	-0.0406206655673672	chr16	train	0.07430287
ENST00000683199.1	ENSG00000049167.17	ENST00000676185.1	Control	1099	TRUE	1099	383	TRUE	0.00329425956456478	chr5	test	0.04835772
ENST00000683776.1	ENSG00000170949.19	ENST00000429604.5	Control	2968	TRUE	2968	3649	TRUE	0.0527220642342537	chr19	train	0.08750582
ENST00000683803.1	ENSG00000135317.15	ENST00000369627.6	NMD+/PTC+	1422	FALSE	1422	156	FALSE	4.1404147918349	chr6	train	0.9941876
ENST00000684095.1	ENSG00000124356.18	ENST00000339566.7	NMD+/PTC+	1364	FALSE	1364	102	FALSE	3.90318088513656	chr2	val	0.84310806
ENST00000684493.1	ENSG00000163703.21	ENST00000452070.6	Control	1330	TRUE	1330	1049	TRUE	-0.0427640063045488	chr3	test	0.08325079
ENST00000686305.1	ENSG00000064763.13	ENST00000536681.8	NMD+/PTC+	607	FALSE	607	178	FALSE	3.55493529773265	chr12	train	0.9693467
ENST00000686419.1	ENSG00000064763.13	ENST00000536681.8	Control	1807	TRUE	1807	314	TRUE	-0.00393621443412305	chr12	train	0.025499867
ENST00000686786.1	ENSG00000107669.20	ENST00000224652.12	NMD+/PTC+	235	FALSE	235	246	FALSE	2.44055607918422	chr10	train	0.9111203
ENST00000687939.1	ENSG00000116473.16	ENST00000369709.4	Control	834	FALSE	834	116	TRUE	-0.0270320726971658	chr1	test_paralog	0.5615145
ENST00000688577.1	ENSG00000172992.14	ENST00000692009.1	NMD+/PTC+	613	FALSE	613	108	FALSE	4.45797442269368	chr17	train	0.9227674
ENST00000688634.1	ENSG00000123989.16	ENST00000243776.11	NMD+/PTC+	952	FALSE	952	655	FALSE	3.21203215346865	chr2	val	0.68759
ENST00000688724.1	ENSG00000115295.22	ENST00000320081.10	NMD+/PTC+	1686	FALSE	1686	135	FALSE	3.52040230219931	chr2	val	0.9797901
ENST00000690841.1	ENSG00000130309.13	ENST00000593832.1	NMD+/PTC-	1989	TRUE	1989	1968	TRUE	3.85613818914559	chr19	train	0.9932643
ENST00000691202.1	ENSG00000293669.2	ENST00000688185.2	Control	999	TRUE	999	899	TRUE	-0.0608370323238469	chr17	train	0.16089238
ENST00000695556.1	ENSG00000138750.17	ENST00000869721.1	NMD+/PTC+	975	FALSE	975	94	FALSE	4.51012329988912	chr4	val	0.98104984
ENST00000696050.1	ENSG00000144048.13	ENST00000272444.8	NMD+/PTC+	660	FALSE	660	76	FALSE	1.04027561382807	chr2	val	0.94573647
ENST00000696134.1	ENSG00000117595.14	ENST00000367021.8	NMD+/PTC+	997	FALSE	997	528	FALSE	4.62614695895541	chr1	test	0.80821455
ENST00000696265.1	ENSG00000112039.7	ENST00000229769.3	NMD+/PTC+	1324	FALSE	1324	126	FALSE	3.01963887264392	chr6	train	0.6954765
ENST00000696314.1	ENSG00000115392.14	ENST00000427708.7	NMD+/PTC+	829	FALSE	829	117	FALSE	2.9308554873387	chr2	val	0.8361069
ENST00000696598.1	ENSG00000115392.14	ENST00000427708.7	Control	692	TRUE	692	886	TRUE	-0.0338810822701525	chr2	val	0.03259403
ENST00000696881.1	ENSG00000136689.20	ENST00000354115.6	NMD+/PTC+	160	FALSE	160	171	FALSE	2.1845068910895	chr2	val	0.9013858
ENST00000697868.1	ENSG00000126524.13	ENST00000246868.7	NMD+/PTC+	336	FALSE	336	71	FALSE	2.93311995658225	chr7	test	0.8429619
ENST00000698547.1	ENSG00000141524.20	ENST00000590602.6	NMD+/PTC+	775	FALSE	775	258	FALSE	3.3120325745781	chr17	train	0.95245355
ENST00000698548.1	ENSG00000141524.20	ENST00000590602.6	Control	2439	TRUE	2439	279	TRUE	-0.0499594725326613	chr17	train	0.04357599
ENST00000698605.1	ENSG00000013375.18	ENST00000513973.6	NMD+/PTC+	295	FALSE	295	181	FALSE	4.60945711761276	chr6	train	0.9732761
ENST00000698622.1	ENSG00000013375.18	ENST00000513973.6	Control	854	TRUE	854	699	TRUE	-0.0563424121292521	chr6	train	0.02699954
ENST00000698923.1	ENSG00000138231.14	ENST00000463982.3	NMD+/PTC+	947	FALSE	947	72	FALSE	2.62447870888289	chr3	test	0.581038
ENST00000698924.1	ENSG00000138231.14	ENST00000463982.3	Control	1708	TRUE	1708	1550	TRUE	-0.0279121247912357	chr3	test	0.026567927
ENST00000699166.1	ENSG00000128789.23	ENST00000590217.5	NMD+/PTC+	686	FALSE	686	242	FALSE	3.71942722815267	chr18	train	0.9081409
ENST00000699167.1	ENSG00000128789.23	ENST00000590217.5	Control	675	TRUE	675	5197	TRUE	-0.0436236098979394	chr18	train	0.044099092
ENST00000700259.1	ENSG00000165282.17	ENST00000907113.1	NMD+/PTC+	1458	FALSE	1458	294	FALSE	2.65419748173989	chr9	train	0.9245272
ENST00000700533.1	ENSG00000108559.14	ENST00000573584.6	NMD+/PTC+	1116	FALSE	1116	99	FALSE	4.18949969220442	chr17	train	0.99734193
ENST00000703125.1	ENSG00000102471.16	ENST00000620924.1	NMD+/PTC+	723	FALSE	723	44	FALSE	4.69371811799157	chr13	train	0.9622603
ENST00000703146.1	ENSG00000102471.16	ENST00000620924.1	Control	978	FALSE	978	106	TRUE	-0.01240804938888	chr13	train	0.15715124
ENST00000703988.1	ENSG00000068400.15	ENST00000376423.8	Control	2543	TRUE	2543	558	TRUE	0.0132364858543645	chrX	train	0.056596197
ENST00000713795.1	ENSG00000221838.13	ENST00000429084.5	NMD+/PTC+	1171	FALSE	1171	102	FALSE	2.58516784093014	chr7	test	0.5860688
ENST00000713859.1	ENSG00000139687.18	ENST00000267163.6	NMD+/PTC+	819	FALSE	819	78	FALSE	2.82228401558946	chr13	train	0.9898891
ENST00000714370.1	ENSG00000166888.14	ENST00000300134.8	NMD+/PTC+	1578	FALSE	1578	260	FALSE	4.11117009172466	chr12	train	0.97014993
ENST00000721291.1	ENSG00000290831.2	ENST00000444583.7	NMD+/PTC+	1104	FALSE	1104	389	FALSE	4.57764457024356	chr7	test	0.8495671
ENST00000721294.1	ENSG00000290831.2	ENST00000444583.7	Control	901	FALSE	901	145	TRUE	0.140730612720847			
ENST00000736734.1	ENSG00000290940.2	ENST00000736737.1	Control	756	TRUE	756	1416	TRUE	-0.043883032248852	chr12	train	0.4483712
ENST00000736757.1	ENSG00000290940.2	ENST00000736737.1	NMD+/PTC+	573	FALSE	573	292	FALSE	2.45802165560524	chr12	train	0.83581126
ENST00000754443.1	ENSG00000291152.2	ENST00000685034.2	NMD+/PTC-	878	TRUE	878	800	TRUE	3.37168494580502	chr7	test	0.24785444
ENST00000770064.1	ENSG00000214719.14	ENST00000770062.1	NMD+/PTC+	787	FALSE	787	293	FALSE	1.68623448853992	chr17	train	0.5008841
ENST00000801470.1	ENSG00000310523.1	ENST00000702783.2	NMD+/PTC+	987	FALSE	987	159	FALSE	3.75355629267991	chr2	val	0.9600441
ENST00000801494.1	ENSG00000310523.1	ENST00000702783.2	Control	599	FALSE	599	511	FALSE	0.0624054476738304	chr2	val	0.82982945
ENST00000817346.1	ENSG00000290823.2	ENST00000817349.1	Control	1826	TRUE	1826	473	TRUE	0.0135187865863824	chr15	train	0.9439997
ENST00000817354.1	ENSG00000290823.2	ENST00000817349.1	NMD+/PTC+	932	FALSE	932	159	FALSE	3.26969742153844	chr15	train	0.8233677
ENST00000842661.1	ENSG00000291100.2	ENST00000842660.1	NMD+/PTC-	1002	FALSE	1002	77	TRUE	2.0165320691442	chr20	train	0.5362756
ENST00000850622.1	ENSG00000162695.14	ENST00000370112.8	Control	1314	FALSE	1314	93	FALSE	0.00900036400129405	chr1	test	0.8004715
ENST00000851570.1	ENSG00000104635.16	ENST00000381237.6	Control	1756	TRUE	1756	3190	TRUE	0.0300243801104295	chr8	train	0.040115517
ENST00000851812.1	ENSG00000130717.14	ENST00000372215.5	Control	980	TRUE	980	1427	TRUE	0.00599924414276041	chr9	train	0.04744655
ENST00000852080.1	ENSG00000115919.16	ENST00000264170.9	Control	1680	TRUE	1680	265	TRUE	0.00612857981120995	chr2	val	0.1106472
ENST00000852588.1	ENSG00000131966.15	ENST00000254286.9	Control	1318	TRUE	1318	1146	TRUE	0.018911986211638	chr14	train	0.023971405
ENST00000853356.1	ENSG00000164307.14	ENST00000443439.7	Control	2925	TRUE	2925	2069	TRUE	0.0243308372514468	chr5	test	0.042248998
ENST00000853393.1	ENSG00000108349.19	ENST00000264645.12	Control	2383	FALSE	2383	65	TRUE	-0.0592810132794496	chr17	train	0.58072793
ENST00000853822.1	ENSG00000182196.15	ENST00000853819.1	Control	879	TRUE	879	294	TRUE	-0.0506861350263233	chr12	train	0.04281942
ENST00000854657.1	ENSG00000112039.7	ENST00000229769.3	Control	1735	TRUE	1735	863	TRUE	-0.0201098383546079	chr6	train	0.031911604
ENST00000855201.1	ENSG00000105865.12	ENST00000265720.8	Control	1236	TRUE	1236	1285	TRUE	-0.0853680957753906	chr7	test	0.05311842
ENST00000855346.1	ENSG00000165304.9	ENST00000543751.5	Control	2321	TRUE	2321	587	TRUE	-0.0386909965084292	chr9	train	0.024681052
ENST00000855804.1	ENSG00000177731.17	ENST00000327031.9	Control	3889	TRUE	3889	491	TRUE	0.04472877150363	chr17	train	0.12253372
ENST00000856359.1	ENSG00000077238.15	ENST00000395762.7	Control	2985	TRUE	2985	2527	TRUE	0.0434603096566058	chr16	train	0.0597915
ENST00000856636.1	ENSG00000183576.14	ENST00000331768.10	Control	1813	TRUE	1813	1380	TRUE	-0.0442672550021686	chr14	train	0.015839132
ENST00000856778.1	ENSG00000114423.24	ENST00000394030.8	Control	3137	TRUE	3137	3769	TRUE	0.0597400695362246	chr3	test	0.054840952
ENST00000857621.1	ENSG00000081923.16	ENST00000648908.2	Control	4273	TRUE	4273	2281	TRUE	-0.0542088292996888	chr18	train	0.03213913
ENST00000857927.1	ENSG00000165275.11	ENST00000857926.1	Control	818	TRUE	818	428	TRUE	-0.00710541431187599	chr9	train	0.15453629
ENST00000858136.1	ENSG00000173156.8	ENST00000308831.7	Control	554	TRUE	554	584	TRUE	-0.0144465478927201	chr11	train	0.091279455
ENST00000858301.1	ENSG00000099282.11	ENST00000373290.7	Control	832	TRUE	832	840	TRUE	-0.0812328026885007	chr10	train	0.08949584
ENST00000858490.1	ENSG00000137275.17	ENST00000259808.9	Control	2312	TRUE	2312	2135	TRUE	0.0206944449758506	chr6	train	0.058853097
ENST00000858697.1	ENSG00000105372.9	ENST00000593863.5	Control	595	TRUE	595	64	TRUE	-0.0600184492212342			
ENST00000858717.1	ENSG00000162236.14	ENST00000294179.8	Control	1865	TRUE	1865	732	TRUE	-0.0473478658418945	chr11	train	0.08074241
ENST00000859006.1	ENSG00000112511.19	ENST00000374516.8	Control	2035	TRUE	2035	630	TRUE	-0.027656180432089	chr6	train	0.02205199
ENST00000860234.1	ENSG00000166123.15	ENST00000340124.9	Control	1923	TRUE	1923	2383	TRUE	0.091424223064334	chr16	train	0.10804821
ENST00000860383.1	ENSG00000163870.17	ENST00000355552.8	Control	1381	TRUE	1381	745	TRUE	-0.0233212788186087	chr3	test	0.04652948
ENST00000860932.1	ENSG00000136144.13	ENST00000378302.7	Control	1796	TRUE	1796	2319	TRUE	-0.0368747044283348	chr13	train	0.116782874
ENST00000860937.1	ENSG00000026652.16	ENST00000320285.9	Control	1188	TRUE	1188	560	TRUE	-0.0845378985666278	chr6	train	0.039125305
ENST00000861368.1	ENSG00000197142.12	ENST00000354655.9	Control	2234	TRUE	2234	1163	TRUE	-0.0203921331133001	chr10	train	0.07950186
ENST00000861823.1	ENSG00000110851.13	ENST00000228437.10	Control	2859	TRUE	2859	1654	TRUE	-0.0387963264468509	chr12	train	0.046456765
ENST00000862173.1	ENSG00000157693.16	ENST00000288502.9	Control	1201	TRUE	1201	1470	TRUE	-0.00477703533849861	chr9	train	0.072115414
ENST00000862370.1	ENSG00000137073.25	ENST00000379238.7	Control	3347	TRUE	3347	907	TRUE	-0.0581170228063854	chr9	train	0.044490162
ENST00000862677.1	ENSG00000198026.9	ENST00000322927.3	NMD+/PTC-	4516	TRUE	4516	428	TRUE	2.63527899216657	chr20	train	0.4254707
ENST00000863349.1	ENSG00000156671.16	ENST00000542569.6	Control	1581	TRUE	1581	4203	TRUE	0.0150067747993341	chr10	train	0.02318134
ENST00000863473.1	ENSG00000101928.14	ENST00000370783.8	NMD+/PTC-	801	TRUE	801	1561	TRUE	1.59241717255977	chrX	train	0.631298
ENST00000863494.1	ENSG00000107164.18	ENST00000319725.10	Control	1768	TRUE	1768	1341	TRUE	-0.0745336319867715	chr9	train	0.023180416
ENST00000863519.1	ENSG00000109534.18	ENST00000226796.7	NMD+/PTC-	884	TRUE	884	1158	TRUE	2.36832793367113	chr4	val	0.9181191
ENST00000863601.1	ENSG00000133961.23	ENST00000557597.5	NMD+/PTC-	2168	TRUE	2168	2133	TRUE	2.03133333499571	chr14	train	0.11105868
ENST00000863916.1	ENSG00000117595.14	ENST00000367021.8	Control	1588	TRUE	1588	3028	TRUE	-0.0614587936169497	chr1	test	0.017293295
ENST00000864159.1	ENSG00000164077.16	ENST00000296473.8	Control	2002	TRUE	2002	285	TRUE	-0.0203101868606949	chr3	test	0.056413025
ENST00000866260.1	ENSG00000256061.8	ENST00000348518.4	Control	953	TRUE	953	471	TRUE	0.0952221805710286	chr15	train	0.03127097
ENST00000866479.1	ENSG00000171100.17	ENST00000687365.1	Control	3088	TRUE	3088	1711	TRUE	-0.048029879838704	chrX	train	0.09382269
ENST00000867528.1	ENSG00000123240.18	ENST00000378747.8	Control	2308	TRUE	2308	1547	TRUE	0.0426608647145605	chr10	train	0.077654466
ENST00000868449.1	ENSG00000110721.13	ENST00000356135.9	Control	1480	TRUE	1480	1184	TRUE	0.087343862384992	chr11	train	0.13894917
ENST00000869409.1	ENSG00000155666.13	ENST00000286096.9	Control	1340	TRUE	1340	5422	TRUE	-0.034410442878532	chr16	train	0.07507012
ENST00000869702.1	ENSG00000028310.19	ENST00000869700.1	Control	1963	TRUE	1963	834	TRUE	-0.0237253053555383	chr5	test	0.012039308
ENST00000869776.1	ENSG00000062822.17	ENST00000599857.7	Control	3337	TRUE	3337	175	TRUE	0.208821456165894	chr19	train	0.1843408
ENST00000870257.1	ENSG00000175137.12	ENST00000366472.6	Control	2769	TRUE	2769	1921	TRUE	0.22087505011081	chr1	test	0.22732547
ENST00000870301.1	ENSG00000205084.13	ENST00000258173.11	Control	1035	TRUE	1035	2062	TRUE	0.171041768803692	chr16	train	0.043322027
ENST00000870587.1	ENSG00000156345.19	ENST00000325303.9	Control	1112	TRUE	1112	2754	TRUE	0.10882423967061	chr9	train	0.036276992
ENST00000871058.1	ENSG00000153574.10	ENST00000283646.5	Control	933	TRUE	933	953	TRUE	-0.00184667765656533	chr2	val	0.020065356
ENST00000871551.1	ENSG00000197872.12	ENST00000381323.7	Control	1259	TRUE	1259	3541	TRUE	-0.0476625400652895	chr2	val	0.10540249
ENST00000872045.1	ENSG00000067596.13	ENST00000589898.2	Control	3743	TRUE	3743	694	TRUE	0.270170871831961	chr17	train	0.061957624
ENST00000872109.1	ENSG00000109066.15	ENST00000335464.10	Control	1634	TRUE	1634	3827	TRUE	0.0414982169586677	chr17	train	0.05270109
ENST00000872726.1	ENSG00000068971.15	ENST00000164133.7	Control	2943	TRUE	2943	782	TRUE	0.0211034069673835	chr11	train	0.13874009
ENST00000872792.1	ENSG00000120837.9	ENST00000551727.5	Control	1388	TRUE	1388	1985	TRUE	0.0256259672086275	chr12	train	0.08281057
ENST00000872813.1	ENSG00000149257.17	ENST00000358171.8	Control	4334	TRUE	4334	1001	TRUE	0.0599333354497122	chr11	train	0.3038855
ENST00000873292.1	ENSG00000149269.11	ENST00000873307.1	Control	2199	TRUE	2199	1812	TRUE	-0.0594243239184888	chr11	train	0.03164433
ENST00000873753.1	ENSG00000162069.17	ENST00000572449.6	Control	1641	TRUE	1641	592	TRUE	0.00596598925538333	chr16	train	0.034135547
ENST00000873777.1	ENSG00000127586.18	ENST00000262315.14	Control	2736	TRUE	2736	236	TRUE	-0.0572698563593311	chr16	train	0.03325328
ENST00000874411.1	ENSG00000140854.14	ENST00000379661.8	Control	2511	TRUE	2511	437	TRUE	0.00923532550665314	chr16	train	0.08744505
ENST00000874492.1	ENSG00000129451.13	ENST00000358789.8	Control	1034	TRUE	1034	1948	TRUE	-0.0612102904289462	chr19	train	0.032873668
ENST00000875146.1	ENSG00000129657.17	ENST00000436233.9	Control	2531	TRUE	2531	3184	TRUE	-0.0505645959345058	chr17	train	0.07368778
ENST00000875201.1	ENSG00000158402.22	ENST00000323760.11	Control	1426	TRUE	1426	572	TRUE	0.0321960999409949	chr5	test	0.10794029
ENST00000875526.1	ENSG00000112210.13	ENST00000317483.4	Control	1014	TRUE	1014	3609	TRUE	-0.0219915368295134	chr6	train	0.094471805
ENST00000875763.1	ENSG00000117411.19	ENST00000372324.6	Control	1800	TRUE	1800	873	TRUE	0.0189122882053021	chr1	test	0.06817526
ENST00000876528.1	ENSG00000121957.16	ENST00000264126.9	Control	2604	TRUE	2604	1545	TRUE	-0.0551489659792722	chr1	test	0.06028112
ENST00000876595.1	ENSG00000100949.16	ENST00000399409.7	Control	1950	TRUE	1950	226	TRUE	-0.0190861475783711	chr14	train	0.026816182
ENST00000877063.1	ENSG00000121895.10	ENST00000877062.1	Control	885	FALSE	885	106	TRUE	0.0487331801893627	chr4	val	0.17915918
ENST00000877141.1	ENSG00000117480.17	ENST00000243167.9	Control	1776	TRUE	1776	2307	TRUE	-0.0244139875144363	chr1	test	0.050811786
ENST00000877223.1	ENSG00000170537.14	ENST00000304381.10	Control	2086	TRUE	2086	1065	TRUE	-0.0661588126129173	chr16	train	0.02848985
ENST00000877279.1	ENSG00000170412.19	ENST00000392627.7	NMD+/PTC-	2336	TRUE	2336	579	TRUE	2.22697063208842	chr17	train	0.17069255
ENST00000877423.1	ENSG00000165733.9	ENST00000374518.6	Control	4089	TRUE	4089	537	TRUE	-0.0274634141639079	chr10	train	0.08659902
ENST00000877643.1	ENSG00000077454.18	ENST00000310300.11	Control	2030	TRUE	2030	1294	TRUE	-0.0280506661712072	chr7	test	0.016691346
ENST00000879050.1	ENSG00000117226.14	ENST00000493594.6	Control	1756	TRUE	1756	1173	TRUE	-0.0798909015695024	chr1	test	0.06614576
ENST00000879335.1	ENSG00000167861.17	ENST00000425042.7	Control	2518	TRUE	2518	893	TRUE	-0.0444946928941812	chr17	train	0.06744006
ENST00000879799.1	ENSG00000081320.13	ENST00000263955.9	Control	1678	TRUE	1678	597	TRUE	-0.0244572119186604	chr2	val	0.04679546
ENST00000881501.1	ENSG00000064225.14	ENST00000265261.11	Control	1537	TRUE	1537	3219	TRUE	-0.0139053918887865	chr3	test	0.06713463
ENST00000882504.1	ENSG00000117748.11	ENST00000373912.8	Control	1038	TRUE	1038	724	TRUE	0.117174736726387			
ENST00000882671.1	ENSG00000183386.12	ENST00000485803.5	Control	952	TRUE	952	795	TRUE	-0.0332874269100307			
ENST00000883817.1	ENSG00000178177.18	ENST00000326877.8	Control	938	TRUE	938	4681	TRUE	-0.00707430388292747	chr4	val	0.047612224
ENST00000884253.1	ENSG00000078747.18	ENST00000374864.10	Control	2807	TRUE	2807	3697	TRUE	-0.0264203711277139	chr20	train	0.05645548
ENST00000884598.1	ENSG00000018699.14	ENST00000317907.9	Control	2652	TRUE	2652	236	TRUE	-0.00600648450277208	chr2	val	0.047826387
ENST00000886035.1	ENSG00000165591.8	ENST00000374900.5	Control	1536	TRUE	1536	440	TRUE	-0.0277524428204133	chrX	train	0.025778988
ENST00000886063.1	ENSG00000119411.12	ENST00000462085.1	Control	1266	TRUE	1266	1607	TRUE	-0.0334648441653579	chr9	train	0.025711898
ENST00000886266.1	ENSG00000099849.16	ENST00000397582.7	Control	1241	TRUE	1241	510	TRUE	0.0721374506144414			
ENST00000887284.1	ENSG00000079974.20	ENST00000395595.8	Control	1199	TRUE	1199	1374	TRUE	-0.0264315763907164	chr22	train	0.12553978
ENST00000887359.1	ENSG00000151715.9	ENST00000281441.8	Control	1030	TRUE	1030	1845	TRUE	-0.00701672879249548	chr11	train	0.092699125
ENST00000887823.1	ENSG00000213699.10	ENST00000414029.1	Control	1115	TRUE	1115	3093	TRUE	-0.0523966351738827	chr2	val	0.78981656
ENST00000888463.1	ENSG00000115282.22	ENST00000233623.11	Control	1589	TRUE	1589	2078	TRUE	0.000183124655498265	chr2	val	0.06091141
ENST00000888577.1	ENSG00000124523.18	ENST00000888574.1	Control	1169	TRUE	1169	2282	TRUE	-0.0201832653970636			
ENST00000888924.1	ENSG00000133104.15	ENST00000888914.1	Control	1955	TRUE	1955	1034	TRUE	-0.0135682624526929	chr13	train	0.03269831
ENST00000889578.1	ENSG00000072849.12	ENST00000158771.9	Control	764	TRUE	764	3533	TRUE	-0.036175806416478	chr17	train	0.11505421
ENST00000889735.1	ENSG00000100726.16	ENST00000262319.11	Control	2770	TRUE	2770	630	TRUE	-0.00790434649756752	chr16	train	0.14989227
ENST00000890095.1	ENSG00000111671.11	ENST00000524270.6	NMD+/PTC-	1891	TRUE	1891	385	TRUE	1.22901402516328	chr12	train	0.17086442
ENST00000890428.1	ENSG00000104412.9	ENST00000220853.8	Control	823	TRUE	823	762	TRUE	0.0281227264282719	chr8	train	0.06539625
ENST00000890889.1	ENSG00000204842.19	ENST00000890891.1	Control	3738	TRUE	3738	615	TRUE	-0.0310764502757031	chr12	train	0.014372633
ENST00000890971.1	ENSG00000065600.14	ENST00000261455.9	Control	1089	TRUE	1089	903	TRUE	-0.019087422074136	chr1	test	0.012995433
ENST00000891019.1	ENSG00000134602.17	ENST00000394334.7	Control	1643	TRUE	1643	1814	TRUE	-0.0792699594107764	chrX	train	0.09804162
ENST00000892757.1	ENSG00000138074.16	ENST00000310574.8	Control	2571	TRUE	2571	990	TRUE	0.00280546671963096	chr2	val	0.08550673
ENST00000893628.1	ENSG00000103066.14	ENST00000219345.10	Control	1458	TRUE	1458	1918	TRUE	0.0159967715607951	chr16	train	0.072057314
ENST00000893672.1	ENSG00000172889.17	ENST00000371698.3	Control	1951	TRUE	1951	415	TRUE	0.0139737739141109	chr9	train	0.4022659
ENST00000894211.1	ENSG00000106771.14	ENST00000413712.7	Control	2674	TRUE	2674	1605	TRUE	0.0134079055995469	chr9	train	0.029189551
ENST00000894469.1	ENSG00000214063.13	ENST00000397406.5	Control	1018	TRUE	1018	559	TRUE	-0.0508169010201218	chr11	train	0.17048527
ENST00000894507.1	ENSG00000267796.9	ENST00000301159.14	Control	864	TRUE	864	126	TRUE	0.0408188673270275	chr19	train	0.12180331
ENST00000894525.1	ENSG00000167703.16	ENST00000894530.1	Control	2112	TRUE	2112	2145	TRUE	-0.0681371632862244	chr17	train	0.036606252
ENST00000894865.1	ENSG00000124786.14	ENST00000710437.1	Control	1332	TRUE	1332	2265	TRUE	-0.0776258951823914	chr6	train	0.30232564
ENST00000896293.1	ENSG00000171097.15	ENST00000302586.8	Control	1481	TRUE	1481	707	TRUE	-0.0664441745324118	chr9	train	0.10587469
ENST00000896310.1	ENSG00000171097.15	ENST00000302586.8	NMD+/PTC-	2424	TRUE	2424	520	TRUE	1.68456987482809	chr9	train	0.17041425
ENST00000896458.1	ENSG00000115486.14	ENST00000496962.2	Control	2662	TRUE	2662	1513	TRUE	0.121086442390459	chr2	val	0.047530677
ENST00000896657.1	ENSG00000163832.17	ENST00000439305.5	Control	776	TRUE	776	558	TRUE	0.0408082734965719	chr3	test	0.473467
ENST00000896956.1	ENSG00000138642.17	ENST00000264346.12	Control	3190	TRUE	3190	865	TRUE	0.0281695841900872	chr4	val	0.07941351
ENST00000897030.1	ENSG00000185753.14	ENST00000327877.10	Control	1001	FALSE	1001	160	TRUE	0.0243088595358754	chrX	train	0.08227241
ENST00000897045.1	ENSG00000151651.17	ENST00000445355.8	Control	2448	TRUE	2448	818	TRUE	-0.0383164418508715	chr10	train	0.028529823
ENST00000897103.1	ENSG00000183963.20	ENST00000333137.12	Control	2739	FALSE	2739	165	TRUE	0.00130050132998851	chr22	train	0.15341079
ENST00000897241.1	ENSG00000162341.19	ENST00000294309.8	Control	2152	TRUE	2152	649	TRUE	0.00248300987031186	chr11	train	0.045656864
ENST00000897431.1	ENSG00000130479.12	ENST00000324096.9	Control	3237	TRUE	3237	243	TRUE	-0.0369410677422715	chr19	train	0.027469391
ENST00000897634.1	ENSG00000163898.11	ENST00000296252.9	Control	1412	TRUE	1412	2615	TRUE	0.130459516812865	chr3	test	0.123505294
ENST00000897668.1	ENSG00000171109.20	ENST00000471841.6	Control	2352	TRUE	2352	1989	TRUE	-0.0280103180955794	chr3	test	0.06463114
ENST00000897791.1	ENSG00000156970.14	ENST00000287598.11	Control	3363	TRUE	3363	573	TRUE	-0.010559948519152	chr15	train	0.04705078
ENST00000898373.1	ENSG00000132406.13	ENST00000382753.5	Control	534	FALSE	534	109	TRUE	-0.0107701650601057	chr4	val	0.44661516
ENST00000898694.1	ENSG00000168890.15	ENST00000409668.1	Control	1076	TRUE	1076	771	TRUE	0.0769395843050022	chr2	val	0.03407274
ENST00000898869.1	ENSG00000119977.23	ENST00000371209.5	Control	1732	TRUE	1732	897	TRUE	-0.0689163286393653	chr10	train	0.026407523
ENST00000899776.1	ENSG00000140950.17	ENST00000899777.1	Control	1612	TRUE	1612	2832	TRUE	0.0315866412201723	chr16	train	0.034054372
ENST00000899879.1	ENSG00000240344.11	ENST00000392283.9	Control	646	TRUE	646	615	TRUE	-0.147927282019045			
ENST00000900065.1	ENSG00000143801.19	ENST00000422240.6	Control	2315	TRUE	2315	2329	TRUE	-0.0484863314445917	chr1	test	0.08669559
ENST00000900079.1	ENSG00000164494.13	ENST00000900081.1	Control	1363	TRUE	1363	2220	TRUE	0.0532808648758528	chr6	train	0.089176744
ENST00000900332.1	ENSG00000131373.16	ENST00000456194.6	Control	2079	TRUE	2079	316	TRUE	-0.0538231135325346	chr3	test	0.06614257
ENST00000900696.1	ENSG00000108771.14	ENST00000251642.8	Control	2262	TRUE	2262	543	TRUE	5.10122661701617e-05	chr17	train	0.097263575
ENST00000900880.1	ENSG00000187097.14	ENST00000334696.11	Control	1482	TRUE	1482	2033	TRUE	0.017046723628413	chr14	train	0.060632553
ENST00000902730.1	ENSG00000131080.16	ENST00000374719.8	Control	1048	FALSE	1048	393	TRUE	-0.0110276187960538	chrX	train	0.21584468
ENST00000902749.1	ENSG00000105852.12	ENST00000265627.10	Control	1337	TRUE	1337	442	TRUE	-0.0176877745036024	chr7	test	0.040721387
ENST00000903022.1	ENSG00000196839.15	ENST00000537820.2	Control	1189	TRUE	1189	326	TRUE	-0.0483070795411246	chr20	train	0.044060867
ENST00000903368.1	ENSG00000152465.19	ENST00000378150.1	Control	1417	TRUE	1417	1351	TRUE	-0.0515692959757099	chr10	train	0.16379523
ENST00000903450.1	ENSG00000103064.16	ENST00000566454.5	Control	1635	TRUE	1635	3562	TRUE	0.151244814218284	chr16	train	0.04986733
ENST00000903913.1	ENSG00000148908.16	ENST00000369103.3	Control	468	TRUE	468	332	TRUE	-0.0168412961070392	chr10	train	0.07210455
ENST00000904227.1	ENSG00000133114.19	ENST00000379151.9	Control	1142	FALSE	1142	219	TRUE	-0.0345101935345307	chr13	train	0.047369465
ENST00000904320.1	ENSG00000143437.22	ENST00000505755.5	Control	2571	TRUE	2571	2401	TRUE	-0.0492322968571583	chr1	test	0.029028134
ENST00000904441.1	ENSG00000169902.16	ENST00000304842.6	Control	1434	FALSE	1434	47	TRUE	0.00211655338708234	chr7	test	0.22764592
ENST00000904759.1	ENSG00000042980.15	ENST00000265769.9	Control	2438	TRUE	2438	806	TRUE	-0.0239804634284424	chr8	train	0.070424624
ENST00000904808.1	ENSG00000144034.17	ENST00000497464.5	NMD+/PTC-	1315	TRUE	1315	140	TRUE	2.49527519134317	chr2	val	0.26422063
ENST00000904811.1	ENSG00000144034.17	ENST00000497464.5	Control	1874	TRUE	1874	140	TRUE	-0.0186869222622622	chr2	val	0.15602797
ENST00000904925.1	ENSG00000163558.14	ENST00000295797.5	Control	2188	TRUE	2188	2938	TRUE	-0.0191960388071436	chr3	test	0.023860926
ENST00000905240.1	ENSG00000273559.6	ENST00000614790.5	Control	1642	TRUE	1642	1754	TRUE	-0.0194117548527532	chr17	train	0.08342526
ENST00000905808.1	ENSG00000087884.17	ENST00000526415.5	NMD+/PTC-	650	TRUE	650	178	TRUE	2.79302598313508	chr11	train	0.6897523
ENST00000905821.1	ENSG00000184164.16	ENST00000328268.9	Control	1368	TRUE	1368	286	TRUE	-0.0144009922945645	chr22	train	0.046840996
ENST00000905838.1	ENSG00000176531.13	ENST00000934851.1	Control	2635	TRUE	2635	442	TRUE	0.0893538772643748	chr19	train	0.20563571
ENST00000905878.1	ENSG00000138131.5	ENST00000260702.4	Control	2652	TRUE	2652	1302	TRUE	-0.0345753813191037	chr10	train	0.122585215
ENST00000906479.1	ENSG00000138617.17	ENST00000261888.10	Control	1382	TRUE	1382	1447	TRUE	-0.0439901644742117	chr15	train	0.08072524
ENST00000906746.1	ENSG00000127527.16	ENST00000597937.5	Control	2458	TRUE	2458	623	TRUE	-0.0360354214847037	chr19	train	0.05955419
ENST00000907057.1	ENSG00000158301.21	ENST00000907060.1	NMD+/PTC-	4156	TRUE	4156	3197	TRUE	1.14172298775362			
ENST00000907061.1	ENSG00000158301.21	ENST00000907060.1	Control	3251	TRUE	3251	3197	TRUE	0.00353688975875737	chrX	train	0.12999813
ENST00000907534.1	ENSG00000070413.22	ENST00000263196.12	Control	1899	TRUE	1899	2842	TRUE	0.0103773548676545	chr22	train	0.03376288
ENST00000908121.1	ENSG00000168575.12	ENST00000908100.1	Control	2947	TRUE	2947	1493	TRUE	-0.00436915457274208	chr8	train	0.05601331
ENST00000908300.1	ENSG00000117650.14	ENST00000366999.9	Control	1498	TRUE	1498	857	TRUE	-0.0255700123255346	chr1	test	0.019281017
ENST00000908398.1	ENSG00000131037.16	ENST00000201647.11	Control	2371	TRUE	2371	2597	TRUE	-0.00841313819594983	chr19	train	0.07106972
ENST00000908484.1	ENSG00000111581.11	ENST00000229179.9	Control	2844	TRUE	2844	336	TRUE	-0.053102897580711	chr12	train	0.019724203
ENST00000908678.1	ENSG00000123395.16	ENST00000336854.9	NMD+/PTC-	1080	TRUE	1080	709	TRUE	3.33516938282919	chr12	train	0.11016228
ENST00000908818.1	ENSG00000155016.19	ENST00000908819.1	Control	1358	TRUE	1358	3215	TRUE	-0.101606604393876	chr4	val	0.060346127
ENST00000908862.1	ENSG00000102312.25	ENST00000361988.7	Control	1900	TRUE	1900	434	TRUE	-0.0458716150688579	chrX	train	0.12531193
ENST00000909442.1	ENSG00000134897.15	ENST00000257336.6	Control	2046	TRUE	2046	1962	TRUE	-0.0588085350565006	chr13	train	0.05482226
ENST00000909871.1	ENSG00000185404.18	ENST00000243810.10	Control	1797	TRUE	1797	935	TRUE	0.0753158696738543	chr2	val	0.12402312
ENST00000910062.1	ENSG00000135040.17	ENST00000361671.10	Control	3028	TRUE	3028	1875	TRUE	-0.0241557377928201	chr9	train	0.06955683
ENST00000910086.1	ENSG00000000457.15	ENST00000367771.11	Control	2329	TRUE	2329	699	TRUE	0.0442916923365337	chr1	test	0.05907867
ENST00000910594.1	ENSG00000166532.17	ENST00000535829.6	Control	1553	TRUE	1553	3871	TRUE	0.0780070985785994	chr12	train	0.027664633
ENST00000912143.1	ENSG00000197976.13	ENST00000313871.9	Control	2141	TRUE	2141	1856	TRUE	0.035776551911885	chrX	train	0.030013975
ENST00000912274.1	ENSG00000163141.21	ENST00000368931.8	Control	1193	TRUE	1193	936	TRUE	-0.0633125328271738	chr1	test	0.108906865
ENST00000917017.1	ENSG00000123178.17	ENST00000378195.6	Control	770	TRUE	770	895	TRUE	-0.0449362311194441	chr13	train	0.03282731
ENST00000919128.1	ENSG00000159348.14	ENST00000367249.9	Control	884	TRUE	884	827	TRUE	-0.0102996148091234	chr1	test	0.034365185
ENST00000923335.1	ENSG00000124508.18	ENST00000356709.9	Control	1794	TRUE	1794	1606	TRUE	0.0702781594897021	chr6	train	0.016786214
ENST00000929018.1	ENSG00000163867.18	ENST00000317538.9	Control	4221	TRUE	4221	1954	TRUE	0.0392268754624786	chr1	test	0.019657642
ENST00000931735.1	ENSG00000160193.13	ENST00000398208.3	Control	1056	FALSE	1056	202	TRUE	-0.0776410945424789			
ENST00000933698.1	ENSG00000142552.9	ENST00000270645.8	Control	2224	TRUE	2224	529	TRUE	-0.0331956784625519	chr19	train	0.12225774
ENST00000937689.1	ENSG00000196705.9	ENST00000311048.11	Control	1913	TRUE	1913	3943	TRUE	0.115301098658981	chr19	train	0.11356691
ENST00000938053.1	ENSG00000123395.16	ENST00000336854.9	Control	1303	TRUE	1303	710	TRUE	0.154041968968569	chr12	train	0.16906588
ENST00000940705.1	ENSG00000177663.16	ENST00000319363.11	Control	2747	TRUE	2747	4471	TRUE	0.0655912782395059	chr22	train	0.026186025
ENST00000940753.1	ENSG00000140519.15	ENST00000268122.9	Control	1510	FALSE	1510	142	TRUE	0.0206197314497726	chr15	train	0.26451477
ENST00000942048.1	ENSG00000197860.11	ENST00000381007.9	Control	1045	TRUE	1045	283	TRUE	-0.0015640112603073	chr5	test	0.0642729
ENST00000942605.1	ENSG00000149564.13	ENST00000278927.10	Control	797	TRUE	797	837	TRUE	0.0168354995949754	chr11	train	0.03400796
ENST00000949094.1	ENSG00000103534.18	ENST00000542583.7	Control	3421	TRUE	3421	294	TRUE	-0.0512858300461819	chr16	train	0.0680839
ENST00000963199.1	ENSG00000038210.15	ENST00000264864.8	Control	1627	TRUE	1627	2166	TRUE	-0.0269400939701822	chr4	val	0.021605907
ENST00000968684.1	ENSG00000183569.19	ENST00000876813.1	Control	1183	TRUE	1183	452	TRUE	-0.0334445637090744	chr22	train	0.12320726
ENST00000969433.1	ENSG00000198276.17	ENST00000354216.11	Control	1752	TRUE	1752	228	TRUE	-0.0707777289468371	chr20	train	0.009637579
ENST00000971027.1	ENSG00000037241.8	ENST00000521476.5	Control	780	TRUE	780	319	TRUE	0.113417908173275	chr5	test	0.07157469
ENST00000972741.1	ENSG00000292343.2	ENST00000711185.2	NMD+/PTC+	1322	FALSE	1322	70	FALSE	4.23147033287806	chrY	train	0.946149
ENST00000972767.1	ENSG00000292366.2	ENST00000711265.2	NMD+/PTC+	276	FALSE	276	138	FALSE	2.42435608433634	chrY	train	0.9006086
ENST00000972982.1	ENSG00000292343.2	ENST00000711185.2	Control	2141	TRUE	2141	1856	TRUE	0.0465352241242624	chrY	train	0.030011844
