comparator_isoform_id	nmdep_rule_score	nmdep_rule_leaf	nmdep_rule_call
ENSG00000000419.15.novel1	0.65	trigger_nmd	trigger
ENSG00000000457.15.novel2	0.65	trigger_nmd	trigger
ENSG00000001084.14.novel1	0	last_exon	escape
ENSG00000001084.14.novel7	0	last_exon	escape
ENSG00000001497.19.novel1	0.65	trigger_nmd	trigger
ENSG00000003402.22.novel42	0	last_exon	escape
ENSG00000003402.22.novel46	0	last_exon	escape
ENSG00000004864.15.novel1	0.65	trigger_nmd	trigger
ENSG00000004864.15.novel2	0	last_exon	escape
ENSG00000005238.21.novel1	0.65	trigger_nmd	trigger
ENSG00000005436.15.novel1	0	last_exon	escape
ENSG00000005436.15.novel3	0.65	trigger_nmd	trigger
ENSG00000006194.12.novel67	0	last_exon	escape
ENSG00000006282.23.novel1	0.41	long_exon	escape
ENSG00000007341.20.novel6	0	last_exon	escape
ENSG00000007541.18.novel18	0.65	trigger_nmd	trigger
ENSG00000008294.23.novel3	0.65	trigger_nmd	trigger
ENSG00000008952.18.novel1	0.65	trigger_nmd	trigger
ENSG00000008952.18.novel26	0	last_exon	escape
ENSG00000010030.14.novel2	0.65	trigger_nmd	trigger
ENSG00000011105.15.novel1	0.65	trigger_nmd	trigger
ENSG00000011376.13.novel1	0	last_exon	escape
ENSG00000011376.13.novel2	0.65	trigger_nmd	trigger
ENSG00000011638.12.novel2	0.65	trigger_nmd	trigger
ENSG00000012171.21.novel22	0.65	trigger_nmd	trigger
ENSG00000013441.18.novel26	0	last_exon	escape
ENSG00000013561.19.novel1	0	last_exon	escape
ENSG00000018510.19.novel1	0.65	trigger_nmd	trigger
ENSG00000018510.19.novel53	0	last_exon	escape
ENSG00000018699.14.novel1	0.65	trigger_nmd	trigger
ENSG00000019102.13.novel1	0.65	trigger_nmd	trigger
ENSG00000019144.21.novel23	0.65	trigger_nmd	trigger
ENSG00000019144.21.novel3	0	last_exon	escape
ENSG00000020129.17.novel2	0.65	trigger_nmd	trigger
ENSG00000020426.12.novel2	0	last_exon	escape
ENSG00000020426.12.novel6	0.65	trigger_nmd	trigger
ENSG00000022840.17.novel36	0.65	trigger_nmd	trigger
ENSG00000023228.16.novel1	0.65	trigger_nmd	trigger
ENSG00000023608.6.novel11	0.65	trigger_nmd	trigger
ENSG00000023608.6.novel3	0	last_exon	escape
ENSG00000023697.14.novel1	0	last_exon	escape
ENSG00000023697.14.novel2	0.65	trigger_nmd	trigger
ENSG00000023909.11.novel3	0.65	trigger_nmd	trigger
ENSG00000025708.15.novel1	0.41	long_exon	escape
ENSG00000026652.16.novel1	0.65	trigger_nmd	trigger
ENSG00000028203.20.novel3	0.65	trigger_nmd	trigger
ENSG00000028310.19.novel1	0.65	trigger_nmd	trigger
ENSG00000029725.18.novel1	0	last_exon	escape
ENSG00000029725.18.novel5	0.65	trigger_nmd	trigger
ENSG00000030066.15.novel2	0.65	trigger_nmd	trigger
ENSG00000033178.14.novel4	0.65	trigger_nmd	trigger
ENSG00000037241.8.novel8	0	last_exon	escape
ENSG00000037474.16.novel2	0.65	trigger_nmd	trigger
ENSG00000038210.15.novel1	0.65	trigger_nmd	trigger
ENSG00000038532.18.novel2	0	last_exon	escape
ENSG00000038532.18.novel4	0	last_exon	escape
ENSG00000042088.15.novel2	0	last_exon	escape
ENSG00000042088.15.novel5	0.65	trigger_nmd	trigger
ENSG00000042980.15.novel4	0.65	trigger_nmd	trigger
ENSG00000047249.19.novel1	0.65	trigger_nmd	trigger
ENSG00000047621.13.novel1	0.65	trigger_nmd	trigger
ENSG00000047621.13.novel7	0	last_exon	escape
ENSG00000048140.19.novel2	0	last_exon	escape
ENSG00000048162.23.novel1	0.65	trigger_nmd	trigger
ENSG00000049167.17.novel2	0.65	trigger_nmd	trigger
ENSG00000050393.13.novel1	0.65	trigger_nmd	trigger
ENSG00000050393.13.novel9	0	last_exon	escape
ENSG00000051009.12.novel1	0.65	trigger_nmd	trigger
ENSG00000053372.6.novel1	0.65	trigger_nmd	trigger
ENSG00000053372.6.novel2	0.65	trigger_nmd	trigger
ENSG00000053770.13.novel1	0.65	trigger_nmd	trigger
ENSG00000053770.13.novel5	0	last_exon	escape
ENSG00000054148.19.novel2	0	last_exon	escape
ENSG00000054277.14.novel3	0.65	trigger_nmd	trigger
ENSG00000054611.15.novel1	0	last_exon	escape
ENSG00000054611.15.novel4	0.65	trigger_nmd	trigger
ENSG00000057019.17.novel21	0	last_exon	escape
ENSG00000057019.17.novel3	0.65	trigger_nmd	trigger
ENSG00000058063.18.novel1	0	last_exon	escape
ENSG00000058063.18.novel2	0.65	trigger_nmd	trigger
ENSG00000058085.16.novel1	0.65	trigger_nmd	trigger
ENSG00000058085.16.novel45	0	last_exon	escape
ENSG00000058804.13.novel1	0	last_exon	escape
ENSG00000058804.13.novel4	0.65	trigger_nmd	trigger
ENSG00000059758.9.novel5	0.65	trigger_nmd	trigger
ENSG00000059758.9.novel7	0	last_exon	escape
ENSG00000059769.21.novel8	0	last_exon	escape
ENSG00000060140.10.novel1	0	last_exon	escape
ENSG00000060140.10.novel5	0.65	trigger_nmd	trigger
ENSG00000060558.4.novel1	0	last_exon	escape
ENSG00000060558.4.novel3	0.65	trigger_nmd	trigger
ENSG00000062598.19.novel1	0	last_exon	escape
ENSG00000062598.19.novel3	0.65	trigger_nmd	trigger
ENSG00000062822.17.novel1	0.65	trigger_nmd	trigger
ENSG00000063660.10.novel2	0.65	trigger_nmd	trigger
ENSG00000063660.10.novel24	0.41	long_exon	escape
ENSG00000064225.14.novel3	0.65	trigger_nmd	trigger
ENSG00000064270.15.novel1	0	last_exon	escape
ENSG00000064270.15.novel2	0.41	long_exon	escape
ENSG00000064419.15.novel1	0.2	50nt_rule	escape
ENSG00000064607.18.novel1	0.65	trigger_nmd	trigger
ENSG00000064607.18.novel9	0	last_exon	escape
ENSG00000064933.20.novel1	0.65	trigger_nmd	trigger
ENSG00000064933.20.novel18	0	last_exon	escape
ENSG00000065457.12.novel1	0.41	long_exon	escape
ENSG00000065457.12.novel4	0.65	trigger_nmd	trigger
ENSG00000065600.14.novel3	0.65	trigger_nmd	trigger
ENSG00000066557.7.novel1	0.65	trigger_nmd	trigger
ENSG00000066557.7.novel3	0	last_exon	escape
ENSG00000066629.20.novel2	0	last_exon	escape
ENSG00000066629.20.novel6	0.65	trigger_nmd	trigger
ENSG00000067221.15.novel3	0.65	trigger_nmd	trigger
ENSG00000067596.13.novel2	0.41	long_exon	escape
ENSG00000068305.20.novel1	0	last_exon	escape
ENSG00000068305.20.novel20	0.65	trigger_nmd	trigger
ENSG00000068400.15.novel2	0.65	trigger_nmd	trigger
ENSG00000068724.19.novel1	0	last_exon	escape
ENSG00000068724.19.novel4	0.65	trigger_nmd	trigger
ENSG00000068885.16.novel13	0.65	trigger_nmd	trigger
ENSG00000068885.16.novel7	0	last_exon	escape
ENSG00000068971.15.novel3	0.65	trigger_nmd	trigger
ENSG00000069122.20.novel1	0.65	trigger_nmd	trigger
ENSG00000069122.20.novel2	0	last_exon	escape
ENSG00000069998.13.novel1	0	last_exon	escape
ENSG00000069998.13.novel2	0.65	trigger_nmd	trigger
ENSG00000070413.22.novel2	0.65	trigger_nmd	trigger
ENSG00000070495.16.novel21	0.41	long_exon	escape
ENSG00000070540.14.novel2	0.65	trigger_nmd	trigger
ENSG00000070669.18.novel1	0.65	trigger_nmd	trigger
ENSG00000071205.13.novel2	0.65	trigger_nmd	trigger
ENSG00000071205.13.novel5	0	last_exon	escape
ENSG00000071242.14.novel1	0	last_exon	escape
ENSG00000071242.14.novel9	0.65	trigger_nmd	trigger
ENSG00000071539.15.novel2	0.2	50nt_rule	escape
ENSG00000071539.15.novel5	0.65	trigger_nmd	trigger
ENSG00000072571.21.novel2	0.65	trigger_nmd	trigger
ENSG00000072849.12.novel1	0.65	trigger_nmd	trigger
ENSG00000072864.17.novel38	0	last_exon	escape
ENSG00000072864.17.novel6	0.65	trigger_nmd	trigger
ENSG00000072958.10.novel5	0.65	trigger_nmd	trigger
ENSG00000073792.17.novel1	0.65	trigger_nmd	trigger
ENSG00000074582.16.novel1	0	last_exon	escape
ENSG00000074582.16.novel6	0	last_exon	escape
ENSG00000074935.15.novel1	0	last_exon	escape
ENSG00000074935.15.novel2	0.65	trigger_nmd	trigger
ENSG00000075213.12.novel1	0	last_exon	escape
ENSG00000075213.12.novel2	0.65	trigger_nmd	trigger
ENSG00000075539.16.novel15	0	last_exon	escape
ENSG00000075539.16.novel19	0	last_exon	escape
ENSG00000076067.15.novel2	0	last_exon	escape
ENSG00000076067.15.novel3	0.65	trigger_nmd	trigger
ENSG00000076928.21.novel3	0.65	trigger_nmd	trigger
ENSG00000077238.15.novel2	0	last_exon	escape
ENSG00000077454.18.novel3	0.65	trigger_nmd	trigger
ENSG00000077463.16.novel2	0	last_exon	escape
ENSG00000077514.10.novel4	0.65	trigger_nmd	trigger
ENSG00000077514.10.novel5	0	last_exon	escape
ENSG00000077585.15.novel1	0.65	trigger_nmd	trigger
ENSG00000077585.15.novel4	0.65	trigger_nmd	trigger
ENSG00000077713.20.novel1	0	last_exon	escape
ENSG00000077713.20.novel3	0.65	trigger_nmd	trigger
ENSG00000077942.20.novel1	0.65	trigger_nmd	trigger
ENSG00000078070.15.novel1	0.65	trigger_nmd	trigger
ENSG00000078070.15.novel4	0	last_exon	escape
ENSG00000078142.15.novel1	0.65	trigger_nmd	trigger
ENSG00000078142.15.novel3	0	last_exon	escape
ENSG00000078618.24.novel42	0.65	trigger_nmd	trigger
ENSG00000078747.18.novel7	0.65	trigger_nmd	trigger
ENSG00000079385.24.novel1	0.65	trigger_nmd	trigger
ENSG00000079974.20.novel5	0.65	trigger_nmd	trigger
ENSG00000080189.16.novel1	0.65	trigger_nmd	trigger
ENSG00000080608.11.novel10	0.65	trigger_nmd	trigger
ENSG00000080608.11.novel14	0	last_exon	escape
ENSG00000080823.24.novel23	0.65	trigger_nmd	trigger
ENSG00000080986.14.novel2	0	last_exon	escape
ENSG00000080986.14.novel3	0.65	trigger_nmd	trigger
ENSG00000081320.13.novel1	0.65	trigger_nmd	trigger
ENSG00000081692.14.novel3	0.41	long_exon	escape
ENSG00000081760.18.novel2	0	last_exon	escape
ENSG00000081760.18.novel3	0.65	trigger_nmd	trigger
ENSG00000081923.16.novel32	0	last_exon	escape
ENSG00000084073.11.novel1	0	last_exon	escape
ENSG00000085274.17.novel23	0	last_exon	escape
ENSG00000085274.17.novel25	0.41	long_exon	escape
ENSG00000085433.18.novel2	0.65	trigger_nmd	trigger
ENSG00000085721.14.novel1	0.65	trigger_nmd	trigger
ENSG00000086200.18.novel22	0	last_exon	escape
ENSG00000086696.12.novel1	0.65	trigger_nmd	trigger
ENSG00000086696.12.novel2	0	last_exon	escape
ENSG00000086827.10.novel1	0.65	trigger_nmd	trigger
ENSG00000086827.10.novel4	0	last_exon	escape
ENSG00000087008.17.novel10	0.41	long_exon	escape
ENSG00000087008.17.novel9	0	last_exon	escape
ENSG00000087076.10.novel1	0	last_exon	escape
ENSG00000087076.10.novel2	0.65	trigger_nmd	trigger
ENSG00000087128.10.novel1	0.65	trigger_nmd	trigger
ENSG00000087128.10.novel3	0	last_exon	escape
ENSG00000087206.18.novel1	0.65	trigger_nmd	trigger
ENSG00000087206.18.novel73	0	last_exon	escape
ENSG00000087269.17.novel11	0.65	trigger_nmd	trigger
ENSG00000087884.17.novel1	0	last_exon	escape
ENSG00000087995.17.novel2	0.41	long_exon	escape
ENSG00000088451.12.novel1	0.65	trigger_nmd	trigger
ENSG00000088451.12.novel3	0	last_exon	escape
ENSG00000088766.13.novel1	0	last_exon	escape
ENSG00000088766.13.novel11	0.65	trigger_nmd	trigger
ENSG00000088992.19.novel1	0	last_exon	escape
ENSG00000089060.13.novel9	0.65	trigger_nmd	trigger
ENSG00000089234.17.novel1	0.65	trigger_nmd	trigger
ENSG00000089234.17.novel4	0	last_exon	escape
ENSG00000089639.12.novel2	0.41	long_exon	escape
ENSG00000090054.17.novel2	0.65	trigger_nmd	trigger
ENSG00000090661.14.novel1	0	last_exon	escape
ENSG00000090661.14.novel4	0.65	trigger_nmd	trigger
ENSG00000090989.19.novel54	0	last_exon	escape
ENSG00000091127.15.novel1	0.65	trigger_nmd	trigger
ENSG00000091844.9.novel1	0	last_exon	escape
ENSG00000091844.9.novel2	0.65	trigger_nmd	trigger
ENSG00000092020.12.novel1	0	last_exon	escape
ENSG00000092020.12.novel2	0.65	trigger_nmd	trigger
ENSG00000092036.20.novel9	0.65	trigger_nmd	trigger
ENSG00000092108.23.novel2	0.65	trigger_nmd	trigger
ENSG00000092978.12.novel1	0.65	trigger_nmd	trigger
ENSG00000092978.12.novel49	0	last_exon	escape
ENSG00000093009.12.novel3	0.65	trigger_nmd	trigger
ENSG00000093010.16.novel1	0.65	trigger_nmd	trigger
ENSG00000093167.19.novel2	0.65	trigger_nmd	trigger
ENSG00000095066.13.novel1	0.65	trigger_nmd	trigger
ENSG00000095066.13.novel4	0	last_exon	escape
ENSG00000095303.18.novel1	0.65	trigger_nmd	trigger
ENSG00000095485.19.novel3	0.65	trigger_nmd	trigger
ENSG00000095485.19.novel6	0	last_exon	escape
ENSG00000096717.13.novel1	0	last_exon	escape
ENSG00000096717.13.novel3	0.65	trigger_nmd	trigger
ENSG00000096746.19.novel1	0	last_exon	escape
ENSG00000096746.19.novel2	0.65	trigger_nmd	trigger
ENSG00000096872.18.novel5	0.65	trigger_nmd	trigger
ENSG00000099260.13.novel1	0.65	trigger_nmd	trigger
ENSG00000099260.13.novel9	0	last_exon	escape
ENSG00000099282.11.novel1	0.65	trigger_nmd	trigger
ENSG00000099326.10.novel1	0.65	trigger_nmd	trigger
ENSG00000099849.16.novel1	0	last_exon	escape
ENSG00000099899.17.novel14	0.65	trigger_nmd	trigger
ENSG00000099917.18.novel1	0.65	trigger_nmd	trigger
ENSG00000099998.20.novel2	0.65	trigger_nmd	trigger
ENSG00000100003.18.novel10	0.65	trigger_nmd	trigger
ENSG00000100003.18.novel12	0.2	50nt_rule	escape
ENSG00000100083.21.novel4	0.65	trigger_nmd	trigger
ENSG00000100151.17.novel3	0.65	trigger_nmd	trigger
ENSG00000100258.19.novel3	0.65	trigger_nmd	trigger
ENSG00000100258.19.novel7	0	last_exon	escape
ENSG00000100271.18.novel2	0	last_exon	escape
ENSG00000100271.18.novel3	0.65	trigger_nmd	trigger
ENSG00000100284.23.novel1	0.65	trigger_nmd	trigger
ENSG00000100294.14.novel1	0.41	long_exon	escape
ENSG00000100294.14.novel3	0	last_exon	escape
ENSG00000100376.13.novel1	0	last_exon	escape
ENSG00000100376.13.novel2	0.65	trigger_nmd	trigger
ENSG00000100416.16.novel31	0	last_exon	escape
ENSG00000100417.13.novel1	0.65	trigger_nmd	trigger
ENSG00000100418.9.novel1	0	last_exon	escape
ENSG00000100418.9.novel3	0.65	trigger_nmd	trigger
ENSG00000100441.11.novel1	0	last_exon	escape
ENSG00000100441.11.novel3	0.65	trigger_nmd	trigger
ENSG00000100519.13.novel1	0.41	long_exon	escape
ENSG00000100519.13.novel69	0	last_exon	escape
ENSG00000100558.10.novel1	0.65	trigger_nmd	trigger
ENSG00000100558.10.novel4	0	last_exon	escape
ENSG00000100726.16.novel2	0.65	trigger_nmd	trigger
ENSG00000100897.19.novel11	0.65	trigger_nmd	trigger
ENSG00000100897.19.novel4	0	last_exon	escape
ENSG00000100918.15.novel7	0.65	trigger_nmd	trigger
ENSG00000100949.16.novel3	0.65	trigger_nmd	trigger
ENSG00000101150.19.novel1	0.65	trigger_nmd	trigger
ENSG00000101152.13.novel1	0	last_exon	escape
ENSG00000101166.17.novel59	0.65	trigger_nmd	trigger
ENSG00000101194.19.novel1	0.65	trigger_nmd	trigger
ENSG00000101194.19.novel2	0	last_exon	escape
ENSG00000101213.8.novel2	0	last_exon	escape
ENSG00000101452.16.novel1	0	last_exon	escape
ENSG00000101546.13.novel1	0.65	trigger_nmd	trigger
ENSG00000101546.13.novel30	0	last_exon	escape
ENSG00000101624.12.novel1	0.65	trigger_nmd	trigger
ENSG00000101624.12.novel2	0	last_exon	escape
ENSG00000101751.12.novel1	0	last_exon	escape
ENSG00000101751.12.novel5	0.65	trigger_nmd	trigger
ENSG00000101773.20.novel47	0.65	trigger_nmd	trigger
ENSG00000101773.20.novel58	0	last_exon	escape
ENSG00000102007.12.novel1	0.65	trigger_nmd	trigger
ENSG00000102007.12.novel2	0	last_exon	escape
ENSG00000102032.14.novel3	0.65	trigger_nmd	trigger
ENSG00000102032.14.novel7	0	last_exon	escape
ENSG00000102158.23.novel1	0.41	long_exon	escape
ENSG00000102158.23.novel4	0.65	trigger_nmd	trigger
ENSG00000102225.18.novel1	0	last_exon	escape
ENSG00000102312.25.novel1	0.65	trigger_nmd	trigger
ENSG00000102606.21.novel17	0.65	trigger_nmd	trigger
ENSG00000102606.21.novel2	0	last_exon	escape
ENSG00000102738.9.novel2	0	last_exon	escape
ENSG00000102738.9.novel24	0.65	trigger_nmd	trigger
ENSG00000102796.13.novel1	0	last_exon	escape
ENSG00000102796.13.novel80	0.65	trigger_nmd	trigger
ENSG00000103061.14.novel1	0.65	trigger_nmd	trigger
ENSG00000103061.14.novel4	0	last_exon	escape
ENSG00000103064.16.novel1	0.65	trigger_nmd	trigger
ENSG00000103067.15.novel1	0.65	trigger_nmd	trigger
ENSG00000103067.15.novel5	0	last_exon	escape
ENSG00000103202.14.novel1	0	last_exon	escape
ENSG00000103202.14.novel28	0	last_exon	escape
ENSG00000103245.15.novel2	0.65	trigger_nmd	trigger
ENSG00000103253.20.novel1	0.65	trigger_nmd	trigger
ENSG00000103253.20.novel3	0	last_exon	escape
ENSG00000103264.19.novel12	0.41	long_exon	escape
ENSG00000103429.12.novel1	0.65	trigger_nmd	trigger
ENSG00000103534.18.novel14	0.65	trigger_nmd	trigger
ENSG00000103549.23.novel1	0	last_exon	escape
ENSG00000103549.23.novel6	0.65	trigger_nmd	trigger
ENSG00000103642.12.novel7	0.65	trigger_nmd	trigger
ENSG00000103855.19.novel1	0	last_exon	escape
ENSG00000103855.19.novel2	0.65	trigger_nmd	trigger
ENSG00000103876.15.novel1	0	last_exon	escape
ENSG00000103876.15.novel3	0.65	trigger_nmd	trigger
ENSG00000104205.17.novel18	0.65	trigger_nmd	trigger
ENSG00000104320.16.novel1	0.65	trigger_nmd	trigger
ENSG00000104375.18.novel1	0	last_exon	escape
ENSG00000104375.18.novel9	0.65	trigger_nmd	trigger
ENSG00000104412.9.novel1	0.65	trigger_nmd	trigger
ENSG00000104497.16.novel1	0.65	trigger_nmd	trigger
ENSG00000104635.16.novel2	0.65	trigger_nmd	trigger
ENSG00000104714.15.novel1	0.65	trigger_nmd	trigger
ENSG00000104714.15.novel3	0	last_exon	escape
ENSG00000104756.17.novel1	0.65	trigger_nmd	trigger
ENSG00000104756.17.novel3	0	last_exon	escape
ENSG00000104783.16.novel1	0.65	trigger_nmd	trigger
ENSG00000104783.16.novel5	0	last_exon	escape
ENSG00000104856.15.novel2	0	last_exon	escape
ENSG00000104856.15.novel5	0.65	trigger_nmd	trigger
ENSG00000104960.15.novel3	0.65	trigger_nmd	trigger
ENSG00000105131.9.novel1	0.65	trigger_nmd	trigger
ENSG00000105131.9.novel2	0	last_exon	escape
ENSG00000105298.15.novel1	0.65	trigger_nmd	trigger
ENSG00000105321.15.novel26	0	last_exon	escape
ENSG00000105321.15.novel3	0.65	trigger_nmd	trigger
ENSG00000105341.19.novel1	0	last_exon	escape
ENSG00000105341.19.novel2	0.65	trigger_nmd	trigger
ENSG00000105372.9.novel4	0.41	long_exon	escape
ENSG00000105443.17.novel12	0	last_exon	escape
ENSG00000105443.17.novel9	0.65	trigger_nmd	trigger
ENSG00000105499.15.novel1	0	last_exon	escape
ENSG00000105499.15.novel3	0	last_exon	escape
ENSG00000105538.11.novel1	0	last_exon	escape
ENSG00000105538.11.novel31	0	last_exon	escape
ENSG00000105655.20.novel2	0.41	long_exon	escape
ENSG00000105656.14.novel1	0.65	trigger_nmd	trigger
ENSG00000105778.21.novel1	0.65	trigger_nmd	trigger
ENSG00000105778.21.novel7	0	last_exon	escape
ENSG00000105793.17.novel3	0.65	trigger_nmd	trigger
ENSG00000105852.12.novel1	0.65	trigger_nmd	trigger
ENSG00000105856.15.novel8	0.65	trigger_nmd	trigger
ENSG00000105865.12.novel3	0.65	trigger_nmd	trigger
ENSG00000105993.16.novel1	0.65	trigger_nmd	trigger
ENSG00000106052.15.novel1	0	last_exon	escape
ENSG00000106052.15.novel4	0.65	trigger_nmd	trigger
ENSG00000106258.17.novel1	0.65	trigger_nmd	trigger
ENSG00000106261.18.novel2	0.65	trigger_nmd	trigger
ENSG00000106526.13.novel1	0.65	trigger_nmd	trigger
ENSG00000106526.13.novel8	0.2	50nt_rule	escape
ENSG00000106771.14.novel4	0.65	trigger_nmd	trigger
ENSG00000107164.18.novel2	0.65	trigger_nmd	trigger
ENSG00000107521.22.novel3	0.65	trigger_nmd	trigger
ENSG00000107614.23.novel1	0	last_exon	escape
ENSG00000107651.16.novel2	0.2	50nt_rule	escape
ENSG00000107651.16.novel4	0.65	trigger_nmd	trigger
ENSG00000107669.20.novel1	0	last_exon	escape
ENSG00000107789.16.novel1	0	last_exon	escape
ENSG00000107789.16.novel3	0.65	trigger_nmd	trigger
ENSG00000108187.17.novel6	0.65	trigger_nmd	trigger
ENSG00000108349.19.novel1	0.65	trigger_nmd	trigger
ENSG00000108599.16.novel3	0.65	trigger_nmd	trigger
ENSG00000108599.16.novel4	0	last_exon	escape
ENSG00000108651.11.novel1	0.2	50nt_rule	escape
ENSG00000108651.11.novel2	0.65	trigger_nmd	trigger
ENSG00000108771.14.novel2	0.65	trigger_nmd	trigger
ENSG00000108784.11.novel4	0.65	trigger_nmd	trigger
ENSG00000108784.11.novel5	0	last_exon	escape
ENSG00000108854.17.novel1	0	last_exon	escape
ENSG00000108854.17.novel2	0.65	trigger_nmd	trigger
ENSG00000108950.13.novel1	0	last_exon	escape
ENSG00000108950.13.novel3	0.65	trigger_nmd	trigger
ENSG00000109680.12.novel1	0.65	trigger_nmd	trigger
ENSG00000109680.12.novel3	0	last_exon	escape
ENSG00000109736.16.novel1	0	last_exon	escape
ENSG00000109738.12.novel1	0	last_exon	escape
ENSG00000109738.12.novel5	0.65	trigger_nmd	trigger
ENSG00000109743.13.novel11	0.65	trigger_nmd	trigger
ENSG00000109743.13.novel9	0	last_exon	escape
ENSG00000109787.14.novel1	0.65	trigger_nmd	trigger
ENSG00000109805.11.novel1	0.65	trigger_nmd	trigger
ENSG00000109805.11.novel6	0	last_exon	escape
ENSG00000109814.13.novel1	0.65	trigger_nmd	trigger
ENSG00000109920.14.novel3	0	last_exon	escape
ENSG00000109920.14.novel7	0	last_exon	escape
ENSG00000110321.19.novel3	0.65	trigger_nmd	trigger
ENSG00000110328.7.novel1	0	last_exon	escape
ENSG00000110328.7.novel3	0.65	trigger_nmd	trigger
ENSG00000110697.15.novel1	0.41	long_exon	escape
ENSG00000110713.19.novel6	0.65	trigger_nmd	trigger
ENSG00000110719.11.novel5	0	last_exon	escape
ENSG00000110719.11.novel8	0.65	trigger_nmd	trigger
ENSG00000110721.13.novel1	0.65	trigger_nmd	trigger
ENSG00000110756.19.novel3	0.65	trigger_nmd	trigger
ENSG00000110851.13.novel3	0.65	trigger_nmd	trigger
ENSG00000110888.20.novel37	0.65	trigger_nmd	trigger
ENSG00000110888.20.novel52	0	last_exon	escape
ENSG00000110931.20.novel2	0.65	trigger_nmd	trigger
ENSG00000110931.20.novel3	0	last_exon	escape
ENSG00000111052.9.novel1	0.2	50nt_rule	escape
ENSG00000111224.15.novel7	0.41	long_exon	escape
ENSG00000111247.16.novel2	0.65	trigger_nmd	trigger
ENSG00000111321.12.novel1	0	last_exon	escape
ENSG00000111321.12.novel2	0.65	trigger_nmd	trigger
ENSG00000111325.17.novel1	0	last_exon	escape
ENSG00000111581.11.novel2	0.65	trigger_nmd	trigger
ENSG00000111906.19.novel4	0.65	trigger_nmd	trigger
ENSG00000112210.13.novel1	0.65	trigger_nmd	trigger
ENSG00000112237.14.novel2	0.65	trigger_nmd	trigger
ENSG00000112305.16.novel26	0	last_exon	escape
ENSG00000112305.16.novel47	0.65	trigger_nmd	trigger
ENSG00000112357.15.novel1	0.65	trigger_nmd	trigger
ENSG00000112367.13.novel2	0	last_exon	escape
ENSG00000112763.18.novel1	0	last_exon	escape
ENSG00000112855.18.novel1	0.65	trigger_nmd	trigger
ENSG00000112874.11.novel1	0	last_exon	escape
ENSG00000112874.11.novel2	0.65	trigger_nmd	trigger
ENSG00000112877.9.novel2	0.65	trigger_nmd	trigger
ENSG00000112877.9.novel4	0	last_exon	escape
ENSG00000112983.18.novel3	0	last_exon	escape
ENSG00000112983.18.novel7	0.65	trigger_nmd	trigger
ENSG00000113108.21.novel12	0.41	long_exon	escape
ENSG00000113108.21.novel48	0	last_exon	escape
ENSG00000113194.14.novel1	0.65	trigger_nmd	trigger
ENSG00000113194.14.novel3	0	last_exon	escape
ENSG00000113240.15.novel1	0.65	trigger_nmd	trigger
ENSG00000113319.14.novel1	0.65	trigger_nmd	trigger
ENSG00000113319.14.novel2	0	last_exon	escape
ENSG00000113369.9.novel2	0.65	trigger_nmd	trigger
ENSG00000113369.9.novel3	0	last_exon	escape
ENSG00000113597.19.novel10	0.65	trigger_nmd	trigger
ENSG00000113638.15.novel4	0	last_exon	escape
ENSG00000113649.15.novel38	0.65	trigger_nmd	trigger
ENSG00000113851.17.novel1	0.65	trigger_nmd	trigger
ENSG00000113851.17.novel2	0	last_exon	escape
ENSG00000113966.12.novel1	0.65	trigger_nmd	trigger
ENSG00000113966.12.novel3	0	last_exon	escape
ENSG00000114120.15.novel1	0.65	trigger_nmd	trigger
ENSG00000114120.15.novel3	0	last_exon	escape
ENSG00000114316.14.novel1	0	last_exon	escape
ENSG00000114316.14.novel2	0.65	trigger_nmd	trigger
ENSG00000114423.24.novel6	0.65	trigger_nmd	trigger
ENSG00000114626.19.novel1	0.41	long_exon	escape
ENSG00000114735.11.novel1	0.65	trigger_nmd	trigger
ENSG00000115109.15.novel3	0.65	trigger_nmd	trigger
ENSG00000115109.15.novel4	0	last_exon	escape
ENSG00000115282.22.novel1	0.65	trigger_nmd	trigger
ENSG00000115286.22.novel1	0.65	trigger_nmd	trigger
ENSG00000115289.15.novel1	0	last_exon	escape
ENSG00000115289.15.novel4	0.65	trigger_nmd	trigger
ENSG00000115368.11.novel1	0.65	trigger_nmd	trigger
ENSG00000115368.11.novel5	0	last_exon	escape
ENSG00000115486.14.novel1	0.65	trigger_nmd	trigger
ENSG00000115602.18.novel1	0.65	trigger_nmd	trigger
ENSG00000115750.18.novel2	0	last_exon	escape
ENSG00000115993.14.novel1	0	last_exon	escape
ENSG00000115993.14.novel2	0.65	trigger_nmd	trigger
ENSG00000116001.18.novel17	0.65	trigger_nmd	trigger
ENSG00000116198.15.novel1	0	last_exon	escape
ENSG00000116198.15.novel7	0.65	trigger_nmd	trigger
ENSG00000116266.12.novel1	0	last_exon	escape
ENSG00000116266.12.novel2	0.65	trigger_nmd	trigger
ENSG00000116337.21.novel2	0.65	trigger_nmd	trigger
ENSG00000116473.16.novel1	0.65	trigger_nmd	trigger
ENSG00000116679.18.novel1	0	last_exon	escape
ENSG00000116704.9.novel1	0.2	50nt_rule	escape
ENSG00000116704.9.novel2	0	last_exon	escape
ENSG00000116754.15.novel1	0.65	trigger_nmd	trigger
ENSG00000116754.15.novel2	0	last_exon	escape
ENSG00000116954.9.novel2	0.65	trigger_nmd	trigger
ENSG00000116954.9.novel7	0	last_exon	escape
ENSG00000117475.15.novel3	0.65	trigger_nmd	trigger
ENSG00000117480.17.novel3	0.65	trigger_nmd	trigger
ENSG00000117543.23.novel2	0.65	trigger_nmd	trigger
ENSG00000117543.23.novel4	0.65	trigger_nmd	trigger
ENSG00000117616.19.novel1	0.65	trigger_nmd	trigger
ENSG00000117616.19.novel2	0.41	long_exon	escape
ENSG00000117620.16.novel12	0.65	trigger_nmd	trigger
ENSG00000117650.14.novel1	0.65	trigger_nmd	trigger
ENSG00000117682.19.novel1	0	last_exon	escape
ENSG00000117748.11.novel1	0.65	trigger_nmd	trigger
ENSG00000118242.17.novel19	0.65	trigger_nmd	trigger
ENSG00000118242.17.novel20	0.41	long_exon	escape
ENSG00000118454.14.novel1	0	last_exon	escape
ENSG00000118454.14.novel4	0.65	trigger_nmd	trigger
ENSG00000118961.16.novel1	0.65	trigger_nmd	trigger
ENSG00000118965.17.novel1	0	last_exon	escape
ENSG00000118965.17.novel8	0.65	trigger_nmd	trigger
ENSG00000119403.16.novel2	0.65	trigger_nmd	trigger
ENSG00000119411.12.novel4	0.65	trigger_nmd	trigger
ENSG00000119599.19.novel4	0.41	long_exon	escape
ENSG00000119661.16.novel1	0.65	trigger_nmd	trigger
ENSG00000119965.13.novel1	0.65	trigger_nmd	trigger
ENSG00000119965.13.novel2	0	last_exon	escape
ENSG00000119977.23.novel2	0.65	trigger_nmd	trigger
ENSG00000120217.14.novel1	0	last_exon	escape
ENSG00000120217.14.novel2	0.65	trigger_nmd	trigger
ENSG00000120256.12.novel9	0.65	trigger_nmd	trigger
ENSG00000120451.11.novel1	0	last_exon	escape
ENSG00000120451.11.novel10	0.65	trigger_nmd	trigger
ENSG00000120685.21.novel1	0	last_exon	escape
ENSG00000120685.21.novel3	0.41	long_exon	escape
ENSG00000120837.9.novel1	0.65	trigger_nmd	trigger
ENSG00000120910.16.novel1	0.65	trigger_nmd	trigger
ENSG00000120925.17.novel2	0.65	trigger_nmd	trigger
ENSG00000120948.20.novel12	0	last_exon	escape
ENSG00000120948.20.novel79	0.65	trigger_nmd	trigger
ENSG00000121022.15.novel1	0	last_exon	escape
ENSG00000121022.15.novel4	0.65	trigger_nmd	trigger
ENSG00000121210.17.novel1	0	last_exon	escape
ENSG00000121210.17.novel3	0.65	trigger_nmd	trigger
ENSG00000121578.14.novel1	0.65	trigger_nmd	trigger
ENSG00000121621.8.novel1	0.65	trigger_nmd	trigger
ENSG00000121775.19.novel1	0	last_exon	escape
ENSG00000121775.19.novel8	0	last_exon	escape
ENSG00000121895.10.novel1	0.65	trigger_nmd	trigger
ENSG00000121931.17.novel2	0	last_exon	escape
ENSG00000121931.17.novel7	0.41	long_exon	escape
ENSG00000121957.16.novel8	0.65	trigger_nmd	trigger
ENSG00000122068.14.novel1	0.65	trigger_nmd	trigger
ENSG00000122068.14.novel2	0.2	50nt_rule	escape
ENSG00000122335.18.novel1	0.65	trigger_nmd	trigger
ENSG00000122557.12.novel2	0.65	trigger_nmd	trigger
ENSG00000122566.24.novel1	0.65	trigger_nmd	trigger
ENSG00000122674.13.novel4	0.65	trigger_nmd	trigger
ENSG00000122687.20.novel2	0	last_exon	escape
ENSG00000122707.13.novel12	0.65	trigger_nmd	trigger
ENSG00000122707.13.novel5	0	last_exon	escape
ENSG00000122882.12.novel1	0.65	trigger_nmd	trigger
ENSG00000122882.12.novel2	0	last_exon	escape
ENSG00000122912.16.novel1	0	last_exon	escape
ENSG00000122912.16.novel2	0.65	trigger_nmd	trigger
ENSG00000122952.18.novel3	0.41	long_exon	escape
ENSG00000122970.17.novel1	0	last_exon	escape
ENSG00000122970.17.novel2	0.65	trigger_nmd	trigger
ENSG00000123130.18.novel7	0.65	trigger_nmd	trigger
ENSG00000123178.17.novel1	0.65	trigger_nmd	trigger
ENSG00000123213.24.novel2	0	last_exon	escape
ENSG00000123213.24.novel3	0.65	trigger_nmd	trigger
ENSG00000123240.18.novel3	0.65	trigger_nmd	trigger
ENSG00000123342.17.novel1	0.65	trigger_nmd	trigger
ENSG00000123342.17.novel2	0.65	trigger_nmd	trigger
ENSG00000123352.19.novel1	0.65	trigger_nmd	trigger
ENSG00000123352.19.novel29	0	last_exon	escape
ENSG00000123983.16.novel1	0.65	trigger_nmd	trigger
ENSG00000123989.16.novel2	0	last_exon	escape
ENSG00000124222.24.novel1	0.65	trigger_nmd	trigger
ENSG00000124275.16.novel1	0.65	trigger_nmd	trigger
ENSG00000124508.18.novel1	0	last_exon	escape
ENSG00000124786.14.novel1	0.65	trigger_nmd	trigger
ENSG00000125447.19.novel1	0	last_exon	escape
ENSG00000125447.19.novel2	0.65	trigger_nmd	trigger
ENSG00000125459.19.novel1	0	last_exon	escape
ENSG00000125459.19.novel2	0.65	trigger_nmd	trigger
ENSG00000125731.14.novel1	0	last_exon	escape
ENSG00000125731.14.novel2	0.65	trigger_nmd	trigger
ENSG00000125733.19.novel2	0.65	trigger_nmd	trigger
ENSG00000125753.16.novel1	0	last_exon	escape
ENSG00000125753.16.novel8	0.65	trigger_nmd	trigger
ENSG00000125812.17.novel1	0	last_exon	escape
ENSG00000125812.17.novel2	0.65	trigger_nmd	trigger
ENSG00000125821.14.novel1	0	last_exon	escape
ENSG00000125821.14.novel3	0.65	trigger_nmd	trigger
ENSG00000125977.8.novel1	0.65	trigger_nmd	trigger
ENSG00000125977.8.novel28	0.65	trigger_nmd	trigger
ENSG00000126070.21.novel1	0.65	trigger_nmd	trigger
ENSG00000126070.21.novel3	0	last_exon	escape
ENSG00000126214.23.novel1	0.65	trigger_nmd	trigger
ENSG00000126226.23.novel2	0.65	trigger_nmd	trigger
ENSG00000126249.8.novel2	0	last_exon	escape
ENSG00000126460.12.novel1	0	last_exon	escape
ENSG00000126460.12.novel2	0.65	trigger_nmd	trigger
ENSG00000126524.13.novel1	0	last_exon	escape
ENSG00000126787.14.novel6	0.65	trigger_nmd	trigger
ENSG00000126790.13.novel10	0.41	long_exon	escape
ENSG00000126790.13.novel4	0.41	long_exon	escape
ENSG00000126858.20.novel9	0.65	trigger_nmd	trigger
ENSG00000127022.17.novel5	0	last_exon	escape
ENSG00000127249.16.novel1	0	last_exon	escape
ENSG00000127249.16.novel2	0.65	trigger_nmd	trigger
ENSG00000127586.18.novel2	0.65	trigger_nmd	trigger
ENSG00000127663.17.novel1	0	last_exon	escape
ENSG00000128191.18.novel10	0.65	trigger_nmd	trigger
ENSG00000128191.18.novel11	0	last_exon	escape
ENSG00000128309.19.novel2	0.2	50nt_rule	escape
ENSG00000128513.17.novel1	0	last_exon	escape
ENSG00000128513.17.novel2	0.65	trigger_nmd	trigger
ENSG00000128654.15.novel79	0.65	trigger_nmd	trigger
ENSG00000128683.15.novel1	0.65	trigger_nmd	trigger
ENSG00000128683.15.novel3	0	last_exon	escape
ENSG00000128928.11.novel1	0.41	long_exon	escape
ENSG00000128928.11.novel6	0.65	trigger_nmd	trigger
ENSG00000129071.11.novel2	0.65	trigger_nmd	trigger
ENSG00000129195.17.novel1	0.41	long_exon	escape
ENSG00000129451.13.novel1	0.65	trigger_nmd	trigger
ENSG00000129484.15.novel1	0.65	trigger_nmd	trigger
ENSG00000129484.15.novel4	0	last_exon	escape
ENSG00000129515.21.novel1	0	last_exon	escape
ENSG00000129515.21.novel2	0.65	trigger_nmd	trigger
ENSG00000129657.17.novel21	0.65	trigger_nmd	trigger
ENSG00000130023.17.novel3	0.12	start_proximal	escape
ENSG00000130066.17.novel12	0.41	long_exon	escape
ENSG00000130150.13.novel1	0	last_exon	escape
ENSG00000130150.13.novel4	0.65	trigger_nmd	trigger
ENSG00000130244.14.novel1	0.12	start_proximal	escape
ENSG00000130244.14.novel5	0	last_exon	escape
ENSG00000130309.13.novel26	0	last_exon	escape
ENSG00000130363.15.novel2	0	last_exon	escape
ENSG00000130363.15.novel3	0.65	trigger_nmd	trigger
ENSG00000130479.12.novel1	0.65	trigger_nmd	trigger
ENSG00000130517.15.novel2	0	last_exon	escape
ENSG00000130517.15.novel3	0.41	long_exon	escape
ENSG00000130703.18.novel2	0	last_exon	escape
ENSG00000130703.18.novel3	0.65	trigger_nmd	trigger
ENSG00000130731.17.novel1	0.41	long_exon	escape
ENSG00000130958.14.novel22	0.65	trigger_nmd	trigger
ENSG00000131037.16.novel4	0.65	trigger_nmd	trigger
ENSG00000131061.16.novel4	0.65	trigger_nmd	trigger
ENSG00000131080.16.novel1	0.41	long_exon	escape
ENSG00000131373.16.novel1	0.65	trigger_nmd	trigger
ENSG00000131389.19.novel1	0	last_exon	escape
ENSG00000131389.19.novel2	0.65	trigger_nmd	trigger
ENSG00000131591.19.novel2	0	last_exon	escape
ENSG00000131746.14.novel1	0.65	trigger_nmd	trigger
ENSG00000131746.14.novel71	0.41	long_exon	escape
ENSG00000131748.17.novel1	0.65	trigger_nmd	trigger
ENSG00000131748.17.novel2	0	last_exon	escape
ENSG00000131773.15.novel1	0.65	trigger_nmd	trigger
ENSG00000131773.15.novel3	0	last_exon	escape
ENSG00000131781.14.novel1	0.2	50nt_rule	escape
ENSG00000131781.14.novel7	0.65	trigger_nmd	trigger
ENSG00000131966.15.novel1	0.65	trigger_nmd	trigger
ENSG00000132254.14.novel1	0.65	trigger_nmd	trigger
ENSG00000132254.14.novel2	0	last_exon	escape
ENSG00000132275.12.novel20	0	last_exon	escape
ENSG00000132275.12.novel5	0.41	long_exon	escape
ENSG00000132570.16.novel1	0.65	trigger_nmd	trigger
ENSG00000132570.16.novel5	0.41	long_exon	escape
ENSG00000132600.19.novel4	0.65	trigger_nmd	trigger
ENSG00000132600.19.novel7	0	last_exon	escape
ENSG00000132604.12.novel1	0	last_exon	escape
ENSG00000132604.12.novel2	0.65	trigger_nmd	trigger
ENSG00000132635.18.novel2	0	last_exon	escape
ENSG00000132635.18.novel6	0.65	trigger_nmd	trigger
ENSG00000132664.14.novel2	0.65	trigger_nmd	trigger
ENSG00000132680.12.novel1	0.65	trigger_nmd	trigger
ENSG00000132680.12.novel7	0	last_exon	escape
ENSG00000132768.15.novel18	0	last_exon	escape
ENSG00000132842.17.novel29	0	last_exon	escape
ENSG00000132842.17.novel3	0.65	trigger_nmd	trigger
ENSG00000132879.15.novel1	0.41	long_exon	escape
ENSG00000132879.15.novel2	0.65	trigger_nmd	trigger
ENSG00000132950.20.novel1	0.65	trigger_nmd	trigger
ENSG00000132950.20.novel4	0	last_exon	escape
ENSG00000132970.15.novel1	0.65	trigger_nmd	trigger
ENSG00000133104.15.novel1	0.65	trigger_nmd	trigger
ENSG00000133114.19.novel7	0.65	trigger_nmd	trigger
ENSG00000133313.16.novel9	0.41	long_exon	escape
ENSG00000133315.13.novel2	0.65	trigger_nmd	trigger
ENSG00000133433.12.novel1	0.65	trigger_nmd	trigger
ENSG00000133433.12.novel2	0.41	long_exon	escape
ENSG00000133627.19.novel1	0.65	trigger_nmd	trigger
ENSG00000133627.19.novel4	0	last_exon	escape
ENSG00000133731.11.novel2	0.65	trigger_nmd	trigger
ENSG00000133818.15.novel1	0	last_exon	escape
ENSG00000133818.15.novel3	0.65	trigger_nmd	trigger
ENSG00000134086.11.novel3	0.41	long_exon	escape
ENSG00000134109.11.novel1	0.65	trigger_nmd	trigger
ENSG00000134109.11.novel3	0	last_exon	escape
ENSG00000134146.13.novel8	0.65	trigger_nmd	trigger
ENSG00000134255.17.novel1	0.65	trigger_nmd	trigger
ENSG00000134255.17.novel3	0	last_exon	escape
ENSG00000134285.12.novel8	0	last_exon	escape
ENSG00000134317.18.novel1	0	last_exon	escape
ENSG00000134317.18.novel4	0.65	trigger_nmd	trigger
ENSG00000134339.10.novel3	0.65	trigger_nmd	trigger
ENSG00000134461.17.novel1	0.41	long_exon	escape
ENSG00000134461.17.novel5	0	last_exon	escape
ENSG00000134480.18.novel1	0.65	trigger_nmd	trigger
ENSG00000134602.17.novel55	0.65	trigger_nmd	trigger
ENSG00000134809.10.novel1	0	last_exon	escape
ENSG00000134897.15.novel6	0.65	trigger_nmd	trigger
ENSG00000134996.13.novel1	0	last_exon	escape
ENSG00000134996.13.novel2	0.65	trigger_nmd	trigger
ENSG00000135040.17.novel1	0.65	trigger_nmd	trigger
ENSG00000135108.17.novel1	0.65	trigger_nmd	trigger
ENSG00000135124.17.novel1	0.65	trigger_nmd	trigger
ENSG00000135164.20.novel1	0	last_exon	escape
ENSG00000135241.18.novel2	0.65	trigger_nmd	trigger
ENSG00000135269.19.novel3	0.41	long_exon	escape
ENSG00000135451.14.novel5	0.65	trigger_nmd	trigger
ENSG00000135655.17.novel26	0.65	trigger_nmd	trigger
ENSG00000135678.13.novel1	0.65	trigger_nmd	trigger
ENSG00000135678.13.novel2	0	last_exon	escape
ENSG00000135838.15.novel19	0.41	long_exon	escape
ENSG00000135838.15.novel5	0.2	50nt_rule	escape
ENSG00000135953.12.novel1	0.65	trigger_nmd	trigger
ENSG00000135953.12.novel4	0	last_exon	escape
ENSG00000135974.12.novel2	0.65	trigger_nmd	trigger
ENSG00000136045.13.novel1	0.65	trigger_nmd	trigger
ENSG00000136045.13.novel30	0	last_exon	escape
ENSG00000136051.16.novel3	0	last_exon	escape
ENSG00000136051.16.novel48	0.65	trigger_nmd	trigger
ENSG00000136143.17.novel1	0.65	trigger_nmd	trigger
ENSG00000136144.13.novel5	0.65	trigger_nmd	trigger
ENSG00000136152.16.novel3	0.65	trigger_nmd	trigger
ENSG00000136152.16.novel5	0	last_exon	escape
ENSG00000136243.19.novel1	0.65	trigger_nmd	trigger
ENSG00000136243.19.novel10	0.2	50nt_rule	escape
ENSG00000136536.16.novel2	0.65	trigger_nmd	trigger
ENSG00000136643.13.novel1	0	last_exon	escape
ENSG00000136783.11.novel1	0	last_exon	escape
ENSG00000136783.11.novel3	0.65	trigger_nmd	trigger
ENSG00000136856.19.novel1	0	last_exon	escape
ENSG00000136856.19.novel3	0.65	trigger_nmd	trigger
ENSG00000136877.17.novel1	0.65	trigger_nmd	trigger
ENSG00000136877.17.novel52	0	last_exon	escape
ENSG00000136878.15.novel1	0.2	50nt_rule	escape
ENSG00000136878.15.novel2	0.41	long_exon	escape
ENSG00000137073.25.novel1	0.65	trigger_nmd	trigger
ENSG00000137106.19.novel1	0.41	long_exon	escape
ENSG00000137200.14.novel1	0	last_exon	escape
ENSG00000137200.14.novel3	0.65	trigger_nmd	trigger
ENSG00000137275.17.novel1	0.65	trigger_nmd	trigger
ENSG00000137522.19.novel1	0.65	trigger_nmd	trigger
ENSG00000137522.19.novel2	0.2	50nt_rule	escape
ENSG00000137648.21.novel1	0.65	trigger_nmd	trigger
ENSG00000137868.20.novel1	0	last_exon	escape
ENSG00000137942.19.novel3	0.65	trigger_nmd	trigger
ENSG00000137955.17.novel3	0.65	trigger_nmd	trigger
ENSG00000137955.17.novel7	0	last_exon	escape
ENSG00000137996.14.novel1	0.65	trigger_nmd	trigger
ENSG00000138018.19.novel1	0.65	trigger_nmd	trigger
ENSG00000138018.19.novel3	0	last_exon	escape
ENSG00000138035.16.novel3	0	last_exon	escape
ENSG00000138035.16.novel6	0.65	trigger_nmd	trigger
ENSG00000138074.16.novel4	0.65	trigger_nmd	trigger
ENSG00000138131.5.novel1	0.65	trigger_nmd	trigger
ENSG00000138138.15.novel2	0	last_exon	escape
ENSG00000138326.22.novel1	0.12	start_proximal	escape
ENSG00000138459.10.novel1	0	last_exon	escape
ENSG00000138459.10.novel9	0.65	trigger_nmd	trigger
ENSG00000138617.17.novel1	0.65	trigger_nmd	trigger
ENSG00000138642.17.novel3	0.65	trigger_nmd	trigger
ENSG00000138668.21.novel1	0.65	trigger_nmd	trigger
ENSG00000138678.12.novel2	0.65	trigger_nmd	trigger
ENSG00000138750.17.novel2	0	last_exon	escape
ENSG00000138785.17.novel2	0.65	trigger_nmd	trigger
ENSG00000138801.10.novel1	0	last_exon	escape
ENSG00000138801.10.novel2	0.65	trigger_nmd	trigger
ENSG00000138942.18.novel2	0.65	trigger_nmd	trigger
ENSG00000139163.17.novel1	0.65	trigger_nmd	trigger
ENSG00000139372.15.novel10	0.65	trigger_nmd	trigger
ENSG00000139505.14.novel1	0	last_exon	escape
ENSG00000139505.14.novel2	0.65	trigger_nmd	trigger
ENSG00000139620.14.novel1	0.65	trigger_nmd	trigger
ENSG00000139620.14.novel2	0	last_exon	escape
ENSG00000139626.17.novel1	0.65	trigger_nmd	trigger
ENSG00000139636.17.novel1	0.65	trigger_nmd	trigger
ENSG00000139651.12.novel1	0	last_exon	escape
ENSG00000139651.12.novel2	0.65	trigger_nmd	trigger
ENSG00000140299.15.novel1	0.65	trigger_nmd	trigger
ENSG00000140400.19.novel1	0.41	long_exon	escape
ENSG00000140416.27.novel3	0.65	trigger_nmd	trigger
ENSG00000140471.18.novel14	0.65	trigger_nmd	trigger
ENSG00000140471.18.novel2	0	last_exon	escape
ENSG00000140521.18.novel32	0.65	trigger_nmd	trigger
ENSG00000140521.18.novel33	0	last_exon	escape
ENSG00000140563.17.novel1	0	last_exon	escape
ENSG00000140563.17.novel4	0.65	trigger_nmd	trigger
ENSG00000140598.17.novel2	0.65	trigger_nmd	trigger
ENSG00000140598.17.novel50	0	last_exon	escape
ENSG00000140829.13.novel1	0.65	trigger_nmd	trigger
ENSG00000140829.13.novel2	0	last_exon	escape
ENSG00000140854.14.novel4	0.65	trigger_nmd	trigger
ENSG00000140983.16.novel1	0.65	trigger_nmd	trigger
ENSG00000140983.16.novel2	0	last_exon	escape
ENSG00000140992.21.novel1	0.65	trigger_nmd	trigger
ENSG00000140995.18.novel5	0.65	trigger_nmd	trigger
ENSG00000141198.17.novel5	0.65	trigger_nmd	trigger
ENSG00000141447.20.novel23	0.65	trigger_nmd	trigger
ENSG00000141452.12.novel1	0.65	trigger_nmd	trigger
ENSG00000141526.19.novel1	0	last_exon	escape
ENSG00000142002.20.novel1	0.65	trigger_nmd	trigger
ENSG00000142224.18.novel1	0	last_exon	escape
ENSG00000142224.18.novel2	0.41	long_exon	escape
ENSG00000142273.14.novel1	0.65	trigger_nmd	trigger
ENSG00000142552.9.novel1	0.65	trigger_nmd	trigger
ENSG00000142687.20.novel2	0.65	trigger_nmd	trigger
ENSG00000142765.19.novel2	0.65	trigger_nmd	trigger
ENSG00000142892.16.novel1	0.65	trigger_nmd	trigger
ENSG00000142892.16.novel5	0	last_exon	escape
ENSG00000142920.19.novel2	0.65	trigger_nmd	trigger
ENSG00000142945.14.novel1	0	last_exon	escape
ENSG00000142945.14.novel9	0.65	trigger_nmd	trigger
ENSG00000143156.15.novel2	0.65	trigger_nmd	trigger
ENSG00000143303.13.novel1	0.41	long_exon	escape
ENSG00000143303.13.novel3	0	last_exon	escape
ENSG00000143367.18.novel60	0.65	trigger_nmd	trigger
ENSG00000143418.21.novel9	0.65	trigger_nmd	trigger
ENSG00000143437.22.novel53	0.65	trigger_nmd	trigger
ENSG00000143498.19.novel4	0	last_exon	escape
ENSG00000143578.17.novel3	0.65	trigger_nmd	trigger
ENSG00000143774.19.novel2	0	last_exon	escape
ENSG00000143774.19.novel4	0	last_exon	escape
ENSG00000143797.13.novel1	0.65	trigger_nmd	trigger
ENSG00000143797.13.novel7	0	last_exon	escape
ENSG00000143801.19.novel7	0.65	trigger_nmd	trigger
ENSG00000143811.21.novel1	0.41	long_exon	escape
ENSG00000143811.21.novel8	0	last_exon	escape
ENSG00000143845.15.novel2	0.65	trigger_nmd	trigger
ENSG00000144118.15.novel1	0.65	trigger_nmd	trigger
ENSG00000144134.20.novel3	0.65	trigger_nmd	trigger
ENSG00000144134.20.novel66	0	last_exon	escape
ENSG00000144645.17.novel1	0	last_exon	escape
ENSG00000144645.17.novel4	0.65	trigger_nmd	trigger
ENSG00000144681.12.novel1	0	last_exon	escape
ENSG00000144681.12.novel3	0.65	trigger_nmd	trigger
ENSG00000144744.19.novel4	0.65	trigger_nmd	trigger
ENSG00000145386.12.novel11	0	last_exon	escape
ENSG00000145386.12.novel2	0.65	trigger_nmd	trigger
ENSG00000145414.10.novel2	0	last_exon	escape
ENSG00000145723.18.novel4	0.65	trigger_nmd	trigger
ENSG00000145740.21.novel3	0.65	trigger_nmd	trigger
ENSG00000145782.14.novel1	0.41	long_exon	escape
ENSG00000145908.14.novel2	0	last_exon	escape
ENSG00000145908.14.novel4	0	last_exon	escape
ENSG00000145919.12.novel1	0.65	trigger_nmd	trigger
ENSG00000146054.19.novel30	0.41	long_exon	escape
ENSG00000146232.18.novel1	0.65	trigger_nmd	trigger
ENSG00000146232.18.novel24	0	last_exon	escape
ENSG00000146476.12.novel2	0	last_exon	escape
ENSG00000146574.17.novel1	0	last_exon	escape
ENSG00000146574.17.novel11	0.65	trigger_nmd	trigger
ENSG00000146909.9.novel1	0	last_exon	escape
ENSG00000146909.9.novel3	0.41	long_exon	escape
ENSG00000146918.21.novel1	0	last_exon	escape
ENSG00000146918.21.novel4	0.65	trigger_nmd	trigger
ENSG00000147421.19.novel3	0.2	50nt_rule	escape
ENSG00000147421.19.novel5	0.65	trigger_nmd	trigger
ENSG00000147475.18.novel2	0.65	trigger_nmd	trigger
ENSG00000147576.18.novel1	0	last_exon	escape
ENSG00000147576.18.novel2	0.65	trigger_nmd	trigger
ENSG00000147654.17.novel34	0.65	trigger_nmd	trigger
ENSG00000147854.19.novel1	0.65	trigger_nmd	trigger
ENSG00000148110.18.novel1	0.2	50nt_rule	escape
ENSG00000148110.18.novel2	0.65	trigger_nmd	trigger
ENSG00000148154.11.novel1	0	last_exon	escape
ENSG00000148154.11.novel5	0.65	trigger_nmd	trigger
ENSG00000148634.17.novel2	0.65	trigger_nmd	trigger
ENSG00000148660.23.novel2	0.2	50nt_rule	escape
ENSG00000148660.23.novel4	0.65	trigger_nmd	trigger
ENSG00000148803.14.novel1	0	last_exon	escape
ENSG00000148814.19.novel7	0.65	trigger_nmd	trigger
ENSG00000148832.17.novel4	0	last_exon	escape
ENSG00000148908.16.novel7	0.41	long_exon	escape
ENSG00000149182.16.novel44	0.65	trigger_nmd	trigger
ENSG00000149243.18.novel1	0.65	trigger_nmd	trigger
ENSG00000149243.18.novel3	0	last_exon	escape
ENSG00000149269.11.novel4	0.65	trigger_nmd	trigger
ENSG00000149564.13.novel1	0.65	trigger_nmd	trigger
ENSG00000149930.19.novel2	0.65	trigger_nmd	trigger
ENSG00000150401.16.novel2	0	last_exon	escape
ENSG00000150403.19.novel2	0.65	trigger_nmd	trigger
ENSG00000150477.16.novel1	0	last_exon	escape
ENSG00000150477.16.novel7	0.65	trigger_nmd	trigger
ENSG00000150776.19.novel9	0	last_exon	escape
ENSG00000151092.19.novel2	0.65	trigger_nmd	trigger
ENSG00000151445.17.novel1	0	last_exon	escape
ENSG00000151445.17.novel2	0.65	trigger_nmd	trigger
ENSG00000151575.16.novel1	0	last_exon	escape
ENSG00000151575.16.novel5	0.65	trigger_nmd	trigger
ENSG00000151576.11.novel1	0.65	trigger_nmd	trigger
ENSG00000151651.17.novel2	0.65	trigger_nmd	trigger
ENSG00000151689.14.novel1	0.65	trigger_nmd	trigger
ENSG00000151689.14.novel3	0	last_exon	escape
ENSG00000151693.12.novel61	0.65	trigger_nmd	trigger
ENSG00000151715.9.novel1	0.65	trigger_nmd	trigger
ENSG00000151718.17.novel1	0.65	trigger_nmd	trigger
ENSG00000151718.17.novel3	0	last_exon	escape
ENSG00000151743.11.novel3	0.65	trigger_nmd	trigger
ENSG00000151876.14.novel1	0	last_exon	escape
ENSG00000151876.14.novel5	0.41	long_exon	escape
ENSG00000151923.19.novel3	0.65	trigger_nmd	trigger
ENSG00000152256.15.novel3	0.65	trigger_nmd	trigger
ENSG00000152465.19.novel8	0.65	trigger_nmd	trigger
ENSG00000152700.15.novel1	0.65	trigger_nmd	trigger
ENSG00000153066.14.novel1	0.65	trigger_nmd	trigger
ENSG00000153066.14.novel11	0	last_exon	escape
ENSG00000153071.16.novel3	0.41	long_exon	escape
ENSG00000153071.16.novel36	0	last_exon	escape
ENSG00000153574.10.novel1	0.65	trigger_nmd	trigger
ENSG00000153786.14.novel4	0.65	trigger_nmd	trigger
ENSG00000154001.15.novel1	0.65	trigger_nmd	trigger
ENSG00000154001.15.novel4	0	last_exon	escape
ENSG00000154114.14.novel7	0.65	trigger_nmd	trigger
ENSG00000154277.14.novel1	0	last_exon	escape
ENSG00000154277.14.novel4	0	last_exon	escape
ENSG00000154553.17.novel2	0.41	long_exon	escape
ENSG00000154640.16.novel1	0.65	trigger_nmd	trigger
ENSG00000154655.17.novel1	0.65	trigger_nmd	trigger
ENSG00000154655.17.novel2	0	last_exon	escape
ENSG00000154710.19.novel1	0.65	trigger_nmd	trigger
ENSG00000154719.15.novel2	0	last_exon	escape
ENSG00000154719.15.novel62	0.65	trigger_nmd	trigger
ENSG00000154845.17.novel1	0.65	trigger_nmd	trigger
ENSG00000155016.19.novel1	0.65	trigger_nmd	trigger
ENSG00000155256.19.novel2	0.65	trigger_nmd	trigger
ENSG00000155275.20.novel1	0.65	trigger_nmd	trigger
ENSG00000155275.20.novel69	0	last_exon	escape
ENSG00000155367.17.novel2	0.65	trigger_nmd	trigger
ENSG00000155367.17.novel8	0	last_exon	escape
ENSG00000155438.13.novel1	0.65	trigger_nmd	trigger
ENSG00000155666.13.novel3	0.65	trigger_nmd	trigger
ENSG00000155729.14.novel1	0.65	trigger_nmd	trigger
ENSG00000155729.14.novel2	0	last_exon	escape
ENSG00000156162.17.novel2	0	last_exon	escape
ENSG00000156162.17.novel7	0.65	trigger_nmd	trigger
ENSG00000156171.16.novel3	0.65	trigger_nmd	trigger
ENSG00000156232.8.novel14	0	last_exon	escape
ENSG00000156232.8.novel7	0	last_exon	escape
ENSG00000156469.10.novel1	0	last_exon	escape
ENSG00000156469.10.novel5	0	last_exon	escape
ENSG00000156502.15.novel1	0	last_exon	escape
ENSG00000156502.15.novel2	0.65	trigger_nmd	trigger
ENSG00000156671.16.novel1	0.65	trigger_nmd	trigger
ENSG00000156675.17.novel39	0.41	long_exon	escape
ENSG00000156804.8.novel2	0.65	trigger_nmd	trigger
ENSG00000156970.14.novel4	0.65	trigger_nmd	trigger
ENSG00000157014.11.novel1	0.65	trigger_nmd	trigger
ENSG00000157045.9.novel1	0.65	trigger_nmd	trigger
ENSG00000157107.15.novel30	0	last_exon	escape
ENSG00000157107.15.novel5	0.65	trigger_nmd	trigger
ENSG00000157191.21.novel1	0.65	trigger_nmd	trigger
ENSG00000157601.16.novel1	0.65	trigger_nmd	trigger
ENSG00000157693.16.novel1	0.65	trigger_nmd	trigger
ENSG00000157800.19.novel2	0.65	trigger_nmd	trigger
ENSG00000157873.19.novel2	0	last_exon	escape
ENSG00000157873.19.novel8	0.65	trigger_nmd	trigger
ENSG00000157992.13.novel27	0.41	long_exon	escape
ENSG00000158062.22.novel10	0.65	trigger_nmd	trigger
ENSG00000158106.16.novel3	0.41	long_exon	escape
ENSG00000158161.17.novel4	0.65	trigger_nmd	trigger
ENSG00000158161.17.novel54	0	last_exon	escape
ENSG00000158201.11.novel2	0	last_exon	escape
ENSG00000158201.11.novel3	0.65	trigger_nmd	trigger
ENSG00000158315.12.novel1	0.65	trigger_nmd	trigger
ENSG00000158315.12.novel6	0	last_exon	escape
ENSG00000158402.22.novel2	0.65	trigger_nmd	trigger
ENSG00000158882.16.novel14	0	last_exon	escape
ENSG00000158882.16.novel17	0.65	trigger_nmd	trigger
ENSG00000159214.14.novel1	0	last_exon	escape
ENSG00000159214.14.novel10	0.65	trigger_nmd	trigger
ENSG00000159348.14.novel1	0.65	trigger_nmd	trigger
ENSG00000159423.18.novel3	0.65	trigger_nmd	trigger
ENSG00000160058.20.novel2	0.65	trigger_nmd	trigger
ENSG00000160179.21.novel1	0	last_exon	escape
ENSG00000160191.19.novel1	0	last_exon	escape
ENSG00000160191.19.novel4	0.65	trigger_nmd	trigger
ENSG00000160193.13.novel1	0.65	trigger_nmd	trigger
ENSG00000160226.16.novel10	0.65	trigger_nmd	trigger
ENSG00000160310.21.novel2	0	last_exon	escape
ENSG00000160325.16.novel2	0	last_exon	escape
ENSG00000160326.15.novel8	0.65	trigger_nmd	trigger
ENSG00000160408.17.novel1	0.65	trigger_nmd	trigger
ENSG00000160439.16.novel71	0.65	trigger_nmd	trigger
ENSG00000160439.16.novel8	0	last_exon	escape
ENSG00000160613.16.novel2	0.65	trigger_nmd	trigger
ENSG00000160613.16.novel48	0	last_exon	escape
ENSG00000160691.20.novel7	0.41	long_exon	escape
ENSG00000160803.9.novel1	0	last_exon	escape
ENSG00000160803.9.novel4	0.65	trigger_nmd	trigger
ENSG00000160813.8.novel2	0	last_exon	escape
ENSG00000160961.13.novel1	0	last_exon	escape
ENSG00000160961.13.novel5	0.65	trigger_nmd	trigger
ENSG00000160972.11.novel1	0	last_exon	escape
ENSG00000160972.11.novel3	0.65	trigger_nmd	trigger
ENSG00000161202.21.novel1	0	last_exon	escape
ENSG00000161202.21.novel4	0.65	trigger_nmd	trigger
ENSG00000161265.15.novel1	0.65	trigger_nmd	trigger
ENSG00000161265.15.novel6	0	last_exon	escape
ENSG00000161558.12.novel1	0	last_exon	escape
ENSG00000161558.12.novel4	0	last_exon	escape
ENSG00000161654.11.novel5	0.65	trigger_nmd	trigger
ENSG00000161800.14.novel11	0.65	trigger_nmd	trigger
ENSG00000162066.17.novel2	0.65	trigger_nmd	trigger
ENSG00000162069.17.novel2	0.41	long_exon	escape
ENSG00000162129.16.novel3	0.65	trigger_nmd	trigger
ENSG00000162341.19.novel1	0.65	trigger_nmd	trigger
ENSG00000162373.14.novel2	0.65	trigger_nmd	trigger
ENSG00000162373.14.novel3	0	last_exon	escape
ENSG00000162385.12.novel2	0.65	trigger_nmd	trigger
ENSG00000162434.15.novel4	0	last_exon	escape
ENSG00000162434.15.novel5	0	last_exon	escape
ENSG00000162458.14.novel2	0	last_exon	escape
ENSG00000162601.13.novel1	0	last_exon	escape
ENSG00000162601.13.novel14	0.65	trigger_nmd	trigger
ENSG00000162695.14.novel2	0.65	trigger_nmd	trigger
ENSG00000162723.10.novel1	0.65	trigger_nmd	trigger
ENSG00000162852.15.novel1	0	last_exon	escape
ENSG00000162852.15.novel7	0.65	trigger_nmd	trigger
ENSG00000162869.17.novel4	0.65	trigger_nmd	trigger
ENSG00000162885.15.novel1	0	last_exon	escape
ENSG00000162885.15.novel3	0.65	trigger_nmd	trigger
ENSG00000163001.13.novel2	0.65	trigger_nmd	trigger
ENSG00000163001.13.novel6	0	last_exon	escape
ENSG00000163040.16.novel1	0	last_exon	escape
ENSG00000163040.16.novel3	0.65	trigger_nmd	trigger
ENSG00000163072.17.novel1	0.65	trigger_nmd	trigger
ENSG00000163141.21.novel25	0.65	trigger_nmd	trigger
ENSG00000163249.14.novel1	0.41	long_exon	escape
ENSG00000163291.15.novel2	0.65	trigger_nmd	trigger
ENSG00000163312.12.novel3	0.65	trigger_nmd	trigger
ENSG00000163472.20.novel63	0.41	long_exon	escape
ENSG00000163521.17.novel5	0	last_exon	escape
ENSG00000163521.17.novel73	0.65	trigger_nmd	trigger
ENSG00000163558.14.novel1	0.65	trigger_nmd	trigger
ENSG00000163608.16.novel2	0.65	trigger_nmd	trigger
ENSG00000163687.15.novel1	0	last_exon	escape
ENSG00000163687.15.novel2	0	last_exon	escape
ENSG00000163701.20.novel2	0.65	trigger_nmd	trigger
ENSG00000163762.8.novel1	0.65	trigger_nmd	trigger
ENSG00000163785.15.novel2	0.65	trigger_nmd	trigger
ENSG00000163867.18.novel26	0	last_exon	escape
ENSG00000163898.11.novel64	0.41	long_exon	escape
ENSG00000163918.13.novel2	0	last_exon	escape
ENSG00000163918.13.novel8	0.65	trigger_nmd	trigger
ENSG00000163960.14.novel1	0	last_exon	escape
ENSG00000164074.18.novel1	0	last_exon	escape
ENSG00000164074.18.novel3	0.65	trigger_nmd	trigger
ENSG00000164077.16.novel2	0.41	long_exon	escape
ENSG00000164087.9.novel2	0.65	trigger_nmd	trigger
ENSG00000164162.15.novel2	0.65	trigger_nmd	trigger
ENSG00000164171.12.novel31	0	last_exon	escape
ENSG00000164171.12.novel4	0	last_exon	escape
ENSG00000164253.15.novel12	0.65	trigger_nmd	trigger
ENSG00000164253.15.novel2	0	last_exon	escape
ENSG00000164300.19.novel1	0	last_exon	escape
ENSG00000164300.19.novel6	0.65	trigger_nmd	trigger
ENSG00000164307.14.novel3	0.65	trigger_nmd	trigger
ENSG00000164308.19.novel1	0	last_exon	escape
ENSG00000164308.19.novel3	0.65	trigger_nmd	trigger
ENSG00000164329.16.novel3	0.65	trigger_nmd	trigger
ENSG00000164347.19.novel1	0	last_exon	escape
ENSG00000164347.19.novel2	0.65	trigger_nmd	trigger
ENSG00000164494.13.novel3	0.65	trigger_nmd	trigger
ENSG00000164548.13.novel2	0	last_exon	escape
ENSG00000164548.13.novel4	0	last_exon	escape
ENSG00000164761.10.novel1	0.65	trigger_nmd	trigger
ENSG00000164761.10.novel3	0	last_exon	escape
ENSG00000164815.12.novel1	0.65	trigger_nmd	trigger
ENSG00000164929.18.novel8	0.65	trigger_nmd	trigger
ENSG00000164941.15.novel1	0.65	trigger_nmd	trigger
ENSG00000164941.15.novel2	0	last_exon	escape
ENSG00000165304.9.novel9	0.65	trigger_nmd	trigger
ENSG00000165338.17.novel1	0.65	trigger_nmd	trigger
ENSG00000165476.15.novel1	0.65	trigger_nmd	trigger
ENSG00000165476.15.novel15	0	last_exon	escape
ENSG00000165501.18.novel1	0	last_exon	escape
ENSG00000165501.18.novel4	0.65	trigger_nmd	trigger
ENSG00000165591.8.novel5	0.65	trigger_nmd	trigger
ENSG00000165733.9.novel50	0.65	trigger_nmd	trigger
ENSG00000165891.17.novel2	0.65	trigger_nmd	trigger
ENSG00000165891.17.novel7	0	last_exon	escape
ENSG00000165905.19.novel5	0.65	trigger_nmd	trigger
ENSG00000165915.15.novel1	0.65	trigger_nmd	trigger
ENSG00000165915.15.novel3	0	last_exon	escape
ENSG00000165948.12.novel1	0.2	50nt_rule	escape
ENSG00000165948.12.novel2	0	last_exon	escape
ENSG00000166123.15.novel1	0.65	trigger_nmd	trigger
ENSG00000166164.17.novel4	0.65	trigger_nmd	trigger
ENSG00000166197.18.novel3	0.65	trigger_nmd	trigger
ENSG00000166311.11.novel4	0	last_exon	escape
ENSG00000166484.21.novel1	0.41	long_exon	escape
ENSG00000166529.17.novel1	0	last_exon	escape
ENSG00000166529.17.novel3	0.65	trigger_nmd	trigger
ENSG00000166780.12.novel6	0	last_exon	escape
ENSG00000166780.12.novel7	0.65	trigger_nmd	trigger
ENSG00000166855.10.novel1	0.65	trigger_nmd	trigger
ENSG00000166855.10.novel43	0	last_exon	escape
ENSG00000166881.11.novel2	0.65	trigger_nmd	trigger
ENSG00000166881.11.novel3	0	last_exon	escape
ENSG00000167113.12.novel1	0.65	trigger_nmd	trigger
ENSG00000167113.12.novel4	0	last_exon	escape
ENSG00000167302.12.novel1	0.65	trigger_nmd	trigger
ENSG00000167302.12.novel2	0	last_exon	escape
ENSG00000167306.22.novel3	0	last_exon	escape
ENSG00000167306.22.novel6	0.65	trigger_nmd	trigger
ENSG00000167515.12.novel4	0.41	long_exon	escape
ENSG00000167528.14.novel1	0.65	trigger_nmd	trigger
ENSG00000167555.15.novel3	0	last_exon	escape
ENSG00000167555.15.novel9	0.65	trigger_nmd	trigger
ENSG00000167600.15.novel1	0	last_exon	escape
ENSG00000167600.15.novel2	0.65	trigger_nmd	trigger
ENSG00000167608.13.novel2	0.65	trigger_nmd	trigger
ENSG00000167608.13.novel3	0.65	trigger_nmd	trigger
ENSG00000167703.16.novel1	0.65	trigger_nmd	trigger
ENSG00000167861.17.novel5	0.65	trigger_nmd	trigger
ENSG00000168066.23.novel2	0.65	trigger_nmd	trigger
ENSG00000168216.14.novel1	0.65	trigger_nmd	trigger
ENSG00000168216.14.novel3	0	last_exon	escape
ENSG00000168297.17.novel1	0	last_exon	escape
ENSG00000168297.17.novel4	0.65	trigger_nmd	trigger
ENSG00000168389.19.novel1	0	last_exon	escape
ENSG00000168389.19.novel2	0.65	trigger_nmd	trigger
ENSG00000168476.13.novel1	0.41	long_exon	escape
ENSG00000168495.14.novel2	0.65	trigger_nmd	trigger
ENSG00000168522.14.novel7	0	last_exon	escape
ENSG00000168575.12.novel3	0.65	trigger_nmd	trigger
ENSG00000168724.19.novel1	0	last_exon	escape
ENSG00000168724.19.novel7	0.65	trigger_nmd	trigger
ENSG00000168826.17.novel1	0.65	trigger_nmd	trigger
ENSG00000168826.17.novel3	0	last_exon	escape
ENSG00000168883.21.novel1	0.65	trigger_nmd	trigger
ENSG00000169087.12.novel1	0	last_exon	escape
ENSG00000169087.12.novel3	0.65	trigger_nmd	trigger
ENSG00000169251.14.novel2	0	last_exon	escape
ENSG00000169251.14.novel3	0.65	trigger_nmd	trigger
ENSG00000169410.12.novel11	0.65	trigger_nmd	trigger
ENSG00000169410.12.novel8	0	last_exon	escape
ENSG00000169621.12.novel1	0.65	trigger_nmd	trigger
ENSG00000169621.12.novel4	0	last_exon	escape
ENSG00000169733.13.novel1	0.65	trigger_nmd	trigger
ENSG00000169733.13.novel9	0	last_exon	escape
ENSG00000169762.18.novel13	0	last_exon	escape
ENSG00000169902.16.novel8	0.65	trigger_nmd	trigger
ENSG00000169972.14.novel1	0	last_exon	escape
ENSG00000169972.14.novel4	0.41	long_exon	escape
ENSG00000170242.20.novel4	0.65	trigger_nmd	trigger
ENSG00000170412.19.novel2	0.2	50nt_rule	escape
ENSG00000170477.13.novel1	0	last_exon	escape
ENSG00000170477.13.novel5	0.65	trigger_nmd	trigger
ENSG00000170537.14.novel1	0.65	trigger_nmd	trigger
ENSG00000170542.8.novel1	0.65	trigger_nmd	trigger
ENSG00000170542.8.novel45	0	last_exon	escape
ENSG00000170581.16.novel3	0.65	trigger_nmd	trigger
ENSG00000170949.19.novel2	0.65	trigger_nmd	trigger
ENSG00000171055.16.novel7	0	last_exon	escape
ENSG00000171100.17.novel2	0.65	trigger_nmd	trigger
ENSG00000171103.12.novel1	0	last_exon	escape
ENSG00000171103.12.novel3	0.65	trigger_nmd	trigger
ENSG00000171307.20.novel2	0.65	trigger_nmd	trigger
ENSG00000171401.16.novel1	0.65	trigger_nmd	trigger
ENSG00000171401.16.novel12	0	last_exon	escape
ENSG00000171462.16.novel2	0	last_exon	escape
ENSG00000171462.16.novel3	0.65	trigger_nmd	trigger
ENSG00000171475.15.novel1	0	last_exon	escape
ENSG00000171606.19.novel2	0.65	trigger_nmd	trigger
ENSG00000171606.19.novel72	0	last_exon	escape
ENSG00000171861.12.novel1	0	last_exon	escape
ENSG00000171903.18.novel1	0.65	trigger_nmd	trigger
ENSG00000172062.18.novel1	0	last_exon	escape
ENSG00000172062.18.novel3	0.65	trigger_nmd	trigger
ENSG00000172216.7.novel1	0.41	long_exon	escape
ENSG00000172216.7.novel2	0	last_exon	escape
ENSG00000172243.19.novel1	0.2	50nt_rule	escape
ENSG00000172243.19.novel3	0.65	trigger_nmd	trigger
ENSG00000172331.13.novel14	0	last_exon	escape
ENSG00000172375.15.novel1	0.65	trigger_nmd	trigger
ENSG00000172530.23.novel2	0.65	trigger_nmd	trigger
ENSG00000172594.14.novel4	0.65	trigger_nmd	trigger
ENSG00000172939.10.novel1	0.65	trigger_nmd	trigger
ENSG00000172939.10.novel4	0	last_exon	escape
ENSG00000172977.14.novel5	0.65	trigger_nmd	trigger
ENSG00000172992.14.novel5	0	last_exon	escape
ENSG00000173145.12.novel15	0	last_exon	escape
ENSG00000173145.12.novel2	0.65	trigger_nmd	trigger
ENSG00000173156.8.novel41	0.65	trigger_nmd	trigger
ENSG00000173272.17.novel3	0.65	trigger_nmd	trigger
ENSG00000173540.15.novel72	0.41	long_exon	escape
ENSG00000173540.15.novel73	0	last_exon	escape
ENSG00000173889.17.novel2	0	last_exon	escape
ENSG00000173889.17.novel5	0.65	trigger_nmd	trigger
ENSG00000173926.7.novel1	0	last_exon	escape
ENSG00000173926.7.novel30	0	last_exon	escape
ENSG00000173933.22.novel5	0	last_exon	escape
ENSG00000174177.14.novel3	0.65	trigger_nmd	trigger
ENSG00000174227.17.novel4	0.65	trigger_nmd	trigger
ENSG00000174428.20.novel1	0.2	50nt_rule	escape
ENSG00000174428.20.novel5	0	last_exon	escape
ENSG00000174442.13.novel1	0.65	trigger_nmd	trigger
ENSG00000174483.21.novel2	0	last_exon	escape
ENSG00000174483.21.novel6	0.65	trigger_nmd	trigger
ENSG00000174842.18.novel1	0.65	trigger_nmd	trigger
ENSG00000174842.18.novel2	0	last_exon	escape
ENSG00000174915.13.novel1	0.65	trigger_nmd	trigger
ENSG00000174915.13.novel2	0.65	trigger_nmd	trigger
ENSG00000174943.12.novel3	0.65	trigger_nmd	trigger
ENSG00000174989.15.novel3	0.65	trigger_nmd	trigger
ENSG00000175137.12.novel2	0.65	trigger_nmd	trigger
ENSG00000175215.11.novel1	0	last_exon	escape
ENSG00000175215.11.novel3	0.65	trigger_nmd	trigger
ENSG00000175221.17.novel1	0.65	trigger_nmd	trigger
ENSG00000175287.20.novel10	0.65	trigger_nmd	trigger
ENSG00000175287.20.novel22	0	last_exon	escape
ENSG00000175782.12.novel2	0	last_exon	escape
ENSG00000176142.14.novel1	0	last_exon	escape
ENSG00000176142.14.novel2	0.65	trigger_nmd	trigger
ENSG00000176148.17.novel4	0.65	trigger_nmd	trigger
ENSG00000176390.13.novel2	0	last_exon	escape
ENSG00000176390.13.novel3	0.65	trigger_nmd	trigger
ENSG00000176531.13.novel5	0.65	trigger_nmd	trigger
ENSG00000176783.16.novel1	0.65	trigger_nmd	trigger
ENSG00000176783.16.novel4	0	last_exon	escape
ENSG00000176853.17.novel2	0.65	trigger_nmd	trigger
ENSG00000176953.14.novel1	0	last_exon	escape
ENSG00000176953.14.novel2	0.65	trigger_nmd	trigger
ENSG00000177054.15.novel2	0.65	trigger_nmd	trigger
ENSG00000177106.18.novel1	0	last_exon	escape
ENSG00000177106.18.novel6	0.65	trigger_nmd	trigger
ENSG00000177302.17.novel2	0.65	trigger_nmd	trigger
ENSG00000177427.14.novel1	0.65	trigger_nmd	trigger
ENSG00000177548.14.novel1	0.41	long_exon	escape
ENSG00000177663.16.novel1	0.65	trigger_nmd	trigger
ENSG00000177731.17.novel2	0.65	trigger_nmd	trigger
ENSG00000177989.15.novel1	0	last_exon	escape
ENSG00000177989.15.novel7	0.41	long_exon	escape
ENSG00000178026.14.novel3	0.41	long_exon	escape
ENSG00000178149.18.novel8	0.65	trigger_nmd	trigger
ENSG00000178177.18.novel1	0.65	trigger_nmd	trigger
ENSG00000178694.10.novel1	0.65	trigger_nmd	trigger
ENSG00000178694.10.novel2	0	last_exon	escape
ENSG00000178971.18.novel1	0.65	trigger_nmd	trigger
ENSG00000178999.14.novel1	0.65	trigger_nmd	trigger
ENSG00000178999.14.novel4	0	last_exon	escape
ENSG00000179262.11.novel1	0.65	trigger_nmd	trigger
ENSG00000179335.21.novel1	0.65	trigger_nmd	trigger
ENSG00000179335.21.novel8	0	last_exon	escape
ENSG00000179344.18.novel7	0.65	trigger_nmd	trigger
ENSG00000179593.17.novel5	0	last_exon	escape
ENSG00000179593.17.novel8	0.65	trigger_nmd	trigger
ENSG00000179630.12.novel5	0.65	trigger_nmd	trigger
ENSG00000181031.17.novel2	0	last_exon	escape
ENSG00000181031.17.novel4	0	last_exon	escape
ENSG00000181481.15.novel1	0.65	trigger_nmd	trigger
ENSG00000181513.16.novel1	0	last_exon	escape
ENSG00000181513.16.novel2	0.65	trigger_nmd	trigger
ENSG00000181523.14.novel2	0	last_exon	escape
ENSG00000182087.15.novel1	0	last_exon	escape
ENSG00000182087.15.novel4	0.65	trigger_nmd	trigger
ENSG00000182196.15.novel3	0.65	trigger_nmd	trigger
ENSG00000182325.12.novel1	0.41	long_exon	escape
ENSG00000182858.15.novel1	0.65	trigger_nmd	trigger
ENSG00000182858.15.novel2	0	last_exon	escape
ENSG00000182872.17.novel1	0.65	trigger_nmd	trigger
ENSG00000183386.12.novel1	0.65	trigger_nmd	trigger
ENSG00000183474.17.novel2	0.65	trigger_nmd	trigger
ENSG00000183486.15.novel11	0	last_exon	escape
ENSG00000183486.15.novel2	0.65	trigger_nmd	trigger
ENSG00000183569.19.novel1	0.65	trigger_nmd	trigger
ENSG00000183576.14.novel1	0.65	trigger_nmd	trigger
ENSG00000183735.12.novel44	0	last_exon	escape
ENSG00000183763.10.novel1	0.65	trigger_nmd	trigger
ENSG00000183763.10.novel2	0	last_exon	escape
ENSG00000183963.20.novel1	0.65	trigger_nmd	trigger
ENSG00000184164.16.novel1	0.65	trigger_nmd	trigger
ENSG00000184205.15.novel1	0.65	trigger_nmd	trigger
ENSG00000184205.15.novel3	0	last_exon	escape
ENSG00000184402.15.novel1	0.65	trigger_nmd	trigger
ENSG00000184402.15.novel5	0	last_exon	escape
ENSG00000184497.14.novel1	0.65	trigger_nmd	trigger
ENSG00000184584.15.novel1	0	last_exon	escape
ENSG00000184743.14.novel1	0	last_exon	escape
ENSG00000184743.14.novel2	0.65	trigger_nmd	trigger
ENSG00000184887.15.novel3	0.2	50nt_rule	escape
ENSG00000184979.13.novel1	0	last_exon	escape
ENSG00000184979.13.novel4	0.65	trigger_nmd	trigger
ENSG00000185000.13.novel1	0	last_exon	escape
ENSG00000185000.13.novel11	0.65	trigger_nmd	trigger
ENSG00000185009.14.novel1	0.65	trigger_nmd	trigger
ENSG00000185163.11.novel1	0.65	trigger_nmd	trigger
ENSG00000185163.11.novel6	0	last_exon	escape
ENSG00000185324.23.novel1	0	last_exon	escape
ENSG00000185324.23.novel2	0.65	trigger_nmd	trigger
ENSG00000185347.20.novel4	0.65	trigger_nmd	trigger
ENSG00000185386.16.novel1	0.65	trigger_nmd	trigger
ENSG00000185386.16.novel2	0	last_exon	escape
ENSG00000185404.18.novel2	0.65	trigger_nmd	trigger
ENSG00000185418.17.novel1	0.65	trigger_nmd	trigger
ENSG00000185418.17.novel2	0	last_exon	escape
ENSG00000185480.13.novel42	0	last_exon	escape
ENSG00000185480.13.novel53	0.65	trigger_nmd	trigger
ENSG00000185507.22.novel2	0.65	trigger_nmd	trigger
ENSG00000185753.14.novel21	0.41	long_exon	escape
ENSG00000186010.20.novel2	0.41	long_exon	escape
ENSG00000186073.15.novel1	0.2	50nt_rule	escape
ENSG00000186088.17.novel2	0	last_exon	escape
ENSG00000186088.17.novel7	0.65	trigger_nmd	trigger
ENSG00000186204.16.novel1	0	last_exon	escape
ENSG00000186204.16.novel2	0.65	trigger_nmd	trigger
ENSG00000186314.13.novel4	0.41	long_exon	escape
ENSG00000186314.13.novel5	0	last_exon	escape
ENSG00000186364.13.novel13	0.65	trigger_nmd	trigger
ENSG00000186364.13.novel3	0	last_exon	escape
ENSG00000186448.16.novel1	0.65	trigger_nmd	trigger
ENSG00000186522.16.novel2	0.65	trigger_nmd	trigger
ENSG00000186567.15.novel1	0	last_exon	escape
ENSG00000186567.15.novel3	0.65	trigger_nmd	trigger
ENSG00000186812.14.novel1	0.65	trigger_nmd	trigger
ENSG00000186832.9.novel2	0.41	long_exon	escape
ENSG00000186832.9.novel3	0	last_exon	escape
ENSG00000186866.18.novel6	0	last_exon	escape
ENSG00000186908.16.novel1	0	last_exon	escape
ENSG00000186908.16.novel3	0.65	trigger_nmd	trigger
ENSG00000187097.14.novel3	0.65	trigger_nmd	trigger
ENSG00000187118.15.novel1	0.65	trigger_nmd	trigger
ENSG00000187325.6.novel1	0	last_exon	escape
ENSG00000187630.19.novel2	0.2	50nt_rule	escape
ENSG00000187630.19.novel3	0.65	trigger_nmd	trigger
ENSG00000187735.17.novel2	0.65	trigger_nmd	trigger
ENSG00000187961.16.novel1	0.65	trigger_nmd	trigger
ENSG00000187961.16.novel6	0.41	long_exon	escape
ENSG00000188130.15.novel2	0	last_exon	escape
ENSG00000188343.15.novel3	0.65	trigger_nmd	trigger
ENSG00000188343.15.novel4	0	last_exon	escape
ENSG00000189050.17.novel18	0.65	trigger_nmd	trigger
ENSG00000189050.17.novel20	0	last_exon	escape
ENSG00000189152.12.novel1	0	last_exon	escape
ENSG00000196387.11.novel1	0	last_exon	escape
ENSG00000196428.14.novel1	0.65	trigger_nmd	trigger
ENSG00000196476.13.novel1	0.41	long_exon	escape
ENSG00000196476.13.novel3	0.41	long_exon	escape
ENSG00000196505.12.novel3	0	last_exon	escape
ENSG00000196505.12.novel6	0.65	trigger_nmd	trigger
ENSG00000196652.13.novel1	0.41	long_exon	escape
ENSG00000196705.9.novel4	0.65	trigger_nmd	trigger
ENSG00000196792.13.novel1	0	last_exon	escape
ENSG00000196873.17.novel1	0.65	trigger_nmd	trigger
ENSG00000196911.13.novel4	0.65	trigger_nmd	trigger
ENSG00000196998.20.novel5	0.65	trigger_nmd	trigger
ENSG00000197024.10.novel1	0	last_exon	escape
ENSG00000197024.10.novel11	0	last_exon	escape
ENSG00000197142.12.novel5	0.65	trigger_nmd	trigger
ENSG00000197150.14.novel1	0	last_exon	escape
ENSG00000197150.14.novel4	0.65	trigger_nmd	trigger
ENSG00000197355.12.novel1	0.65	trigger_nmd	trigger
ENSG00000197355.12.novel9	0	last_exon	escape
ENSG00000197601.16.novel2	0.65	trigger_nmd	trigger
ENSG00000197601.16.novel3	0	last_exon	escape
ENSG00000197763.20.novel1	0	last_exon	escape
ENSG00000197763.20.novel2	0.65	trigger_nmd	trigger
ENSG00000197771.14.novel3	0.65	trigger_nmd	trigger
ENSG00000197798.10.novel1	0.65	trigger_nmd	trigger
ENSG00000197860.11.novel3	0.65	trigger_nmd	trigger
ENSG00000197872.12.novel3	0.65	trigger_nmd	trigger
ENSG00000198001.17.novel1	0	last_exon	escape
ENSG00000198001.17.novel5	0.65	trigger_nmd	trigger
ENSG00000198026.9.novel1	0	last_exon	escape
ENSG00000198060.11.novel1	0.65	trigger_nmd	trigger
ENSG00000198060.11.novel2	0.65	trigger_nmd	trigger
ENSG00000198185.13.novel1	0.65	trigger_nmd	trigger
ENSG00000198185.13.novel2	0	last_exon	escape
ENSG00000198203.11.novel1	0.65	trigger_nmd	trigger
ENSG00000198276.17.novel1	0.65	trigger_nmd	trigger
ENSG00000198408.15.novel1	0.65	trigger_nmd	trigger
ENSG00000198408.15.novel48	0	last_exon	escape
ENSG00000198612.12.novel1	0.65	trigger_nmd	trigger
ENSG00000198690.11.novel3	0.65	trigger_nmd	trigger
ENSG00000198814.15.novel9	0.65	trigger_nmd	trigger
ENSG00000198858.11.novel1	0.65	trigger_nmd	trigger
ENSG00000198858.11.novel2	0	last_exon	escape
ENSG00000203697.13.novel4	0.65	trigger_nmd	trigger
ENSG00000203791.16.novel1	0.65	trigger_nmd	trigger
ENSG00000203837.5.novel2	0	last_exon	escape
ENSG00000203837.5.novel7	0.65	trigger_nmd	trigger
ENSG00000204130.15.novel1	0.65	trigger_nmd	trigger
ENSG00000204256.16.novel43	0	last_exon	escape
ENSG00000204256.16.novel73	0.65	trigger_nmd	trigger
ENSG00000204257.16.novel34	0.41	long_exon	escape
ENSG00000204348.11.novel1	0.65	trigger_nmd	trigger
ENSG00000204394.14.novel1	0	last_exon	escape
ENSG00000204394.14.novel2	0.65	trigger_nmd	trigger
ENSG00000204498.11.novel2	0.65	trigger_nmd	trigger
ENSG00000204576.13.novel8	0	last_exon	escape
ENSG00000204599.17.novel3	0	last_exon	escape
ENSG00000204604.14.novel9	0.65	trigger_nmd	trigger
ENSG00000204634.14.novel1	0	last_exon	escape
ENSG00000204634.14.novel6	0.65	trigger_nmd	trigger
ENSG00000204642.15.novel5	0.65	trigger_nmd	trigger
ENSG00000204842.19.novel15	0.65	trigger_nmd	trigger
ENSG00000204859.14.novel12	0	last_exon	escape
ENSG00000204859.14.novel4	0	last_exon	escape
ENSG00000205250.10.novel4	0	last_exon	escape
ENSG00000205250.10.novel83	0.41	long_exon	escape
ENSG00000205571.16.novel3	0.65	trigger_nmd	trigger
ENSG00000213341.12.novel1	0.2	50nt_rule	escape
ENSG00000213341.12.novel4	0.65	trigger_nmd	trigger
ENSG00000213551.8.novel4	0.65	trigger_nmd	trigger
ENSG00000213551.8.novel5	0	last_exon	escape
ENSG00000213699.10.novel6	0.65	trigger_nmd	trigger
ENSG00000214050.9.novel4	0	last_exon	escape
ENSG00000214050.9.novel6	0.65	trigger_nmd	trigger
ENSG00000214063.13.novel1	0.65	trigger_nmd	trigger
ENSG00000214719.14.novel8	0.41	long_exon	escape
ENSG00000221968.10.novel2	0	last_exon	escape
ENSG00000221968.10.novel5	0.65	trigger_nmd	trigger
ENSG00000221978.14.novel1	0	last_exon	escape
ENSG00000221978.14.novel2	0.65	trigger_nmd	trigger
ENSG00000224945.1.novel3	0.41	long_exon	escape
ENSG00000224945.1.novel5	0.2	50nt_rule	escape
ENSG00000225921.8.novel28	0	last_exon	escape
ENSG00000225921.8.novel29	0.41	long_exon	escape
ENSG00000225950.10.novel2	0	last_exon	escape
ENSG00000225950.10.novel4	0	last_exon	escape
ENSG00000228696.13.novel2	0.65	trigger_nmd	trigger
ENSG00000234465.11.novel14	0	last_exon	escape
ENSG00000235173.7.novel1	0.41	long_exon	escape
ENSG00000235173.7.novel17	0.41	long_exon	escape
ENSG00000237651.8.novel2	0	last_exon	escape
ENSG00000240344.11.novel1	0.65	trigger_nmd	trigger
ENSG00000242028.9.novel4	0	last_exon	escape
ENSG00000242247.12.novel12	0.65	trigger_nmd	trigger
ENSG00000242247.12.novel22	0	last_exon	escape
ENSG00000243789.12.novel1	0.41	long_exon	escape
ENSG00000243789.12.novel2	0	last_exon	escape
ENSG00000244607.8.novel11	0	last_exon	escape
ENSG00000244607.8.novel6	0	last_exon	escape
ENSG00000256061.8.novel7	0.65	trigger_nmd	trigger
ENSG00000259024.7.novel2	0.2	50nt_rule	escape
ENSG00000259024.7.novel6	0.65	trigger_nmd	trigger
ENSG00000265681.9.novel3	0	last_exon	escape
ENSG00000266173.8.novel5	0.65	trigger_nmd	trigger
ENSG00000267796.9.novel1	0.65	trigger_nmd	trigger
ENSG00000268104.4.novel1	0	last_exon	escape
ENSG00000268104.4.novel2	0.65	trigger_nmd	trigger
ENSG00000268350.9.novel2	0	last_exon	escape
ENSG00000269335.8.novel63	0	last_exon	escape
ENSG00000273559.6.novel3	0.65	trigger_nmd	trigger
ENSG00000276234.6.novel3	0.2	50nt_rule	escape
ENSG00000276234.6.novel50	0.65	trigger_nmd	trigger
ENSG00000278259.6.novel5	0.65	trigger_nmd	trigger
ENSG00000280071.5.novel1	0	last_exon	escape
ENSG00000280071.5.novel4	0.65	trigger_nmd	trigger
ENSG00000290854.2.novel2	0	last_exon	escape
ENSG00000290854.2.novel4	0.65	trigger_nmd	trigger
ENSG00000291100.2.novel3	0	last_exon	escape
ENSG00000292358.3.novel1	0.41	long_exon	escape
ENSG00000292358.3.novel5	0.65	trigger_nmd	trigger
ENSG00000292366.2.novel3	0	last_exon	escape
ENSG00000293241.2.novel1	0	last_exon	escape
ENSG00000293241.2.novel2	0.65	trigger_nmd	trigger
ENSG00000293489.2.novel20	0	last_exon	escape
ENSG00000293489.2.novel30	0	last_exon	escape
ENSG00000293669.2.novel1	0.65	trigger_nmd	trigger
ENST00000006658.11	0	last_exon	escape
ENST00000159111.9	0	last_exon	escape
ENST00000175506.8	0	last_exon	escape
ENST00000202831.7	0	last_exon	escape
ENST00000206474.11	0	last_exon	escape
ENST00000216288.11	0	last_exon	escape
ENST00000217185.3	0.65	trigger_nmd	trigger
ENST00000219069.6	0	last_exon	escape
ENST00000222574.9	0	last_exon	escape
ENST00000223423.8	0	last_exon	escape
ENST00000228843.13	0	last_exon	escape
ENST00000235878.5	0.65	trigger_nmd	trigger
ENST00000238018.8	0.2	50nt_rule	escape
ENST00000240139.10	0	last_exon	escape
ENST00000243639.8	0	last_exon	escape
ENST00000243896.6	0	last_exon	escape
ENST00000248041.12	0	last_exon	escape
ENST00000248420.9	0.41	long_exon	escape
ENST00000249910.5	0	last_exon	escape
ENST00000250056.12	0	last_exon	escape
ENST00000250379.13	0	last_exon	escape
ENST00000254742.6	0.41	long_exon	escape
ENST00000256733.9	0	last_exon	escape
ENST00000257659.12	0	last_exon	escape
ENST00000259050.8	0	last_exon	escape
ENST00000259206.9	0	last_exon	escape
ENST00000259951.12	0	last_exon	escape
ENST00000260506.12	0	last_exon	escape
ENST00000260563.4	0	last_exon	escape
ENST00000261203.7	0.65	trigger_nmd	trigger
ENST00000261388.7	0	last_exon	escape
ENST00000261817.6	0	last_exon	escape
ENST00000262013.12	0	last_exon	escape
ENST00000262177.9	0	last_exon	escape
ENST00000263112.11	0	last_exon	escape
ENST00000263205.11	0	last_exon	escape
ENST00000264668.6	0	last_exon	escape
ENST00000265978.8	0	last_exon	escape
ENST00000266252.8	0	last_exon	escape
ENST00000268673.12	0	last_exon	escape
ENST00000271688.10	0	last_exon	escape
ENST00000271889.8	0	last_exon	escape
ENST00000274773.12	0	last_exon	escape
ENST00000281273.8	0	last_exon	escape
ENST00000281419.8	0	last_exon	escape
ENST00000285908.5	0	last_exon	escape
ENST00000288723.9	0.2	50nt_rule	escape
ENST00000289013.11	0	last_exon	escape
ENST00000295694.9	0	last_exon	escape
ENST00000296702.9	0	last_exon	escape
ENST00000296783.7	0	last_exon	escape
ENST00000297574.6	0	last_exon	escape
ENST00000298068.10	0	last_exon	escape
ENST00000299421.9	0	last_exon	escape
ENST00000301021.7	0	last_exon	escape
ENST00000302956.8	0	last_exon	escape
ENST00000306353.8	0.65	trigger_nmd	trigger
ENST00000306385.10	0	last_exon	escape
ENST00000306433.9	0	last_exon	escape
ENST00000308893.9	0	last_exon	escape
ENST00000309439.9	0	last_exon	escape
ENST00000310340.9	0	last_exon	escape
ENST00000311350.8	0	last_exon	escape
ENST00000311489.8	0.2	50nt_rule	escape
ENST00000312635.10	0	last_exon	escape
ENST00000313244.14	0	last_exon	escape
ENST00000314673.8	0	last_exon	escape
ENST00000316856.7	0	last_exon	escape
ENST00000318387.7	0	last_exon	escape
ENST00000318787.13	0	last_exon	escape
ENST00000319073.5	0	last_exon	escape
ENST00000319481.8	0	last_exon	escape
ENST00000322269.10	0.65	trigger_nmd	trigger
ENST00000322813.10	0	last_exon	escape
ENST00000323301.8	0	last_exon	escape
ENST00000324464.8	0	last_exon	escape
ENST00000324932.12	0	last_exon	escape
ENST00000325223.7	0	last_exon	escape
ENST00000325324.11	0	last_exon	escape
ENST00000325464.6	0	last_exon	escape
ENST00000325468.9	0	last_exon	escape
ENST00000326729.9	0	last_exon	escape
ENST00000326853.9	0	last_exon	escape
ENST00000327761.7	0	last_exon	escape
ENST00000327858.11	0	last_exon	escape
ENST00000329281.6	0.2	50nt_rule	escape
ENST00000330243.9	0	last_exon	escape
ENST00000330622.9	0	last_exon	escape
ENST00000330843.9	0	last_exon	escape
ENST00000333483.14	0.41	long_exon	escape
ENST00000334530.9	0.2	50nt_rule	escape
ENST00000334538.13	0.65	trigger_nmd	trigger
ENST00000334944.9	0	last_exon	escape
ENST00000335698.4	0	last_exon	escape
ENST00000335760.9	0.65	trigger_nmd	trigger
ENST00000336430.11	0	last_exon	escape
ENST00000336702.7	0	last_exon	escape
ENST00000337339.7	0	last_exon	escape
ENST00000337665.8	0.2	50nt_rule	escape
ENST00000337841.4	0	last_exon	escape
ENST00000338546.9	0	last_exon	escape
ENST00000339773.9	0	last_exon	escape
ENST00000339775.10	0	last_exon	escape
ENST00000340139.10	0	last_exon	escape
ENST00000340308.7	0	last_exon	escape
ENST00000340660.10	0	last_exon	escape
ENST00000340729.9	0	last_exon	escape
ENST00000341116.7	0	last_exon	escape
ENST00000341318.9	0	last_exon	escape
ENST00000341505.4	0.2	50nt_rule	escape
ENST00000342616.4	0	last_exon	escape
ENST00000345724.7	0	last_exon	escape
ENST00000345739.10	0	last_exon	escape
ENST00000346134.11	0	last_exon	escape
ENST00000346192.7	0	last_exon	escape
ENST00000346299.10	0	last_exon	escape
ENST00000347691.9	0	last_exon	escape
ENST00000348257.9	0	last_exon	escape
ENST00000348520.10	0.2	50nt_rule	escape
ENST00000349215.8	0	last_exon	escape
ENST00000350027.8	0.2	50nt_rule	escape
ENST00000351429.7	0	last_exon	escape
ENST00000352301.8	0.2	50nt_rule	escape
ENST00000353788.8	0	last_exon	escape
ENST00000353866.7	0	last_exon	escape
ENST00000354631.7	0.65	trigger_nmd	trigger
ENST00000354667.8	0.2	50nt_rule	escape
ENST00000355264.9	0	last_exon	escape
ENST00000355557.7	0	last_exon	escape
ENST00000355957.9	0	last_exon	escape
ENST00000356306.9	0.65	trigger_nmd	trigger
ENST00000356362.6	0	last_exon	escape
ENST00000356836.10	0	last_exon	escape
ENST00000357339.7	0	last_exon	escape
ENST00000357390.8	0.65	trigger_nmd	trigger
ENST00000357430.8	0	last_exon	escape
ENST00000358039.9	0	last_exon	escape
ENST00000358377.7	0	last_exon	escape
ENST00000358769.7	0	last_exon	escape
ENST00000359213.7	0	last_exon	escape
ENST00000359365.9	0	last_exon	escape
ENST00000359366.10	0.65	trigger_nmd	trigger
ENST00000359479.7	0.2	50nt_rule	escape
ENST00000359949.11	0	last_exon	escape
ENST00000359980.5	0	last_exon	escape
ENST00000360003.7	0	last_exon	escape
ENST00000360171.11	0	last_exon	escape
ENST00000360194.8	0	last_exon	escape
ENST00000361042.8	0	last_exon	escape
ENST00000361641.6	0	last_exon	escape
ENST00000361778.7	0	last_exon	escape
ENST00000361802.7	0	last_exon	escape
ENST00000361875.8	0	last_exon	escape
ENST00000361909.8	0	last_exon	escape
ENST00000366554.3	0	last_exon	escape
ENST00000366872.10	0	last_exon	escape
ENST00000367201.7	0.2	50nt_rule	escape
ENST00000367368.3	0	last_exon	escape
ENST00000367756.8	0	last_exon	escape
ENST00000368092.7	0	last_exon	escape
ENST00000368450.5	0	last_exon	escape
ENST00000368552.8	0	last_exon	escape
ENST00000368564.7	0	last_exon	escape
ENST00000368613.8	0	last_exon	escape
ENST00000368849.8	0	last_exon	escape
ENST00000369093.6	0	last_exon	escape
ENST00000369487.3	0	last_exon	escape
ENST00000369965.8	0	last_exon	escape
ENST00000369969.7	0.2	50nt_rule	escape
ENST00000370779.8	0	last_exon	escape
ENST00000371033.9	0	last_exon	escape
ENST00000371242.6	0	last_exon	escape
ENST00000371466.4	0	last_exon	escape
ENST00000371582.8	0	last_exon	escape
ENST00000371897.8	0	last_exon	escape
ENST00000372674.5	0	last_exon	escape
ENST00000373146.6	0	last_exon	escape
ENST00000373150.8	0	last_exon	escape
ENST00000373243.7	0	last_exon	escape
ENST00000373443.7	0	last_exon	escape
ENST00000373489.10	0	last_exon	escape
ENST00000373492.6	0.65	trigger_nmd	trigger
ENST00000373896.8	0	last_exon	escape
ENST00000374948.6	0	last_exon	escape
ENST00000375200.6	0	last_exon	escape
ENST00000375257.2	0	last_exon	escape
ENST00000375349.7	0	last_exon	escape
ENST00000375403.6	0.65	trigger_nmd	trigger
ENST00000375479.6	0.2	50nt_rule	escape
ENST00000375771.5	0	last_exon	escape
ENST00000375840.9	0	last_exon	escape
ENST00000376145.8	0	last_exon	escape
ENST00000376368.7	0	last_exon	escape
ENST00000377600.7	0.65	trigger_nmd	trigger
ENST00000377604.8	0	last_exon	escape
ENST00000379158.7	0	last_exon	escape
ENST00000379250.10	0.65	trigger_nmd	trigger
ENST00000379325.7	0.65	trigger_nmd	trigger
ENST00000379594.7	0.65	trigger_nmd	trigger
ENST00000380729.8	0	last_exon	escape
ENST00000381208.9	0	last_exon	escape
ENST00000381373.3	0	last_exon	escape
ENST00000383745.6	0	last_exon	escape
ENST00000392008.6	0	last_exon	escape
ENST00000392095.8	0	last_exon	escape
ENST00000392341.6	0	last_exon	escape
ENST00000392523.9	0	last_exon	escape
ENST00000392571.6	0	last_exon	escape
ENST00000392623.5	0	last_exon	escape
ENST00000393047.8	0	last_exon	escape
ENST00000393132.2	0	last_exon	escape
ENST00000393400.6	0.65	trigger_nmd	trigger
ENST00000393760.6	0	last_exon	escape
ENST00000394073.6	0	last_exon	escape
ENST00000394170.6	0	last_exon	escape
ENST00000394514.6	0.41	long_exon	escape
ENST00000394631.7	0	last_exon	escape
ENST00000394689.2	0	last_exon	escape
ENST00000395226.6	0	last_exon	escape
ENST00000395303.7	0	last_exon	escape
ENST00000395425.6	0	last_exon	escape
ENST00000395602.8	0	last_exon	escape
ENST00000395703.8	0	last_exon	escape
ENST00000395859.2	0	last_exon	escape
ENST00000396196.6	0.65	trigger_nmd	trigger
ENST00000396401.7	0	last_exon	escape
ENST00000396525.7	0	last_exon	escape
ENST00000396551.9	0	last_exon	escape
ENST00000396596.2	0	last_exon	escape
ENST00000396649.7	0	last_exon	escape
ENST00000396774.6	0	last_exon	escape
ENST00000397206.6	0	last_exon	escape
ENST00000397638.7	0	last_exon	escape
ENST00000397783.5	0.2	50nt_rule	escape
ENST00000397871.5	0	last_exon	escape
ENST00000397873.6	0	last_exon	escape
ENST00000398071.4	0	last_exon	escape
ENST00000399079.7	0	last_exon	escape
ENST00000399351.7	0	last_exon	escape
ENST00000399455.2	0	last_exon	escape
ENST00000399777.2	0.65	trigger_nmd	trigger
ENST00000400556.8	0	last_exon	escape
ENST00000402182.7	0	last_exon	escape
ENST00000403461.5	0.2	50nt_rule	escape
ENST00000403470.1	0	last_exon	escape
ENST00000404072.7	0	last_exon	escape
ENST00000404424.5	0	last_exon	escape
ENST00000404724.7	0.2	50nt_rule	escape
ENST00000406555.7	0	last_exon	escape
ENST00000406618.3	0	last_exon	escape
ENST00000406925.7	0	last_exon	escape
ENST00000409160.7	0	last_exon	escape
ENST00000409182.1	0	last_exon	escape
ENST00000409406.1	0.41	long_exon	escape
ENST00000409470.5	0.2	50nt_rule	escape
ENST00000409512.5	0	last_exon	escape
ENST00000409584.5	0	last_exon	escape
ENST00000410049.1	0	last_exon	escape
ENST00000411850.5	0	last_exon	escape
ENST00000412033.7	0.65	trigger_nmd	trigger
ENST00000413266.6	0	last_exon	escape
ENST00000413507.3	0	last_exon	escape
ENST00000415095.5	0	last_exon	escape
ENST00000415229.6	0	last_exon	escape
ENST00000415783.6	0	last_exon	escape
ENST00000416913.5	0	last_exon	escape
ENST00000417220.6	0	last_exon	escape
ENST00000417413.7	0.65	trigger_nmd	trigger
ENST00000417689.6	0	last_exon	escape
ENST00000417736.2	0.41	long_exon	escape
ENST00000418389.7	0	last_exon	escape
ENST00000418431.5	0.65	trigger_nmd	trigger
ENST00000418611.5	0.65	trigger_nmd	trigger
ENST00000419205.5	0	last_exon	escape
ENST00000420510.5	0	last_exon	escape
ENST00000420827.2	0	last_exon	escape
ENST00000420864.5	0	last_exon	escape
ENST00000421276.6	0	last_exon	escape
ENST00000422257.7	0	last_exon	escape
ENST00000423725.5	0	last_exon	escape
ENST00000423894.5	0	last_exon	escape
ENST00000423945.6	0	last_exon	escape
ENST00000424495.2	0	last_exon	escape
ENST00000426705.6	0	last_exon	escape
ENST00000426808.5	0.65	trigger_nmd	trigger
ENST00000426982.7	0	last_exon	escape
ENST00000427190.6	0	last_exon	escape
ENST00000427993.7	0	last_exon	escape
ENST00000428707.2	0	last_exon	escape
ENST00000428760.5	0.65	trigger_nmd	trigger
ENST00000429160.1	0.65	trigger_nmd	trigger
ENST00000429751.6	0	last_exon	escape
ENST00000429941.6	0	last_exon	escape
ENST00000432425.5	0.65	trigger_nmd	trigger
ENST00000432569.2	0	last_exon	escape
ENST00000432887.5	0	last_exon	escape
ENST00000434065.5	0	last_exon	escape
ENST00000434391.6	0.65	trigger_nmd	trigger
ENST00000434858.5	0.65	trigger_nmd	trigger
ENST00000436062.5	0	last_exon	escape
ENST00000436757.7	0	last_exon	escape
ENST00000437212.8	0	last_exon	escape
ENST00000438419.6	0	last_exon	escape
ENST00000438896.3	0	last_exon	escape
ENST00000439052.6	0	last_exon	escape
ENST00000439169.2	0	last_exon	escape
ENST00000439578.5	0	last_exon	escape
ENST00000439761.3	0	last_exon	escape
ENST00000440191.6	0	last_exon	escape
ENST00000440392.3	0	last_exon	escape
ENST00000441576.6	0	last_exon	escape
ENST00000441843.5	0.2	50nt_rule	escape
ENST00000442215.6	0	last_exon	escape
ENST00000443381.7	0	last_exon	escape
ENST00000443698.5	0	last_exon	escape
ENST00000443785.5	0.65	trigger_nmd	trigger
ENST00000443980.6	0	last_exon	escape
ENST00000445295.2	0	last_exon	escape
ENST00000446293.6	0	last_exon	escape
ENST00000446801.6	0.2	50nt_rule	escape
ENST00000446927.5	0.65	trigger_nmd	trigger
ENST00000446942.5	0.41	long_exon	escape
ENST00000447096.1	0.65	trigger_nmd	trigger
ENST00000447133.7	0	last_exon	escape
ENST00000447452.6	0	last_exon	escape
ENST00000447873.6	0	last_exon	escape
ENST00000448281.7	0.2	50nt_rule	escape
ENST00000448392.6	0.65	trigger_nmd	trigger
ENST00000449301.5	0.65	trigger_nmd	trigger
ENST00000450873.6	0	last_exon	escape
ENST00000450991.6	0.65	trigger_nmd	trigger
ENST00000451590.5	0	last_exon	escape
ENST00000451623.5	0.65	trigger_nmd	trigger
ENST00000452673.6	0	last_exon	escape
ENST00000453172.2	0	last_exon	escape
ENST00000453203.2	0.2	50nt_rule	escape
ENST00000453791.6	0	last_exon	escape
ENST00000454244.4	0	last_exon	escape
ENST00000454520.6	0	last_exon	escape
ENST00000455319.6	0	last_exon	escape
ENST00000455834.5	0	last_exon	escape
ENST00000456380.5	0	last_exon	escape
ENST00000456506.2	0.65	trigger_nmd	trigger
ENST00000457269.8	0	last_exon	escape
ENST00000457458.6	0	last_exon	escape
ENST00000457572.5	0.65	trigger_nmd	trigger
ENST00000459929.6	0.65	trigger_nmd	trigger
ENST00000460212.1	0.65	trigger_nmd	trigger
ENST00000461304.5	0.65	trigger_nmd	trigger
ENST00000461371.5	0	last_exon	escape
ENST00000461440.5	0	last_exon	escape
ENST00000462677.3	0.65	trigger_nmd	trigger
ENST00000462788.6	0.65	trigger_nmd	trigger
ENST00000462997.6	0	last_exon	escape
ENST00000463347.5	0	last_exon	escape
ENST00000463376.6	0	last_exon	escape
ENST00000463664.5	0.41	long_exon	escape
ENST00000464088.5	0.65	trigger_nmd	trigger
ENST00000464099.5	0	last_exon	escape
ENST00000464256.1	0	last_exon	escape
ENST00000464605.1	0	last_exon	escape
ENST00000464909.2	0	last_exon	escape
ENST00000466129.6	0	last_exon	escape
ENST00000466832.5	0	last_exon	escape
ENST00000467891.5	0.41	long_exon	escape
ENST00000470080.5	0	last_exon	escape
ENST00000470411.2	0	last_exon	escape
ENST00000470551.1	0.65	trigger_nmd	trigger
ENST00000472637.5	0	last_exon	escape
ENST00000472647.5	0	last_exon	escape
ENST00000474012.1	0	last_exon	escape
ENST00000474361.6	0.65	trigger_nmd	trigger
ENST00000474393.5	0	last_exon	escape
ENST00000475591.5	0.41	long_exon	escape
ENST00000475764.5	0.65	trigger_nmd	trigger
ENST00000477538.2	0.41	long_exon	escape
ENST00000477693.1	0	last_exon	escape
ENST00000478672.1	0	last_exon	escape
ENST00000480046.5	0	last_exon	escape
ENST00000480681.1	0.65	trigger_nmd	trigger
ENST00000480948.6	0	last_exon	escape
ENST00000481935.5	0	last_exon	escape
ENST00000482320.5	0.65	trigger_nmd	trigger
ENST00000482555.5	0.41	long_exon	escape
ENST00000482979.5	0	last_exon	escape
ENST00000484413.6	0	last_exon	escape
ENST00000484417.5	0.65	trigger_nmd	trigger
ENST00000485648.5	0.41	long_exon	escape
ENST00000486040.1	0	last_exon	escape
ENST00000486228.7	0.65	trigger_nmd	trigger
ENST00000487577.5	0	last_exon	escape
ENST00000488362.5	0	last_exon	escape
ENST00000488673.6	0.65	trigger_nmd	trigger
ENST00000488877.6	0.65	trigger_nmd	trigger
ENST00000489394.5	0.65	trigger_nmd	trigger
ENST00000489519.1	0	last_exon	escape
ENST00000489772.5	0	last_exon	escape
ENST00000491231.5	0.65	trigger_nmd	trigger
ENST00000491265.1	0	last_exon	escape
ENST00000491402.5	0.65	trigger_nmd	trigger
ENST00000491407.1	0.41	long_exon	escape
ENST00000491410.1	0	last_exon	escape
ENST00000492498.5	0.65	trigger_nmd	trigger
ENST00000492540.5	0.41	long_exon	escape
ENST00000492996.6	0	last_exon	escape
ENST00000493053.5	0.65	trigger_nmd	trigger
ENST00000493230.5	0.65	trigger_nmd	trigger
ENST00000493368.5	0	last_exon	escape
ENST00000493680.5	0	last_exon	escape
ENST00000494584.5	0.65	trigger_nmd	trigger
ENST00000494826.1	0.65	trigger_nmd	trigger
ENST00000495421.1	0.65	trigger_nmd	trigger
ENST00000495509.6	0.65	trigger_nmd	trigger
ENST00000495579.5	0	last_exon	escape
ENST00000495742.5	0.65	trigger_nmd	trigger
ENST00000498336.5	0.65	trigger_nmd	trigger
ENST00000498510.2	0	last_exon	escape
ENST00000501493.6	0	last_exon	escape
ENST00000502506.6	0.65	trigger_nmd	trigger
ENST00000502973.1	0.65	trigger_nmd	trigger
ENST00000502979.1	0	last_exon	escape
ENST00000503235.1	0	last_exon	escape
ENST00000503596.5	0.65	trigger_nmd	trigger
ENST00000503936.6	0	last_exon	escape
ENST00000504011.5	0	last_exon	escape
ENST00000504286.2	0.65	trigger_nmd	trigger
ENST00000504878.1	0	last_exon	escape
ENST00000505603.5	0	last_exon	escape
ENST00000505803.5	0	last_exon	escape
ENST00000506139.5	0	last_exon	escape
ENST00000508274.5	0.65	trigger_nmd	trigger
ENST00000508629.5	0	last_exon	escape
ENST00000510267.5	0.65	trigger_nmd	trigger
ENST00000510985.1	0	last_exon	escape
ENST00000511137.5	0.65	trigger_nmd	trigger
ENST00000512606.6	0.41	long_exon	escape
ENST00000513117.1	0.65	trigger_nmd	trigger
ENST00000514033.1	0	last_exon	escape
ENST00000515708.5	0	last_exon	escape
ENST00000515853.5	0	last_exon	escape
ENST00000518714.5	0	last_exon	escape
ENST00000518913.5	0.65	trigger_nmd	trigger
ENST00000519357.1	0	last_exon	escape
ENST00000519607.5	0.65	trigger_nmd	trigger
ENST00000520511.1	0	last_exon	escape
ENST00000520957.1	0	last_exon	escape
ENST00000521166.5	0	last_exon	escape
ENST00000523444.2	0	last_exon	escape
ENST00000523887.5	0	last_exon	escape
ENST00000524214.5	0	last_exon	escape
ENST00000524782.6	0	last_exon	escape
ENST00000525158.1	0	last_exon	escape
ENST00000526288.1	0	last_exon	escape
ENST00000526711.5	0.65	trigger_nmd	trigger
ENST00000527764.1	0	last_exon	escape
ENST00000528071.5	0	last_exon	escape
ENST00000529397.5	0	last_exon	escape
ENST00000533383.5	0.65	trigger_nmd	trigger
ENST00000533603.5	0	last_exon	escape
ENST00000533723.1	0	last_exon	escape
ENST00000534405.5	0.65	trigger_nmd	trigger
ENST00000535306.6	0	last_exon	escape
ENST00000536343.5	0.65	trigger_nmd	trigger
ENST00000536532.6	0.65	trigger_nmd	trigger
ENST00000536761.5	0	last_exon	escape
ENST00000536889.1	0	last_exon	escape
ENST00000537971.5	0	last_exon	escape
ENST00000538839.5	0	last_exon	escape
ENST00000539041.5	0	last_exon	escape
ENST00000539140.6	0	last_exon	escape
ENST00000539417.6	0.65	trigger_nmd	trigger
ENST00000539480.5	0	last_exon	escape
ENST00000540550.6	0	last_exon	escape
ENST00000541210.5	0	last_exon	escape
ENST00000541435.6	0	last_exon	escape
ENST00000542934.5	0.65	trigger_nmd	trigger
ENST00000543699.5	0.65	trigger_nmd	trigger
ENST00000543727.5	0	last_exon	escape
ENST00000543753.5	0.2	50nt_rule	escape
ENST00000543823.1	0	last_exon	escape
ENST00000543987.5	0	last_exon	escape
ENST00000544052.6	0	last_exon	escape
ENST00000544060.1	0	last_exon	escape
ENST00000544117.6	0	last_exon	escape
ENST00000544257.5	0.65	trigger_nmd	trigger
ENST00000545612.5	0	last_exon	escape
ENST00000546181.2	0	last_exon	escape
ENST00000546215.5	0.2	50nt_rule	escape
ENST00000546360.5	0	last_exon	escape
ENST00000547382.5	0	last_exon	escape
ENST00000547997.5	0	last_exon	escape
ENST00000550536.5	0	last_exon	escape
ENST00000550709.5	0	last_exon	escape
ENST00000550746.5	0	last_exon	escape
ENST00000553152.2	0	last_exon	escape
ENST00000553486.5	0.65	trigger_nmd	trigger
ENST00000554764.6	0	last_exon	escape
ENST00000554871.5	0	last_exon	escape
ENST00000555238.6	0	last_exon	escape
ENST00000555269.5	0.65	trigger_nmd	trigger
ENST00000555358.5	0.65	trigger_nmd	trigger
ENST00000556670.6	0	last_exon	escape
ENST00000557235.5	0	last_exon	escape
ENST00000557550.6	0.65	trigger_nmd	trigger
ENST00000559556.5	0	last_exon	escape
ENST00000562410.5	0.65	trigger_nmd	trigger
ENST00000562442.5	0	last_exon	escape
ENST00000562706.5	0	last_exon	escape
ENST00000563594.6	0	last_exon	escape
ENST00000564105.5	0	last_exon	escape
ENST00000564466.5	0	last_exon	escape
ENST00000564631.5	0.65	trigger_nmd	trigger
ENST00000564777.5	0	last_exon	escape
ENST00000565425.5	0	last_exon	escape
ENST00000565466.5	0	last_exon	escape
ENST00000565701.1	0	last_exon	escape
ENST00000566014.2	0	last_exon	escape
ENST00000566188.5	0	last_exon	escape
ENST00000566756.5	0.65	trigger_nmd	trigger
ENST00000567795.3	0	last_exon	escape
ENST00000568077.5	0	last_exon	escape
ENST00000568295.5	0.65	trigger_nmd	trigger
ENST00000568470.6	0.41	long_exon	escape
ENST00000569031.6	0	last_exon	escape
ENST00000569482.5	0	last_exon	escape
ENST00000570030.1	0	last_exon	escape
ENST00000572415.5	0.65	trigger_nmd	trigger
ENST00000573150.5	0.65	trigger_nmd	trigger
ENST00000574509.1	0.65	trigger_nmd	trigger
ENST00000574867.5	0	last_exon	escape
ENST00000575333.5	0	last_exon	escape
ENST00000575744.5	0	last_exon	escape
ENST00000575949.6	0	last_exon	escape
ENST00000575960.5	0	last_exon	escape
ENST00000578205.5	0	last_exon	escape
ENST00000579248.5	0	last_exon	escape
ENST00000579677.5	0.65	trigger_nmd	trigger
ENST00000579847.5	0	last_exon	escape
ENST00000581729.2	0	last_exon	escape
ENST00000582773.5	0	last_exon	escape
ENST00000582781.5	0.65	trigger_nmd	trigger
ENST00000583328.5	0	last_exon	escape
ENST00000583540.2	0.65	trigger_nmd	trigger
ENST00000585388.2	0.2	50nt_rule	escape
ENST00000585800.1	0	last_exon	escape
ENST00000586653.5	0	last_exon	escape
ENST00000587238.5	0	last_exon	escape
ENST00000587385.6	0.65	trigger_nmd	trigger
ENST00000588994.5	0	last_exon	escape
ENST00000590310.2	0	last_exon	escape
ENST00000590925.6	0.65	trigger_nmd	trigger
ENST00000592290.5	0.65	trigger_nmd	trigger
ENST00000593233.1	0.65	trigger_nmd	trigger
ENST00000595670.5	0.65	trigger_nmd	trigger
ENST00000596915.1	0	last_exon	escape
ENST00000597849.5	0	last_exon	escape
ENST00000599369.5	0	last_exon	escape
ENST00000601675.5	0.65	trigger_nmd	trigger
ENST00000602022.5	0.65	trigger_nmd	trigger
ENST00000605788.6	0	last_exon	escape
ENST00000611268.4	0.65	trigger_nmd	trigger
ENST00000611366.5	0	last_exon	escape
ENST00000613002.4	0	last_exon	escape
ENST00000615148.5	0	last_exon	escape
ENST00000615329.4	0.41	long_exon	escape
ENST00000615724.1	0	last_exon	escape
ENST00000615986.4	0.65	trigger_nmd	trigger
ENST00000616000.4	0	last_exon	escape
ENST00000616701.5	0	last_exon	escape
ENST00000617207.4	0	last_exon	escape
ENST00000618590.1	0	last_exon	escape
ENST00000618911.4	0	last_exon	escape
ENST00000619373.5	0	last_exon	escape
ENST00000620358.4	0	last_exon	escape
ENST00000620557.4	0	last_exon	escape
ENST00000621344.4	0	last_exon	escape
ENST00000622833.4	0	last_exon	escape
ENST00000623711.4	0	last_exon	escape
ENST00000626491.2	0	last_exon	escape
ENST00000626847.2	0	last_exon	escape
ENST00000628829.2	0.65	trigger_nmd	trigger
ENST00000629543.2	0.65	trigger_nmd	trigger
ENST00000636077.2	0	last_exon	escape
ENST00000638270.1	0	last_exon	escape
ENST00000638487.1	0	last_exon	escape
ENST00000640621.1	0	last_exon	escape
ENST00000641025.1	0.65	trigger_nmd	trigger
ENST00000641690.1	0	last_exon	escape
ENST00000642244.1	0	last_exon	escape
ENST00000642292.1	0	last_exon	escape
ENST00000642752.1	0	last_exon	escape
ENST00000642817.1	0.65	trigger_nmd	trigger
ENST00000643457.1	0	last_exon	escape
ENST00000643595.1	0.65	trigger_nmd	trigger
ENST00000644094.1	0.65	trigger_nmd	trigger
ENST00000644338.1	0	last_exon	escape
ENST00000646097.1	0	last_exon	escape
ENST00000646559.1	0.65	trigger_nmd	trigger
ENST00000648890.1	0.65	trigger_nmd	trigger
ENST00000649602.1	0	last_exon	escape
ENST00000649642.1	0.65	trigger_nmd	trigger
ENST00000650045.1	0.65	trigger_nmd	trigger
ENST00000650714.1	0	last_exon	escape
ENST00000650721.1	0.65	trigger_nmd	trigger
ENST00000650811.1	0.65	trigger_nmd	trigger
ENST00000651498.1	0.65	trigger_nmd	trigger
ENST00000652537.1	0.65	trigger_nmd	trigger
ENST00000652555.1	0	last_exon	escape
ENST00000667949.2	0	last_exon	escape
ENST00000672951.1	0	last_exon	escape
ENST00000673715.1	0	last_exon	escape
ENST00000673737.2	0.65	trigger_nmd	trigger
ENST00000673972.1	0.65	trigger_nmd	trigger
ENST00000674096.1	0.65	trigger_nmd	trigger
ENST00000674569.1	0.65	trigger_nmd	trigger
ENST00000674992.1	0.65	trigger_nmd	trigger
ENST00000675625.1	0.65	trigger_nmd	trigger
ENST00000675641.1	0.65	trigger_nmd	trigger
ENST00000675777.1	0	last_exon	escape
ENST00000675928.1	0	last_exon	escape
ENST00000675937.1	0.65	trigger_nmd	trigger
ENST00000676177.1	0	last_exon	escape
ENST00000676569.1	0	last_exon	escape
ENST00000676694.1	0.65	trigger_nmd	trigger
ENST00000676828.1	0.65	trigger_nmd	trigger
ENST00000676986.1	0	last_exon	escape
ENST00000677531.1	0	last_exon	escape
ENST00000679002.1	0.65	trigger_nmd	trigger
ENST00000680131.1	0.65	trigger_nmd	trigger
ENST00000681117.1	0.65	trigger_nmd	trigger
ENST00000681204.1	0	last_exon	escape
ENST00000681308.1	0.65	trigger_nmd	trigger
ENST00000681505.1	0.65	trigger_nmd	trigger
ENST00000681539.1	0.2	50nt_rule	escape
ENST00000681849.1	0	last_exon	escape
ENST00000682872.1	0	last_exon	escape
ENST00000683199.1	0	last_exon	escape
ENST00000683776.1	0	last_exon	escape
ENST00000683803.1	0.65	trigger_nmd	trigger
ENST00000684095.1	0.65	trigger_nmd	trigger
ENST00000684493.1	0	last_exon	escape
ENST00000686305.1	0.65	trigger_nmd	trigger
ENST00000686419.1	0	last_exon	escape
ENST00000686786.1	0.65	trigger_nmd	trigger
ENST00000687939.1	0.2	50nt_rule	escape
ENST00000688577.1	0.65	trigger_nmd	trigger
ENST00000688634.1	0.41	long_exon	escape
ENST00000688724.1	0.65	trigger_nmd	trigger
ENST00000690841.1	0	last_exon	escape
ENST00000691202.1	0	last_exon	escape
ENST00000695556.1	0.65	trigger_nmd	trigger
ENST00000696050.1	0.65	trigger_nmd	trigger
ENST00000696134.1	0.41	long_exon	escape
ENST00000696265.1	0.65	trigger_nmd	trigger
ENST00000696314.1	0.65	trigger_nmd	trigger
ENST00000696598.1	0	last_exon	escape
ENST00000696881.1	0.65	trigger_nmd	trigger
ENST00000697868.1	0.65	trigger_nmd	trigger
ENST00000698547.1	0.65	trigger_nmd	trigger
ENST00000698548.1	0	last_exon	escape
ENST00000698605.1	0.65	trigger_nmd	trigger
ENST00000698622.1	0	last_exon	escape
ENST00000698923.1	0.65	trigger_nmd	trigger
ENST00000698924.1	0	last_exon	escape
ENST00000699166.1	0.65	trigger_nmd	trigger
ENST00000699167.1	0	last_exon	escape
ENST00000700259.1	0.65	trigger_nmd	trigger
ENST00000700533.1	0.65	trigger_nmd	trigger
ENST00000703125.1	0.65	trigger_nmd	trigger
ENST00000703146.1	0.2	50nt_rule	escape
ENST00000703988.1	0	last_exon	escape
ENST00000713795.1	0.65	trigger_nmd	trigger
ENST00000713859.1	0.65	trigger_nmd	trigger
ENST00000714370.1	0.65	trigger_nmd	trigger
ENST00000721291.1	0.41	long_exon	escape
ENST00000721294.1	0.2	50nt_rule	escape
ENST00000736734.1	0	last_exon	escape
ENST00000736757.1	0.65	trigger_nmd	trigger
ENST00000754443.1	0	last_exon	escape
ENST00000770064.1	0.65	trigger_nmd	trigger
ENST00000801470.1	0.65	trigger_nmd	trigger
ENST00000801494.1	0.41	long_exon	escape
ENST00000817346.1	0	last_exon	escape
ENST00000817354.1	0.65	trigger_nmd	trigger
ENST00000842661.1	0.2	50nt_rule	escape
ENST00000850622.1	0.65	trigger_nmd	trigger
ENST00000851570.1	0	last_exon	escape
ENST00000851812.1	0	last_exon	escape
ENST00000852080.1	0	last_exon	escape
ENST00000852588.1	0	last_exon	escape
ENST00000853356.1	0	last_exon	escape
ENST00000853393.1	0.2	50nt_rule	escape
ENST00000853822.1	0	last_exon	escape
ENST00000854657.1	0	last_exon	escape
ENST00000855201.1	0	last_exon	escape
ENST00000855346.1	0	last_exon	escape
ENST00000855804.1	0	last_exon	escape
ENST00000856359.1	0	last_exon	escape
ENST00000856636.1	0	last_exon	escape
ENST00000856778.1	0	last_exon	escape
ENST00000857621.1	0	last_exon	escape
ENST00000857927.1	0	last_exon	escape
ENST00000858136.1	0	last_exon	escape
ENST00000858301.1	0	last_exon	escape
ENST00000858490.1	0	last_exon	escape
ENST00000858697.1	0	last_exon	escape
ENST00000858717.1	0	last_exon	escape
ENST00000859006.1	0	last_exon	escape
ENST00000860234.1	0	last_exon	escape
ENST00000860383.1	0	last_exon	escape
ENST00000860932.1	0	last_exon	escape
ENST00000860937.1	0	last_exon	escape
ENST00000861368.1	0	last_exon	escape
ENST00000861823.1	0	last_exon	escape
ENST00000862173.1	0	last_exon	escape
ENST00000862370.1	0	last_exon	escape
ENST00000862677.1	0	last_exon	escape
ENST00000863349.1	0	last_exon	escape
ENST00000863473.1	0	last_exon	escape
ENST00000863494.1	0	last_exon	escape
ENST00000863519.1	0	last_exon	escape
ENST00000863601.1	0	last_exon	escape
ENST00000863916.1	0	last_exon	escape
ENST00000864159.1	0	last_exon	escape
ENST00000866260.1	0	last_exon	escape
ENST00000866479.1	0	last_exon	escape
ENST00000867528.1	0	last_exon	escape
ENST00000868449.1	0	last_exon	escape
ENST00000869409.1	0	last_exon	escape
ENST00000869702.1	0	last_exon	escape
ENST00000869776.1	0	last_exon	escape
ENST00000870257.1	0	last_exon	escape
ENST00000870301.1	0	last_exon	escape
ENST00000870587.1	0	last_exon	escape
ENST00000871058.1	0	last_exon	escape
ENST00000871551.1	0	last_exon	escape
ENST00000872045.1	0	last_exon	escape
ENST00000872109.1	0	last_exon	escape
ENST00000872726.1	0	last_exon	escape
ENST00000872792.1	0	last_exon	escape
ENST00000872813.1	0	last_exon	escape
ENST00000873292.1	0	last_exon	escape
ENST00000873753.1	0	last_exon	escape
ENST00000873777.1	0	last_exon	escape
ENST00000874411.1	0	last_exon	escape
ENST00000874492.1	0	last_exon	escape
ENST00000875146.1	0	last_exon	escape
ENST00000875201.1	0	last_exon	escape
ENST00000875526.1	0	last_exon	escape
ENST00000875763.1	0	last_exon	escape
ENST00000876528.1	0	last_exon	escape
ENST00000876595.1	0	last_exon	escape
ENST00000877063.1	0.2	50nt_rule	escape
ENST00000877141.1	0	last_exon	escape
ENST00000877223.1	0	last_exon	escape
ENST00000877279.1	0	last_exon	escape
ENST00000877423.1	0	last_exon	escape
ENST00000877643.1	0	last_exon	escape
ENST00000879050.1	0	last_exon	escape
ENST00000879335.1	0	last_exon	escape
ENST00000879799.1	0	last_exon	escape
ENST00000881501.1	0	last_exon	escape
ENST00000882504.1	0	last_exon	escape
ENST00000882671.1	0	last_exon	escape
ENST00000883817.1	0	last_exon	escape
ENST00000884253.1	0	last_exon	escape
ENST00000884598.1	0	last_exon	escape
ENST00000886035.1	0	last_exon	escape
ENST00000886063.1	0	last_exon	escape
ENST00000886266.1	0	last_exon	escape
ENST00000887284.1	0	last_exon	escape
ENST00000887359.1	0	last_exon	escape
ENST00000887823.1	0	last_exon	escape
ENST00000888463.1	0	last_exon	escape
ENST00000888577.1	0	last_exon	escape
ENST00000888924.1	0	last_exon	escape
ENST00000889578.1	0	last_exon	escape
ENST00000889735.1	0	last_exon	escape
ENST00000890095.1	0	last_exon	escape
ENST00000890428.1	0	last_exon	escape
ENST00000890889.1	0	last_exon	escape
ENST00000890971.1	0	last_exon	escape
ENST00000891019.1	0	last_exon	escape
ENST00000892757.1	0	last_exon	escape
ENST00000893628.1	0	last_exon	escape
ENST00000893672.1	0	last_exon	escape
ENST00000894211.1	0	last_exon	escape
ENST00000894469.1	0	last_exon	escape
ENST00000894507.1	0	last_exon	escape
ENST00000894525.1	0	last_exon	escape
ENST00000894865.1	0	last_exon	escape
ENST00000896293.1	0	last_exon	escape
ENST00000896310.1	0	last_exon	escape
ENST00000896458.1	0	last_exon	escape
ENST00000896657.1	0	last_exon	escape
ENST00000896956.1	0	last_exon	escape
ENST00000897030.1	0.2	50nt_rule	escape
ENST00000897045.1	0	last_exon	escape
ENST00000897103.1	0.2	50nt_rule	escape
ENST00000897241.1	0	last_exon	escape
ENST00000897431.1	0	last_exon	escape
ENST00000897634.1	0	last_exon	escape
ENST00000897668.1	0	last_exon	escape
ENST00000897791.1	0	last_exon	escape
ENST00000898373.1	0.2	50nt_rule	escape
ENST00000898694.1	0	last_exon	escape
ENST00000898869.1	0	last_exon	escape
ENST00000899776.1	0	last_exon	escape
ENST00000899879.1	0	last_exon	escape
ENST00000900065.1	0	last_exon	escape
ENST00000900079.1	0	last_exon	escape
ENST00000900332.1	0	last_exon	escape
ENST00000900696.1	0	last_exon	escape
ENST00000900880.1	0	last_exon	escape
ENST00000902730.1	0.41	long_exon	escape
ENST00000902749.1	0	last_exon	escape
ENST00000903022.1	0	last_exon	escape
ENST00000903368.1	0	last_exon	escape
ENST00000903450.1	0	last_exon	escape
ENST00000903913.1	0	last_exon	escape
ENST00000904227.1	0.2	50nt_rule	escape
ENST00000904320.1	0	last_exon	escape
ENST00000904441.1	0.2	50nt_rule	escape
ENST00000904759.1	0	last_exon	escape
ENST00000904808.1	0	last_exon	escape
ENST00000904811.1	0	last_exon	escape
ENST00000904925.1	0	last_exon	escape
ENST00000905240.1	0	last_exon	escape
ENST00000905808.1	0	last_exon	escape
ENST00000905821.1	0	last_exon	escape
ENST00000905838.1	0	last_exon	escape
ENST00000905878.1	0	last_exon	escape
ENST00000906479.1	0	last_exon	escape
ENST00000906746.1	0	last_exon	escape
ENST00000907057.1	0	last_exon	escape
ENST00000907061.1	0	last_exon	escape
ENST00000907534.1	0	last_exon	escape
ENST00000908121.1	0	last_exon	escape
ENST00000908300.1	0	last_exon	escape
ENST00000908398.1	0	last_exon	escape
ENST00000908484.1	0	last_exon	escape
ENST00000908678.1	0	last_exon	escape
ENST00000908818.1	0	last_exon	escape
ENST00000908862.1	0	last_exon	escape
ENST00000909442.1	0	last_exon	escape
ENST00000909871.1	0	last_exon	escape
ENST00000910062.1	0	last_exon	escape
ENST00000910086.1	0	last_exon	escape
ENST00000910594.1	0	last_exon	escape
ENST00000912143.1	0	last_exon	escape
ENST00000912274.1	0	last_exon	escape
ENST00000917017.1	0	last_exon	escape
ENST00000919128.1	0	last_exon	escape
ENST00000923335.1	0	last_exon	escape
ENST00000929018.1	0	last_exon	escape
ENST00000931735.1	0.2	50nt_rule	escape
ENST00000933698.1	0	last_exon	escape
ENST00000937689.1	0	last_exon	escape
ENST00000938053.1	0	last_exon	escape
ENST00000940705.1	0	last_exon	escape
ENST00000940753.1	0.2	50nt_rule	escape
ENST00000942048.1	0	last_exon	escape
ENST00000942605.1	0	last_exon	escape
ENST00000949094.1	0	last_exon	escape
ENST00000963199.1	0	last_exon	escape
ENST00000968684.1	0	last_exon	escape
ENST00000969433.1	0	last_exon	escape
ENST00000971027.1	0	last_exon	escape
ENST00000972741.1	0.65	trigger_nmd	trigger
ENST00000972767.1	0.65	trigger_nmd	trigger
ENST00000972982.1	0	last_exon	escape
