comparator_isoform_id	gene_id	reference_isoform_id	subclass	chr	h5_split	mashr_posterior_mean_logfc	our_model_prob	nmdetective_b_score	nmdetective_b_leaf	nmdetective_b_call	nmdep_rule_score	nmdep_rule_leaf	nmdep_rule_call
ENSG00000000419.15.novel1	ENSG00000000419.15	ENST00000371588.10	NMD+/PTC+	chr20	train	1.87387173223883	0.9625191	0.65	trigger_nmd	trigger	0.65	trigger_nmd	trigger
ENSG00000000457.15.novel2	ENSG00000000457.15	ENST00000367771.11	NMD+/PTC+	chr1	test	3.7595841310597	0.8933987	0.65	trigger_nmd	trigger	0.65	trigger_nmd	trigger
ENSG00000001084.14.novel1	ENSG00000001084.14	ENST00000515580.1	NMD+/PTC-	chr6	train	4.61269575905393	0.99303496	0	last_exon	escape	0	last_exon	escape
ENSG00000001084.14.novel7	ENSG00000001084.14	ENST00000515580.1	Control	chr6	train	-0.0264295328126536	0.19105436	0	last_exon	escape	0	last_exon	escape
ENSG00000001497.19.novel1	ENSG00000001497.19	ENST00000374811.8	NMD+/PTC+	chrX	train	5.18947827371974	0.9783092	0.65	trigger_nmd	trigger	0.65	trigger_nmd	trigger
ENSG00000003402.22.novel42	ENSG00000003402.22	ENST00000341222.10	NMD+/PTC-	""	""	1.75455698346143		0	last_exon	escape	0	last_exon	escape
ENSG00000003402.22.novel46	ENSG00000003402.22	ENST00000341222.10	Control	chr2	val	0.0454923459624371	0.32739595	0	last_exon	escape	0	last_exon	escape
ENSG00000004864.15.novel1	ENSG00000004864.15	ENST00000265631.10	NMD+/PTC+	chr7	test	3.57459408973923	0.70769936	0.65	trigger_nmd	trigger	0.65	trigger_nmd	trigger
ENSG00000004864.15.novel2	ENSG00000004864.15	ENST00000265631.10	Control	chr7	test	-0.0449547744708603	0.062324602	0	last_exon	escape	0	last_exon	escape
ENSG00000005238.21.novel1	ENSG00000005238.21	ENST00000903794.1	NMD+/PTC+	chr9	train	3.22421589753379	0.70373034	0.65	trigger_nmd	trigger	0.65	trigger_nmd	trigger
ENSG00000005436.15.novel1	ENSG00000005436.15	ENST00000470503.1	Control	chr2	val	-0.0569516582799041	0.038607266	0	last_exon	escape	0	last_exon	escape
ENSG00000005436.15.novel3	ENSG00000005436.15	ENST00000470503.1	NMD+/PTC+	chr2	val	3.86792921979151	0.9957873	0.65	trigger_nmd	trigger	0.65	trigger_nmd	trigger
ENSG00000006194.12.novel67	ENSG00000006194.12	ENST00000575823.2	NMD+/PTC-	chr16	train	3.16311932782003	0.5709114	0	last_exon	escape	0	last_exon	escape
ENSG00000006282.23.novel1	ENSG00000006282.23	ENST00000503127.5	NMD+/PTC+	chr17	train	1.87068337434969	0.8809016	0.41	long_exon	escape	0.41	long_exon	escape
ENSG00000007341.20.novel6	ENSG00000007341.20	ENST00000473206.5	NMD+/PTC-	chr1	test	3.67400030691922	0.33553863	0	last_exon	escape	0	last_exon	escape
ENSG00000007541.18.novel18	ENSG00000007541.18	ENST00000026218.9	NMD+/PTC+	chr16	train	1.63856597293149	0.97072965	0.65	trigger_nmd	trigger	0.65	trigger_nmd	trigger
ENSG00000008294.23.novel3	ENSG00000008294.23	ENST00000357122.8	NMD+/PTC+	chr17	train	3.63108943102462	0.996774	0.65	trigger_nmd	trigger	0.65	trigger_nmd	trigger
ENSG00000008952.18.novel1	ENSG00000008952.18	ENST00000480708.5	NMD+/PTC+	chr3	test	4.10461589223638	0.90093106	0.65	trigger_nmd	trigger	0.65	trigger_nmd	trigger
ENSG00000008952.18.novel26	ENSG00000008952.18	ENST00000480708.5	Control	chr3	test	-0.0169096460336235	0.03345194	0	last_exon	escape	0	last_exon	escape
ENSG00000010030.14.novel2	ENSG00000010030.14	ENST00000339796.9	NMD+/PTC+	chr6	train	1.93547523988055	0.88470066	0.65	trigger_nmd	trigger	0.65	trigger_nmd	trigger
ENSG00000011105.15.novel1	ENSG00000011105.15	ENST00000011898.10	NMD+/PTC+	chr12	train	4.78400409295893	0.984183	0.65	trigger_nmd	trigger	0.65	trigger_nmd	trigger
ENSG00000011376.13.novel1	ENSG00000011376.13	ENST00000650792.2	Control	chr3	test	-0.0508160684760256	0.18223295	0	last_exon	escape	0	last_exon	escape
ENSG00000011376.13.novel2	ENSG00000011376.13	ENST00000650792.2	NMD+/PTC+	chr3	test	2.76323404195542	0.9593569	0.65	trigger_nmd	trigger	0.65	trigger_nmd	trigger
ENSG00000011638.12.novel2	ENSG00000011638.12	ENST00000233047.9	NMD+/PTC+	chr16	train	2.30616046814443	0.8732554	0.65	trigger_nmd	trigger	0.65	trigger_nmd	trigger
ENSG00000012171.21.novel22	ENSG00000012171.21	ENST00000433753.4	NMD+/PTC+	""	""	2.68883561468381		0.65	trigger_nmd	trigger	0.65	trigger_nmd	trigger
ENSG00000013441.18.novel26	ENSG00000013441.18	ENST00000321356.9	Control	chr2	val	0.0637530532649741	0.3322959	0	last_exon	escape	0	last_exon	escape
ENSG00000013561.19.novel1	ENSG00000013561.19	ENST00000394520.7	Control	chr5	test	-0.00376910313576672	0.107775085	0	last_exon	escape	0	last_exon	escape
ENSG00000018510.19.novel1	ENSG00000018510.19	ENST00000679994.1	NMD+/PTC+	chr2	val	3.36069958755703	0.98574036	0.65	trigger_nmd	trigger	0.65	trigger_nmd	trigger
ENSG00000018510.19.novel53	ENSG00000018510.19	ENST00000679994.1	Control	chr2	val	-0.0773600966782363	0.24772382	0	last_exon	escape	0	last_exon	escape
ENSG00000018699.14.novel1	ENSG00000018699.14	ENST00000317907.9	NMD+/PTC+	chr2	val	2.47247822056169	0.67515266	0.65	trigger_nmd	trigger	0.65	trigger_nmd	trigger
ENSG00000019102.13.novel1	ENSG00000019102.13	ENST00000326621.10	NMD+/PTC+	chr11	train	3.9196743057443	0.92061675	0.65	trigger_nmd	trigger	0.65	trigger_nmd	trigger
ENSG00000019144.21.novel23	ENSG00000019144.21	ENST00000526537.2	NMD+/PTC+	""	""	1.86792591459342		0.65	trigger_nmd	trigger	0.65	trigger_nmd	trigger
ENSG00000019144.21.novel3	ENSG00000019144.21	ENST00000526537.2	Control	chr11	train	-0.0298649480858979	0.2877542	0	last_exon	escape	0	last_exon	escape
ENSG00000020129.17.novel2	ENSG00000020129.17	ENST00000356090.8	NMD+/PTC+	chr1	test	4.13665273537979	0.73507756	0.65	trigger_nmd	trigger	0.65	trigger_nmd	trigger
ENSG00000020426.12.novel2	ENSG00000020426.12	ENST00000261245.9	Control	chr14	train	-0.0563599037988532	0.04830022	0	last_exon	escape	0	last_exon	escape
ENSG00000020426.12.novel6	ENSG00000020426.12	ENST00000261245.9	NMD+/PTC+	chr14	train	2.56291160568322	0.9808235	0.65	trigger_nmd	trigger	0.65	trigger_nmd	trigger
ENSG00000022840.17.novel36	ENSG00000022840.17	ENST00000325954.9	NMD+/PTC+	chr12	train	1.85074506046574	0.572576	0.65	trigger_nmd	trigger	0.65	trigger_nmd	trigger
ENSG00000023228.16.novel1	ENSG00000023228.16	ENST00000233190.11	NMD+/PTC+	chr2	val	4.80514194076547	0.9043311	0.65	trigger_nmd	trigger	0.65	trigger_nmd	trigger
ENSG00000023608.6.novel11	ENSG00000023608.6	ENST00000216294.5	NMD+/PTC+	chr14	train	3.38422950460423	0.98013717	0.65	trigger_nmd	trigger	0.65	trigger_nmd	trigger
ENSG00000023608.6.novel3	ENSG00000023608.6	ENST00000216294.5	Control	""	""	-0.0629099039688586		0	last_exon	escape	0	last_exon	escape
ENSG00000023697.14.novel1	ENSG00000023697.14	ENST00000428559.7	Control	chr12	train	0.0373402166657497	0.88999075	0	last_exon	escape	0	last_exon	escape
ENSG00000023697.14.novel2	ENSG00000023697.14	ENST00000428559.7	NMD+/PTC+	chr12	train	1.2662216104009	0.87621236	0.65	trigger_nmd	trigger	0.65	trigger_nmd	trigger
ENSG00000023909.11.novel3	ENSG00000023909.11	ENST00000370238.8	NMD+/PTC+	chr1	test	2.51811630611374	0.7321446	0.65	trigger_nmd	trigger	0.65	trigger_nmd	trigger
ENSG00000025708.15.novel1	ENSG00000025708.15	ENST00000252029.8	NMD+/PTC+	chr22	train	3.35843530315067	0.19476004	0.41	long_exon	escape	0.41	long_exon	escape
ENSG00000026652.16.novel1	ENSG00000026652.16	ENST00000320285.9	NMD+/PTC+	chr6	train	4.31113644256884	0.94010854	0.65	trigger_nmd	trigger	0.65	trigger_nmd	trigger
ENSG00000028203.20.novel3	ENSG00000028203.20	ENST00000436874.6	NMD+/PTC+	chr12	train	1.59818534629727	0.90043896	0.65	trigger_nmd	trigger	0.65	trigger_nmd	trigger
ENSG00000028310.19.novel1	ENSG00000028310.19	ENST00000869700.1	NMD+/PTC+	chr5	test	4.46607837041901	0.98023957	0.65	trigger_nmd	trigger	0.65	trigger_nmd	trigger
ENSG00000029725.18.novel1	ENSG00000029725.18	ENST00000537505.6	Control	chr17	train	0.0773824961471369	0.027455803	0	last_exon	escape	0	last_exon	escape
ENSG00000029725.18.novel5	ENSG00000029725.18	ENST00000537505.6	NMD+/PTC+	chr17	train	4.19626263147654	0.9868644	0.65	trigger_nmd	trigger	0.65	trigger_nmd	trigger
ENSG00000030066.15.novel2	ENSG00000030066.15	ENST00000378460.7	NMD+/PTC+	chr11	train	3.69013897361993	0.99547136	0.65	trigger_nmd	trigger	0.65	trigger_nmd	trigger
ENSG00000033178.14.novel4	ENSG00000033178.14	ENST00000322244.10	NMD+/PTC+	chr4	val	3.41448246001459	0.98680395	0.65	trigger_nmd	trigger	0.65	trigger_nmd	trigger
ENSG00000037241.8.novel8	ENSG00000037241.8	ENST00000521476.5	NMD+/PTC-	chr5	test	5.53916124603291	0.90685725	0	last_exon	escape	0	last_exon	escape
ENSG00000037474.16.novel2	ENSG00000037474.16	ENST00000264670.11	NMD+/PTC+	chr5	test	4.63576324998236	0.99510115	0.65	trigger_nmd	trigger	0.65	trigger_nmd	trigger
ENSG00000038210.15.novel1	ENSG00000038210.15	ENST00000264864.8	NMD+/PTC+	chr4	val	3.63793623773945	0.9854101	0.65	trigger_nmd	trigger	0.65	trigger_nmd	trigger
ENSG00000038532.18.novel2	ENSG00000038532.18	ENST00000409552.4	Control	chr16	train	-0.00760499281082254	0.051277682	0	last_exon	escape	0	last_exon	escape
ENSG00000038532.18.novel4	ENSG00000038532.18	ENST00000409552.4	NMD+/PTC-	""	""	1.40188704345038		0	last_exon	escape	0	last_exon	escape
ENSG00000042088.15.novel2	ENSG00000042088.15	ENST00000393454.6	Control	chr14	train	-0.0424341547471636	0.067263864	0	last_exon	escape	0	last_exon	escape
ENSG00000042088.15.novel5	ENSG00000042088.15	ENST00000393454.6	NMD+/PTC+	chr14	train	3.97268386075302	0.9909306	0.65	trigger_nmd	trigger	0.65	trigger_nmd	trigger
ENSG00000042980.15.novel4	ENSG00000042980.15	ENST00000265769.9	NMD+/PTC+	chr8	train	2.74298425693201	0.973784	0.65	trigger_nmd	trigger	0.65	trigger_nmd	trigger
ENSG00000047249.19.novel1	ENSG00000047249.19	ENST00000355221.7	NMD+/PTC+	chr8	train	5.27039365635114	0.96933854	0.65	trigger_nmd	trigger	0.65	trigger_nmd	trigger
ENSG00000047621.13.novel1	ENSG00000047621.13	ENST00000908046.1	NMD+/PTC+	chr12	train	4.45606988110454	0.9479431	0.65	trigger_nmd	trigger	0.65	trigger_nmd	trigger
ENSG00000047621.13.novel7	ENSG00000047621.13	ENST00000908046.1	Control	chr12	train	-0.0377147281838422	0.14928274	0	last_exon	escape	0	last_exon	escape
ENSG00000048140.19.novel2	ENSG00000048140.19	ENST00000508164.6	NMD+/PTC-	""	""	1.15289144942606		0	last_exon	escape	0	last_exon	escape
ENSG00000048162.23.novel1	ENSG00000048162.23	ENST00000614830.5	NMD+/PTC+	chr5	test	4.27798118780065	0.73926103	0.65	trigger_nmd	trigger	0.65	trigger_nmd	trigger
ENSG00000049167.17.novel2	ENSG00000049167.17	ENST00000676185.1	NMD+/PTC+	chr5	test	2.08277965987542	0.83558613	0.65	trigger_nmd	trigger	0.65	trigger_nmd	trigger
ENSG00000050393.13.novel1	ENSG00000050393.13	ENST00000379170.9	NMD+/PTC+	chr6	train	0.68341769640421	0.97399884	0.65	trigger_nmd	trigger	0.65	trigger_nmd	trigger
ENSG00000050393.13.novel9	ENSG00000050393.13	ENST00000379170.9	Control	chr6	train	-0.0337636181391904	0.078761026	0	last_exon	escape	0	last_exon	escape
ENSG00000051009.12.novel1	ENSG00000051009.12	ENST00000449352.7	NMD+/PTC+	""	""	1.32527254454597		0.65	trigger_nmd	trigger	0.65	trigger_nmd	trigger
ENSG00000053372.6.novel1	ENSG00000053372.6	ENST00000330263.5	Control	chr1	test	-0.0744739717244362	0.25220397	0.65	trigger_nmd	trigger	0.65	trigger_nmd	trigger
ENSG00000053372.6.novel2	ENSG00000053372.6	ENST00000330263.5	NMD+/PTC+	chr1	test	3.05742959047624	0.37239996	0.65	trigger_nmd	trigger	0.65	trigger_nmd	trigger
ENSG00000053770.13.novel1	ENSG00000053770.13	ENST00000261558.8	NMD+/PTC+	chr14	train	2.94733351599201	0.94575673	0.65	trigger_nmd	trigger	0.65	trigger_nmd	trigger
ENSG00000053770.13.novel5	ENSG00000053770.13	ENST00000261558.8	Control	chr14	train	-0.000655974031177097	0.14929186	0	last_exon	escape	0	last_exon	escape
ENSG00000054148.19.novel2	ENSG00000054148.19	ENST00000247665.12	Control	chr9	train	-0.0104136471877868	0.52573824	0	last_exon	escape	0	last_exon	escape
ENSG00000054277.14.novel3	ENSG00000054277.14	ENST00000490673.5	NMD+/PTC+	chr1	test	1.11375365258414	0.5918565	0.65	trigger_nmd	trigger	0.65	trigger_nmd	trigger
ENSG00000054611.15.novel1	ENSG00000054611.15	ENST00000406733.1	Control	chr22	train	-0.0340679302818874	0.039778747	0	last_exon	escape	0	last_exon	escape
ENSG00000054611.15.novel4	ENSG00000054611.15	ENST00000406733.1	NMD+/PTC+	chr22	train	3.02113635419213	0.8157067	0.65	trigger_nmd	trigger	0.65	trigger_nmd	trigger
ENSG00000057019.17.novel21	ENSG00000057019.17	ENST00000326840.11	Control	chr3	test	-0.0326800482142388	0.03456683	0	last_exon	escape	0	last_exon	escape
ENSG00000057019.17.novel3	ENSG00000057019.17	ENST00000326840.11	NMD+/PTC+	chr3	test	5.14666953505586	0.9923644	0.65	trigger_nmd	trigger	0.65	trigger_nmd	trigger
ENSG00000058063.18.novel1	ENSG00000058063.18	ENST00000323116.10	Control	chr3	test	0.0314404505860166	0.05465919	0	last_exon	escape	0	last_exon	escape
ENSG00000058063.18.novel2	ENSG00000058063.18	ENST00000323116.10	NMD+/PTC+	chr3	test	2.26120110053923	0.9856564	0.65	trigger_nmd	trigger	0.65	trigger_nmd	trigger
ENSG00000058085.16.novel1	ENSG00000058085.16	ENST00000264144.5	NMD+/PTC+	chr1	test	7.27345736746795	0.80245715	0.65	trigger_nmd	trigger	0.65	trigger_nmd	trigger
ENSG00000058085.16.novel45	ENSG00000058085.16	ENST00000264144.5	Control	chr1	test	0.111871315024958	0.17725408	0	last_exon	escape	0	last_exon	escape
ENSG00000058804.13.novel1	ENSG00000058804.13	ENST00000371429.4	Control	chr1	test	-0.0797713989581206	0.15257384	0	last_exon	escape	0	last_exon	escape
ENSG00000058804.13.novel4	ENSG00000058804.13	ENST00000371429.4	NMD+/PTC+	chr1	test	1.72856092382175	0.90994686	0.65	trigger_nmd	trigger	0.65	trigger_nmd	trigger
ENSG00000059758.9.novel5	ENSG00000059758.9	ENST00000261211.8	NMD+/PTC+	chr12	train	4.2215371234267	0.9822389	0.65	trigger_nmd	trigger	0.65	trigger_nmd	trigger
ENSG00000059758.9.novel7	ENSG00000059758.9	ENST00000261211.8	Control	chr12	train	0.0479964745092672	0.045814425	0	last_exon	escape	0	last_exon	escape
ENSG00000059769.21.novel8	ENSG00000059769.21	ENST00000313525.4	Control	chr9	train	-0.0206212929858168	0.029114617	0	last_exon	escape	0	last_exon	escape
ENSG00000060140.10.novel1	ENSG00000060140.10	ENST00000075503.8	Control	chr12	train	0.0566379281363036	0.09013467	0	last_exon	escape	0	last_exon	escape
ENSG00000060140.10.novel5	ENSG00000060140.10	ENST00000075503.8	NMD+/PTC+	chr12	train	1.61594353872508	0.8253374	0.65	trigger_nmd	trigger	0.65	trigger_nmd	trigger
ENSG00000060558.4.novel1	ENSG00000060558.4	ENST00000262958.4	Control	chr19	train	0.0396195966143956	0.10331739	0	last_exon	escape	0	last_exon	escape
ENSG00000060558.4.novel3	ENSG00000060558.4	ENST00000262958.4	NMD+/PTC+	chr19	train	3.47698806140577	0.85536915	0.65	trigger_nmd	trigger	0.65	trigger_nmd	trigger
ENSG00000062598.19.novel1	ENSG00000062598.19	ENST00000290246.11	Control	chr20	train	0.000439631958628934	0.09679224	0	last_exon	escape	0	last_exon	escape
ENSG00000062598.19.novel3	ENSG00000062598.19	ENST00000290246.11	NMD+/PTC+	chr20	train	2.95575523240309	0.942184	0.65	trigger_nmd	trigger	0.65	trigger_nmd	trigger
ENSG00000062822.17.novel1	ENSG00000062822.17	ENST00000599857.7	NMD+/PTC+	chr19	train	2.79105317964081	0.98960155	0.65	trigger_nmd	trigger	0.65	trigger_nmd	trigger
ENSG00000063660.10.novel2	ENSG00000063660.10	ENST00000264039.7	Control	chr2	val	-0.0363566490146593	0.1180288	0.65	trigger_nmd	trigger	0.65	trigger_nmd	trigger
ENSG00000063660.10.novel24	ENSG00000063660.10	ENST00000264039.7	NMD+/PTC+	chr2	val	3.69010949265953	0.9741019	0.65	trigger_nmd	trigger	0.41	long_exon	escape
ENSG00000064225.14.novel3	ENSG00000064225.14	ENST00000265261.11	NMD+/PTC+	chr3	test	4.35969463903833	0.98741865	0.65	trigger_nmd	trigger	0.65	trigger_nmd	trigger
ENSG00000064270.15.novel1	ENSG00000064270.15	ENST00000861762.1	Control	chr16	train	-0.0605782581626289	0.04777051	0	last_exon	escape	0	last_exon	escape
ENSG00000064270.15.novel2	ENSG00000064270.15	ENST00000861762.1	NMD+/PTC+	chr16	train	2.66070258618208	0.48972654	0.41	long_exon	escape	0.41	long_exon	escape
ENSG00000064419.15.novel1	ENSG00000064419.15	ENST00000265388.10	Control	chr7	test	-0.0356890593015706	0.6115511	0.2	50nt_rule	escape	0.2	50nt_rule	escape
ENSG00000064607.18.novel1	ENSG00000064607.18	ENST00000452918.7	NMD+/PTC+	chr19	train	2.1890736396598	0.48537117	0.65	trigger_nmd	trigger	0.65	trigger_nmd	trigger
ENSG00000064607.18.novel9	ENSG00000064607.18	ENST00000452918.7	Control	chr19	train	0.0274711265107719	0.034791138	0	last_exon	escape	0	last_exon	escape
ENSG00000064933.20.novel1	ENSG00000064933.20	ENST00000374826.8	NMD+/PTC+	chr2	val	3.16574667038488	0.8825676	0.65	trigger_nmd	trigger	0.65	trigger_nmd	trigger
ENSG00000064933.20.novel18	ENSG00000064933.20	ENST00000374826.8	Control	chr2	val	0.235432022038279	0.07710512	0	last_exon	escape	0	last_exon	escape
ENSG00000065457.12.novel1	ENSG00000065457.12	ENST00000564657.2	Control	chr16	train	-0.030769338817386	0.18780078	0.41	long_exon	escape	0.41	long_exon	escape
ENSG00000065457.12.novel4	ENSG00000065457.12	ENST00000564657.2	NMD+/PTC+	chr16	train	1.79288996243121	0.8556976	0.65	trigger_nmd	trigger	0.65	trigger_nmd	trigger
ENSG00000065600.14.novel3	ENSG00000065600.14	ENST00000261455.9	NMD+/PTC+	chr1	test	1.92403405598392	0.49064565	0.65	trigger_nmd	trigger	0.65	trigger_nmd	trigger
ENSG00000066557.7.novel1	ENSG00000066557.7	ENST00000370952.4	NMD+/PTC+	chr1	test	4.89826154325047	0.96875364	0.65	trigger_nmd	trigger	0.65	trigger_nmd	trigger
ENSG00000066557.7.novel3	ENSG00000066557.7	ENST00000370952.4	Control	chr1	test	0.135738022365659	0.73774886	0	last_exon	escape	0	last_exon	escape
ENSG00000066629.20.novel2	ENSG00000066629.20	ENST00000262233.11	Control	chr14	train	-0.0477246769498729	0.13062719	0	last_exon	escape	0	last_exon	escape
ENSG00000066629.20.novel6	ENSG00000066629.20	ENST00000262233.11	NMD+/PTC+	""	""	3.46117712030104		0.65	trigger_nmd	trigger	0.65	trigger_nmd	trigger
ENSG00000067221.15.novel3	ENSG00000067221.15	ENST00000316911.10	NMD+/PTC+	chr15	train	2.10325268736796	0.96919674	0.65	trigger_nmd	trigger	0.65	trigger_nmd	trigger
ENSG00000067596.13.novel2	ENSG00000067596.13	ENST00000589898.2	NMD+/PTC+	chr17	train	3.94814078266639	0.985466	0.65	trigger_nmd	trigger	0.41	long_exon	escape
ENSG00000068305.20.novel1	ENSG00000068305.20	ENST00000557785.5	Control	chr15	train	-0.00878941212634401	0.060971264	0	last_exon	escape	0	last_exon	escape
ENSG00000068305.20.novel20	ENSG00000068305.20	ENST00000557785.5	NMD+/PTC+	chr15	train	3.00875784180701	0.85377187	0.65	trigger_nmd	trigger	0.65	trigger_nmd	trigger
ENSG00000068400.15.novel2	ENSG00000068400.15	ENST00000376423.8	NMD+/PTC+	chrX	train	2.91693116147697	0.89738697	0.65	trigger_nmd	trigger	0.65	trigger_nmd	trigger
ENSG00000068724.19.novel1	ENSG00000068724.19	ENST00000319190.11	Control	chr2	val	0.0163539055457091	0.084733464	0	last_exon	escape	0	last_exon	escape
ENSG00000068724.19.novel4	ENSG00000068724.19	ENST00000319190.11	NMD+/PTC+	chr2	val	3.3337617303043	0.9921853	0.65	trigger_nmd	trigger	0.65	trigger_nmd	trigger
ENSG00000068885.16.novel13	ENSG00000068885.16	ENST00000496589.5	NMD+/PTC+	chr3	test	2.29324639549716	0.97569525	0.65	trigger_nmd	trigger	0.65	trigger_nmd	trigger
ENSG00000068885.16.novel7	ENSG00000068885.16	ENST00000496589.5	Control	chr3	test	0.24873600126675	0.052872796	0	last_exon	escape	0	last_exon	escape
ENSG00000068971.15.novel3	ENSG00000068971.15	ENST00000164133.7	NMD+/PTC+	chr11	train	2.12146999396181	0.8424366	0.65	trigger_nmd	trigger	0.65	trigger_nmd	trigger
ENSG00000069122.20.novel1	ENSG00000069122.20	ENST00000283296.12	NMD+/PTC+	chr6	train	2.0134794006398	0.6869794	0.65	trigger_nmd	trigger	0.65	trigger_nmd	trigger
ENSG00000069122.20.novel2	ENSG00000069122.20	ENST00000283296.12	Control	chr6	train	-0.00961362128432742	0.18498147	0	last_exon	escape	0	last_exon	escape
ENSG00000069998.13.novel1	ENSG00000069998.13	ENST00000336737.8	Control	chr22	train	-0.0510313009887502	0.11586531	0	last_exon	escape	0	last_exon	escape
ENSG00000069998.13.novel2	ENSG00000069998.13	ENST00000336737.8	NMD+/PTC+	chr22	train	1.73897422757543	0.92132837	0.65	trigger_nmd	trigger	0.65	trigger_nmd	trigger
ENSG00000070413.22.novel2	ENSG00000070413.22	ENST00000263196.12	NMD+/PTC+	chr22	train	4.29590215329113	0.9536162	0.65	trigger_nmd	trigger	0.65	trigger_nmd	trigger
ENSG00000070495.16.novel21	ENSG00000070495.16	ENST00000397625.9	Control	chr17	train	-0.0126205249947809	0.49865407	0.41	long_exon	escape	0.41	long_exon	escape
ENSG00000070540.14.novel2	ENSG00000070540.14	ENST00000262139.10	NMD+/PTC+	chr17	train	4.80908792520987	0.99458694	0.65	trigger_nmd	trigger	0.65	trigger_nmd	trigger
ENSG00000070669.18.novel1	ENSG00000070669.18	ENST00000394308.8	NMD+/PTC+	chr7	test	4.54594780006974	0.95414066	0.65	trigger_nmd	trigger	0.65	trigger_nmd	trigger
ENSG00000071205.13.novel2	ENSG00000071205.13	ENST00000510379.1	NMD+/PTC+	chr4	val	4.3720373214238	0.9956825	0.65	trigger_nmd	trigger	0.65	trigger_nmd	trigger
ENSG00000071205.13.novel5	ENSG00000071205.13	ENST00000510379.1	Control	chr4	val	0.0831462025474714	0.13714848	0	last_exon	escape	0	last_exon	escape
ENSG00000071242.14.novel1	ENSG00000071242.14	ENST00000265678.9	Control	chr6	train	0.115177042571393	0.048995893	0	last_exon	escape	0	last_exon	escape
ENSG00000071242.14.novel9	ENSG00000071242.14	ENST00000265678.9	NMD+/PTC+	chr6	train	2.68249573807535	0.9775913	0.65	trigger_nmd	trigger	0.65	trigger_nmd	trigger
ENSG00000071539.15.novel2	ENSG00000071539.15	ENST00000166345.8	Control	chr5	test	0.164054236865984	0.32097888	0.2	50nt_rule	escape	0.2	50nt_rule	escape
ENSG00000071539.15.novel5	ENSG00000071539.15	ENST00000166345.8	NMD+/PTC+	chr5	test	3.12626553934534	0.98341525	0.65	trigger_nmd	trigger	0.65	trigger_nmd	trigger
ENSG00000072571.21.novel2	ENSG00000072571.21	ENST00000393915.9	NMD+/PTC+	chr5	test	3.0118751576112	0.9833734	0.65	trigger_nmd	trigger	0.65	trigger_nmd	trigger
ENSG00000072849.12.novel1	ENSG00000072849.12	ENST00000158771.9	NMD+/PTC+	chr17	train	3.72528988591009	0.7035289	0.65	trigger_nmd	trigger	0.65	trigger_nmd	trigger
ENSG00000072864.17.novel38	ENSG00000072864.17	ENST00000396354.6	Control	chr16	train	-0.00289769628889905	0.4483992	0	last_exon	escape	0	last_exon	escape
ENSG00000072864.17.novel6	ENSG00000072864.17	ENST00000396354.6	NMD+/PTC+	chr16	train	3.14365453766134	0.9836428	0.65	trigger_nmd	trigger	0.65	trigger_nmd	trigger
ENSG00000072958.10.novel5	ENSG00000072958.10	ENST00000291439.8	NMD+/PTC+	chr19	train	4.39216943511854	0.9846662	0.65	trigger_nmd	trigger	0.65	trigger_nmd	trigger
ENSG00000073792.17.novel1	ENSG00000073792.17	ENST00000382199.7	NMD+/PTC+	chr3	test	2.27951860234466	0.9677845	0.65	trigger_nmd	trigger	0.65	trigger_nmd	trigger
ENSG00000074582.16.novel1	ENSG00000074582.16	ENST00000907075.1	NMD+/PTC-	chr2	val	1.24044911530403	0.49637422	0	last_exon	escape	0	last_exon	escape
ENSG00000074582.16.novel6	ENSG00000074582.16	ENST00000907075.1	Control	chr2	val	-0.00901092194844502	0.6039073	0	last_exon	escape	0	last_exon	escape
ENSG00000074935.15.novel1	ENSG00000074935.15	ENST00000368662.10	Control	chr6	train	-0.0275934463508188	0.14881894	0	last_exon	escape	0	last_exon	escape
ENSG00000074935.15.novel2	ENSG00000074935.15	ENST00000368662.10	NMD+/PTC+	""	""	1.94775522643372		0.65	trigger_nmd	trigger	0.65	trigger_nmd	trigger
ENSG00000075213.12.novel1	ENSG00000075213.12	ENST00000265362.9	Control	chr7	test	0.0716214223195981	0.061266027	0	last_exon	escape	0	last_exon	escape
ENSG00000075213.12.novel2	ENSG00000075213.12	ENST00000265362.9	NMD+/PTC+	chr7	test	3.57437228513972	0.9151417	0.65	trigger_nmd	trigger	0.65	trigger_nmd	trigger
ENSG00000075539.16.novel15	ENSG00000075539.16	ENST00000503339.5	Control	chr4	val	0.190158047526126	0.13458222	0	last_exon	escape	0	last_exon	escape
ENSG00000075539.16.novel19	ENSG00000075539.16	ENST00000503339.5	NMD+/PTC-	chr4	val	1.57212733007603	0.18110241	0	last_exon	escape	0	last_exon	escape
ENSG00000076067.15.novel2	ENSG00000076067.15	ENST00000262031.10	Control	chr12	train	-0.0494371677739892	0.0628669	0	last_exon	escape	0	last_exon	escape
ENSG00000076067.15.novel3	ENSG00000076067.15	ENST00000262031.10	NMD+/PTC+	chr12	train	2.59887933692954	0.9027774	0.65	trigger_nmd	trigger	0.65	trigger_nmd	trigger
ENSG00000076928.21.novel3	ENSG00000076928.21	ENST00000354532.8	NMD+/PTC+	chr19	train	2.99103079377478	0.995789	0.65	trigger_nmd	trigger	0.65	trigger_nmd	trigger
ENSG00000077238.15.novel2	ENSG00000077238.15	ENST00000395762.7	NMD+/PTC-	chr16	train	2.86549209202336	0.5225218	0	last_exon	escape	0	last_exon	escape
ENSG00000077454.18.novel3	ENSG00000077454.18	ENST00000310300.11	NMD+/PTC+	chr7	test	2.93106945883397	0.99602133	0.65	trigger_nmd	trigger	0.65	trigger_nmd	trigger
ENSG00000077463.16.novel2	ENSG00000077463.16	ENST00000600938.5	Control	""	""	-0.0675795832182845		0	last_exon	escape	0	last_exon	escape
ENSG00000077514.10.novel4	ENSG00000077514.10	ENST00000532784.5	NMD+/PTC+	chr11	train	3.01229610667306	0.90247697	0.65	trigger_nmd	trigger	0.65	trigger_nmd	trigger
ENSG00000077514.10.novel5	ENSG00000077514.10	ENST00000532784.5	Control	chr11	train	-0.0825478228785207	0.0725922	0	last_exon	escape	0	last_exon	escape
ENSG00000077585.15.novel1	ENSG00000077585.15	ENST00000366592.8	Control	chr1	test	0.0955572709633121	0.9632555	0.65	trigger_nmd	trigger	0.65	trigger_nmd	trigger
ENSG00000077585.15.novel4	ENSG00000077585.15	ENST00000366592.8	NMD+/PTC+	chr1	test	3.2455150602204	0.26078776	0.65	trigger_nmd	trigger	0.65	trigger_nmd	trigger
ENSG00000077713.20.novel1	ENSG00000077713.20	ENST00000217909.8	Control	chrX	train	0.00797226032957586	0.36547017	0	last_exon	escape	0	last_exon	escape
ENSG00000077713.20.novel3	ENSG00000077713.20	ENST00000217909.8	NMD+/PTC+	chrX	train	2.31458927534804	0.8860276	0.65	trigger_nmd	trigger	0.65	trigger_nmd	trigger
ENSG00000077942.20.novel1	ENSG00000077942.20	ENST00000262722.11	NMD+/PTC+	chr22	train	3.4621183583364	0.98943067	0.65	trigger_nmd	trigger	0.65	trigger_nmd	trigger
ENSG00000078070.15.novel1	ENSG00000078070.15	ENST00000265594.9	NMD+/PTC+	chr3	test	3.74885933896271	0.9387607	0.65	trigger_nmd	trigger	0.65	trigger_nmd	trigger
ENSG00000078070.15.novel4	ENSG00000078070.15	ENST00000265594.9	Control	chr3	test	0.0329739479130123	0.5288695	0	last_exon	escape	0	last_exon	escape
ENSG00000078142.15.novel1	ENSG00000078142.15	ENST00000262039.9	NMD+/PTC+	chr18	train	4.23547869675862	0.97658545	0.65	trigger_nmd	trigger	0.65	trigger_nmd	trigger
ENSG00000078142.15.novel3	ENSG00000078142.15	ENST00000262039.9	Control	chr18	train	0.111508410464887	0.05476188	0	last_exon	escape	0	last_exon	escape
ENSG00000078618.24.novel42	ENSG00000078618.24	ENST00000354831.11	NMD+/PTC+	chr1	test	3.8763955399228	0.9872602	0.65	trigger_nmd	trigger	0.65	trigger_nmd	trigger
ENSG00000078747.18.novel7	ENSG00000078747.18	ENST00000374864.10	NMD+/PTC+	chr20	train	3.13272525862498	0.98297775	0.65	trigger_nmd	trigger	0.65	trigger_nmd	trigger
ENSG00000079385.24.novel1	ENSG00000079385.24	ENST00000403444.7	NMD+/PTC+	chr19	train	3.77731025641767	0.9101251	0.65	trigger_nmd	trigger	0.65	trigger_nmd	trigger
ENSG00000079974.20.novel5	ENSG00000079974.20	ENST00000395595.8	NMD+/PTC+	chr22	train	3.68627695830569	0.97463304	0.65	trigger_nmd	trigger	0.65	trigger_nmd	trigger
ENSG00000080189.16.novel1	ENSG00000080189.16	ENST00000372230.10	NMD+/PTC+	chr20	train	2.95055976849655	0.8820033	0.65	trigger_nmd	trigger	0.65	trigger_nmd	trigger
ENSG00000080608.11.novel10	ENSG00000080608.11	ENST00000397885.3	NMD+/PTC+	chr9	train	2.79074387946718	0.98704404	0.65	trigger_nmd	trigger	0.65	trigger_nmd	trigger
ENSG00000080608.11.novel14	ENSG00000080608.11	ENST00000397885.3	Control	chr9	train	-0.0719374702772514	0.1792525	0	last_exon	escape	0	last_exon	escape
ENSG00000080823.24.novel23	ENSG00000080823.24	ENST00000522874.5	NMD+/PTC+	chr14	train	2.88427346250737	0.15108417	0.65	trigger_nmd	trigger	0.65	trigger_nmd	trigger
ENSG00000080986.14.novel2	ENSG00000080986.14	ENST00000261597.9	Control	chr18	train	-0.0170278921410903	0.03782705	0	last_exon	escape	0	last_exon	escape
ENSG00000080986.14.novel3	ENSG00000080986.14	ENST00000261597.9	NMD+/PTC+	chr18	train	3.00272046418516	0.933782	0.65	trigger_nmd	trigger	0.65	trigger_nmd	trigger
ENSG00000081320.13.novel1	ENSG00000081320.13	ENST00000263955.9	NMD+/PTC+	chr2	val	3.39792610647889	0.96138656	0.65	trigger_nmd	trigger	0.65	trigger_nmd	trigger
ENSG00000081692.14.novel3	ENSG00000081692.14	ENST00000620518.5	NMD+/PTC+	""	""	1.06334170477069		0.41	long_exon	escape	0.41	long_exon	escape
ENSG00000081760.18.novel2	ENSG00000081760.18	ENST00000316519.11	Control	chr12	train	-0.0889779038456633	0.060072564	0	last_exon	escape	0	last_exon	escape
ENSG00000081760.18.novel3	ENSG00000081760.18	ENST00000316519.11	NMD+/PTC+	chr12	train	2.8273635027817	0.95994925	0.65	trigger_nmd	trigger	0.65	trigger_nmd	trigger
ENSG00000081923.16.novel32	ENSG00000081923.16	ENST00000648908.2	NMD+/PTC-	""	""	1.59099373352985		0	last_exon	escape	0	last_exon	escape
ENSG00000084073.11.novel1	ENSG00000084073.11	ENST00000372759.4	Control	chr1	test	0.105832327085747	0.9645097	0	last_exon	escape	0	last_exon	escape
ENSG00000085274.17.novel23	ENSG00000085274.17	ENST00000356716.8	Control	chr3	test	0.0661681530911791	0.74682134	0	last_exon	escape	0	last_exon	escape
ENSG00000085274.17.novel25	ENSG00000085274.17	ENST00000356716.8	NMD+/PTC+	chr3	test	1.72141183870183	0.81138337	0.41	long_exon	escape	0.41	long_exon	escape
ENSG00000085433.18.novel2	ENSG00000085433.18	ENST00000369962.8	NMD+/PTC+	chr1	test	3.0275547686105	0.9844636	0.65	trigger_nmd	trigger	0.65	trigger_nmd	trigger
ENSG00000085721.14.novel1	ENSG00000085721.14	ENST00000198767.11	NMD+/PTC+	chr16	train	5.61516127814638	0.99470264	0.65	trigger_nmd	trigger	0.65	trigger_nmd	trigger
ENSG00000086200.18.novel22	ENSG00000086200.18	ENST00000409534.1	NMD+/PTC-	chr5	test	3.73795974467032	0.9562373	0	last_exon	escape	0	last_exon	escape
ENSG00000086696.12.novel1	ENSG00000086696.12	ENST00000199936.9	NMD+/PTC+	chr16	train	4.94960180763273	0.7985791	0.65	trigger_nmd	trigger	0.65	trigger_nmd	trigger
ENSG00000086696.12.novel2	ENSG00000086696.12	ENST00000199936.9	Control	chr16	train	-0.0306428237787084	0.07421365	0	last_exon	escape	0	last_exon	escape
ENSG00000086827.10.novel1	ENSG00000086827.10	ENST00000898960.1	NMD+/PTC+	chr11	train	5.15123477435046	0.96305037	0.65	trigger_nmd	trigger	0.65	trigger_nmd	trigger
ENSG00000086827.10.novel4	ENSG00000086827.10	ENST00000898960.1	Control	chr11	train	-0.120346672792902	0.032614123	0	last_exon	escape	0	last_exon	escape
ENSG00000087008.17.novel10	ENSG00000087008.17	ENST00000895408.1	NMD+/PTC+	chr4	val	2.2391026195792	0.91984564	0.41	long_exon	escape	0.41	long_exon	escape
ENSG00000087008.17.novel9	ENSG00000087008.17	ENST00000895408.1	Control	chr4	val	-0.0692029513326148	0.039350867	0	last_exon	escape	0	last_exon	escape
ENSG00000087076.10.novel1	ENSG00000087076.10	ENST00000263278.9	Control	chr19	train	-0.0587210742092087	0.11123546	0	last_exon	escape	0	last_exon	escape
ENSG00000087076.10.novel2	ENSG00000087076.10	ENST00000263278.9	NMD+/PTC+	chr19	train	3.69806650551398	0.9163306	0.65	trigger_nmd	trigger	0.65	trigger_nmd	trigger
ENSG00000087128.10.novel1	ENSG00000087128.10	ENST00000305363.9	NMD+/PTC+	chr4	val	6.03922127410315	0.9657865	0.65	trigger_nmd	trigger	0.65	trigger_nmd	trigger
ENSG00000087128.10.novel3	ENSG00000087128.10	ENST00000305363.9	Control	chr4	val	0.0178942769725068	0.8102467	0	last_exon	escape	0	last_exon	escape
ENSG00000087206.18.novel1	ENSG00000087206.18	ENST00000377227.8	NMD+/PTC+	chr5	test	4.03507339080887	0.9877509	0.65	trigger_nmd	trigger	0.65	trigger_nmd	trigger
ENSG00000087206.18.novel73	ENSG00000087206.18	ENST00000377227.8	Control	""	""	-0.0580340973686054		0	last_exon	escape	0	last_exon	escape
ENSG00000087269.17.novel11	ENSG00000087269.17	ENST00000416614.7	NMD+/PTC+	chr4	val	3.26315584523758	0.9631747	0.65	trigger_nmd	trigger	0.65	trigger_nmd	trigger
ENSG00000087884.17.novel1	ENSG00000087884.17	ENST00000526415.5	Control	chr11	train	0.234899972601346	0.13886954	0	last_exon	escape	0	last_exon	escape
ENSG00000087995.17.novel2	ENSG00000087995.17	ENST00000311506.10	Control	chr17	train	-0.0450468242389987	0.21035443	0.41	long_exon	escape	0.41	long_exon	escape
ENSG00000088451.12.novel1	ENSG00000088451.12	ENST00000261296.7	NMD+/PTC+	chr13	train	1.99918267270538	0.9835976	0.65	trigger_nmd	trigger	0.65	trigger_nmd	trigger
ENSG00000088451.12.novel3	ENSG00000088451.12	ENST00000261296.7	Control	chr13	train	0.0148158277252459	0.71419615	0	last_exon	escape	0	last_exon	escape
ENSG00000088766.13.novel1	ENSG00000088766.13	ENST00000378863.9	Control	chr20	train	0.00549660991146612	0.1878401	0	last_exon	escape	0	last_exon	escape
ENSG00000088766.13.novel11	ENSG00000088766.13	ENST00000378863.9	NMD+/PTC+	chr20	train	2.16288445440602	0.9731856	0.65	trigger_nmd	trigger	0.65	trigger_nmd	trigger
ENSG00000088992.19.novel1	ENSG00000088992.19	ENST00000470612.5	NMD+/PTC-	chr12	train	2.52839139804381	0.19274054	0	last_exon	escape	0	last_exon	escape
ENSG00000089060.13.novel9	ENSG00000089060.13	ENST00000680972.1	NMD+/PTC+	chr12	train	3.30282019612704	0.9685272	0.65	trigger_nmd	trigger	0.65	trigger_nmd	trigger
ENSG00000089234.17.novel1	ENSG00000089234.17	ENST00000871566.1	NMD+/PTC+	chr12	train	2.40940152544633	0.9466977	0.65	trigger_nmd	trigger	0.65	trigger_nmd	trigger
ENSG00000089234.17.novel4	ENSG00000089234.17	ENST00000871566.1	Control	chr12	train	-0.00646207499453552	0.22110716	0	last_exon	escape	0	last_exon	escape
ENSG00000089639.12.novel2	ENSG00000089639.12	ENST00000203556.9	NMD+/PTC+	chr19	train	2.41956200295579	0.9053986	0.65	trigger_nmd	trigger	0.41	long_exon	escape
ENSG00000090054.17.novel2	ENSG00000090054.17	ENST00000262554.7	NMD+/PTC+	chr9	train	5.27789418482659	0.9848691	0.65	trigger_nmd	trigger	0.65	trigger_nmd	trigger
ENSG00000090661.14.novel1	ENSG00000090661.14	ENST00000251363.10	Control	chr19	train	-0.0411194259337538	0.1217761	0	last_exon	escape	0	last_exon	escape
ENSG00000090661.14.novel4	ENSG00000090661.14	ENST00000251363.10	NMD+/PTC+	chr19	train	2.20960135750621	0.8569459	0.65	trigger_nmd	trigger	0.65	trigger_nmd	trigger
ENSG00000090989.19.novel54	ENSG00000090989.19	ENST00000892248.1	NMD+/PTC-	""	""	1.57096667583176		0	last_exon	escape	0	last_exon	escape
ENSG00000091127.15.novel1	ENSG00000091127.15	ENST00000469408.6	NMD+/PTC+	chr7	test	4.45681063981434	0.97333086	0.65	trigger_nmd	trigger	0.65	trigger_nmd	trigger
ENSG00000091844.9.novel1	ENSG00000091844.9	ENST00000206262.2	Control	chr6	train	0.0818961461116371	0.17122766	0	last_exon	escape	0	last_exon	escape
ENSG00000091844.9.novel2	ENSG00000091844.9	ENST00000206262.2	NMD+/PTC+	chr6	train	2.69722474385077	0.2398601	0.65	trigger_nmd	trigger	0.65	trigger_nmd	trigger
ENSG00000092020.12.novel1	ENSG00000092020.12	ENST00000557217.5	Control	chr14	train	-0.0106666650289967	0.46954525	0	last_exon	escape	0	last_exon	escape
ENSG00000092020.12.novel2	ENSG00000092020.12	ENST00000557217.5	NMD+/PTC+	chr14	train	3.96818962992664	0.73006785	0.65	trigger_nmd	trigger	0.65	trigger_nmd	trigger
ENSG00000092036.20.novel9	ENSG00000092036.20	ENST00000541587.6	NMD+/PTC+	chr14	train	2.85875465704773	0.9429954	0.65	trigger_nmd	trigger	0.65	trigger_nmd	trigger
ENSG00000092108.23.novel2	ENSG00000092108.23	ENST00000458591.7	NMD+/PTC+	chr14	train	4.2413284661032	0.99328494	0.65	trigger_nmd	trigger	0.65	trigger_nmd	trigger
ENSG00000092978.12.novel1	ENSG00000092978.12	ENST00000366934.3	NMD+/PTC+	chr1	test	3.46274149208173	0.9818528	0.65	trigger_nmd	trigger	0.65	trigger_nmd	trigger
ENSG00000092978.12.novel49	ENSG00000092978.12	ENST00000366934.3	Control	chr1	test	-0.0197302483930288	0.029903384	0	last_exon	escape	0	last_exon	escape
ENSG00000093009.12.novel3	ENSG00000093009.12	ENST00000263201.7	NMD+/PTC+	chr22	train	2.07330810988033	0.9848786	0.65	trigger_nmd	trigger	0.65	trigger_nmd	trigger
ENSG00000093010.16.novel1	ENSG00000093010.16	ENST00000361682.11	NMD+/PTC+	chr22	train	2.44580759487824	0.85233825	0.65	trigger_nmd	trigger	0.65	trigger_nmd	trigger
ENSG00000093167.19.novel2	ENSG00000093167.19	ENST00000354379.8	NMD+/PTC+	chr3	test	4.80009292781991	0.98550344	0.65	trigger_nmd	trigger	0.65	trigger_nmd	trigger
ENSG00000095066.13.novel1	ENSG00000095066.13	ENST00000894575.1	NMD+/PTC+	chr19	train	5.41921140354168	0.99703526	0.65	trigger_nmd	trigger	0.65	trigger_nmd	trigger
ENSG00000095066.13.novel4	ENSG00000095066.13	ENST00000894575.1	Control	chr19	train	-0.0937133029164246	0.030256	0	last_exon	escape	0	last_exon	escape
ENSG00000095303.18.novel1	ENSG00000095303.18	ENST00000362012.7	NMD+/PTC+	chr9	train	1.72598317638938	0.63272524	0.65	trigger_nmd	trigger	0.65	trigger_nmd	trigger
ENSG00000095485.19.novel3	ENSG00000095485.19	ENST00000354105.10	NMD+/PTC+	chr10	train	4.51163667241809	0.94628537	0.65	trigger_nmd	trigger	0.65	trigger_nmd	trigger
ENSG00000095485.19.novel6	ENSG00000095485.19	ENST00000354105.10	Control	chr10	train	-0.018666610406842	0.025698528	0	last_exon	escape	0	last_exon	escape
ENSG00000096717.13.novel1	ENSG00000096717.13	ENST00000212015.11	Control	chr10	train	0.035799771242894	0.98730266	0	last_exon	escape	0	last_exon	escape
ENSG00000096717.13.novel3	ENSG00000096717.13	ENST00000212015.11	NMD+/PTC+	chr10	train	2.55080311782672	0.9907154	0.65	trigger_nmd	trigger	0.65	trigger_nmd	trigger
ENSG00000096746.19.novel1	ENSG00000096746.19	ENST00000265866.12	Control	chr10	train	-0.0135712516924956	0.1478277	0	last_exon	escape	0	last_exon	escape
ENSG00000096746.19.novel2	ENSG00000096746.19	ENST00000265866.12	NMD+/PTC+	chr10	train	4.28253708718746	0.9859781	0.65	trigger_nmd	trigger	0.65	trigger_nmd	trigger
ENSG00000096872.18.novel5	ENSG00000096872.18	ENST00000429045.6	NMD+/PTC+	chr9	train	3.27817245462726	0.99322826	0.65	trigger_nmd	trigger	0.65	trigger_nmd	trigger
ENSG00000099260.13.novel1	ENSG00000099260.13	ENST00000909491.1	NMD+/PTC+	chr1	test	3.40805929089694	0.2110836	0.65	trigger_nmd	trigger	0.65	trigger_nmd	trigger
ENSG00000099260.13.novel9	ENSG00000099260.13	ENST00000909491.1	Control	chr1	test	-0.00937145807181333	0.15019697	0	last_exon	escape	0	last_exon	escape
ENSG00000099282.11.novel1	ENSG00000099282.11	ENST00000373290.7	NMD+/PTC+	chr10	train	2.33330419170248	0.915213	0.65	trigger_nmd	trigger	0.65	trigger_nmd	trigger
ENSG00000099326.10.novel1	ENSG00000099326.10	ENST00000215057.7	NMD+/PTC+	chr19	train	3.33464302680031	0.8328469	0.65	trigger_nmd	trigger	0.65	trigger_nmd	trigger
ENSG00000099849.16.novel1	ENSG00000099849.16	ENST00000397582.7	NMD+/PTC-	chr11	train	1.29014803051801	0.29224247	0	last_exon	escape	0	last_exon	escape
ENSG00000099899.17.novel14	ENSG00000099899.17	ENST00000403707.7	NMD+/PTC+	chr22	train	3.27935907976313	0.9836193	0.65	trigger_nmd	trigger	0.65	trigger_nmd	trigger
ENSG00000099917.18.novel1	ENSG00000099917.18	ENST00000292733.11	NMD+/PTC+	chr22	train	1.5946618887768	0.8728163	0.65	trigger_nmd	trigger	0.65	trigger_nmd	trigger
ENSG00000099998.20.novel2	ENSG00000099998.20	ENST00000327365.10	NMD+/PTC+	chr22	train	2.12547258243575	0.93666196	0.65	trigger_nmd	trigger	0.65	trigger_nmd	trigger
ENSG00000100003.18.novel10	ENSG00000100003.18	ENST00000615189.5	NMD+/PTC+	chr22	train	3.32589582100553	0.8442374	0.65	trigger_nmd	trigger	0.65	trigger_nmd	trigger
ENSG00000100003.18.novel12	ENSG00000100003.18	ENST00000615189.5	Control	chr22	train	0.131043227306934	0.18454966	0.2	50nt_rule	escape	0.2	50nt_rule	escape
ENSG00000100083.21.novel4	ENSG00000100083.21	ENST00000343632.9	NMD+/PTC+	chr22	train	3.22915091251978	0.9709519	0.65	trigger_nmd	trigger	0.65	trigger_nmd	trigger
ENSG00000100151.17.novel3	ENSG00000100151.17	ENST00000356976.8	NMD+/PTC+	chr22	train	4.05780410773018	0.96474886	0.65	trigger_nmd	trigger	0.65	trigger_nmd	trigger
ENSG00000100258.19.novel3	ENSG00000100258.19	ENST00000474879.7	NMD+/PTC+	chr22	train	2.98406340209777	0.9871709	0.65	trigger_nmd	trigger	0.65	trigger_nmd	trigger
ENSG00000100258.19.novel7	ENSG00000100258.19	ENST00000474879.7	Control	chr22	train	0.0794154650320225	0.9446233	0	last_exon	escape	0	last_exon	escape
ENSG00000100271.18.novel2	ENSG00000100271.18	ENST00000440761.1	Control	chr22	train	-0.0262563052683702	0.10184452	0	last_exon	escape	0	last_exon	escape
ENSG00000100271.18.novel3	ENSG00000100271.18	ENST00000440761.1	NMD+/PTC+	""	""	1.19427284866103		0.65	trigger_nmd	trigger	0.65	trigger_nmd	trigger
ENSG00000100284.23.novel1	ENSG00000100284.23	ENST00000449058.7	NMD+/PTC+	chr22	train	2.36443530795291	0.93854266	0.65	trigger_nmd	trigger	0.65	trigger_nmd	trigger
ENSG00000100294.14.novel1	ENSG00000100294.14	ENST00000327555.5	NMD+/PTC+	chr22	train	3.15047314952429	0.9703763	0.41	long_exon	escape	0.41	long_exon	escape
ENSG00000100294.14.novel3	ENSG00000100294.14	ENST00000327555.5	Control	chr22	train	-0.0275238283430844	0.2201727	0	last_exon	escape	0	last_exon	escape
ENSG00000100376.13.novel1	ENSG00000100376.13	ENST00000894423.1	Control	chr22	train	0.0834154529491075	0.0883562	0	last_exon	escape	0	last_exon	escape
ENSG00000100376.13.novel2	ENSG00000100376.13	ENST00000894423.1	NMD+/PTC+	chr22	train	3.7093442843093	0.9585379	0.65	trigger_nmd	trigger	0.65	trigger_nmd	trigger
ENSG00000100416.16.novel31	ENSG00000100416.16	ENST00000381019.3	Control	chr22	train	-0.0870067585751801	0.13453093	0	last_exon	escape	0	last_exon	escape
ENSG00000100417.13.novel1	ENSG00000100417.13	ENST00000216259.8	NMD+/PTC+	""	""	0.796829456812941		0.65	trigger_nmd	trigger	0.65	trigger_nmd	trigger
ENSG00000100418.9.novel1	ENSG00000100418.9	ENST00000263256.7	Control	chr22	train	0.104466093511532	0.06817188	0	last_exon	escape	0	last_exon	escape
ENSG00000100418.9.novel3	ENSG00000100418.9	ENST00000263256.7	NMD+/PTC+	chr22	train	4.29470133079565	0.94597936	0.65	trigger_nmd	trigger	0.65	trigger_nmd	trigger
ENSG00000100441.11.novel1	ENSG00000100441.11	ENST00000556842.5	Control	chr14	train	0.0854067427976368	0.05730707	0	last_exon	escape	0	last_exon	escape
ENSG00000100441.11.novel3	ENSG00000100441.11	ENST00000556842.5	NMD+/PTC+	chr14	train	2.65221403640316	0.9786285	0.65	trigger_nmd	trigger	0.65	trigger_nmd	trigger
ENSG00000100519.13.novel1	ENSG00000100519.13	ENST00000445930.7	NMD+/PTC+	chr14	train	4.73889254250925	0.30250528	0.41	long_exon	escape	0.41	long_exon	escape
ENSG00000100519.13.novel69	ENSG00000100519.13	ENST00000445930.7	Control	chr14	train	-0.0449966580002774	0.10047969	0	last_exon	escape	0	last_exon	escape
ENSG00000100558.10.novel1	ENSG00000100558.10	ENST00000216446.9	NMD+/PTC+	chr14	train	3.30777296564114	0.90537566	0.65	trigger_nmd	trigger	0.65	trigger_nmd	trigger
ENSG00000100558.10.novel4	ENSG00000100558.10	ENST00000216446.9	Control	chr14	train	0.0175688733074308	0.049780317	0	last_exon	escape	0	last_exon	escape
ENSG00000100726.16.novel2	ENSG00000100726.16	ENST00000262319.11	NMD+/PTC+	chr16	train	4.50117501591679	0.99067324	0.65	trigger_nmd	trigger	0.65	trigger_nmd	trigger
ENSG00000100897.19.novel11	ENSG00000100897.19	ENST00000559115.5	NMD+/PTC+	chr14	train	3.41047862739747	0.7884317	0.65	trigger_nmd	trigger	0.65	trigger_nmd	trigger
ENSG00000100897.19.novel4	ENSG00000100897.19	ENST00000559115.5	Control	chr14	train	-0.0509145200201935	0.08542362	0	last_exon	escape	0	last_exon	escape
ENSG00000100918.15.novel7	ENSG00000100918.15	ENST00000620473.4	NMD+/PTC+	chr14	train	1.70950067320109	0.92773575	0.65	trigger_nmd	trigger	0.65	trigger_nmd	trigger
ENSG00000100949.16.novel3	ENSG00000100949.16	ENST00000399409.7	NMD+/PTC+	chr14	train	2.6893951972016	0.43553576	0.65	trigger_nmd	trigger	0.65	trigger_nmd	trigger
ENSG00000101150.19.novel1	ENSG00000101150.19	ENST00000346249.9	NMD+/PTC+	chr20	train	3.14477339448256	0.877141	0.65	trigger_nmd	trigger	0.65	trigger_nmd	trigger
ENSG00000101152.13.novel1	ENSG00000101152.13	ENST00000360864.9	Control	chr20	train	0.0699946371176143	0.28847888	0	last_exon	escape	0	last_exon	escape
ENSG00000101166.17.novel59	ENSG00000101166.17	ENST00000355937.9	NMD+/PTC+	chr20	train	3.18719055790707	0.9688411	0.65	trigger_nmd	trigger	0.65	trigger_nmd	trigger
ENSG00000101194.19.novel1	ENSG00000101194.19	ENST00000370351.9	NMD+/PTC+	chr20	train	3.03933155395873	0.92118245	0.65	trigger_nmd	trigger	0.65	trigger_nmd	trigger
ENSG00000101194.19.novel2	ENSG00000101194.19	ENST00000370351.9	Control	chr20	train	-0.0293334128328726	0.06767059	0	last_exon	escape	0	last_exon	escape
ENSG00000101213.8.novel2	ENSG00000101213.8	ENST00000542869.3	Control	chr20	train	0.0429334332433434	0.81975394	0	last_exon	escape	0	last_exon	escape
ENSG00000101452.16.novel1	ENSG00000101452.16	ENST00000252011.8	Control	chr20	train	-0.0489078224578247	0.16795547	0	last_exon	escape	0	last_exon	escape
ENSG00000101546.13.novel1	ENSG00000101546.13	ENST00000262197.7	NMD+/PTC+	chr18	train	2.27704147395162	0.8464815	0.65	trigger_nmd	trigger	0.65	trigger_nmd	trigger
ENSG00000101546.13.novel30	ENSG00000101546.13	ENST00000262197.7	Control	chr18	train	-0.00229160580902241	0.57910246	0	last_exon	escape	0	last_exon	escape
ENSG00000101624.12.novel1	ENSG00000101624.12	ENST00000586887.1	NMD+/PTC+	chr18	train	4.14217327268376	0.9792371	0.65	trigger_nmd	trigger	0.65	trigger_nmd	trigger
ENSG00000101624.12.novel2	ENSG00000101624.12	ENST00000586887.1	Control	chr18	train	-0.0841395711019377	0.04999966	0	last_exon	escape	0	last_exon	escape
ENSG00000101751.12.novel1	ENSG00000101751.12	ENST00000579534.6	Control	chr18	train	0.024338974948117	0.9513355	0	last_exon	escape	0	last_exon	escape
ENSG00000101751.12.novel5	ENSG00000101751.12	ENST00000579534.6	NMD+/PTC+	chr18	train	4.15707602684051	0.9721191	0.65	trigger_nmd	trigger	0.65	trigger_nmd	trigger
ENSG00000101773.20.novel47	ENSG00000101773.20	ENST00000327155.10	NMD+/PTC+	chr18	train	3.63641137432441	0.9677274	0.65	trigger_nmd	trigger	0.65	trigger_nmd	trigger
ENSG00000101773.20.novel58	ENSG00000101773.20	ENST00000327155.10	Control	chr18	train	-0.0160638759269401	0.068699345	0	last_exon	escape	0	last_exon	escape
ENSG00000102007.12.novel1	ENSG00000102007.12	ENST00000376327.6	NMD+/PTC+	chrX	train	4.14811792731856	0.9350664	0.65	trigger_nmd	trigger	0.65	trigger_nmd	trigger
ENSG00000102007.12.novel2	ENSG00000102007.12	ENST00000376327.6	Control	chrX	train	0.0456156809051829	0.7268946	0	last_exon	escape	0	last_exon	escape
ENSG00000102032.14.novel3	ENSG00000102032.14	ENST00000393700.8	NMD+/PTC+	chrX	train	2.84930586576278	0.87299436	0.65	trigger_nmd	trigger	0.65	trigger_nmd	trigger
ENSG00000102032.14.novel7	ENSG00000102032.14	ENST00000393700.8	Control	chrX	train	-0.00412030700397494	0.74696565	0	last_exon	escape	0	last_exon	escape
ENSG00000102158.23.novel1	ENSG00000102158.23	ENST00000358075.11	Control	chrX	train	-0.0242415593590253	0.29253146	0.41	long_exon	escape	0.41	long_exon	escape
ENSG00000102158.23.novel4	ENSG00000102158.23	ENST00000358075.11	NMD+/PTC+	chrX	train	1.9183182563031	0.7570254	0.65	trigger_nmd	trigger	0.65	trigger_nmd	trigger
ENSG00000102225.18.novel1	ENSG00000102225.18	ENST00000357227.9	NMD+/PTC-	chrX	train	0.705873861525425	0.1075611	0	last_exon	escape	0	last_exon	escape
ENSG00000102312.25.novel1	ENSG00000102312.25	ENST00000361988.7	NMD+/PTC+	""	""	0.659794519466366		0.65	trigger_nmd	trigger	0.65	trigger_nmd	trigger
ENSG00000102606.21.novel17	ENSG00000102606.21	ENST00000375736.8	NMD+/PTC+	chr13	train	4.08635511649188	0.93993336	0.65	trigger_nmd	trigger	0.65	trigger_nmd	trigger
ENSG00000102606.21.novel2	ENSG00000102606.21	ENST00000375736.8	Control	chr13	train	0.00523220042603317	0.12507574	0	last_exon	escape	0	last_exon	escape
ENSG00000102738.9.novel2	ENSG00000102738.9	ENST00000323563.8	Control	chr13	train	0.138588971613565	0.046669673	0	last_exon	escape	0	last_exon	escape
ENSG00000102738.9.novel24	ENSG00000102738.9	ENST00000323563.8	NMD+/PTC+	chr13	train	4.94215325962436	0.9435045	0.65	trigger_nmd	trigger	0.65	trigger_nmd	trigger
ENSG00000102796.13.novel1	ENSG00000102796.13	ENST00000650833.1	Control	""	""	-0.0648300865545965		0	last_exon	escape	0	last_exon	escape
ENSG00000102796.13.novel80	ENSG00000102796.13	ENST00000650833.1	NMD+/PTC+	chr13	train	2.52354945929596	0.9338584	0.65	trigger_nmd	trigger	0.65	trigger_nmd	trigger
ENSG00000103061.14.novel1	ENSG00000103061.14	ENST00000263997.11	NMD+/PTC+	chr16	train	4.2238611284338	0.9206012	0.65	trigger_nmd	trigger	0.65	trigger_nmd	trigger
ENSG00000103061.14.novel4	ENSG00000103061.14	ENST00000263997.11	Control	chr16	train	0.142766239112158	0.051265422	0	last_exon	escape	0	last_exon	escape
ENSG00000103064.16.novel1	ENSG00000103064.16	ENST00000566454.5	NMD+/PTC+	chr16	train	2.57440229730216	0.447951	0.65	trigger_nmd	trigger	0.65	trigger_nmd	trigger
ENSG00000103067.15.novel1	ENSG00000103067.15	ENST00000473183.7	NMD+/PTC+	chr16	train	4.23365150359439	0.986847	0.65	trigger_nmd	trigger	0.65	trigger_nmd	trigger
ENSG00000103067.15.novel5	ENSG00000103067.15	ENST00000473183.7	Control	chr16	train	0.0550449418429071	0.96845967	0	last_exon	escape	0	last_exon	escape
ENSG00000103202.14.novel1	ENSG00000103202.14	ENST00000448828.5	Control	chr16	train	0.100621735115653	0.08007759	0	last_exon	escape	0	last_exon	escape
ENSG00000103202.14.novel28	ENSG00000103202.14	ENST00000448828.5	NMD+/PTC-	chr16	train	2.15200780713289	0.5480311	0	last_exon	escape	0	last_exon	escape
ENSG00000103245.15.novel2	ENSG00000103245.15	ENST00000563051.1	Control	chr16	train	-0.0258577171912012	0.8202051	0.65	trigger_nmd	trigger	0.65	trigger_nmd	trigger
ENSG00000103253.20.novel1	ENSG00000103253.20	ENST00000389703.8	NMD+/PTC+	chr16	train	2.35216962287065	0.8473546	0.65	trigger_nmd	trigger	0.65	trigger_nmd	trigger
ENSG00000103253.20.novel3	ENSG00000103253.20	ENST00000389703.8	Control	chr16	train	0.0382600900624849	0.13614231	0	last_exon	escape	0	last_exon	escape
ENSG00000103264.19.novel12	ENSG00000103264.19	ENST00000311635.12	NMD+/PTC+	chr16	train	3.74512547039493	0.85113996	0.41	long_exon	escape	0.41	long_exon	escape
ENSG00000103429.12.novel1	ENSG00000103429.12	ENST00000261658.7	NMD+/PTC+	chr16	train	4.21579224904143	0.59994406	0.65	trigger_nmd	trigger	0.65	trigger_nmd	trigger
ENSG00000103534.18.novel14	ENSG00000103534.18	ENST00000542583.7	NMD+/PTC+	chr16	train	3.00187737216472	0.77485114	0.65	trigger_nmd	trigger	0.65	trigger_nmd	trigger
ENSG00000103549.23.novel1	ENSG00000103549.23	ENST00000324685.11	Control	chr16	train	-0.064356778725879	0.06643444	0	last_exon	escape	0	last_exon	escape
ENSG00000103549.23.novel6	ENSG00000103549.23	ENST00000324685.11	NMD+/PTC+	chr16	train	3.9256977132237	0.97424704	0.65	trigger_nmd	trigger	0.65	trigger_nmd	trigger
ENSG00000103642.12.novel7	ENSG00000103642.12	ENST00000261893.9	NMD+/PTC+	chr15	train	2.88062563448127	0.8799388	0.65	trigger_nmd	trigger	0.65	trigger_nmd	trigger
ENSG00000103855.19.novel1	ENSG00000103855.19	ENST00000864261.1	Control	chr15	train	-0.0333768517020318	0.077287465	0	last_exon	escape	0	last_exon	escape
ENSG00000103855.19.novel2	ENSG00000103855.19	ENST00000864261.1	NMD+/PTC+	chr15	train	2.52777304504777	0.8505336	0.65	trigger_nmd	trigger	0.65	trigger_nmd	trigger
ENSG00000103876.15.novel1	ENSG00000103876.15	ENST00000261755.9	Control	chr15	train	-0.0387887303314642	0.08475001	0	last_exon	escape	0	last_exon	escape
ENSG00000103876.15.novel3	ENSG00000103876.15	ENST00000261755.9	NMD+/PTC+	chr15	train	2.53910787815482	0.96958274	0.65	trigger_nmd	trigger	0.65	trigger_nmd	trigger
ENSG00000104205.17.novel18	ENSG00000104205.17	ENST00000521198.7	NMD+/PTC+	chr8	train	3.00807840654015	0.98559856	0.65	trigger_nmd	trigger	0.65	trigger_nmd	trigger
ENSG00000104320.16.novel1	ENSG00000104320.16	ENST00000265433.8	NMD+/PTC+	chr8	train	1.80150256662575	0.94769216	0.65	trigger_nmd	trigger	0.65	trigger_nmd	trigger
ENSG00000104375.18.novel1	ENSG00000104375.18	ENST00000419617.7	Control	chr8	train	-0.0191457001865999	0.024159595	0	last_exon	escape	0	last_exon	escape
ENSG00000104375.18.novel9	ENSG00000104375.18	ENST00000419617.7	NMD+/PTC+	chr8	train	3.57984934506026	0.98702	0.65	trigger_nmd	trigger	0.65	trigger_nmd	trigger
ENSG00000104412.9.novel1	ENSG00000104412.9	ENST00000220853.8	NMD+/PTC+	chr8	train	5.6336532829776	0.97648984	0.65	trigger_nmd	trigger	0.65	trigger_nmd	trigger
ENSG00000104497.16.novel1	ENSG00000104497.16	ENST00000345957.9	NMD+/PTC+	chr8	train	2.83466607163194	0.9676463	0.65	trigger_nmd	trigger	0.65	trigger_nmd	trigger
ENSG00000104635.16.novel2	ENSG00000104635.16	ENST00000381237.6	NMD+/PTC+	chr8	train	3.95778078329312	0.9265833	0.65	trigger_nmd	trigger	0.65	trigger_nmd	trigger
ENSG00000104714.15.novel1	ENSG00000104714.15	ENST00000262109.8	NMD+/PTC+	chr8	train	2.18414198022711	0.54320884	0.65	trigger_nmd	trigger	0.65	trigger_nmd	trigger
ENSG00000104714.15.novel3	ENSG00000104714.15	ENST00000262109.8	Control	chr8	train	0.0395162891723636	0.037111565	0	last_exon	escape	0	last_exon	escape
ENSG00000104756.17.novel1	ENSG00000104756.17	ENST00000221200.9	NMD+/PTC+	chr8	train	2.87099207984479	0.9679213	0.65	trigger_nmd	trigger	0.65	trigger_nmd	trigger
ENSG00000104756.17.novel3	ENSG00000104756.17	ENST00000221200.9	Control	chr8	train	0.0390265784850202	0.8245225	0	last_exon	escape	0	last_exon	escape
ENSG00000104783.16.novel1	ENSG00000104783.16	ENST00000648319.1	NMD+/PTC+	chr19	train	5.6547219574572	0.9169754	0.65	trigger_nmd	trigger	0.65	trigger_nmd	trigger
ENSG00000104783.16.novel5	ENSG00000104783.16	ENST00000648319.1	Control	chr19	train	-0.074487851201966	0.058630507	0	last_exon	escape	0	last_exon	escape
ENSG00000104856.15.novel2	ENSG00000104856.15	ENST00000505236.2	Control	chr19	train	-0.0477577235463343	0.038721703	0	last_exon	escape	0	last_exon	escape
ENSG00000104856.15.novel5	ENSG00000104856.15	ENST00000505236.2	NMD+/PTC+	chr19	train	3.509059293623	0.9213867	0.65	trigger_nmd	trigger	0.65	trigger_nmd	trigger
ENSG00000104960.15.novel3	ENSG00000104960.15	ENST00000599732.5	NMD+/PTC+	chr19	train	4.04175162946187	0.9518868	0.65	trigger_nmd	trigger	0.65	trigger_nmd	trigger
ENSG00000105131.9.novel1	ENSG00000105131.9	ENST00000221730.8	NMD+/PTC+	chr19	train	1.77674906366327	0.90406406	0.65	trigger_nmd	trigger	0.65	trigger_nmd	trigger
ENSG00000105131.9.novel2	ENSG00000105131.9	ENST00000221730.8	Control	chr19	train	-0.0415223654148604	0.067872904	0	last_exon	escape	0	last_exon	escape
ENSG00000105298.15.novel1	ENSG00000105298.15	ENST00000429344.7	NMD+/PTC+	chr19	train	3.64791851659542	0.9307132	0.65	trigger_nmd	trigger	0.65	trigger_nmd	trigger
ENSG00000105321.15.novel26	ENSG00000105321.15	ENST00000221922.11	Control	chr19	train	-0.0424098760167097	0.13804683	0	last_exon	escape	0	last_exon	escape
ENSG00000105321.15.novel3	ENSG00000105321.15	ENST00000221922.11	NMD+/PTC+	chr19	train	3.01652704132383	0.9778765	0.65	trigger_nmd	trigger	0.65	trigger_nmd	trigger
ENSG00000105341.19.novel1	ENSG00000105341.19	ENST00000589970.5	Control	chr19	train	-0.0760126073542964	0.039632007	0	last_exon	escape	0	last_exon	escape
ENSG00000105341.19.novel2	ENSG00000105341.19	ENST00000589970.5	NMD+/PTC+	chr19	train	5.07710328247821	0.955218	0.65	trigger_nmd	trigger	0.65	trigger_nmd	trigger
ENSG00000105372.9.novel4	ENSG00000105372.9	ENST00000593863.5	NMD+/PTC+	chr19	train	3.17777028020956	0.7001788	0.65	trigger_nmd	trigger	0.41	long_exon	escape
ENSG00000105443.17.novel12	ENSG00000105443.17	ENST00000452733.7	Control	chr19	train	0.0377693776151819	0.04661407	0	last_exon	escape	0	last_exon	escape
ENSG00000105443.17.novel9	ENSG00000105443.17	ENST00000452733.7	NMD+/PTC+	chr19	train	4.64390216378329	0.9652406	0.65	trigger_nmd	trigger	0.65	trigger_nmd	trigger
ENSG00000105499.15.novel1	ENSG00000105499.15	ENST00000599921.6	Control	chr19	train	-0.0184270517875071	0.0971445	0	last_exon	escape	0	last_exon	escape
ENSG00000105499.15.novel3	ENSG00000105499.15	ENST00000599921.6	NMD+/PTC-	chr19	train	2.04321594723225	0.115539774	0	last_exon	escape	0	last_exon	escape
ENSG00000105538.11.novel1	ENSG00000105538.11	ENST00000601530.1	NMD+/PTC-	chr19	train	3.33247216377501	0.8888891	0	last_exon	escape	0	last_exon	escape
ENSG00000105538.11.novel31	ENSG00000105538.11	ENST00000601530.1	Control	chr19	train	-0.00935800975760385	0.080497935	0	last_exon	escape	0	last_exon	escape
ENSG00000105655.20.novel2	ENSG00000105655.20	ENST00000338128.13	NMD+/PTC+	chr19	train	2.4442055922022	0.8046503	0.41	long_exon	escape	0.41	long_exon	escape
ENSG00000105656.14.novel1	ENSG00000105656.14	ENST00000262809.9	NMD+/PTC+	chr19	train	2.90451812637128	0.96407783	0.65	trigger_nmd	trigger	0.65	trigger_nmd	trigger
ENSG00000105778.21.novel1	ENSG00000105778.21	ENST00000409301.5	NMD+/PTC+	chr7	test	3.0766766154586	0.9624906	0.65	trigger_nmd	trigger	0.65	trigger_nmd	trigger
ENSG00000105778.21.novel7	ENSG00000105778.21	ENST00000409301.5	Control	chr7	test	-0.00246964147500294	0.02083227	0	last_exon	escape	0	last_exon	escape
ENSG00000105793.17.novel3	ENSG00000105793.17	ENST00000222511.11	NMD+/PTC+	chr7	test	4.2391159239214	0.9826402	0.65	trigger_nmd	trigger	0.65	trigger_nmd	trigger
ENSG00000105852.12.novel1	ENSG00000105852.12	ENST00000265627.10	NMD+/PTC+	chr7	test	2.75113219405992	0.9686157	0.65	trigger_nmd	trigger	0.65	trigger_nmd	trigger
ENSG00000105856.15.novel8	ENSG00000105856.15	ENST00000468410.5	NMD+/PTC+	chr7	test	4.22923936971875	0.93088615	0.65	trigger_nmd	trigger	0.65	trigger_nmd	trigger
ENSG00000105865.12.novel3	ENSG00000105865.12	ENST00000265720.8	NMD+/PTC+	chr7	test	2.83456310879372	0.90489167	0.65	trigger_nmd	trigger	0.65	trigger_nmd	trigger
ENSG00000105993.16.novel1	ENSG00000105993.16	ENST00000429029.6	NMD+/PTC+	chr7	test	3.17129230375439	0.9240615	0.65	trigger_nmd	trigger	0.65	trigger_nmd	trigger
ENSG00000106052.15.novel1	ENSG00000106052.15	ENST00000265393.10	Control	chr7	test	-0.0273725070708015	0.029037103	0	last_exon	escape	0	last_exon	escape
ENSG00000106052.15.novel4	ENSG00000106052.15	ENST00000265393.10	NMD+/PTC+	chr7	test	3.00220226642032	0.7126114	0.65	trigger_nmd	trigger	0.65	trigger_nmd	trigger
ENSG00000106258.17.novel1	ENSG00000106258.17	ENST00000222982.8	NMD+/PTC+	chr7	test	6.00058608362454	0.8697882	0.65	trigger_nmd	trigger	0.65	trigger_nmd	trigger
ENSG00000106261.18.novel2	ENSG00000106261.18	ENST00000875800.1	NMD+/PTC+	chr7	test	3.58665770519289	0.8332005	0.65	trigger_nmd	trigger	0.65	trigger_nmd	trigger
ENSG00000106526.13.novel1	ENSG00000106526.13	ENST00000683684.1	NMD+/PTC+	chr7	test_paralog	1.56240650729722	0.94536996	0.65	trigger_nmd	trigger	0.65	trigger_nmd	trigger
ENSG00000106526.13.novel8	ENSG00000106526.13	ENST00000683684.1	Control	chr7	test_paralog	0.0178045596894049	0.37345234	0.2	50nt_rule	escape	0.2	50nt_rule	escape
ENSG00000106771.14.novel4	ENSG00000106771.14	ENST00000413712.7	NMD+/PTC+	chr9	train	2.47076604634588	0.98581517	0.65	trigger_nmd	trigger	0.65	trigger_nmd	trigger
ENSG00000107164.18.novel2	ENSG00000107164.18	ENST00000319725.10	NMD+/PTC+	chr9	train	3.63428139495078	0.9791747	0.65	trigger_nmd	trigger	0.65	trigger_nmd	trigger
ENSG00000107521.22.novel3	ENSG00000107521.22	ENST00000325103.10	NMD+/PTC+	chr10	train	3.89255986731971	0.9650602	0.65	trigger_nmd	trigger	0.65	trigger_nmd	trigger
ENSG00000107614.23.novel1	ENSG00000107614.23	ENST00000377799.8	Control	chr10	train	-0.0331297209588296	0.04917643	0	last_exon	escape	0	last_exon	escape
ENSG00000107651.16.novel2	ENSG00000107651.16	ENST00000705471.1	Control	chr10	train	0.201534208699288	0.7020631	0.2	50nt_rule	escape	0.2	50nt_rule	escape
ENSG00000107651.16.novel4	ENSG00000107651.16	ENST00000705471.1	NMD+/PTC+	chr10	train	4.17490969261898	0.8515993	0.65	trigger_nmd	trigger	0.65	trigger_nmd	trigger
ENSG00000107669.20.novel1	ENSG00000107669.20	ENST00000224652.12	Control	chr10	train	-0.0698650844081616	0.09223288	0	last_exon	escape	0	last_exon	escape
ENSG00000107789.16.novel1	ENSG00000107789.16	ENST00000371996.9	Control	chr10	train	-0.12608641212197	0.051050596	0	last_exon	escape	0	last_exon	escape
ENSG00000107789.16.novel3	ENSG00000107789.16	ENST00000371996.9	NMD+/PTC+	chr10	train	3.50974105966353	0.93704784	0.65	trigger_nmd	trigger	0.65	trigger_nmd	trigger
ENSG00000108187.17.novel6	ENSG00000108187.17	ENST00000309049.8	NMD+/PTC+	chr10	train	2.67268174749994	0.90505654	0.65	trigger_nmd	trigger	0.65	trigger_nmd	trigger
ENSG00000108349.19.novel1	ENSG00000108349.19	ENST00000264645.12	NMD+/PTC+	chr17	train	2.38472112879379	0.9105193	0.65	trigger_nmd	trigger	0.65	trigger_nmd	trigger
ENSG00000108599.16.novel3	ENSG00000108599.16	ENST00000225737.11	NMD+/PTC+	chr17	train	3.40485973090159	0.9904235	0.65	trigger_nmd	trigger	0.65	trigger_nmd	trigger
ENSG00000108599.16.novel4	ENSG00000108599.16	ENST00000225737.11	Control	chr17	train	-0.0776819061367823	0.07772027	0	last_exon	escape	0	last_exon	escape
ENSG00000108651.11.novel1	ENSG00000108651.11	ENST00000261708.9	Control	chr17	train	-0.0649323901779232	0.7542837	0.2	50nt_rule	escape	0.2	50nt_rule	escape
ENSG00000108651.11.novel2	ENSG00000108651.11	ENST00000261708.9	NMD+/PTC+	chr17	train	4.2226731070706	0.9937185	0.65	trigger_nmd	trigger	0.65	trigger_nmd	trigger
ENSG00000108771.14.novel2	ENSG00000108771.14	ENST00000251642.8	NMD+/PTC+	chr17	train	2.39428421490667	0.3714391	0.65	trigger_nmd	trigger	0.65	trigger_nmd	trigger
ENSG00000108784.11.novel4	ENSG00000108784.11	ENST00000225927.7	NMD+/PTC+	chr17	train	2.63947839437888	0.943194	0.65	trigger_nmd	trigger	0.65	trigger_nmd	trigger
ENSG00000108784.11.novel5	ENSG00000108784.11	ENST00000225927.7	Control	chr17	train	0.0337230412923405	0.016188383	0	last_exon	escape	0	last_exon	escape
ENSG00000108854.17.novel1	ENSG00000108854.17	ENST00000262435.14	Control	chr17	train	0.0842139594507718	0.012762582	0	last_exon	escape	0	last_exon	escape
ENSG00000108854.17.novel2	ENSG00000108854.17	ENST00000262435.14	NMD+/PTC+	chr17	train	3.11973872153786	0.9760677	0.65	trigger_nmd	trigger	0.65	trigger_nmd	trigger
ENSG00000108950.13.novel1	ENSG00000108950.13	ENST00000592554.2	Control	chr17	train	0.00107200206068489	0.05209211	0	last_exon	escape	0	last_exon	escape
ENSG00000108950.13.novel3	ENSG00000108950.13	ENST00000592554.2	NMD+/PTC+	chr17	train	2.9804002531297	0.9741988	0.65	trigger_nmd	trigger	0.65	trigger_nmd	trigger
ENSG00000109680.12.novel1	ENSG00000109680.12	ENST00000502873.5	NMD+/PTC+	""	""	1.52421172577282		0.65	trigger_nmd	trigger	0.65	trigger_nmd	trigger
ENSG00000109680.12.novel3	ENSG00000109680.12	ENST00000502873.5	Control	chr4	val	-0.044400346679982	0.23783754	0	last_exon	escape	0	last_exon	escape
ENSG00000109736.16.novel1	ENSG00000109736.16	ENST00000329687.8	Control	chr4	val	-0.049880951351101	0.0904739	0	last_exon	escape	0	last_exon	escape
ENSG00000109738.12.novel1	ENSG00000109738.12	ENST00000264428.9	Control	chr4	val	-0.0555769191830225	0.065200046	0	last_exon	escape	0	last_exon	escape
ENSG00000109738.12.novel5	ENSG00000109738.12	ENST00000264428.9	NMD+/PTC+	chr4	val	2.55121114950853	0.8910824	0.65	trigger_nmd	trigger	0.65	trigger_nmd	trigger
ENSG00000109743.13.novel11	ENSG00000109743.13	ENST00000265016.9	NMD+/PTC+	chr4	val	2.52005513584552	0.9624856	0.65	trigger_nmd	trigger	0.65	trigger_nmd	trigger
ENSG00000109743.13.novel9	ENSG00000109743.13	ENST00000265016.9	Control	chr4	val	-0.0624622642518627	0.1860422	0	last_exon	escape	0	last_exon	escape
ENSG00000109787.14.novel1	ENSG00000109787.14	ENST00000261438.10	NMD+/PTC+	chr4	val	3.28221469749199	0.91518855	0.65	trigger_nmd	trigger	0.65	trigger_nmd	trigger
ENSG00000109805.11.novel1	ENSG00000109805.11	ENST00000251496.7	NMD+/PTC+	chr4	val	2.90802768677425	0.95270246	0.65	trigger_nmd	trigger	0.65	trigger_nmd	trigger
ENSG00000109805.11.novel6	ENSG00000109805.11	ENST00000251496.7	Control	chr4	val	-0.082254253951265	0.028006496	0	last_exon	escape	0	last_exon	escape
ENSG00000109814.13.novel1	ENSG00000109814.13	ENST00000316423.11	NMD+/PTC+	chr4	val	5.0603489710088	0.9644671	0.65	trigger_nmd	trigger	0.65	trigger_nmd	trigger
ENSG00000109920.14.novel3	ENSG00000109920.14	ENST00000263773.10	Control	chr11	train	-0.0453975443533052	0.026284654	0	last_exon	escape	0	last_exon	escape
ENSG00000109920.14.novel7	ENSG00000109920.14	ENST00000263773.10	NMD+/PTC-	chr11	train	1.41668050173908	0.101591714	0	last_exon	escape	0	last_exon	escape
ENSG00000110321.19.novel3	ENSG00000110321.19	ENST00000339995.11	NMD+/PTC+	chr11	train	4.13011592148607	0.89638025	0.65	trigger_nmd	trigger	0.65	trigger_nmd	trigger
ENSG00000110328.7.novel1	ENSG00000110328.7	ENST00000227756.5	Control	chr11	train	0.00737077886264989	0.24570553	0	last_exon	escape	0	last_exon	escape
ENSG00000110328.7.novel3	ENSG00000110328.7	ENST00000227756.5	NMD+/PTC+	chr11	train	3.8174634490582	0.9610742	0.65	trigger_nmd	trigger	0.65	trigger_nmd	trigger
ENSG00000110697.15.novel1	ENSG00000110697.15	ENST00000356404.8	NMD+/PTC+	chr11	train	4.01174327407021	0.9357989	0.65	trigger_nmd	trigger	0.41	long_exon	escape
ENSG00000110713.19.novel6	ENSG00000110713.19	ENST00000397004.9	NMD+/PTC+	chr11	train	3.08047073874884	0.9924327	0.65	trigger_nmd	trigger	0.65	trigger_nmd	trigger
ENSG00000110719.11.novel5	ENSG00000110719.11	ENST00000265686.8	Control	chr11	train	0.169212080361292	0.658924	0	last_exon	escape	0	last_exon	escape
ENSG00000110719.11.novel8	ENSG00000110719.11	ENST00000265686.8	NMD+/PTC+	chr11	train	2.95759406563036	0.9792905	0.65	trigger_nmd	trigger	0.65	trigger_nmd	trigger
ENSG00000110721.13.novel1	ENSG00000110721.13	ENST00000356135.9	NMD+/PTC+	chr11	train	5.53363257810279	0.9859002	0.65	trigger_nmd	trigger	0.65	trigger_nmd	trigger
ENSG00000110756.19.novel3	ENSG00000110756.19	ENST00000396253.7	NMD+/PTC+	""	""	1.20604243656429		0.65	trigger_nmd	trigger	0.65	trigger_nmd	trigger
ENSG00000110851.13.novel3	ENSG00000110851.13	ENST00000228437.10	NMD+/PTC+	chr12	train	4.12734573598686	0.93496865	0.65	trigger_nmd	trigger	0.65	trigger_nmd	trigger
ENSG00000110888.20.novel37	ENSG00000110888.20	ENST00000695402.1	NMD+/PTC+	chr12	train	3.6509336415191	0.9917783	0.65	trigger_nmd	trigger	0.65	trigger_nmd	trigger
ENSG00000110888.20.novel52	ENSG00000110888.20	ENST00000695402.1	Control	chr12	train	0.107323755915019	0.9634756	0	last_exon	escape	0	last_exon	escape
ENSG00000110931.20.novel2	ENSG00000110931.20	ENST00000402834.8	NMD+/PTC+	chr12	train	4.68889720594968	0.9109419	0.65	trigger_nmd	trigger	0.65	trigger_nmd	trigger
ENSG00000110931.20.novel3	ENSG00000110931.20	ENST00000402834.8	Control	chr12	train	0.0535633588421679	0.065493	0	last_exon	escape	0	last_exon	escape
ENSG00000111052.9.novel1	ENSG00000111052.9	ENST00000552864.6	Control	chr12	train	0.0215904934012211	0.5491836	0.2	50nt_rule	escape	0.2	50nt_rule	escape
ENSG00000111224.15.novel7	ENSG00000111224.15	ENST00000427057.6	Control	chr12	train	0.0881804052671124	0.18164158	0.41	long_exon	escape	0.41	long_exon	escape
ENSG00000111247.16.novel2	ENSG00000111247.16	ENST00000352618.9	NMD+/PTC+	chr12	train	2.41493128211341	0.8847778	0.65	trigger_nmd	trigger	0.65	trigger_nmd	trigger
ENSG00000111321.12.novel1	ENSG00000111321.12	ENST00000228918.9	Control	chr12	train	-0.0612452363521027	0.07350639	0	last_exon	escape	0	last_exon	escape
ENSG00000111321.12.novel2	ENSG00000111321.12	ENST00000228918.9	NMD+/PTC+	chr12	train	4.15000071387972	0.9718382	0.65	trigger_nmd	trigger	0.65	trigger_nmd	trigger
ENSG00000111325.17.novel1	ENSG00000111325.17	ENST00000454694.6	NMD+/PTC-	chr12	train	1.78803495207301	0.8749355	0	last_exon	escape	0	last_exon	escape
ENSG00000111581.11.novel2	ENSG00000111581.11	ENST00000229179.9	NMD+/PTC+	chr12	train	3.22231690643867	0.9298999	0.65	trigger_nmd	trigger	0.65	trigger_nmd	trigger
ENSG00000111906.19.novel4	ENSG00000111906.19	ENST00000398153.7	NMD+/PTC+	chr6	train	2.8138532810567	0.9034638	0.65	trigger_nmd	trigger	0.65	trigger_nmd	trigger
ENSG00000112210.13.novel1	ENSG00000112210.13	ENST00000317483.4	NMD+/PTC+	chr6	train	2.18847974489363	0.79478014	0.65	trigger_nmd	trigger	0.65	trigger_nmd	trigger
ENSG00000112237.14.novel2	ENSG00000112237.14	ENST00000520429.6	NMD+/PTC+	chr6	train	5.4966118772558	0.97786635	0.65	trigger_nmd	trigger	0.65	trigger_nmd	trigger
ENSG00000112305.16.novel26	ENSG00000112305.16	ENST00000316999.9	Control	""	""	-0.0457019665465767		0	last_exon	escape	0	last_exon	escape
ENSG00000112305.16.novel47	ENSG00000112305.16	ENST00000316999.9	NMD+/PTC+	chr6	train	2.66717185081588	0.89256614	0.65	trigger_nmd	trigger	0.65	trigger_nmd	trigger
ENSG00000112357.15.novel1	ENSG00000112357.15	ENST00000865442.1	NMD+/PTC+	chr6	train	4.11202644079949	0.9875871	0.65	trigger_nmd	trigger	0.65	trigger_nmd	trigger
ENSG00000112367.13.novel2	ENSG00000112367.13	ENST00000676435.1	Control	chr6	train	0.0596573571181786	0.050469033	0	last_exon	escape	0	last_exon	escape
ENSG00000112763.18.novel1	ENSG00000112763.18	ENST00000312541.10	Control	chr6	train	-0.00243689285857798	0.02549507	0	last_exon	escape	0	last_exon	escape
ENSG00000112855.18.novel1	ENSG00000112855.18	ENST00000230771.9	NMD+/PTC+	chr5	test	4.39393199243001	0.8525854	0.65	trigger_nmd	trigger	0.65	trigger_nmd	trigger
ENSG00000112874.11.novel1	ENSG00000112874.11	ENST00000879998.1	Control	chr5	test	0.0231567894731884	0.60707086	0	last_exon	escape	0	last_exon	escape
ENSG00000112874.11.novel2	ENSG00000112874.11	ENST00000879998.1	NMD+/PTC+	chr5	test	4.13555790119048	0.95515937	0.65	trigger_nmd	trigger	0.65	trigger_nmd	trigger
ENSG00000112877.9.novel2	ENSG00000112877.9	ENST00000264935.6	NMD+/PTC+	chr5	test	2.76371537322457	0.9882421	0.65	trigger_nmd	trigger	0.65	trigger_nmd	trigger
ENSG00000112877.9.novel4	ENSG00000112877.9	ENST00000264935.6	Control	chr5	test	0.0887089992398239	0.96180737	0	last_exon	escape	0	last_exon	escape
ENSG00000112983.18.novel3	ENSG00000112983.18	ENST00000230901.9	Control	chr5	test	-0.0531118838376262	0.10559284	0	last_exon	escape	0	last_exon	escape
ENSG00000112983.18.novel7	ENSG00000112983.18	ENST00000230901.9	NMD+/PTC+	chr5	test	3.50790926652655	0.96628547	0.65	trigger_nmd	trigger	0.65	trigger_nmd	trigger
ENSG00000113108.21.novel12	ENSG00000113108.21	ENST00000412920.7	NMD+/PTC+	chr5	test	2.84689953479105	0.9225045	0.65	trigger_nmd	trigger	0.41	long_exon	escape
ENSG00000113108.21.novel48	ENSG00000113108.21	ENST00000412920.7	Control	chr5	test	-0.0256384634158954	0.8844029	0	last_exon	escape	0	last_exon	escape
ENSG00000113194.14.novel1	ENSG00000113194.14	ENST00000862014.1	NMD+/PTC+	chr5	test	4.29005106070093	0.94073045	0.65	trigger_nmd	trigger	0.65	trigger_nmd	trigger
ENSG00000113194.14.novel3	ENSG00000113194.14	ENST00000862014.1	Control	chr5	test	0.0901496623069214	0.032855693	0	last_exon	escape	0	last_exon	escape
ENSG00000113240.15.novel1	ENSG00000113240.15	ENST00000316308.9	NMD+/PTC+	chr5	test	2.75350395048898	0.97816354	0.65	trigger_nmd	trigger	0.65	trigger_nmd	trigger
ENSG00000113319.14.novel1	ENSG00000113319.14	ENST00000638442.1	NMD+/PTC+	chr5	test	3.46753964616661	0.83208066	0.65	trigger_nmd	trigger	0.65	trigger_nmd	trigger
ENSG00000113319.14.novel2	ENSG00000113319.14	ENST00000638442.1	Control	chr5	test	0.00959006329971182	0.025868542	0	last_exon	escape	0	last_exon	escape
ENSG00000113369.9.novel2	ENSG00000113369.9	ENST00000265138.4	NMD+/PTC+	chr5	test	2.05467285720184	0.3559706	0.65	trigger_nmd	trigger	0.65	trigger_nmd	trigger
ENSG00000113369.9.novel3	ENSG00000113369.9	ENST00000265138.4	Control	chr5	test	-0.0085289864917171	0.05830133	0	last_exon	escape	0	last_exon	escape
ENSG00000113597.19.novel10	ENSG00000113597.19	ENST00000399438.8	NMD+/PTC+	chr5	test	2.15084231192025	0.9601185	0.65	trigger_nmd	trigger	0.65	trigger_nmd	trigger
ENSG00000113638.15.novel4	ENSG00000113638.15	ENST00000337702.5	Control	chr5	test	0.0436718554852734	0.04503582	0	last_exon	escape	0	last_exon	escape
ENSG00000113649.15.novel38	ENSG00000113649.15	ENST00000394421.7	NMD+/PTC+	chr5	test	3.62390692973612	0.8810087	0.65	trigger_nmd	trigger	0.65	trigger_nmd	trigger
ENSG00000113851.17.novel1	ENSG00000113851.17	ENST00000498700.5	NMD+/PTC+	chr3	test	4.04118872225759	0.97283137	0.65	trigger_nmd	trigger	0.65	trigger_nmd	trigger
ENSG00000113851.17.novel2	ENSG00000113851.17	ENST00000498700.5	Control	chr3	test	-0.0119852990786407	0.056655996	0	last_exon	escape	0	last_exon	escape
ENSG00000113966.12.novel1	ENSG00000113966.12	ENST00000463745.6	NMD+/PTC+	chr3	test	2.98653087592663	0.27980557	0.65	trigger_nmd	trigger	0.65	trigger_nmd	trigger
ENSG00000113966.12.novel3	ENSG00000113966.12	ENST00000463745.6	Control	chr3	test	0.0152486876226564	0.056855593	0	last_exon	escape	0	last_exon	escape
ENSG00000114120.15.novel1	ENSG00000114120.15	ENST00000507429.5	NMD+/PTC+	chr3	test	2.40865820331426	0.920158	0.65	trigger_nmd	trigger	0.65	trigger_nmd	trigger
ENSG00000114120.15.novel3	ENSG00000114120.15	ENST00000507429.5	Control	chr3	test	0.0939243643954555	0.071014725	0	last_exon	escape	0	last_exon	escape
ENSG00000114316.14.novel1	ENSG00000114316.14	ENST00000265560.9	Control	chr3	test	-0.0563599369394388	0.048980407	0	last_exon	escape	0	last_exon	escape
ENSG00000114316.14.novel2	ENSG00000114316.14	ENST00000265560.9	NMD+/PTC+	chr3	test	4.57436337351573	0.98874587	0.65	trigger_nmd	trigger	0.65	trigger_nmd	trigger
ENSG00000114423.24.novel6	ENSG00000114423.24	ENST00000394030.8	NMD+/PTC+	chr3	test	3.47529299023182	0.9387501	0.65	trigger_nmd	trigger	0.65	trigger_nmd	trigger
ENSG00000114626.19.novel1	ENSG00000114626.19	ENST00000232744.13	NMD+/PTC+	chr3	test	3.87136173090815	0.71489257	0.65	trigger_nmd	trigger	0.41	long_exon	escape
ENSG00000114735.11.novel1	ENSG00000114735.11	ENST00000232854.9	NMD+/PTC+	chr3	test	3.84288070653786	0.8744362	0.65	trigger_nmd	trigger	0.65	trigger_nmd	trigger
ENSG00000115109.15.novel3	ENSG00000115109.15	ENST00000331393.8	NMD+/PTC+	chr2	val	4.01870737330095	0.5887245	0.65	trigger_nmd	trigger	0.65	trigger_nmd	trigger
ENSG00000115109.15.novel4	ENSG00000115109.15	ENST00000331393.8	Control	chr2	val	-0.0575652019437145	0.18514504	0	last_exon	escape	0	last_exon	escape
ENSG00000115282.22.novel1	ENSG00000115282.22	ENST00000233623.11	NMD+/PTC+	chr2	val	3.27081037751043	0.78282785	0.65	trigger_nmd	trigger	0.65	trigger_nmd	trigger
ENSG00000115286.22.novel1	ENSG00000115286.22	ENST00000313408.11	NMD+/PTC+	chr19	train	3.85099933638043	0.95304257	0.65	trigger_nmd	trigger	0.65	trigger_nmd	trigger
ENSG00000115289.15.novel1	ENSG00000115289.15	ENST00000475863.5	Control	chr2	val	-0.00296558579679687	0.054301143	0	last_exon	escape	0	last_exon	escape
ENSG00000115289.15.novel4	ENSG00000115289.15	ENST00000475863.5	NMD+/PTC+	chr2	val	2.01737207244289	0.25479984	0.65	trigger_nmd	trigger	0.65	trigger_nmd	trigger
ENSG00000115368.11.novel1	ENSG00000115368.11	ENST00000472286.5	NMD+/PTC+	chr2	val	3.86997190353841	0.9778876	0.65	trigger_nmd	trigger	0.65	trigger_nmd	trigger
ENSG00000115368.11.novel5	ENSG00000115368.11	ENST00000472286.5	Control	chr2	val	0.0442931503428694	0.0341799	0	last_exon	escape	0	last_exon	escape
ENSG00000115486.14.novel1	ENSG00000115486.14	ENST00000496962.2	NMD+/PTC+	chr2	val	4.47113744121158	0.9559042	0.65	trigger_nmd	trigger	0.65	trigger_nmd	trigger
ENSG00000115602.18.novel1	ENSG00000115602.18	ENST00000311734.6	NMD+/PTC+	chr2	val	4.766930234201	0.8208359	0.65	trigger_nmd	trigger	0.65	trigger_nmd	trigger
ENSG00000115750.18.novel2	ENSG00000115750.18	ENST00000263663.10	Control	chr2	val	-0.0727449646006286	0.028834559	0	last_exon	escape	0	last_exon	escape
ENSG00000115993.14.novel1	ENSG00000115993.14	ENST00000332624.8	Control	chr2	val	-0.033769521142749	0.085701436	0	last_exon	escape	0	last_exon	escape
ENSG00000115993.14.novel2	ENSG00000115993.14	ENST00000332624.8	NMD+/PTC+	chr2	val	2.05464765890363	0.890864	0.65	trigger_nmd	trigger	0.65	trigger_nmd	trigger
ENSG00000116001.18.novel17	ENSG00000116001.18	ENST00000433529.7	NMD+/PTC+	chr2	val	3.91661520883031	0.982057	0.65	trigger_nmd	trigger	0.65	trigger_nmd	trigger
ENSG00000116198.15.novel1	ENSG00000116198.15	ENST00000378230.8	Control	chr1	test	-0.0179056009066595	0.047526497	0	last_exon	escape	0	last_exon	escape
ENSG00000116198.15.novel7	ENSG00000116198.15	ENST00000378230.8	NMD+/PTC+	chr1	test	2.72489855656741	0.9297089	0.65	trigger_nmd	trigger	0.65	trigger_nmd	trigger
ENSG00000116266.12.novel1	ENSG00000116266.12	ENST00000370008.4	Control	chr1	test	-0.027267120522361	0.073421925	0	last_exon	escape	0	last_exon	escape
ENSG00000116266.12.novel2	ENSG00000116266.12	ENST00000370008.4	NMD+/PTC+	chr1	test	4.13958617112636	0.99310726	0.65	trigger_nmd	trigger	0.65	trigger_nmd	trigger
ENSG00000116337.21.novel2	ENSG00000116337.21	ENST00000342115.8	NMD+/PTC+	chr1	test	3.70282633406152	0.9484722	0.65	trigger_nmd	trigger	0.65	trigger_nmd	trigger
ENSG00000116473.16.novel1	ENSG00000116473.16	ENST00000369709.4	NMD+/PTC+	chr1	test_paralog	1.746581071193	0.97677225	0.65	trigger_nmd	trigger	0.65	trigger_nmd	trigger
ENSG00000116679.18.novel1	ENSG00000116679.18	ENST00000367498.8	Control	chr1	test	-0.0168370465344039	0.07694891	0	last_exon	escape	0	last_exon	escape
ENSG00000116704.9.novel1	ENSG00000116704.9	ENST00000235345.6	Control	chr1	test	-0.0247886795503521	0.28898814	0.2	50nt_rule	escape	0.2	50nt_rule	escape
ENSG00000116704.9.novel2	ENSG00000116704.9	ENST00000235345.6	NMD+/PTC-	chr1	test	1.72241186034691	0.11532887	0	last_exon	escape	0	last_exon	escape
ENSG00000116754.15.novel1	ENSG00000116754.15	ENST00000915572.1	NMD+/PTC+	chr1	test	4.26627620544399	0.97930074	0.65	trigger_nmd	trigger	0.65	trigger_nmd	trigger
ENSG00000116754.15.novel2	ENSG00000116754.15	ENST00000915572.1	Control	chr1	test	0.0765928121468538	0.023816839	0	last_exon	escape	0	last_exon	escape
ENSG00000116954.9.novel2	ENSG00000116954.9	ENST00000373001.4	NMD+/PTC+	chr1	test	2.65738160207012	0.98276585	0.65	trigger_nmd	trigger	0.65	trigger_nmd	trigger
ENSG00000116954.9.novel7	ENSG00000116954.9	ENST00000373001.4	Control	chr1	test	0.0398833574298121	0.8729772	0	last_exon	escape	0	last_exon	escape
ENSG00000117475.15.novel3	ENSG00000117475.15	ENST00000367808.8	NMD+/PTC+	chr1	test	4.51714484832971	0.7607827	0.65	trigger_nmd	trigger	0.65	trigger_nmd	trigger
ENSG00000117480.17.novel3	ENSG00000117480.17	ENST00000243167.9	NMD+/PTC+	chr1	test	3.47591865532164	0.99475175	0.65	trigger_nmd	trigger	0.65	trigger_nmd	trigger
ENSG00000117543.23.novel2	ENSG00000117543.23	ENST00000488176.1	NMD+/PTC+	chr1	test	4.46765088264056	0.9884671	0.65	trigger_nmd	trigger	0.65	trigger_nmd	trigger
ENSG00000117543.23.novel4	ENSG00000117543.23	ENST00000488176.1	Control	chr1	test	0.117547631852887	0.96987027	0.65	trigger_nmd	trigger	0.65	trigger_nmd	trigger
ENSG00000117616.19.novel1	ENSG00000117616.19	ENST00000498238.1	NMD+/PTC+	chr1	test	3.7239726543868	0.8809023	0.65	trigger_nmd	trigger	0.65	trigger_nmd	trigger
ENSG00000117616.19.novel2	ENSG00000117616.19	ENST00000498238.1	Control	chr1	test	-0.0236456457194067	0.38446346	0.41	long_exon	escape	0.41	long_exon	escape
ENSG00000117620.16.novel12	ENSG00000117620.16	ENST00000533028.8	NMD+/PTC+	chr1	test	2.72117399530556	0.9735773	0.65	trigger_nmd	trigger	0.65	trigger_nmd	trigger
ENSG00000117650.14.novel1	ENSG00000117650.14	ENST00000366999.9	NMD+/PTC+	chr1	test	3.20939911814776	0.9709862	0.65	trigger_nmd	trigger	0.65	trigger_nmd	trigger
ENSG00000117682.19.novel1	ENSG00000117682.19	ENST00000236342.12	Control	chr1	test	0.0554941702959491	0.07783028	0	last_exon	escape	0	last_exon	escape
ENSG00000117748.11.novel1	ENSG00000117748.11	ENST00000373912.8	NMD+/PTC+	chr1	test	5.67307889372739	0.8233904	0.65	trigger_nmd	trigger	0.65	trigger_nmd	trigger
ENSG00000118242.17.novel19	ENSG00000118242.17	ENST00000263268.11	NMD+/PTC+	chr2	val	1.43995117714792	0.72710127	0.65	trigger_nmd	trigger	0.65	trigger_nmd	trigger
ENSG00000118242.17.novel20	ENSG00000118242.17	ENST00000263268.11	Control	chr2	val	-0.0642971502714321	0.42528	0.41	long_exon	escape	0.41	long_exon	escape
ENSG00000118454.14.novel1	ENSG00000118454.14	ENST00000370944.9	Control	chr1	test	-0.0651042891158815	0.1255092	0	last_exon	escape	0	last_exon	escape
ENSG00000118454.14.novel4	ENSG00000118454.14	ENST00000370944.9	NMD+/PTC+	chr1	test	3.53005886689014	0.962347	0.65	trigger_nmd	trigger	0.65	trigger_nmd	trigger
ENSG00000118961.16.novel1	ENSG00000118961.16	ENST00000541941.5	NMD+/PTC+	chr2	val	3.36010489908912	0.938953	0.65	trigger_nmd	trigger	0.65	trigger_nmd	trigger
ENSG00000118965.17.novel1	ENSG00000118965.17	ENST00000281405.9	Control	chr2	val	-0.017869467594921	0.07880084	0	last_exon	escape	0	last_exon	escape
ENSG00000118965.17.novel8	ENSG00000118965.17	ENST00000281405.9	NMD+/PTC+	chr2	val	3.07286322854292	0.99653685	0.65	trigger_nmd	trigger	0.65	trigger_nmd	trigger
ENSG00000119403.16.novel2	ENSG00000119403.16	ENST00000312189.10	NMD+/PTC+	chr9	train	2.41777673104921	0.90684927	0.65	trigger_nmd	trigger	0.65	trigger_nmd	trigger
ENSG00000119411.12.novel4	ENSG00000119411.12	ENST00000462085.1	NMD+/PTC+	chr9	train	2.49480044214414	0.6205349	0.65	trigger_nmd	trigger	0.65	trigger_nmd	trigger
ENSG00000119599.19.novel4	ENSG00000119599.19	ENST00000892932.1	NMD+/PTC+	chr14	train	3.030642366651	0.2996972	0.41	long_exon	escape	0.41	long_exon	escape
ENSG00000119661.16.novel1	ENSG00000119661.16	ENST00000553645.7	NMD+/PTC+	chr14	train	3.66981921728285	0.964051	0.65	trigger_nmd	trigger	0.65	trigger_nmd	trigger
ENSG00000119965.13.novel1	ENSG00000119965.13	ENST00000481909.2	NMD+/PTC+	chr10	train	3.74445250369547	0.9158392	0.65	trigger_nmd	trigger	0.65	trigger_nmd	trigger
ENSG00000119965.13.novel2	ENSG00000119965.13	ENST00000481909.2	Control	chr10	train	-0.0518907329137567	0.037654158	0	last_exon	escape	0	last_exon	escape
ENSG00000119977.23.novel2	ENSG00000119977.23	ENST00000371209.5	NMD+/PTC+	chr10	train	2.68350229269262	0.9830051	0.65	trigger_nmd	trigger	0.65	trigger_nmd	trigger
ENSG00000120217.14.novel1	ENSG00000120217.14	ENST00000381577.4	Control	""	""	-0.0698543996458489		0	last_exon	escape	0	last_exon	escape
ENSG00000120217.14.novel2	ENSG00000120217.14	ENST00000381577.4	NMD+/PTC+	chr9	train	1.96920469134206	0.9817494	0.65	trigger_nmd	trigger	0.65	trigger_nmd	trigger
ENSG00000120256.12.novel9	ENSG00000120256.12	ENST00000239367.7	NMD+/PTC+	chr6	train	1.78009807932229	0.9750013	0.65	trigger_nmd	trigger	0.65	trigger_nmd	trigger
ENSG00000120451.11.novel1	ENSG00000120451.11	ENST00000265909.9	Control	chr11	train	0.0393664568523604	0.11102912	0	last_exon	escape	0	last_exon	escape
ENSG00000120451.11.novel10	ENSG00000120451.11	ENST00000265909.9	NMD+/PTC+	chr11	train	2.48321634788026	0.9435497	0.65	trigger_nmd	trigger	0.65	trigger_nmd	trigger
ENSG00000120685.21.novel1	ENSG00000120685.21	ENST00000625998.2	Control	chr13	train	-0.0153567999321531	0.16995566	0	last_exon	escape	0	last_exon	escape
ENSG00000120685.21.novel3	ENSG00000120685.21	ENST00000625998.2	NMD+/PTC+	chr13	train	2.34154124684002	0.37829506	0.41	long_exon	escape	0.41	long_exon	escape
ENSG00000120837.9.novel1	ENSG00000120837.9	ENST00000551727.5	NMD+/PTC+	chr12	train	1.63629975391861	0.9052939	0.65	trigger_nmd	trigger	0.65	trigger_nmd	trigger
ENSG00000120910.16.novel1	ENSG00000120910.16	ENST00000289963.12	NMD+/PTC+	chr8	train	4.88146614585344	0.9753887	0.65	trigger_nmd	trigger	0.65	trigger_nmd	trigger
ENSG00000120925.17.novel2	ENSG00000120925.17	ENST00000527424.6	NMD+/PTC+	chr8	train	3.71864491772519	0.96509415	0.65	trigger_nmd	trigger	0.65	trigger_nmd	trigger
ENSG00000120948.20.novel12	ENSG00000120948.20	ENST00000240185.8	Control	chr1	test	-0.0410917546301579	0.05858888	0	last_exon	escape	0	last_exon	escape
ENSG00000120948.20.novel79	ENSG00000120948.20	ENST00000240185.8	NMD+/PTC+	chr1	test	1.61819158902775	0.62829196	0.65	trigger_nmd	trigger	0.65	trigger_nmd	trigger
ENSG00000121022.15.novel1	ENSG00000121022.15	ENST00000357849.9	Control	chr8	train	-0.00173130296904822	0.09700493	0	last_exon	escape	0	last_exon	escape
ENSG00000121022.15.novel4	ENSG00000121022.15	ENST00000357849.9	NMD+/PTC+	chr8	train	4.5470367239518	0.9441187	0.65	trigger_nmd	trigger	0.65	trigger_nmd	trigger
ENSG00000121210.17.novel1	ENSG00000121210.17	ENST00000409663.7	Control	""	""	-0.0644878269584457		0	last_exon	escape	0	last_exon	escape
ENSG00000121210.17.novel3	ENSG00000121210.17	ENST00000409663.7	NMD+/PTC+	chr4	val	3.19465483172792	0.98989093	0.65	trigger_nmd	trigger	0.65	trigger_nmd	trigger
ENSG00000121578.14.novel1	ENSG00000121578.14	ENST00000393765.7	NMD+/PTC+	chr3	test	3.31359071568434	0.6087002	0.65	trigger_nmd	trigger	0.65	trigger_nmd	trigger
ENSG00000121621.8.novel1	ENSG00000121621.8	ENST00000263181.7	NMD+/PTC+	chr11	train	2.63983409217964	0.984237	0.65	trigger_nmd	trigger	0.65	trigger_nmd	trigger
ENSG00000121775.19.novel1	ENSG00000121775.19	ENST00000441402.5	NMD+/PTC-	chr1	test	1.00496393606587	0.38538367	0	last_exon	escape	0	last_exon	escape
ENSG00000121775.19.novel8	ENSG00000121775.19	ENST00000441402.5	Control	chr1	test	-0.0318907286067523	0.4358531	0	last_exon	escape	0	last_exon	escape
ENSG00000121895.10.novel1	ENSG00000121895.10	ENST00000877062.1	NMD+/PTC+	chr4	val	3.99688636173294	0.65652514	0.65	trigger_nmd	trigger	0.65	trigger_nmd	trigger
ENSG00000121931.17.novel2	ENSG00000121931.17	ENST00000485275.2	NMD+/PTC-	chr1	test	2.64111099668431	0.08171623	0	last_exon	escape	0	last_exon	escape
ENSG00000121931.17.novel7	ENSG00000121931.17	ENST00000485275.2	Control	chr1	test	-0.00397679394394614	0.13216838	0.41	long_exon	escape	0.41	long_exon	escape
ENSG00000121957.16.novel8	ENSG00000121957.16	ENST00000264126.9	NMD+/PTC+	chr1	test	2.92274600328755	0.8558763	0.65	trigger_nmd	trigger	0.65	trigger_nmd	trigger
ENSG00000122068.14.novel1	ENSG00000122068.14	ENST00000241502.9	NMD+/PTC+	chr3	test	4.31229151486877	0.9868591	0.65	trigger_nmd	trigger	0.65	trigger_nmd	trigger
ENSG00000122068.14.novel2	ENSG00000122068.14	ENST00000241502.9	Control	chr3	test	-0.0250228232739897	0.689169	0.2	50nt_rule	escape	0.2	50nt_rule	escape
ENSG00000122335.18.novel1	ENSG00000122335.18	ENST00000642903.1	NMD+/PTC+	chr6	train	3.287748244279	0.8470731	0.65	trigger_nmd	trigger	0.65	trigger_nmd	trigger
ENSG00000122557.12.novel2	ENSG00000122557.12	ENST00000396081.5	NMD+/PTC+	chr7	test	2.6316718491434	0.5678466	0.65	trigger_nmd	trigger	0.65	trigger_nmd	trigger
ENSG00000122566.24.novel1	ENSG00000122566.24	ENST00000715986.1	NMD+/PTC+	chr7	test	3.22924166431307	0.9149957	0.65	trigger_nmd	trigger	0.65	trigger_nmd	trigger
ENSG00000122674.13.novel4	ENSG00000122674.13	ENST00000325974.9	NMD+/PTC+	chr7	test	4.10690323720107	0.99193317	0.65	trigger_nmd	trigger	0.65	trigger_nmd	trigger
ENSG00000122687.20.novel2	ENSG00000122687.20	ENST00000467199.5	Control	chr7	test	0.0953488274081267	0.031281587	0	last_exon	escape	0	last_exon	escape
ENSG00000122707.13.novel12	ENSG00000122707.13	ENST00000377966.4	NMD+/PTC+	chr9	train	3.75281973771065	0.9729898	0.65	trigger_nmd	trigger	0.65	trigger_nmd	trigger
ENSG00000122707.13.novel5	ENSG00000122707.13	ENST00000377966.4	Control	""	""	-0.0355826665084877		0	last_exon	escape	0	last_exon	escape
ENSG00000122882.12.novel1	ENSG00000122882.12	ENST00000372979.9	NMD+/PTC+	chr10	train	4.98471104637877	0.9831214	0.65	trigger_nmd	trigger	0.65	trigger_nmd	trigger
ENSG00000122882.12.novel2	ENSG00000122882.12	ENST00000372979.9	Control	chr10	train	-0.0370319869532356	0.029639117	0	last_exon	escape	0	last_exon	escape
ENSG00000122912.16.novel1	ENSG00000122912.16	ENST00000609923.6	Control	chr10	train	-0.0569908114359552	0.055046983	0	last_exon	escape	0	last_exon	escape
ENSG00000122912.16.novel2	ENSG00000122912.16	ENST00000609923.6	NMD+/PTC+	""	""	0.95504593635063		0.65	trigger_nmd	trigger	0.65	trigger_nmd	trigger
ENSG00000122952.18.novel3	ENSG00000122952.18	ENST00000361148.6	NMD+/PTC+	chr10	train	2.25064801767639	0.8815771	0.65	trigger_nmd	trigger	0.41	long_exon	escape
ENSG00000122970.17.novel1	ENSG00000122970.17	ENST00000242591.10	Control	chr12	train	-0.0518343436113409	0.018893166	0	last_exon	escape	0	last_exon	escape
ENSG00000122970.17.novel2	ENSG00000122970.17	ENST00000242591.10	NMD+/PTC+	chr12	train	2.98032581505006	0.9895355	0.65	trigger_nmd	trigger	0.65	trigger_nmd	trigger
ENSG00000123130.18.novel7	ENSG00000123130.18	ENST00000379303.10	NMD+/PTC+	chrX	train	4.83577789351393	0.98680437	0.65	trigger_nmd	trigger	0.65	trigger_nmd	trigger
ENSG00000123178.17.novel1	ENSG00000123178.17	ENST00000378195.6	NMD+/PTC+	chr13	train	2.68012146625717	0.5055647	0.65	trigger_nmd	trigger	0.65	trigger_nmd	trigger
ENSG00000123213.24.novel2	ENSG00000123213.24	ENST00000380985.10	Control	chr5	test	0.0561397671479993	0.03045775	0	last_exon	escape	0	last_exon	escape
ENSG00000123213.24.novel3	ENSG00000123213.24	ENST00000380985.10	NMD+/PTC+	chr5	test	4.73780654688149	0.98395604	0.65	trigger_nmd	trigger	0.65	trigger_nmd	trigger
ENSG00000123240.18.novel3	ENSG00000123240.18	ENST00000378747.8	NMD+/PTC+	chr10	train	3.38462362288715	0.8470853	0.65	trigger_nmd	trigger	0.65	trigger_nmd	trigger
ENSG00000123342.17.novel1	ENSG00000123342.17	ENST00000322569.9	Control	chr12	train	0.0360316413369573	0.3118089	0.65	trigger_nmd	trigger	0.65	trigger_nmd	trigger
ENSG00000123342.17.novel2	ENSG00000123342.17	ENST00000322569.9	NMD+/PTC+	chr12	train	1.98423860017226	0.95133805	0.65	trigger_nmd	trigger	0.65	trigger_nmd	trigger
ENSG00000123352.19.novel1	ENSG00000123352.19	ENST00000549375.5	NMD+/PTC+	chr12	train	3.38363025749168	0.9512954	0.65	trigger_nmd	trigger	0.65	trigger_nmd	trigger
ENSG00000123352.19.novel29	ENSG00000123352.19	ENST00000549375.5	Control	chr12	train	0.0697028413306195	0.11824933	0	last_exon	escape	0	last_exon	escape
ENSG00000123983.16.novel1	ENSG00000123983.16	ENST00000392066.7	NMD+/PTC+	chr2	val	3.67879911599277	0.97534436	0.65	trigger_nmd	trigger	0.65	trigger_nmd	trigger
ENSG00000123989.16.novel2	ENSG00000123989.16	ENST00000243776.11	Control	chr2	val	-0.0395996340415203	0.1571714	0	last_exon	escape	0	last_exon	escape
ENSG00000124222.24.novel1	ENSG00000124222.24	ENST00000371132.8	NMD+/PTC+	chr20	train	1.73498745290482	0.9502619	0.65	trigger_nmd	trigger	0.65	trigger_nmd	trigger
ENSG00000124275.16.novel1	ENSG00000124275.16	ENST00000440940.7	NMD+/PTC+	chr5	test	2.81501350241644	0.987025	0.65	trigger_nmd	trigger	0.65	trigger_nmd	trigger
ENSG00000124508.18.novel1	ENSG00000124508.18	ENST00000356709.9	NMD+/PTC-	chr6	train	1.86138183946944	0.023938494	0	last_exon	escape	0	last_exon	escape
ENSG00000124786.14.novel1	ENSG00000124786.14	ENST00000710437.1	NMD+/PTC+	chr6	train	3.15569618849243	0.9480381	0.65	trigger_nmd	trigger	0.65	trigger_nmd	trigger
ENSG00000125447.19.novel1	ENSG00000125447.19	ENST00000537686.6	Control	chr17	train	0.0744248805124143	0.09114994	0	last_exon	escape	0	last_exon	escape
ENSG00000125447.19.novel2	ENSG00000125447.19	ENST00000537686.6	NMD+/PTC+	chr17	train	4.28244211856278	0.99334645	0.65	trigger_nmd	trigger	0.65	trigger_nmd	trigger
ENSG00000125459.19.novel1	ENSG00000125459.19	ENST00000245564.8	Control	chr1	test	0.00688353120833081	0.05337995	0	last_exon	escape	0	last_exon	escape
ENSG00000125459.19.novel2	ENSG00000125459.19	ENST00000245564.8	NMD+/PTC+	chr1	test	4.62534309590213	0.99308175	0.65	trigger_nmd	trigger	0.65	trigger_nmd	trigger
ENSG00000125731.14.novel1	ENSG00000125731.14	ENST00000245908.11	Control	chr19	train	-0.0592912722186876	0.09698828	0	last_exon	escape	0	last_exon	escape
ENSG00000125731.14.novel2	ENSG00000125731.14	ENST00000245908.11	NMD+/PTC+	chr19	train	4.13575893154388	0.94383293	0.65	trigger_nmd	trigger	0.65	trigger_nmd	trigger
ENSG00000125733.19.novel2	ENSG00000125733.19	ENST00000313285.12	NMD+/PTC+	chr19	train	4.64926105981396	0.9950246	0.65	trigger_nmd	trigger	0.65	trigger_nmd	trigger
ENSG00000125753.16.novel1	ENSG00000125753.16	ENST00000245932.11	Control	chr19	train	-0.0148379235010305	0.80963624	0	last_exon	escape	0	last_exon	escape
ENSG00000125753.16.novel8	ENSG00000125753.16	ENST00000245932.11	NMD+/PTC+	chr19	train	4.59209183293585	0.6333768	0.65	trigger_nmd	trigger	0.65	trigger_nmd	trigger
ENSG00000125812.17.novel1	ENSG00000125812.17	ENST00000338121.10	Control	chr20	train	-0.0253684306066158	0.059189	0	last_exon	escape	0	last_exon	escape
ENSG00000125812.17.novel2	ENSG00000125812.17	ENST00000338121.10	NMD+/PTC+	chr20	train	2.88300363270049	0.88915545	0.65	trigger_nmd	trigger	0.65	trigger_nmd	trigger
ENSG00000125821.14.novel1	ENSG00000125821.14	ENST00000377452.4	Control	chr20	train	0.0196400796320495	0.010993768	0	last_exon	escape	0	last_exon	escape
ENSG00000125821.14.novel3	ENSG00000125821.14	ENST00000377452.4	NMD+/PTC+	chr20	train	3.07504452668606	0.820918	0.65	trigger_nmd	trigger	0.65	trigger_nmd	trigger
ENSG00000125977.8.novel1	ENSG00000125977.8	ENST00000374980.3	NMD+/PTC+	chr20	train	5.89024637243433	0.9973527	0.65	trigger_nmd	trigger	0.65	trigger_nmd	trigger
ENSG00000125977.8.novel28	ENSG00000125977.8	ENST00000374980.3	Control	chr20	train	-0.00823344114193984	0.13876468	0.65	trigger_nmd	trigger	0.65	trigger_nmd	trigger
ENSG00000126070.21.novel1	ENSG00000126070.21	ENST00000373191.9	NMD+/PTC+	chr1	test	1.99307938872178	0.29991886	0.65	trigger_nmd	trigger	0.65	trigger_nmd	trigger
ENSG00000126070.21.novel3	ENSG00000126070.21	ENST00000373191.9	Control	chr1	test	0.00114194171623225	0.048069563	0	last_exon	escape	0	last_exon	escape
ENSG00000126214.23.novel1	ENSG00000126214.23	ENST00000389744.8	NMD+/PTC+	chr14	train	3.27703714557129	0.8904158	0.65	trigger_nmd	trigger	0.65	trigger_nmd	trigger
ENSG00000126226.23.novel2	ENSG00000126226.23	ENST00000337344.9	NMD+/PTC+	chr13	train	4.34306601940439	0.7509444	0.65	trigger_nmd	trigger	0.65	trigger_nmd	trigger
ENSG00000126249.8.novel2	ENSG00000126249.8	ENST00000246535.4	Control	chr19	train	0.123754319274625	0.59331495	0	last_exon	escape	0	last_exon	escape
ENSG00000126460.12.novel1	ENSG00000126460.12	ENST00000246794.10	Control	chr19	train	-0.0136190176541014	0.054674927	0	last_exon	escape	0	last_exon	escape
ENSG00000126460.12.novel2	ENSG00000126460.12	ENST00000246794.10	NMD+/PTC+	chr19	train	1.82799684980836	0.90158236	0.65	trigger_nmd	trigger	0.65	trigger_nmd	trigger
ENSG00000126524.13.novel1	ENSG00000126524.13	ENST00000246868.7	Control	chr7	test	-0.0384499146545741	0.04958736	0	last_exon	escape	0	last_exon	escape
ENSG00000126787.14.novel6	ENSG00000126787.14	ENST00000247191.7	NMD+/PTC+	chr14	train	3.61104066816164	0.98362684	0.65	trigger_nmd	trigger	0.65	trigger_nmd	trigger
ENSG00000126790.13.novel10	ENSG00000126790.13	ENST00000247194.9	Control	chr14	train	0.0267459464016335	0.9417223	0.41	long_exon	escape	0.41	long_exon	escape
ENSG00000126790.13.novel4	ENSG00000126790.13	ENST00000247194.9	NMD+/PTC+	chr14	train	1.94881041376677	0.8458987	0.41	long_exon	escape	0.41	long_exon	escape
ENSG00000126858.20.novel9	ENSG00000126858.20	ENST00000333942.10	NMD+/PTC+	chr17	train	1.86119737429026	0.9628326	0.65	trigger_nmd	trigger	0.65	trigger_nmd	trigger
ENSG00000127022.17.novel5	ENSG00000127022.17	ENST00000247461.9	NMD+/PTC-	chr5	test	1.63878099044026	0.29645663	0	last_exon	escape	0	last_exon	escape
ENSG00000127249.16.novel1	ENSG00000127249.16	ENST00000490925.5	Control	chr3	test	0.0329915019652146	0.12726526	0	last_exon	escape	0	last_exon	escape
ENSG00000127249.16.novel2	ENSG00000127249.16	ENST00000490925.5	NMD+/PTC+	chr3	test	3.71795687124448	0.9407812	0.65	trigger_nmd	trigger	0.65	trigger_nmd	trigger
ENSG00000127586.18.novel2	ENSG00000127586.18	ENST00000262315.14	NMD+/PTC+	chr16	train	2.7393594171509	0.9965424	0.65	trigger_nmd	trigger	0.65	trigger_nmd	trigger
ENSG00000127663.17.novel1	ENSG00000127663.17	ENST00000611640.4	NMD+/PTC-	chr19	train	1.31454880451655	0.26979062	0	last_exon	escape	0	last_exon	escape
ENSG00000128191.18.novel10	ENSG00000128191.18	ENST00000351989.8	NMD+/PTC+	chr22	train	3.27145350008288	0.7498213	0.65	trigger_nmd	trigger	0.65	trigger_nmd	trigger
ENSG00000128191.18.novel11	ENSG00000128191.18	ENST00000351989.8	Control	chr22	train	-0.0275929862193179	0.16256432	0	last_exon	escape	0	last_exon	escape
ENSG00000128309.19.novel2	ENSG00000128309.19	ENST00000429360.6	NMD+/PTC-	chr22	train	0.407295543061626	0.85851085	0.2	50nt_rule	escape	0.2	50nt_rule	escape
ENSG00000128513.17.novel1	ENSG00000128513.17	ENST00000668382.1	Control	chr7	test	0.0647688192515338	0.5815031	0	last_exon	escape	0	last_exon	escape
ENSG00000128513.17.novel2	ENSG00000128513.17	ENST00000668382.1	NMD+/PTC+	chr7	test	3.28967712022456	0.3685388	0.65	trigger_nmd	trigger	0.65	trigger_nmd	trigger
ENSG00000128654.15.novel79	ENSG00000128654.15	ENST00000249442.11	NMD+/PTC+	chr2	val	3.89560057030399	0.9489312	0.65	trigger_nmd	trigger	0.65	trigger_nmd	trigger
ENSG00000128683.15.novel1	ENSG00000128683.15	ENST00000344257.9	NMD+/PTC+	chr2	val	3.27134247969546	0.986871	0.65	trigger_nmd	trigger	0.65	trigger_nmd	trigger
ENSG00000128683.15.novel3	ENSG00000128683.15	ENST00000344257.9	Control	chr2	val	0.0921755298554406	0.10101918	0	last_exon	escape	0	last_exon	escape
ENSG00000128928.11.novel1	ENSG00000128928.11	ENST00000487418.8	Control	chr15	train	-0.00411783943813745	0.22062497	0.41	long_exon	escape	0.41	long_exon	escape
ENSG00000128928.11.novel6	ENSG00000128928.11	ENST00000487418.8	NMD+/PTC+	chr15	train	2.69342816389186	0.97018784	0.65	trigger_nmd	trigger	0.65	trigger_nmd	trigger
ENSG00000129071.11.novel2	ENSG00000129071.11	ENST00000429544.7	NMD+/PTC+	chr3	test	3.30205029918403	0.9409718	0.65	trigger_nmd	trigger	0.65	trigger_nmd	trigger
ENSG00000129195.17.novel1	ENSG00000129195.17	ENST00000572447.6	NMD+/PTC+	chr17	train	1.93243494167997	0.7274555	0.65	trigger_nmd	trigger	0.41	long_exon	escape
ENSG00000129451.13.novel1	ENSG00000129451.13	ENST00000358789.8	NMD+/PTC+	chr19	train	3.37651929187122	0.59919685	0.65	trigger_nmd	trigger	0.65	trigger_nmd	trigger
ENSG00000129484.15.novel1	ENSG00000129484.15	ENST00000250416.9	NMD+/PTC+	chr14	train	3.85922794135831	0.98744696	0.65	trigger_nmd	trigger	0.65	trigger_nmd	trigger
ENSG00000129484.15.novel4	ENSG00000129484.15	ENST00000250416.9	Control	chr14	train	-0.0511486489740578	0.20961495	0	last_exon	escape	0	last_exon	escape
ENSG00000129515.21.novel1	ENSG00000129515.21	ENST00000396526.7	Control	chr14	train	-0.045350120260636	0.04927035	0	last_exon	escape	0	last_exon	escape
ENSG00000129515.21.novel2	ENSG00000129515.21	ENST00000396526.7	NMD+/PTC+	chr14	train	4.94013848944894	0.9692041	0.65	trigger_nmd	trigger	0.65	trigger_nmd	trigger
ENSG00000129657.17.novel21	ENSG00000129657.17	ENST00000436233.9	NMD+/PTC+	chr17	train	4.31551278763363	0.97023183	0.65	trigger_nmd	trigger	0.65	trigger_nmd	trigger
ENSG00000130023.17.novel3	ENSG00000130023.17	ENST00000418781.7	NMD+/PTC+	chr6	train	3.88382183334522	0.40242472	0.12	start_proximal	escape	0.12	start_proximal	escape
ENSG00000130066.17.novel12	ENSG00000130066.17	ENST00000379270.5	Control	chrX	train	0.099439151856879	0.4295372	0.41	long_exon	escape	0.41	long_exon	escape
ENSG00000130150.13.novel1	ENSG00000130150.13	ENST00000380492.8	Control	chrX	train	-0.0445248060575111	0.0397717	0	last_exon	escape	0	last_exon	escape
ENSG00000130150.13.novel4	ENSG00000130150.13	ENST00000380492.8	NMD+/PTC+	chrX	train	2.09271436185096	0.73660046	0.65	trigger_nmd	trigger	0.65	trigger_nmd	trigger
ENSG00000130244.14.novel1	ENSG00000130244.14	ENST00000252530.10	NMD+/PTC+	chr19	train	2.19138589177944	0.7628726	0.12	start_proximal	escape	0.12	start_proximal	escape
ENSG00000130244.14.novel5	ENSG00000130244.14	ENST00000252530.10	Control	chr19	train	0.169414325506209	0.7043591	0	last_exon	escape	0	last_exon	escape
ENSG00000130309.13.novel26	ENSG00000130309.13	ENST00000593832.1	Control	chr19	train	0.0529804873876698	0.17582594	0	last_exon	escape	0	last_exon	escape
ENSG00000130363.15.novel2	ENSG00000130363.15	ENST00000449822.6	Control	chr6	train	0.0365031703488024	0.038129557	0	last_exon	escape	0	last_exon	escape
ENSG00000130363.15.novel3	ENSG00000130363.15	ENST00000449822.6	NMD+/PTC+	chr6	train	2.39312666018157	0.91873425	0.65	trigger_nmd	trigger	0.65	trigger_nmd	trigger
ENSG00000130479.12.novel1	ENSG00000130479.12	ENST00000324096.9	NMD+/PTC+	chr19	train	2.60250423305314	0.9149899	0.65	trigger_nmd	trigger	0.65	trigger_nmd	trigger
ENSG00000130517.15.novel2	ENSG00000130517.15	ENST00000269919.11	Control	chr19	train	-0.0511178153254287	0.0524952	0	last_exon	escape	0	last_exon	escape
ENSG00000130517.15.novel3	ENSG00000130517.15	ENST00000269919.11	NMD+/PTC+	chr19	train	2.54108966470506	0.91064256	0.65	trigger_nmd	trigger	0.41	long_exon	escape
ENSG00000130703.18.novel2	ENSG00000130703.18	ENST00000313733.9	Control	chr20	train	-0.013651327890598	0.07006872	0	last_exon	escape	0	last_exon	escape
ENSG00000130703.18.novel3	ENSG00000130703.18	ENST00000313733.9	NMD+/PTC+	chr20	train	4.71978406016991	0.98241687	0.65	trigger_nmd	trigger	0.65	trigger_nmd	trigger
ENSG00000130731.17.novel1	ENSG00000130731.17	ENST00000397666.6	NMD+/PTC+	chr16	train	1.18863627636916	0.3573799	0.41	long_exon	escape	0.41	long_exon	escape
ENSG00000130958.14.novel22	ENSG00000130958.14	ENST00000253270.13	NMD+/PTC+	chr9	train	3.70228034246078	0.99403787	0.65	trigger_nmd	trigger	0.65	trigger_nmd	trigger
ENSG00000131037.16.novel4	ENSG00000131037.16	ENST00000201647.11	NMD+/PTC+	chr19	train	5.16898885046041	0.79198533	0.65	trigger_nmd	trigger	0.65	trigger_nmd	trigger
ENSG00000131061.16.novel4	ENSG00000131061.16	ENST00000342427.6	NMD+/PTC+	chr20	train	1.99467180538583	0.96910983	0.65	trigger_nmd	trigger	0.65	trigger_nmd	trigger
ENSG00000131080.16.novel1	ENSG00000131080.16	ENST00000374719.8	NMD+/PTC+	chrX	train	2.23218092886259	0.812533	0.65	trigger_nmd	trigger	0.41	long_exon	escape
ENSG00000131373.16.novel1	ENSG00000131373.16	ENST00000456194.6	NMD+/PTC+	chr3	test	3.55502632984272	0.9683252	0.65	trigger_nmd	trigger	0.65	trigger_nmd	trigger
ENSG00000131389.19.novel1	ENSG00000131389.19	ENST00000622186.5	Control	chr3	test	-0.116725109163392	0.18796462	0	last_exon	escape	0	last_exon	escape
ENSG00000131389.19.novel2	ENSG00000131389.19	ENST00000622186.5	NMD+/PTC+	chr3	test	2.43941141359646	0.9309239	0.65	trigger_nmd	trigger	0.65	trigger_nmd	trigger
ENSG00000131591.19.novel2	ENSG00000131591.19	ENST00000421241.7	Control	chr1	test	-0.0135408266947213	0.09124489	0	last_exon	escape	0	last_exon	escape
ENSG00000131746.14.novel1	ENSG00000131746.14	ENST00000254051.11	NMD+/PTC+	chr17	train	6.57630448401736	0.64679074	0.65	trigger_nmd	trigger	0.65	trigger_nmd	trigger
ENSG00000131746.14.novel71	ENSG00000131746.14	ENST00000254051.11	Control	chr17	train	0.0634092848672713	0.22912312	0.41	long_exon	escape	0.41	long_exon	escape
ENSG00000131748.17.novel1	ENSG00000131748.17	ENST00000908874.1	NMD+/PTC+	chr17	train	2.95911354356503	0.96303976	0.65	trigger_nmd	trigger	0.65	trigger_nmd	trigger
ENSG00000131748.17.novel2	ENSG00000131748.17	ENST00000908874.1	Control	chr17	train	-0.011131923499837	0.043619443	0	last_exon	escape	0	last_exon	escape
ENSG00000131773.15.novel1	ENSG00000131773.15	ENST00000704572.1	NMD+/PTC+	chr8	train	3.67303564189308	0.9202248	0.65	trigger_nmd	trigger	0.65	trigger_nmd	trigger
ENSG00000131773.15.novel3	ENSG00000131773.15	ENST00000704572.1	Control	chr8	train	0.122924685275717	0.04917222	0	last_exon	escape	0	last_exon	escape
ENSG00000131781.14.novel1	ENSG00000131781.14	ENST00000865849.1	Control	chr1	test	-0.000994519101150725	0.40835106	0.2	50nt_rule	escape	0.2	50nt_rule	escape
ENSG00000131781.14.novel7	ENSG00000131781.14	ENST00000865849.1	NMD+/PTC+	chr1	test	1.61912723492358	0.6922346	0.65	trigger_nmd	trigger	0.65	trigger_nmd	trigger
ENSG00000131966.15.novel1	ENSG00000131966.15	ENST00000254286.9	NMD+/PTC+	chr14	train	3.24783527051311	0.9714758	0.65	trigger_nmd	trigger	0.65	trigger_nmd	trigger
ENSG00000132254.14.novel1	ENSG00000132254.14	ENST00000423813.6	NMD+/PTC+	chr11	train	5.12739439428803	0.87563145	0.65	trigger_nmd	trigger	0.65	trigger_nmd	trigger
ENSG00000132254.14.novel2	ENSG00000132254.14	ENST00000423813.6	Control	chr11	train	-0.0390287566633397	0.12016313	0	last_exon	escape	0	last_exon	escape
ENSG00000132275.12.novel20	ENSG00000132275.12	ENST00000534343.1	Control	chr11	train	0.0589188427873514	0.7637879	0	last_exon	escape	0	last_exon	escape
ENSG00000132275.12.novel5	ENSG00000132275.12	ENST00000534343.1	NMD+/PTC+	chr11	train	2.47407223468831	0.8623415	0.41	long_exon	escape	0.41	long_exon	escape
ENSG00000132570.16.novel1	ENSG00000132570.16	ENST00000254908.11	NMD+/PTC+	chr5	test	2.74356859271464	0.9239135	0.65	trigger_nmd	trigger	0.65	trigger_nmd	trigger
ENSG00000132570.16.novel5	ENSG00000132570.16	ENST00000254908.11	Control	chr5	test	0.160333232034152	0.31805903	0.41	long_exon	escape	0.41	long_exon	escape
ENSG00000132600.19.novel4	ENSG00000132600.19	ENST00000897111.1	NMD+/PTC+	chr16	train	2.8125432864957	0.95448154	0.65	trigger_nmd	trigger	0.65	trigger_nmd	trigger
ENSG00000132600.19.novel7	ENSG00000132600.19	ENST00000897111.1	Control	chr16	train	0.0212900338482634	0.9800393	0	last_exon	escape	0	last_exon	escape
ENSG00000132604.12.novel1	ENSG00000132604.12	ENST00000254942.8	Control	chr16	train	-0.0503286917289578	0.028295046	0	last_exon	escape	0	last_exon	escape
ENSG00000132604.12.novel2	ENSG00000132604.12	ENST00000254942.8	NMD+/PTC+	chr16	train	2.69771776566666	0.7952881	0.65	trigger_nmd	trigger	0.65	trigger_nmd	trigger
ENSG00000132635.18.novel2	ENSG00000132635.18	ENST00000360652.7	Control	chr20	train	-0.0604102798607707	0.045174368	0	last_exon	escape	0	last_exon	escape
ENSG00000132635.18.novel6	ENSG00000132635.18	ENST00000360652.7	NMD+/PTC+	chr20	train	2.471551808296	0.8905558	0.65	trigger_nmd	trigger	0.65	trigger_nmd	trigger
ENSG00000132664.14.novel2	ENSG00000132664.14	ENST00000377603.5	NMD+/PTC+	chr20	train	4.22298984173022	0.9696545	0.65	trigger_nmd	trigger	0.65	trigger_nmd	trigger
ENSG00000132680.12.novel1	ENSG00000132680.12	ENST00000368321.8	NMD+/PTC+	chr1	test	2.55986059166479	0.29667297	0.65	trigger_nmd	trigger	0.65	trigger_nmd	trigger
ENSG00000132680.12.novel7	ENSG00000132680.12	ENST00000368321.8	Control	chr1	test	-0.108006816231597	0.19964126	0	last_exon	escape	0	last_exon	escape
ENSG00000132768.15.novel18	ENSG00000132768.15	ENST00000255108.8	Control	chr1	test	-0.0132300619831817	0.6332749	0	last_exon	escape	0	last_exon	escape
ENSG00000132842.17.novel29	ENSG00000132842.17	ENST00000255194.11	Control	chr5	test	-0.0185933325019405	0.036040887	0	last_exon	escape	0	last_exon	escape
ENSG00000132842.17.novel3	ENSG00000132842.17	ENST00000255194.11	NMD+/PTC+	chr5	test	3.19660709407849	0.99198955	0.65	trigger_nmd	trigger	0.65	trigger_nmd	trigger
ENSG00000132879.15.novel1	ENSG00000132879.15	ENST00000251547.10	Control	chr1	test	-0.0612560414223959	0.6777852	0.65	trigger_nmd	trigger	0.41	long_exon	escape
ENSG00000132879.15.novel2	ENSG00000132879.15	ENST00000251547.10	NMD+/PTC+	chr1	test	4.89520821159083	0.960051	0.65	trigger_nmd	trigger	0.65	trigger_nmd	trigger
ENSG00000132950.20.novel1	ENSG00000132950.20	ENST00000382907.8	NMD+/PTC+	chr13	train	3.00171559520875	0.91372633	0.65	trigger_nmd	trigger	0.65	trigger_nmd	trigger
ENSG00000132950.20.novel4	ENSG00000132950.20	ENST00000382907.8	Control	chr13	train	0.00720382910823511	0.06621633	0	last_exon	escape	0	last_exon	escape
ENSG00000132970.15.novel1	ENSG00000132970.15	ENST00000335327.6	NMD+/PTC+	chr13	train	2.99369943124394	0.95887166	0.65	trigger_nmd	trigger	0.65	trigger_nmd	trigger
ENSG00000133104.15.novel1	ENSG00000133104.15	ENST00000888914.1	NMD+/PTC+	chr13	train	4.98202720331492	0.98056465	0.65	trigger_nmd	trigger	0.65	trigger_nmd	trigger
ENSG00000133114.19.novel7	ENSG00000133114.19	ENST00000379151.9	NMD+/PTC+	chr13	train	3.24164927176408	0.9228865	0.65	trigger_nmd	trigger	0.65	trigger_nmd	trigger
ENSG00000133313.16.novel9	ENSG00000133313.16	ENST00000324262.9	NMD+/PTC+	chr18	train	4.45144889948041	0.9570244	0.41	long_exon	escape	0.41	long_exon	escape
ENSG00000133315.13.novel2	ENSG00000133315.13	ENST00000538595.1	NMD+/PTC+	chr11	train	2.10319588245379	0.89629865	0.65	trigger_nmd	trigger	0.65	trigger_nmd	trigger
ENSG00000133433.12.novel1	ENSG00000133433.12	ENST00000290765.9	NMD+/PTC+	chr22	train	2.43661289826132	0.9569268	0.65	trigger_nmd	trigger	0.65	trigger_nmd	trigger
ENSG00000133433.12.novel2	ENSG00000133433.12	ENST00000290765.9	Control	chr22	train	-0.0184594216515912	0.4227334	0.41	long_exon	escape	0.41	long_exon	escape
ENSG00000133627.19.novel1	ENSG00000133627.19	ENST00000397282.2	NMD+/PTC+	chr7	test_paralog	3.15801490406035	0.9674261	0.65	trigger_nmd	trigger	0.65	trigger_nmd	trigger
ENSG00000133627.19.novel4	ENSG00000133627.19	ENST00000397282.2	Control	chr7	test_paralog	0.00670820630004241	0.20725742	0	last_exon	escape	0	last_exon	escape
ENSG00000133731.11.novel2	ENSG00000133731.11	ENST00000256108.10	NMD+/PTC+	chr8	train	4.34164997575264	0.9448186	0.65	trigger_nmd	trigger	0.65	trigger_nmd	trigger
ENSG00000133818.15.novel1	ENSG00000133818.15	ENST00000526063.5	Control	chr11	train	0.017255305078069	0.11863988	0	last_exon	escape	0	last_exon	escape
ENSG00000133818.15.novel3	ENSG00000133818.15	ENST00000526063.5	NMD+/PTC+	chr11	train	2.94117938355434	0.81997746	0.65	trigger_nmd	trigger	0.65	trigger_nmd	trigger
ENSG00000134086.11.novel3	ENSG00000134086.11	ENST00000256474.3	Control	chr3	test	-0.066710833431071	0.45621502	0.41	long_exon	escape	0.41	long_exon	escape
ENSG00000134109.11.novel1	ENSG00000134109.11	ENST00000256497.9	NMD+/PTC+	chr3	test	2.47631864712149	0.9605062	0.65	trigger_nmd	trigger	0.65	trigger_nmd	trigger
ENSG00000134109.11.novel3	ENSG00000134109.11	ENST00000256497.9	Control	chr3	test	-0.0523083679597344	0.108153	0	last_exon	escape	0	last_exon	escape
ENSG00000134146.13.novel8	ENSG00000134146.13	ENST00000256538.9	NMD+/PTC+	chr15	train	3.33019184126828	0.9793473	0.65	trigger_nmd	trigger	0.65	trigger_nmd	trigger
ENSG00000134255.17.novel1	ENSG00000134255.17	ENST00000357172.9	NMD+/PTC+	chr1	test	4.89680373381558	0.9118841	0.65	trigger_nmd	trigger	0.65	trigger_nmd	trigger
ENSG00000134255.17.novel3	ENSG00000134255.17	ENST00000357172.9	Control	chr1	test	0.10814870086429	0.072854586	0	last_exon	escape	0	last_exon	escape
ENSG00000134285.12.novel8	ENSG00000134285.12	ENST00000550765.6	NMD+/PTC-	chr12	train	2.52696098175474	0.77009034	0	last_exon	escape	0	last_exon	escape
ENSG00000134317.18.novel1	ENSG00000134317.18	ENST00000324907.14	Control	chr2	val	0.00397328826576825	0.039338358	0	last_exon	escape	0	last_exon	escape
ENSG00000134317.18.novel4	ENSG00000134317.18	ENST00000324907.14	NMD+/PTC+	chr2	val	2.07624038570101	0.9770116	0.65	trigger_nmd	trigger	0.65	trigger_nmd	trigger
ENSG00000134339.10.novel3	ENSG00000134339.10	ENST00000528349.5	NMD+/PTC+	chr11	train	3.10080407539377	0.8210278	0.65	trigger_nmd	trigger	0.65	trigger_nmd	trigger
ENSG00000134461.17.novel1	ENSG00000134461.17	ENST00000191063.8	NMD+/PTC+	chr10	train	2.60109519918361	0.9665317	0.65	trigger_nmd	trigger	0.41	long_exon	escape
ENSG00000134461.17.novel5	ENSG00000134461.17	ENST00000191063.8	Control	chr10	train	0.134304870055975	0.48049557	0	last_exon	escape	0	last_exon	escape
ENSG00000134480.18.novel1	ENSG00000134480.18	ENST00000256897.9	NMD+/PTC+	chr5	test	4.02407672830679	0.9503937	0.65	trigger_nmd	trigger	0.65	trigger_nmd	trigger
ENSG00000134602.17.novel55	ENSG00000134602.17	ENST00000394334.7	NMD+/PTC+	chrX	train	3.79758716631437	0.88985276	0.65	trigger_nmd	trigger	0.65	trigger_nmd	trigger
ENSG00000134809.10.novel1	ENSG00000134809.10	ENST00000257245.9	NMD+/PTC-	chr11	train	2.70960285651945	0.10078896	0	last_exon	escape	0	last_exon	escape
ENSG00000134897.15.novel6	ENSG00000134897.15	ENST00000257336.6	NMD+/PTC+	chr13	train	2.61258066525978	0.77777493	0.65	trigger_nmd	trigger	0.65	trigger_nmd	trigger
ENSG00000134996.13.novel1	ENSG00000134996.13	ENST00000346234.7	Control	chr9	train	-0.030019747359495	0.8899783	0	last_exon	escape	0	last_exon	escape
ENSG00000134996.13.novel2	ENSG00000134996.13	ENST00000346234.7	NMD+/PTC+	chr9	train	3.82092293778554	0.94941324	0.65	trigger_nmd	trigger	0.65	trigger_nmd	trigger
ENSG00000135040.17.novel1	ENSG00000135040.17	ENST00000361671.10	NMD+/PTC+	chr9	train	5.46010696001219	0.996357	0.65	trigger_nmd	trigger	0.65	trigger_nmd	trigger
ENSG00000135108.17.novel1	ENSG00000135108.17	ENST00000622495.5	NMD+/PTC+	chr12	train	3.79272987086009	0.990546	0.65	trigger_nmd	trigger	0.65	trigger_nmd	trigger
ENSG00000135124.17.novel1	ENSG00000135124.17	ENST00000337233.9	NMD+/PTC+	chr12	train	2.90749767095322	0.97890306	0.65	trigger_nmd	trigger	0.65	trigger_nmd	trigger
ENSG00000135164.20.novel1	ENSG00000135164.20	ENST00000331242.12	Control	chr7	test	-0.0138381039831821	0.0727419	0	last_exon	escape	0	last_exon	escape
ENSG00000135241.18.novel2	ENSG00000135241.18	ENST00000257694.13	NMD+/PTC+	chr7	test	4.59490968534728	0.65879506	0.65	trigger_nmd	trigger	0.65	trigger_nmd	trigger
ENSG00000135269.19.novel3	ENSG00000135269.19	ENST00000358204.9	NMD+/PTC+	chr7	test	3.14350107069553	0.6583207	0.41	long_exon	escape	0.41	long_exon	escape
ENSG00000135451.14.novel5	ENSG00000135451.14	ENST00000257909.8	NMD+/PTC+	chr12	train	2.15178641579398	0.9636301	0.65	trigger_nmd	trigger	0.65	trigger_nmd	trigger
ENSG00000135655.17.novel26	ENSG00000135655.17	ENST00000353364.7	NMD+/PTC+	chr12	train	5.01901522756952	0.9534362	0.65	trigger_nmd	trigger	0.65	trigger_nmd	trigger
ENSG00000135678.13.novel1	ENSG00000135678.13	ENST00000551568.6	NMD+/PTC+	chr12	train	1.56355939742205	0.96135306	0.65	trigger_nmd	trigger	0.65	trigger_nmd	trigger
ENSG00000135678.13.novel2	ENSG00000135678.13	ENST00000551568.6	Control	chr12	train	0.19221445613203	0.050922837	0	last_exon	escape	0	last_exon	escape
ENSG00000135838.15.novel19	ENSG00000135838.15	ENST00000879502.1	NMD+/PTC+	chr1	test	2.1359570388863	0.92819697	0.65	trigger_nmd	trigger	0.41	long_exon	escape
ENSG00000135838.15.novel5	ENSG00000135838.15	ENST00000879502.1	Control	chr1	test	-0.0188276778191135	0.1500861	0.2	50nt_rule	escape	0.2	50nt_rule	escape
ENSG00000135953.12.novel1	ENSG00000135953.12	ENST00000258436.10	NMD+/PTC+	""	""	0.484176082404197		0.65	trigger_nmd	trigger	0.65	trigger_nmd	trigger
ENSG00000135953.12.novel4	ENSG00000135953.12	ENST00000258436.10	Control	chr2	val	0.0961597315695147	0.8948661	0	last_exon	escape	0	last_exon	escape
ENSG00000135974.12.novel2	ENSG00000135974.12	ENST00000258457.7	NMD+/PTC+	chr2	val	3.67131024060936	0.59523535	0.65	trigger_nmd	trigger	0.65	trigger_nmd	trigger
ENSG00000136045.13.novel1	ENSG00000136045.13	ENST00000412830.8	NMD+/PTC+	chr12	train	5.13753454813042	0.98500097	0.65	trigger_nmd	trigger	0.65	trigger_nmd	trigger
ENSG00000136045.13.novel30	ENSG00000136045.13	ENST00000412830.8	Control	chr12	train	0.050687720439593	0.117756866	0	last_exon	escape	0	last_exon	escape
ENSG00000136051.16.novel3	ENSG00000136051.16	ENST00000332180.10	Control	chr12	train	0.131491144995182	0.070035435	0	last_exon	escape	0	last_exon	escape
ENSG00000136051.16.novel48	ENSG00000136051.16	ENST00000332180.10	NMD+/PTC+	chr12	train	2.99903700766118	0.99820125	0.65	trigger_nmd	trigger	0.65	trigger_nmd	trigger
ENSG00000136143.17.novel1	ENSG00000136143.17	ENST00000646932.1	NMD+/PTC+	""	""	0.784619882361553		0.65	trigger_nmd	trigger	0.65	trigger_nmd	trigger
ENSG00000136144.13.novel5	ENSG00000136144.13	ENST00000378302.7	NMD+/PTC+	chr13	train	3.05091377224649	0.9806995	0.65	trigger_nmd	trigger	0.65	trigger_nmd	trigger
ENSG00000136152.16.novel3	ENSG00000136152.16	ENST00000349995.10	NMD+/PTC+	chr13	train	2.65861844503769	0.99352723	0.65	trigger_nmd	trigger	0.65	trigger_nmd	trigger
ENSG00000136152.16.novel5	ENSG00000136152.16	ENST00000349995.10	Control	chr13	train	-0.0038303011685584	0.15835378	0	last_exon	escape	0	last_exon	escape
ENSG00000136243.19.novel1	ENSG00000136243.19	ENST00000258742.10	NMD+/PTC+	chr7	test	4.21333319535548	0.7960664	0.65	trigger_nmd	trigger	0.65	trigger_nmd	trigger
ENSG00000136243.19.novel10	ENSG00000136243.19	ENST00000258742.10	Control	chr7	test	0.0253657481083571	0.13010153	0.2	50nt_rule	escape	0.2	50nt_rule	escape
ENSG00000136536.16.novel2	ENSG00000136536.16	ENST00000856570.1	NMD+/PTC+	chr2	val	2.32814093724409	0.799155	0.65	trigger_nmd	trigger	0.65	trigger_nmd	trigger
ENSG00000136643.13.novel1	ENSG00000136643.13	ENST00000366960.8	Control	chr1	test	0.00261747589761067	0.057293255	0	last_exon	escape	0	last_exon	escape
ENSG00000136783.11.novel1	ENSG00000136783.11	ENST00000374767.5	Control	chr9	train	-0.0625994539875144	0.029057994	0	last_exon	escape	0	last_exon	escape
ENSG00000136783.11.novel3	ENSG00000136783.11	ENST00000374767.5	NMD+/PTC+	chr9	train	5.30095338557462	0.9740582	0.65	trigger_nmd	trigger	0.65	trigger_nmd	trigger
ENSG00000136856.19.novel1	ENSG00000136856.19	ENST00000373371.8	Control	chr9	train	-0.0243121172712294	0.06184189	0	last_exon	escape	0	last_exon	escape
ENSG00000136856.19.novel3	ENSG00000136856.19	ENST00000373371.8	NMD+/PTC+	chr9	train	2.57460646696103	0.9909738	0.65	trigger_nmd	trigger	0.65	trigger_nmd	trigger
ENSG00000136877.17.novel1	ENSG00000136877.17	ENST00000373247.7	NMD+/PTC+	chr9	train	2.99546685546911	0.996443	0.65	trigger_nmd	trigger	0.65	trigger_nmd	trigger
ENSG00000136877.17.novel52	ENSG00000136877.17	ENST00000373247.7	Control	chr9	train	-0.0446152180251929	0.17539833	0	last_exon	escape	0	last_exon	escape
ENSG00000136878.15.novel1	ENSG00000136878.15	ENST00000372429.8	Control	chr9	train	0.248407094339653	0.15535296	0.2	50nt_rule	escape	0.2	50nt_rule	escape
ENSG00000136878.15.novel2	ENSG00000136878.15	ENST00000372429.8	NMD+/PTC+	chr9	train	2.17864014282217	0.94114804	0.41	long_exon	escape	0.41	long_exon	escape
ENSG00000137073.25.novel1	ENSG00000137073.25	ENST00000379238.7	NMD+/PTC+	chr9	train	4.05721133707651	0.9766011	0.65	trigger_nmd	trigger	0.65	trigger_nmd	trigger
ENSG00000137106.19.novel1	ENSG00000137106.19	ENST00000460882.5	NMD+/PTC+	chr9	train	3.90082957183161	0.88268507	0.41	long_exon	escape	0.41	long_exon	escape
ENSG00000137200.14.novel1	ENSG00000137200.14	ENST00000373451.9	Control	chr6	train	0.0285343201601457	0.09728264	0	last_exon	escape	0	last_exon	escape
ENSG00000137200.14.novel3	ENSG00000137200.14	ENST00000373451.9	NMD+/PTC+	chr6	train	4.35772179144935	0.99683774	0.65	trigger_nmd	trigger	0.65	trigger_nmd	trigger
ENSG00000137275.17.novel1	ENSG00000137275.17	ENST00000259808.9	NMD+/PTC+	chr6	train	5.85425490748385	0.95604974	0.65	trigger_nmd	trigger	0.65	trigger_nmd	trigger
ENSG00000137522.19.novel1	ENSG00000137522.19	ENST00000530137.1	NMD+/PTC+	chr11	train	3.24294292593669	0.79555404	0.65	trigger_nmd	trigger	0.65	trigger_nmd	trigger
ENSG00000137522.19.novel2	ENSG00000137522.19	ENST00000530137.1	Control	chr11	train	0.0420824088476238	0.8654119	0.2	50nt_rule	escape	0.2	50nt_rule	escape
ENSG00000137648.21.novel1	ENSG00000137648.21	ENST00000534111.5	NMD+/PTC+	""	""	2.24937538128864		0.65	trigger_nmd	trigger	0.65	trigger_nmd	trigger
ENSG00000137868.20.novel1	ENSG00000137868.20	ENST00000395105.9	NMD+/PTC-	chr15	train	1.80497113549838	0.29821035	0	last_exon	escape	0	last_exon	escape
ENSG00000137942.19.novel3	ENSG00000137942.19	ENST00000370253.6	NMD+/PTC+	chr1	test	2.53097576629957	0.97939235	0.65	trigger_nmd	trigger	0.65	trigger_nmd	trigger
ENSG00000137955.17.novel3	ENSG00000137955.17	ENST00000319942.8	NMD+/PTC+	chr1	test	1.98209024197636	0.8980616	0.65	trigger_nmd	trigger	0.65	trigger_nmd	trigger
ENSG00000137955.17.novel7	ENSG00000137955.17	ENST00000319942.8	Control	chr1	test	0.00958911044941211	0.8659126	0	last_exon	escape	0	last_exon	escape
ENSG00000137996.14.novel1	ENSG00000137996.14	ENST00000370128.9	NMD+/PTC+	chr1	test	3.90663559808922	0.641148	0.65	trigger_nmd	trigger	0.65	trigger_nmd	trigger
ENSG00000138018.19.novel1	ENSG00000138018.19	ENST00000260585.12	NMD+/PTC+	chr2	val	4.07718377737271	0.96839595	0.65	trigger_nmd	trigger	0.65	trigger_nmd	trigger
ENSG00000138018.19.novel3	ENSG00000138018.19	ENST00000260585.12	Control	chr2	val	0.0635555354752869	0.034088068	0	last_exon	escape	0	last_exon	escape
ENSG00000138035.16.novel3	ENSG00000138035.16	ENST00000447944.7	Control	chr2	val	0.0377003325267122	0.07537758	0	last_exon	escape	0	last_exon	escape
ENSG00000138035.16.novel6	ENSG00000138035.16	ENST00000447944.7	NMD+/PTC+	chr2	val	2.57738926648784	0.9916089	0.65	trigger_nmd	trigger	0.65	trigger_nmd	trigger
ENSG00000138074.16.novel4	ENSG00000138074.16	ENST00000310574.8	NMD+/PTC+	chr2	val	3.93240660088107	0.9202399	0.65	trigger_nmd	trigger	0.65	trigger_nmd	trigger
ENSG00000138131.5.novel1	ENSG00000138131.5	ENST00000260702.4	NMD+/PTC+	chr10	train	2.5364824143731	0.97425044	0.65	trigger_nmd	trigger	0.65	trigger_nmd	trigger
ENSG00000138138.15.novel2	ENSG00000138138.15	ENST00000852090.1	Control	chr10	train	-0.000241026551935343	0.09740109	0	last_exon	escape	0	last_exon	escape
ENSG00000138326.22.novel1	ENSG00000138326.22	ENST00000478655.6	NMD+/PTC+	chr10	train	2.45754985871459	0.72604805	0.12	start_proximal	escape	0.12	start_proximal	escape
ENSG00000138459.10.novel1	ENSG00000138459.10	ENST00000492406.6	Control	chr3	test	-0.0552543315642769	0.024044387	0	last_exon	escape	0	last_exon	escape
ENSG00000138459.10.novel9	ENSG00000138459.10	ENST00000492406.6	NMD+/PTC+	chr3	test	1.77288857820179	0.5447978	0.65	trigger_nmd	trigger	0.65	trigger_nmd	trigger
ENSG00000138617.17.novel1	ENSG00000138617.17	ENST00000261888.10	NMD+/PTC+	chr15	train	3.89265377752596	0.96008486	0.65	trigger_nmd	trigger	0.65	trigger_nmd	trigger
ENSG00000138642.17.novel3	ENSG00000138642.17	ENST00000264346.12	NMD+/PTC+	chr4	val	3.41962753146182	0.9281708	0.65	trigger_nmd	trigger	0.65	trigger_nmd	trigger
ENSG00000138668.21.novel1	ENSG00000138668.21	ENST00000894839.1	NMD+/PTC+	chr4	val	3.81352734937043	0.96885866	0.65	trigger_nmd	trigger	0.65	trigger_nmd	trigger
ENSG00000138678.12.novel2	ENSG00000138678.12	ENST00000264409.5	NMD+/PTC+	chr4	val	2.82429867297804	0.9484881	0.65	trigger_nmd	trigger	0.65	trigger_nmd	trigger
ENSG00000138750.17.novel2	ENSG00000138750.17	ENST00000869721.1	Control	chr4	val	0.0878020115313269	0.81735104	0	last_exon	escape	0	last_exon	escape
ENSG00000138785.17.novel2	ENSG00000138785.17	ENST00000451321.6	NMD+/PTC+	chr4	val	3.59346484873619	0.94234383	0.65	trigger_nmd	trigger	0.65	trigger_nmd	trigger
ENSG00000138801.10.novel1	ENSG00000138801.10	ENST00000265174.5	Control	chr4	val	-0.0361641410597845	0.7659643	0	last_exon	escape	0	last_exon	escape
ENSG00000138801.10.novel2	ENSG00000138801.10	ENST00000265174.5	NMD+/PTC+	chr4	val	1.52448614637199	0.63480717	0.65	trigger_nmd	trigger	0.65	trigger_nmd	trigger
ENSG00000138942.18.novel2	ENSG00000138942.18	ENST00000883459.1	NMD+/PTC+	chr22	train	1.07861458144723	0.79158324	0.65	trigger_nmd	trigger	0.65	trigger_nmd	trigger
ENSG00000139163.17.novel1	ENSG00000139163.17	ENST00000266517.9	NMD+/PTC+	chr12	train	4.72364923610657	0.9798054	0.65	trigger_nmd	trigger	0.65	trigger_nmd	trigger
ENSG00000139372.15.novel10	ENSG00000139372.15	ENST00000392872.8	NMD+/PTC+	chr12	train	3.73908644427046	0.94926316	0.65	trigger_nmd	trigger	0.65	trigger_nmd	trigger
ENSG00000139505.14.novel1	ENSG00000139505.14	ENST00000381801.6	Control	chr13	train	-0.0211894139119339	0.0528406	0	last_exon	escape	0	last_exon	escape
ENSG00000139505.14.novel2	ENSG00000139505.14	ENST00000381801.6	NMD+/PTC+	chr13	train	4.03153768957081	0.7940009	0.65	trigger_nmd	trigger	0.65	trigger_nmd	trigger
ENSG00000139620.14.novel1	ENSG00000139620.14	ENST00000420613.7	NMD+/PTC+	chr12	train	3.52200841724022	0.9775548	0.65	trigger_nmd	trigger	0.65	trigger_nmd	trigger
ENSG00000139620.14.novel2	ENSG00000139620.14	ENST00000420613.7	Control	chr12	train	-0.0468920696433691	0.03141213	0	last_exon	escape	0	last_exon	escape
ENSG00000139626.17.novel1	ENSG00000139626.17	ENST00000267082.10	NMD+/PTC+	chr12	train	3.79712215363939	0.8641571	0.65	trigger_nmd	trigger	0.65	trigger_nmd	trigger
ENSG00000139636.17.novel1	ENSG00000139636.17	ENST00000267102.13	NMD+/PTC+	chr12	train	3.32473686397143	0.94467133	0.65	trigger_nmd	trigger	0.65	trigger_nmd	trigger
ENSG00000139651.12.novel1	ENSG00000139651.12	ENST00000416904.5	Control	""	""	0.14572466030055		0	last_exon	escape	0	last_exon	escape
ENSG00000139651.12.novel2	ENSG00000139651.12	ENST00000416904.5	NMD+/PTC+	chr12	train	1.42171708952543	0.45575905	0.65	trigger_nmd	trigger	0.65	trigger_nmd	trigger
ENSG00000140299.15.novel1	ENSG00000140299.15	ENST00000607373.6	NMD+/PTC+	chr15	train	4.00379897765703	0.9849722	0.65	trigger_nmd	trigger	0.65	trigger_nmd	trigger
ENSG00000140400.19.novel1	ENSG00000140400.19	ENST00000267978.10	NMD+/PTC+	chr15	train	2.2973002948066	0.93057317	0.41	long_exon	escape	0.41	long_exon	escape
ENSG00000140416.27.novel3	ENSG00000140416.27	ENST00000358278.7	NMD+/PTC+	chr15	train	4.95125567990431	0.989944	0.65	trigger_nmd	trigger	0.65	trigger_nmd	trigger
ENSG00000140471.18.novel14	ENSG00000140471.18	ENST00000561308.5	NMD+/PTC+	chr15	train	3.32596130339878	0.94977355	0.65	trigger_nmd	trigger	0.65	trigger_nmd	trigger
ENSG00000140471.18.novel2	ENSG00000140471.18	ENST00000561308.5	Control	chr15	train	0.073703571247127	0.27034226	0	last_exon	escape	0	last_exon	escape
ENSG00000140521.18.novel32	ENSG00000140521.18	ENST00000268124.11	NMD+/PTC+	chr15	train	4.1468522713403	0.9001188	0.65	trigger_nmd	trigger	0.65	trigger_nmd	trigger
ENSG00000140521.18.novel33	ENSG00000140521.18	ENST00000268124.11	Control	chr15	train	-0.0100521962554176	0.0627286	0	last_exon	escape	0	last_exon	escape
ENSG00000140563.17.novel1	ENSG00000140563.17	ENST00000357742.10	Control	chr15	train	-0.0377284519874834	0.064727925	0	last_exon	escape	0	last_exon	escape
ENSG00000140563.17.novel4	ENSG00000140563.17	ENST00000357742.10	NMD+/PTC+	chr15	train	2.18885201606762	0.95106864	0.65	trigger_nmd	trigger	0.65	trigger_nmd	trigger
ENSG00000140598.17.novel2	ENSG00000140598.17	ENST00000268206.12	NMD+/PTC+	chr15	train	3.99761747313524	0.9673953	0.65	trigger_nmd	trigger	0.65	trigger_nmd	trigger
ENSG00000140598.17.novel50	ENSG00000140598.17	ENST00000268206.12	Control	""	""	0.0763860475400524		0	last_exon	escape	0	last_exon	escape
ENSG00000140829.13.novel1	ENSG00000140829.13	ENST00000268482.8	NMD+/PTC+	chr16	train	2.88176647981526	0.9824523	0.65	trigger_nmd	trigger	0.65	trigger_nmd	trigger
ENSG00000140829.13.novel2	ENSG00000140829.13	ENST00000268482.8	Control	chr16	train	0.0161576941638315	0.08686371	0	last_exon	escape	0	last_exon	escape
ENSG00000140854.14.novel4	ENSG00000140854.14	ENST00000379661.8	NMD+/PTC+	chr16	train	3.91209285010335	0.97480845	0.65	trigger_nmd	trigger	0.65	trigger_nmd	trigger
ENSG00000140983.16.novel1	ENSG00000140983.16	ENST00000315082.9	NMD+/PTC+	chr16	train	2.54933280072065	0.9963102	0.65	trigger_nmd	trigger	0.65	trigger_nmd	trigger
ENSG00000140983.16.novel2	ENSG00000140983.16	ENST00000315082.9	Control	chr16	train	-0.0143682084203435	0.05426777	0	last_exon	escape	0	last_exon	escape
ENSG00000140992.21.novel1	ENSG00000140992.21	ENST00000342085.9	NMD+/PTC+	chr16	train	3.06420871758026	0.988189	0.65	trigger_nmd	trigger	0.65	trigger_nmd	trigger
ENSG00000140995.18.novel5	ENSG00000140995.18	ENST00000418391.6	NMD+/PTC+	chr16	train	2.33581473308759	0.82411337	0.65	trigger_nmd	trigger	0.65	trigger_nmd	trigger
ENSG00000141198.17.novel5	ENSG00000141198.17	ENST00000575882.6	NMD+/PTC+	chr17	train	4.29983028736733	0.99113387	0.65	trigger_nmd	trigger	0.65	trigger_nmd	trigger
ENSG00000141447.20.novel23	ENSG00000141447.20	ENST00000399443.7	NMD+/PTC+	""	""	1.2657496105232		0.65	trigger_nmd	trigger	0.65	trigger_nmd	trigger
ENSG00000141452.12.novel1	ENSG00000141452.12	ENST00000269221.8	NMD+/PTC+	chr18	train	1.8603182293939	0.9889976	0.65	trigger_nmd	trigger	0.65	trigger_nmd	trigger
ENSG00000141526.19.novel1	ENSG00000141526.19	ENST00000584689.6	NMD+/PTC-	chr17	train	2.32249271276703	0.06522726	0	last_exon	escape	0	last_exon	escape
ENSG00000142002.20.novel1	ENSG00000142002.20	ENST00000262960.14	NMD+/PTC+	chr19	train	3.77593067344232	0.88434935	0.65	trigger_nmd	trigger	0.65	trigger_nmd	trigger
ENSG00000142224.18.novel1	ENSG00000142224.18	ENST00000340758.7	Control	chr1	test	-0.0456560690000558	0.07077762	0	last_exon	escape	0	last_exon	escape
ENSG00000142224.18.novel2	ENSG00000142224.18	ENST00000340758.7	NMD+/PTC+	chr1	test	3.99178677646338	0.59380436	0.41	long_exon	escape	0.41	long_exon	escape
ENSG00000142273.14.novel1	ENSG00000142273.14	ENST00000647358.2	NMD+/PTC+	chr19	train	3.87633191787884	0.9756948	0.65	trigger_nmd	trigger	0.65	trigger_nmd	trigger
ENSG00000142552.9.novel1	ENSG00000142552.9	ENST00000270645.8	NMD+/PTC+	chr19	train	3.66452234431963	0.9624777	0.65	trigger_nmd	trigger	0.65	trigger_nmd	trigger
ENSG00000142687.20.novel2	ENSG00000142687.20	ENST00000469892.7	NMD+/PTC+	chr1	test	2.7893920718594	0.90306383	0.65	trigger_nmd	trigger	0.65	trigger_nmd	trigger
ENSG00000142765.19.novel2	ENSG00000142765.19	ENST00000318074.9	NMD+/PTC+	chr1	test	3.27736436683258	0.93451744	0.65	trigger_nmd	trigger	0.65	trigger_nmd	trigger
ENSG00000142892.16.novel1	ENSG00000142892.16	ENST00000370812.8	NMD+/PTC+	chr1	test	3.52076442049425	0.9834517	0.65	trigger_nmd	trigger	0.65	trigger_nmd	trigger
ENSG00000142892.16.novel5	ENSG00000142892.16	ENST00000370812.8	Control	chr1	test	0.0141506768038437	0.11836917	0	last_exon	escape	0	last_exon	escape
ENSG00000142920.19.novel2	ENSG00000142920.19	ENST00000910998.1	NMD+/PTC+	chr1	test	1.5125387593474	0.87280005	0.65	trigger_nmd	trigger	0.65	trigger_nmd	trigger
ENSG00000142945.14.novel1	ENSG00000142945.14	ENST00000372224.9	Control	chr1	test	-0.00762787751594971	0.07586176	0	last_exon	escape	0	last_exon	escape
ENSG00000142945.14.novel9	ENSG00000142945.14	ENST00000372224.9	NMD+/PTC+	chr1	test	2.62204636649636	0.9758428	0.65	trigger_nmd	trigger	0.65	trigger_nmd	trigger
ENSG00000143156.15.novel2	ENSG00000143156.15	ENST00000367811.8	NMD+/PTC+	chr1	test	4.54822821907706	0.93935233	0.65	trigger_nmd	trigger	0.65	trigger_nmd	trigger
ENSG00000143303.13.novel1	ENSG00000143303.13	ENST00000368216.9	NMD+/PTC+	chr1	test	2.0909993627058	0.88611835	0.41	long_exon	escape	0.41	long_exon	escape
ENSG00000143303.13.novel3	ENSG00000143303.13	ENST00000368216.9	Control	chr1	test	0.0480823668315402	0.08403215	0	last_exon	escape	0	last_exon	escape
ENSG00000143367.18.novel60	ENSG00000143367.18	ENST00000368848.6	NMD+/PTC+	chr1	test	2.50873493970133	0.8768129	0.65	trigger_nmd	trigger	0.65	trigger_nmd	trigger
ENSG00000143418.21.novel9	ENSG00000143418.21	ENST00000368954.10	NMD+/PTC+	chr1	test	2.02894714521365	0.9616736	0.65	trigger_nmd	trigger	0.65	trigger_nmd	trigger
ENSG00000143437.22.novel53	ENSG00000143437.22	ENST00000505755.5	NMD+/PTC+	chr1	test	2.1654577107412	0.9966757	0.65	trigger_nmd	trigger	0.65	trigger_nmd	trigger
ENSG00000143498.19.novel4	ENSG00000143498.19	ENST00000352967.9	Control	chr1	test	0.0595463467765027	0.024831668	0	last_exon	escape	0	last_exon	escape
ENSG00000143578.17.novel3	ENSG00000143578.17	ENST00000368607.8	NMD+/PTC+	chr1	test	2.0896478389141	0.88716066	0.65	trigger_nmd	trigger	0.65	trigger_nmd	trigger
ENSG00000143774.19.novel2	ENSG00000143774.19	ENST00000312726.9	Control	chr1	test	-0.024255291217969	0.18521608	0	last_exon	escape	0	last_exon	escape
ENSG00000143774.19.novel4	ENSG00000143774.19	ENST00000312726.9	NMD+/PTC-	""	""	0.573136571698086		0	last_exon	escape	0	last_exon	escape
ENSG00000143797.13.novel1	ENSG00000143797.13	ENST00000305997.8	NMD+/PTC+	chr2	val	1.35104585149401	0.30609047	0.65	trigger_nmd	trigger	0.65	trigger_nmd	trigger
ENSG00000143797.13.novel7	ENSG00000143797.13	ENST00000305997.8	Control	chr2	val	-0.0346733155105548	0.31811926	0	last_exon	escape	0	last_exon	escape
ENSG00000143801.19.novel7	ENSG00000143801.19	ENST00000422240.6	NMD+/PTC+	chr1	test	2.62296099860086	0.92108464	0.65	trigger_nmd	trigger	0.65	trigger_nmd	trigger
ENSG00000143811.21.novel1	ENSG00000143811.21	ENST00000343818.11	NMD+/PTC+	""	""	1.04899985720818		0.41	long_exon	escape	0.41	long_exon	escape
ENSG00000143811.21.novel8	ENSG00000143811.21	ENST00000343818.11	Control	chr1	test_paralog	0.363826248609651	0.21452542	0	last_exon	escape	0	last_exon	escape
ENSG00000143845.15.novel2	ENSG00000143845.15	ENST00000367202.9	NMD+/PTC+	""	""	0.837171293454038		0.65	trigger_nmd	trigger	0.65	trigger_nmd	trigger
ENSG00000144118.15.novel1	ENSG00000144118.15	ENST00000272519.10	NMD+/PTC+	chr2	val	3.65991190600015	0.81892234	0.65	trigger_nmd	trigger	0.65	trigger_nmd	trigger
ENSG00000144134.20.novel3	ENSG00000144134.20	ENST00000393167.7	NMD+/PTC+	chr2	val	3.2431077616228	0.98178744	0.65	trigger_nmd	trigger	0.65	trigger_nmd	trigger
ENSG00000144134.20.novel66	ENSG00000144134.20	ENST00000393167.7	Control	chr2	val	-0.0265177652436659	0.085132405	0	last_exon	escape	0	last_exon	escape
ENSG00000144645.17.novel1	ENSG00000144645.17	ENST00000438237.6	Control	""	""	-0.0360820913472562		0	last_exon	escape	0	last_exon	escape
ENSG00000144645.17.novel4	ENSG00000144645.17	ENST00000438237.6	NMD+/PTC+	chr3	test	4.04720148819419	0.96308887	0.65	trigger_nmd	trigger	0.65	trigger_nmd	trigger
ENSG00000144681.12.novel1	ENSG00000144681.12	ENST00000273183.8	Control	chr3	test	-0.067202122446042	0.06333627	0	last_exon	escape	0	last_exon	escape
ENSG00000144681.12.novel3	ENSG00000144681.12	ENST00000273183.8	NMD+/PTC+	chr3	test	2.15202472365474	0.95455474	0.65	trigger_nmd	trigger	0.65	trigger_nmd	trigger
ENSG00000144744.19.novel4	ENSG00000144744.19	ENST00000361055.9	NMD+/PTC+	chr3	test	4.9176845614831	0.9944239	0.65	trigger_nmd	trigger	0.65	trigger_nmd	trigger
ENSG00000145386.12.novel11	ENSG00000145386.12	ENST00000274026.10	Control	chr4	val	-0.104583405393189	0.095227376	0	last_exon	escape	0	last_exon	escape
ENSG00000145386.12.novel2	ENSG00000145386.12	ENST00000274026.10	NMD+/PTC+	chr4	val	3.20671472905591	0.95402074	0.65	trigger_nmd	trigger	0.65	trigger_nmd	trigger
ENSG00000145414.10.novel2	ENSG00000145414.10	ENST00000274054.3	Control	chr4	val	-0.0811244590002216	0.020855801	0	last_exon	escape	0	last_exon	escape
ENSG00000145723.18.novel4	ENSG00000145723.18	ENST00000399004.7	NMD+/PTC+	chr5	test	2.68672541508112	0.469474	0.65	trigger_nmd	trigger	0.65	trigger_nmd	trigger
ENSG00000145740.21.novel3	ENSG00000145740.21	ENST00000380860.8	NMD+/PTC+	chr5	test	2.83333122586252	0.96255267	0.65	trigger_nmd	trigger	0.65	trigger_nmd	trigger
ENSG00000145782.14.novel1	ENSG00000145782.14	ENST00000509910.2	Control	chr5	test	-0.028489754166608	0.5507422	0.41	long_exon	escape	0.41	long_exon	escape
ENSG00000145908.14.novel2	ENSG00000145908.14	ENST00000427179.5	NMD+/PTC-	chr5	test	2.27863427253596	0.63233477	0	last_exon	escape	0	last_exon	escape
ENSG00000145908.14.novel4	ENSG00000145908.14	ENST00000427179.5	Control	chr5	test	0.127930687627791	0.17941977	0	last_exon	escape	0	last_exon	escape
ENSG00000145919.12.novel1	ENSG00000145919.12	ENST00000311086.9	NMD+/PTC+	chr5	test	3.87688295118572	0.9342251	0.65	trigger_nmd	trigger	0.65	trigger_nmd	trigger
ENSG00000146054.19.novel30	ENSG00000146054.19	ENST00000334421.5	NMD+/PTC+	chr5	test	1.85816717006444	0.19082032	0.41	long_exon	escape	0.41	long_exon	escape
ENSG00000146232.18.novel1	ENSG00000146232.18	ENST00000619360.6	NMD+/PTC+	chr6	train	3.239174392936	0.9482876	0.65	trigger_nmd	trigger	0.65	trigger_nmd	trigger
ENSG00000146232.18.novel24	ENSG00000146232.18	ENST00000619360.6	Control	chr6	train	0.0635920193272722	0.16773343	0	last_exon	escape	0	last_exon	escape
ENSG00000146476.12.novel2	ENSG00000146476.12	ENST00000367294.4	Control	chr6	train	-0.0584870531499202	0.03534888	0	last_exon	escape	0	last_exon	escape
ENSG00000146574.17.novel1	ENSG00000146574.17	ENST00000316731.13	Control	chr7	test	0.0151083032700991	0.053014215	0	last_exon	escape	0	last_exon	escape
ENSG00000146574.17.novel11	ENSG00000146574.17	ENST00000316731.13	NMD+/PTC+	chr7	test	2.34450719499953	0.97709787	0.65	trigger_nmd	trigger	0.65	trigger_nmd	trigger
ENSG00000146909.9.novel1	ENSG00000146909.9	ENST00000275820.4	Control	chr7	test	-0.0397597653309724	0.044007637	0	last_exon	escape	0	last_exon	escape
ENSG00000146909.9.novel3	ENSG00000146909.9	ENST00000275820.4	NMD+/PTC+	chr7	test	3.29941563906516	0.91501135	0.65	trigger_nmd	trigger	0.41	long_exon	escape
ENSG00000146918.21.novel1	ENSG00000146918.21	ENST00000356309.8	Control	chr7	test	-0.0746481385832858	0.06470957	0	last_exon	escape	0	last_exon	escape
ENSG00000146918.21.novel4	ENSG00000146918.21	ENST00000356309.8	NMD+/PTC+	chr7	test	3.16290344307198	0.99407357	0.65	trigger_nmd	trigger	0.65	trigger_nmd	trigger
ENSG00000147421.19.novel3	ENSG00000147421.19	ENST00000887447.1	Control	chr8	train	-0.0280882681109197	0.41177088	0.2	50nt_rule	escape	0.2	50nt_rule	escape
ENSG00000147421.19.novel5	ENSG00000147421.19	ENST00000887447.1	NMD+/PTC+	chr8	train	1.63955414733808	0.7657772	0.65	trigger_nmd	trigger	0.65	trigger_nmd	trigger
ENSG00000147475.18.novel2	ENSG00000147475.18	ENST00000648919.1	NMD+/PTC+	chr8	train	1.99072386503318	0.977966	0.65	trigger_nmd	trigger	0.65	trigger_nmd	trigger
ENSG00000147576.18.novel1	ENSG00000147576.18	ENST00000396623.8	Control	chr8	train	0.0653036650721424	0.25025633	0	last_exon	escape	0	last_exon	escape
ENSG00000147576.18.novel2	ENSG00000147576.18	ENST00000396623.8	NMD+/PTC+	chr8	train	2.28567826295599	0.7974808	0.65	trigger_nmd	trigger	0.65	trigger_nmd	trigger
ENSG00000147654.17.novel34	ENSG00000147654.17	ENST00000337573.10	NMD+/PTC+	chr8	train	2.88610592470584	0.9352695	0.65	trigger_nmd	trigger	0.65	trigger_nmd	trigger
ENSG00000147854.19.novel1	ENSG00000147854.19	ENST00000276893.10	NMD+/PTC+	chr9	train	2.81143837747125	0.99608684	0.65	trigger_nmd	trigger	0.65	trigger_nmd	trigger
ENSG00000148110.18.novel1	ENSG00000148110.18	ENST00000375344.8	Control	chr9	train	0.0026143802134018	0.8828278	0.2	50nt_rule	escape	0.2	50nt_rule	escape
ENSG00000148110.18.novel2	ENSG00000148110.18	ENST00000375344.8	NMD+/PTC+	chr9	train	1.7110034967104	0.95110446	0.65	trigger_nmd	trigger	0.65	trigger_nmd	trigger
ENSG00000148154.11.novel1	ENSG00000148154.11	ENST00000374279.4	Control	chr9	train	-0.0341433087243266	0.066009186	0	last_exon	escape	0	last_exon	escape
ENSG00000148154.11.novel5	ENSG00000148154.11	ENST00000374279.4	NMD+/PTC+	chr9	train	3.87384551794083	0.96803766	0.65	trigger_nmd	trigger	0.65	trigger_nmd	trigger
ENSG00000148634.17.novel2	ENSG00000148634.17	ENST00000373700.9	NMD+/PTC+	chr10	train	4.82012375697395	0.92346853	0.65	trigger_nmd	trigger	0.65	trigger_nmd	trigger
ENSG00000148660.23.novel2	ENSG00000148660.23	ENST00000322680.7	Control	chr10	train	-0.0165683935221959	0.0652916	0.2	50nt_rule	escape	0.2	50nt_rule	escape
ENSG00000148660.23.novel4	ENSG00000148660.23	ENST00000322680.7	NMD+/PTC+	chr10	train	2.19574717870715	0.9975719	0.65	trigger_nmd	trigger	0.65	trigger_nmd	trigger
ENSG00000148803.14.novel1	ENSG00000148803.14	ENST00000278025.9	NMD+/PTC-	chr10	train	1.74977955057183	0.27587152	0	last_exon	escape	0	last_exon	escape
ENSG00000148814.19.novel7	ENSG00000148814.19	ENST00000368614.8	NMD+/PTC+	chr10	train	1.86836900341187	0.15420724	0.65	trigger_nmd	trigger	0.65	trigger_nmd	trigger
ENSG00000148832.17.novel4	ENSG00000148832.17	ENST00000278060.10	Control	chr10	train	-0.0549829436747253	0.8302917	0	last_exon	escape	0	last_exon	escape
ENSG00000148908.16.novel7	ENSG00000148908.16	ENST00000369103.3	NMD+/PTC+	chr10	train	2.27031683523021	0.77201873	0.41	long_exon	escape	0.41	long_exon	escape
ENSG00000149182.16.novel44	ENSG00000149182.16	ENST00000525314.6	NMD+/PTC+	chr11	train	2.61312505858329	0.98288685	0.65	trigger_nmd	trigger	0.65	trigger_nmd	trigger
ENSG00000149243.18.novel1	ENSG00000149243.18	ENST00000376292.8	NMD+/PTC+	chr11	train	2.53685644834311	0.89504415	0.65	trigger_nmd	trigger	0.65	trigger_nmd	trigger
ENSG00000149243.18.novel3	ENSG00000149243.18	ENST00000376292.8	Control	""	""	0.275953232917961		0	last_exon	escape	0	last_exon	escape
ENSG00000149269.11.novel4	ENSG00000149269.11	ENST00000873307.1	NMD+/PTC+	chr11	train	3.97408213131428	0.98807496	0.65	trigger_nmd	trigger	0.65	trigger_nmd	trigger
ENSG00000149564.13.novel1	ENSG00000149564.13	ENST00000278927.10	NMD+/PTC+	chr11	train	2.31801776791112	0.8140451	0.65	trigger_nmd	trigger	0.65	trigger_nmd	trigger
ENSG00000149930.19.novel2	ENSG00000149930.19	ENST00000279394.7	NMD+/PTC+	chr16	train	2.1757065323404	0.8295374	0.65	trigger_nmd	trigger	0.65	trigger_nmd	trigger
ENSG00000150401.16.novel2	ENSG00000150401.16	ENST00000478244.6	Control	chr13	train	0.138186469082544	0.14270514	0	last_exon	escape	0	last_exon	escape
ENSG00000150403.19.novel2	ENSG00000150403.19	ENST00000434316.7	NMD+/PTC+	chr13	train	3.27463496166097	0.96421146	0.65	trigger_nmd	trigger	0.65	trigger_nmd	trigger
ENSG00000150477.16.novel1	ENSG00000150477.16	ENST00000280020.10	Control	chr18	train	-0.000182787037019261	0.15270548	0	last_exon	escape	0	last_exon	escape
ENSG00000150477.16.novel7	ENSG00000150477.16	ENST00000280020.10	NMD+/PTC+	""	""	2.68849605880907		0.65	trigger_nmd	trigger	0.65	trigger_nmd	trigger
ENSG00000150776.19.novel9	ENSG00000150776.19	ENST00000530104.2	Control	chr11	train	0.0350666880304022	0.14667116	0	last_exon	escape	0	last_exon	escape
ENSG00000151092.19.novel2	ENSG00000151092.19	ENST00000280700.10	NMD+/PTC+	chr3	test	4.29432760550035	0.9793874	0.65	trigger_nmd	trigger	0.65	trigger_nmd	trigger
ENSG00000151445.17.novel1	ENSG00000151445.17	ENST00000343765.6	Control	chr14	train	0.0231404156302442	0.48071226	0	last_exon	escape	0	last_exon	escape
ENSG00000151445.17.novel2	ENSG00000151445.17	ENST00000343765.6	NMD+/PTC+	chr14	train	4.7957432564437	0.9927053	0.65	trigger_nmd	trigger	0.65	trigger_nmd	trigger
ENSG00000151575.16.novel1	ENSG00000151575.16	ENST00000696102.1	Control	chr15	train	0.202420165876102	0.3475103	0	last_exon	escape	0	last_exon	escape
ENSG00000151575.16.novel5	ENSG00000151575.16	ENST00000696102.1	NMD+/PTC+	chr15	train	1.94150269239791	0.8117938	0.65	trigger_nmd	trigger	0.65	trigger_nmd	trigger
ENSG00000151576.11.novel1	ENSG00000151576.11	ENST00000485050.5	NMD+/PTC+	chr3	test	3.60279468939861	0.6379105	0.65	trigger_nmd	trigger	0.65	trigger_nmd	trigger
ENSG00000151651.17.novel2	ENSG00000151651.17	ENST00000445355.8	NMD+/PTC+	chr10	train	3.74931430910591	0.98137754	0.65	trigger_nmd	trigger	0.65	trigger_nmd	trigger
ENSG00000151689.14.novel1	ENSG00000151689.14	ENST00000392329.7	NMD+/PTC+	chr2	val	2.71198073226295	0.9426155	0.65	trigger_nmd	trigger	0.65	trigger_nmd	trigger
ENSG00000151689.14.novel3	ENSG00000151689.14	ENST00000392329.7	Control	chr2	val	-0.0849113227989777	0.1000889	0	last_exon	escape	0	last_exon	escape
ENSG00000151693.12.novel61	ENSG00000151693.12	ENST00000315273.4	NMD+/PTC+	chr2	val	2.70232652188499	0.9255926	0.65	trigger_nmd	trigger	0.65	trigger_nmd	trigger
ENSG00000151715.9.novel1	ENSG00000151715.9	ENST00000281441.8	NMD+/PTC+	chr11	train	5.04983941470332	0.8448955	0.65	trigger_nmd	trigger	0.65	trigger_nmd	trigger
ENSG00000151718.17.novel1	ENSG00000151718.17	ENST00000403733.8	NMD+/PTC+	chr4	val	2.56575162641486	0.63780713	0.65	trigger_nmd	trigger	0.65	trigger_nmd	trigger
ENSG00000151718.17.novel3	ENSG00000151718.17	ENST00000403733.8	Control	chr4	val	0.0868073757286629	0.044793498	0	last_exon	escape	0	last_exon	escape
ENSG00000151743.11.novel3	ENSG00000151743.11	ENST00000281471.11	NMD+/PTC+	chr12	train	2.63986218120991	0.93414986	0.65	trigger_nmd	trigger	0.65	trigger_nmd	trigger
ENSG00000151876.14.novel1	ENSG00000151876.14	ENST00000281623.8	Control	chr5	test	0.121463653907294	0.68781745	0	last_exon	escape	0	last_exon	escape
ENSG00000151876.14.novel5	ENSG00000151876.14	ENST00000281623.8	NMD+/PTC+	chr5	test	2.62751174625917	0.733636	0.41	long_exon	escape	0.41	long_exon	escape
ENSG00000151923.19.novel3	ENSG00000151923.19	ENST00000436547.7	NMD+/PTC+	chr10	train	4.12339662109366	0.97131956	0.65	trigger_nmd	trigger	0.65	trigger_nmd	trigger
ENSG00000152256.15.novel3	ENSG00000152256.15	ENST00000410055.5	NMD+/PTC+	chr2	val	3.33487816277042	0.9811529	0.65	trigger_nmd	trigger	0.65	trigger_nmd	trigger
ENSG00000152465.19.novel8	ENSG00000152465.19	ENST00000378150.1	NMD+/PTC+	chr10	train	3.51661393166862	0.9543884	0.65	trigger_nmd	trigger	0.65	trigger_nmd	trigger
ENSG00000152700.15.novel1	ENSG00000152700.15	ENST00000402673.7	NMD+/PTC+	chr5	test_paralog	4.7969797277823	0.5968491	0.65	trigger_nmd	trigger	0.65	trigger_nmd	trigger
ENSG00000153066.14.novel1	ENSG00000153066.14	ENST00000283033.10	NMD+/PTC+	chr16	train	2.3285638383574	0.99569255	0.65	trigger_nmd	trigger	0.65	trigger_nmd	trigger
ENSG00000153066.14.novel11	ENSG00000153066.14	ENST00000283033.10	Control	chr16	train	0.0293919487636377	0.02604284	0	last_exon	escape	0	last_exon	escape
ENSG00000153071.16.novel3	ENSG00000153071.16	ENST00000320816.11	NMD+/PTC+	chr5	test	3.79195074194031	0.8258258	0.41	long_exon	escape	0.41	long_exon	escape
ENSG00000153071.16.novel36	ENSG00000153071.16	ENST00000320816.11	Control	chr5	test	0.0454901500463252	0.25634342	0	last_exon	escape	0	last_exon	escape
ENSG00000153574.10.novel1	ENSG00000153574.10	ENST00000283646.5	NMD+/PTC+	chr2	val	2.54865159934865	0.9885195	0.65	trigger_nmd	trigger	0.65	trigger_nmd	trigger
ENSG00000153786.14.novel4	ENSG00000153786.14	ENST00000313732.9	NMD+/PTC+	chr16	train	2.78065756437705	0.88366544	0.65	trigger_nmd	trigger	0.65	trigger_nmd	trigger
ENSG00000154001.15.novel1	ENSG00000154001.15	ENST00000887187.1	NMD+/PTC+	chr14	train	2.72954365409118	0.7999817	0.65	trigger_nmd	trigger	0.65	trigger_nmd	trigger
ENSG00000154001.15.novel4	ENSG00000154001.15	ENST00000887187.1	Control	chr14	train	-0.0327758183301865	0.092096716	0	last_exon	escape	0	last_exon	escape
ENSG00000154114.14.novel7	ENSG00000154114.14	ENST00000422003.6	NMD+/PTC+	chr11	train	2.53874374469569	0.8608783	0.65	trigger_nmd	trigger	0.65	trigger_nmd	trigger
ENSG00000154277.14.novel1	ENSG00000154277.14	ENST00000284440.9	Control	chr4	val	-0.0779794954053657	0.7026228	0	last_exon	escape	0	last_exon	escape
ENSG00000154277.14.novel4	ENSG00000154277.14	ENST00000284440.9	NMD+/PTC-	chr4	val	1.52178496281278	0.038153246	0	last_exon	escape	0	last_exon	escape
ENSG00000154553.17.novel2	ENSG00000154553.17	ENST00000284771.7	NMD+/PTC+	chr4	val	3.70334074536806	0.89949685	0.41	long_exon	escape	0.41	long_exon	escape
ENSG00000154640.16.novel1	ENSG00000154640.16	ENST00000348354.7	NMD+/PTC+	chr21	train	3.10907445426063	0.95305616	0.65	trigger_nmd	trigger	0.65	trigger_nmd	trigger
ENSG00000154655.17.novel1	ENSG00000154655.17	ENST00000317931.12	NMD+/PTC+	chr18	train	2.37194959044345	0.9113623	0.65	trigger_nmd	trigger	0.65	trigger_nmd	trigger
ENSG00000154655.17.novel2	ENSG00000154655.17	ENST00000317931.12	Control	chr18	train	0.0121834451282439	0.055392217	0	last_exon	escape	0	last_exon	escape
ENSG00000154710.19.novel1	ENSG00000154710.19	ENST00000284957.9	NMD+/PTC+	chr7	test	5.06728188928519	0.9603657	0.65	trigger_nmd	trigger	0.65	trigger_nmd	trigger
ENSG00000154719.15.novel2	ENSG00000154719.15	ENST00000352957.9	Control	chr21	train	-0.0400869151642658	0.028520796	0	last_exon	escape	0	last_exon	escape
ENSG00000154719.15.novel62	ENSG00000154719.15	ENST00000352957.9	NMD+/PTC+	chr21	train	4.17973916297265	0.9785986	0.65	trigger_nmd	trigger	0.65	trigger_nmd	trigger
ENSG00000154845.17.novel1	ENSG00000154845.17	ENST00000400555.7	NMD+/PTC+	chr18	train	6.09858663787917	0.9945803	0.65	trigger_nmd	trigger	0.65	trigger_nmd	trigger
ENSG00000155016.19.novel1	ENSG00000155016.19	ENST00000908819.1	NMD+/PTC+	chr4	val	2.34398989428051	0.95764714	0.65	trigger_nmd	trigger	0.65	trigger_nmd	trigger
ENSG00000155256.19.novel2	ENSG00000155256.19	ENST00000891775.1	NMD+/PTC+	chr10	train	1.91876287914892	0.96907914	0.65	trigger_nmd	trigger	0.65	trigger_nmd	trigger
ENSG00000155275.20.novel1	ENSG00000155275.20	ENST00000389737.5	NMD+/PTC+	chr4	val	3.76284208121218	0.9812765	0.65	trigger_nmd	trigger	0.65	trigger_nmd	trigger
ENSG00000155275.20.novel69	ENSG00000155275.20	ENST00000389737.5	Control	chr4	val	-0.0794594608990351	0.041949473	0	last_exon	escape	0	last_exon	escape
ENSG00000155367.17.novel2	ENSG00000155367.17	ENST00000309276.11	NMD+/PTC+	chr1	test	3.60288346012035	0.9475337	0.65	trigger_nmd	trigger	0.65	trigger_nmd	trigger
ENSG00000155367.17.novel8	ENSG00000155367.17	ENST00000309276.11	Control	chr1	test	0.0275263804161663	0.027417026	0	last_exon	escape	0	last_exon	escape
ENSG00000155438.13.novel1	ENSG00000155438.13	ENST00000285814.9	NMD+/PTC+	chr2	val	2.53026922733246	0.93695116	0.65	trigger_nmd	trigger	0.65	trigger_nmd	trigger
ENSG00000155666.13.novel3	ENSG00000155666.13	ENST00000286096.9	NMD+/PTC+	chr16	train	2.44104854960305	0.93188936	0.65	trigger_nmd	trigger	0.65	trigger_nmd	trigger
ENSG00000155729.14.novel1	ENSG00000155729.14	ENST00000359878.8	NMD+/PTC+	chr2	val	4.11087806703633	0.9213749	0.65	trigger_nmd	trigger	0.65	trigger_nmd	trigger
ENSG00000155729.14.novel2	ENSG00000155729.14	ENST00000359878.8	Control	chr2	val	-0.0490707425487044	0.053368643	0	last_exon	escape	0	last_exon	escape
ENSG00000156162.17.novel2	ENSG00000156162.17	ENST00000414645.6	Control	chr8	train	0.026534024321751	0.41604912	0	last_exon	escape	0	last_exon	escape
ENSG00000156162.17.novel7	ENSG00000156162.17	ENST00000414645.6	NMD+/PTC+	chr8	train	2.99971515825459	0.982947	0.65	trigger_nmd	trigger	0.65	trigger_nmd	trigger
ENSG00000156171.16.novel3	ENSG00000156171.16	ENST00000484310.6	NMD+/PTC+	chr1	test	2.37347070590772	0.67745495	0.65	trigger_nmd	trigger	0.65	trigger_nmd	trigger
ENSG00000156232.8.novel14	ENSG00000156232.8	ENST00000286760.5	NMD+/PTC-	chr15	train	1.55452226853092	0.08104271	0	last_exon	escape	0	last_exon	escape
ENSG00000156232.8.novel7	ENSG00000156232.8	ENST00000286760.5	Control	chr15	train	-0.0127866584137599	0.04397216	0	last_exon	escape	0	last_exon	escape
ENSG00000156469.10.novel1	ENSG00000156469.10	ENST00000287025.4	NMD+/PTC-	chr8	train	2.77510209122956	0.09046425	0	last_exon	escape	0	last_exon	escape
ENSG00000156469.10.novel5	ENSG00000156469.10	ENST00000287025.4	Control	chr8	train	-0.0470553927049222	0.044545803	0	last_exon	escape	0	last_exon	escape
ENSG00000156502.15.novel1	ENSG00000156502.15	ENST00000359655.9	Control	chr10	train	0.111490392782917	0.93508905	0	last_exon	escape	0	last_exon	escape
ENSG00000156502.15.novel2	ENSG00000156502.15	ENST00000359655.9	NMD+/PTC+	chr10	train	2.9825550123541	0.9881123	0.65	trigger_nmd	trigger	0.65	trigger_nmd	trigger
ENSG00000156671.16.novel1	ENSG00000156671.16	ENST00000542569.6	NMD+/PTC+	chr10	train	2.09640024183042	0.92151225	0.65	trigger_nmd	trigger	0.65	trigger_nmd	trigger
ENSG00000156675.17.novel39	ENSG00000156675.17	ENST00000287263.8	NMD+/PTC+	chr8	train	0.689646204645892	0.98025274	0.65	trigger_nmd	trigger	0.41	long_exon	escape
ENSG00000156804.8.novel2	ENSG00000156804.8	ENST00000517956.5	NMD+/PTC+	chr8	train	2.62210149767772	0.90601957	0.65	trigger_nmd	trigger	0.65	trigger_nmd	trigger
ENSG00000156970.14.novel4	ENSG00000156970.14	ENST00000287598.11	NMD+/PTC+	chr15	train	3.49814230396262	0.9789761	0.65	trigger_nmd	trigger	0.65	trigger_nmd	trigger
ENSG00000157014.11.novel1	ENSG00000157014.11	ENST00000287652.8	NMD+/PTC+	chr3	test	2.68378900057298	0.91796356	0.65	trigger_nmd	trigger	0.65	trigger_nmd	trigger
ENSG00000157045.9.novel1	ENSG00000157045.9	ENST00000565187.5	NMD+/PTC+	chr16	train	3.22169022453398	0.969455	0.65	trigger_nmd	trigger	0.65	trigger_nmd	trigger
ENSG00000157107.15.novel30	ENSG00000157107.15	ENST00000430046.7	Control	chr5	test	-0.0163621048335994	0.10208233	0	last_exon	escape	0	last_exon	escape
ENSG00000157107.15.novel5	ENSG00000157107.15	ENST00000430046.7	NMD+/PTC+	chr5	test	2.92882640044676	0.99628437	0.65	trigger_nmd	trigger	0.65	trigger_nmd	trigger
ENSG00000157191.21.novel1	ENSG00000157191.21	ENST00000337132.10	NMD+/PTC+	chr1	test	2.56270612209683	0.9065229	0.65	trigger_nmd	trigger	0.65	trigger_nmd	trigger
ENSG00000157601.16.novel1	ENSG00000157601.16	ENST00000398598.8	NMD+/PTC+	chr21	train	2.18935131879794	0.8873101	0.65	trigger_nmd	trigger	0.65	trigger_nmd	trigger
ENSG00000157693.16.novel1	ENSG00000157693.16	ENST00000288502.9	NMD+/PTC+	chr9	train	1.40767344901804	0.87340385	0.65	trigger_nmd	trigger	0.65	trigger_nmd	trigger
ENSG00000157800.19.novel2	ENSG00000157800.19	ENST00000326232.14	NMD+/PTC+	chr7	test	4.58373617467784	0.97610176	0.65	trigger_nmd	trigger	0.65	trigger_nmd	trigger
ENSG00000157873.19.novel2	ENSG00000157873.19	ENST00000355716.5	Control	""	""	-0.0663602044322206		0	last_exon	escape	0	last_exon	escape
ENSG00000157873.19.novel8	ENSG00000157873.19	ENST00000355716.5	NMD+/PTC+	chr1	test	2.78429440841122	0.7682686	0.65	trigger_nmd	trigger	0.65	trigger_nmd	trigger
ENSG00000157992.13.novel27	ENSG00000157992.13	ENST00000872249.1	NMD+/PTC+	chr2	val	1.78338936924629	0.8973233	0.12	start_proximal	escape	0.41	long_exon	escape
ENSG00000158062.22.novel10	ENSG00000158062.22	ENST00000472155.5	NMD+/PTC+	chr1	test	2.13276085477479	0.98012537	0.65	trigger_nmd	trigger	0.65	trigger_nmd	trigger
ENSG00000158106.16.novel3	ENSG00000158106.16	ENST00000857760.1	NMD+/PTC+	chr8	train	2.21816484321275	0.9145855	0.41	long_exon	escape	0.41	long_exon	escape
ENSG00000158161.17.novel4	ENSG00000158161.17	ENST00000540618.5	NMD+/PTC+	chr1	test	4.33651729196899	0.94744843	0.65	trigger_nmd	trigger	0.65	trigger_nmd	trigger
ENSG00000158161.17.novel54	ENSG00000158161.17	ENST00000540618.5	Control	chr1	test	0.480881390904231	0.02837471	0	last_exon	escape	0	last_exon	escape
ENSG00000158201.11.novel2	ENSG00000158201.11	ENST00000289119.7	Control	chr18	train	-0.0468367857892113	0.03316193	0	last_exon	escape	0	last_exon	escape
ENSG00000158201.11.novel3	ENSG00000158201.11	ENST00000289119.7	NMD+/PTC+	chr18	train	3.05988278839188	0.965785	0.65	trigger_nmd	trigger	0.65	trigger_nmd	trigger
ENSG00000158315.12.novel1	ENSG00000158315.12	ENST00000372990.6	NMD+/PTC+	chr1	test	2.17763895092006	0.86929435	0.65	trigger_nmd	trigger	0.65	trigger_nmd	trigger
ENSG00000158315.12.novel6	ENSG00000158315.12	ENST00000372990.6	Control	chr1	test	-0.00115943346644608	0.07734229	0	last_exon	escape	0	last_exon	escape
ENSG00000158402.22.novel2	ENSG00000158402.22	ENST00000323760.11	NMD+/PTC+	chr5	test	3.03116586365336	0.865254	0.65	trigger_nmd	trigger	0.65	trigger_nmd	trigger
ENSG00000158882.16.novel14	ENSG00000158882.16	ENST00000367988.8	Control	chr1	test	0.122377898494889	0.11021866	0	last_exon	escape	0	last_exon	escape
ENSG00000158882.16.novel17	ENSG00000158882.16	ENST00000367988.8	NMD+/PTC+	chr1	test	2.52828687937908	0.7099666	0.65	trigger_nmd	trigger	0.65	trigger_nmd	trigger
ENSG00000159214.14.novel1	ENSG00000159214.14	ENST00000857677.1	Control	chr1	test	-0.0256783613686011	0.41363293	0	last_exon	escape	0	last_exon	escape
ENSG00000159214.14.novel10	ENSG00000159214.14	ENST00000857677.1	NMD+/PTC+	chr1	test	2.6620677809001	0.971924	0.65	trigger_nmd	trigger	0.65	trigger_nmd	trigger
ENSG00000159348.14.novel1	ENSG00000159348.14	ENST00000367249.9	NMD+/PTC+	chr1	test	5.23591146249503	0.9283967	0.65	trigger_nmd	trigger	0.65	trigger_nmd	trigger
ENSG00000159423.18.novel3	ENSG00000159423.18	ENST00000375341.8	NMD+/PTC+	chr1	test	3.16573126564204	0.9574653	0.65	trigger_nmd	trigger	0.65	trigger_nmd	trigger
ENSG00000160058.20.novel2	ENSG00000160058.20	ENST00000455895.7	NMD+/PTC+	chr1	test	3.04582825055826	0.9366856	0.65	trigger_nmd	trigger	0.65	trigger_nmd	trigger
ENSG00000160179.21.novel1	ENSG00000160179.21	ENST00000398449.8	NMD+/PTC-	""	""	1.63627825072366		0	last_exon	escape	0	last_exon	escape
ENSG00000160191.19.novel1	ENSG00000160191.19	ENST00000291539.11	Control	""	""	-0.0515526249710093		0	last_exon	escape	0	last_exon	escape
ENSG00000160191.19.novel4	ENSG00000160191.19	ENST00000291539.11	NMD+/PTC+	chr21	train	3.38353910045596	0.98804164	0.65	trigger_nmd	trigger	0.65	trigger_nmd	trigger
ENSG00000160193.13.novel1	ENSG00000160193.13	ENST00000398208.3	NMD+/PTC+	chr21	train	5.08379480363849	0.97984135	0.65	trigger_nmd	trigger	0.65	trigger_nmd	trigger
ENSG00000160226.16.novel10	ENSG00000160226.16	ENST00000339818.9	NMD+/PTC+	chr21	train	3.20209663012699	0.81959426	0.65	trigger_nmd	trigger	0.65	trigger_nmd	trigger
ENSG00000160310.21.novel2	ENSG00000160310.21	ENST00000397628.5	NMD+/PTC-	""	""	0.400746089969332		0	last_exon	escape	0	last_exon	escape
ENSG00000160325.16.novel2	ENSG00000160325.16	ENST00000316948.9	Control	chr9	train	0.0794517480192861	0.118174896	0	last_exon	escape	0	last_exon	escape
ENSG00000160326.15.novel8	ENSG00000160326.15	ENST00000371899.9	NMD+/PTC+	chr9	train	2.27905806461645	0.6750123	0.65	trigger_nmd	trigger	0.65	trigger_nmd	trigger
ENSG00000160408.17.novel1	ENSG00000160408.17	ENST00000373144.7	NMD+/PTC+	chr9	train	1.63023739082182	0.7486691	0.65	trigger_nmd	trigger	0.65	trigger_nmd	trigger
ENSG00000160439.16.novel71	ENSG00000160439.16	ENST00000610356.4	NMD+/PTC+	chr19	train	3.55521303490342	0.86226606	0.65	trigger_nmd	trigger	0.65	trigger_nmd	trigger
ENSG00000160439.16.novel8	ENSG00000160439.16	ENST00000610356.4	Control	chr19	train	0.0470089240907957	0.15648845	0	last_exon	escape	0	last_exon	escape
ENSG00000160613.16.novel2	ENSG00000160613.16	ENST00000320934.8	NMD+/PTC+	chr11	train	3.08851227195177	0.8812642	0.65	trigger_nmd	trigger	0.65	trigger_nmd	trigger
ENSG00000160613.16.novel48	ENSG00000160613.16	ENST00000320934.8	Control	chr11	train	0.0546429484160485	0.06986944	0	last_exon	escape	0	last_exon	escape
ENSG00000160691.20.novel7	ENSG00000160691.20	ENST00000368453.8	NMD+/PTC+	chr1	test	1.24632962777666	0.21213257	0.41	long_exon	escape	0.41	long_exon	escape
ENSG00000160803.9.novel1	ENSG00000160803.9	ENST00000368309.4	Control	chr1	test	0.0315047125306541	0.8406685	0	last_exon	escape	0	last_exon	escape
ENSG00000160803.9.novel4	ENSG00000160803.9	ENST00000368309.4	NMD+/PTC+	chr1	test	2.73468189857062	0.98205537	0.65	trigger_nmd	trigger	0.65	trigger_nmd	trigger
ENSG00000160813.8.novel2	ENSG00000160813.8	ENST00000292330.3	Control	chr7	test	-0.0482616368215073	0.024282504	0	last_exon	escape	0	last_exon	escape
ENSG00000160961.13.novel1	ENSG00000160961.13	ENST00000292530.11	Control	chr19	train	-0.00589812754054301	0.06354675	0	last_exon	escape	0	last_exon	escape
ENSG00000160961.13.novel5	ENSG00000160961.13	ENST00000292530.11	NMD+/PTC+	chr19	train	2.85036714283159	0.96669054	0.65	trigger_nmd	trigger	0.65	trigger_nmd	trigger
ENSG00000160972.11.novel1	ENSG00000160972.11	ENST00000435887.2	Control	chr8	train	0.0406938435577342	0.17449434	0	last_exon	escape	0	last_exon	escape
ENSG00000160972.11.novel3	ENSG00000160972.11	ENST00000435887.2	NMD+/PTC+	chr8	train	2.27138964844061	0.84712636	0.65	trigger_nmd	trigger	0.65	trigger_nmd	trigger
ENSG00000161202.21.novel1	ENSG00000161202.21	ENST00000313143.9	Control	chr3	test	-0.0437619485366629	0.9852976	0	last_exon	escape	0	last_exon	escape
ENSG00000161202.21.novel4	ENSG00000161202.21	ENST00000313143.9	NMD+/PTC+	chr3	test	4.02471202127511	0.98293394	0.65	trigger_nmd	trigger	0.65	trigger_nmd	trigger
ENSG00000161265.15.novel1	ENSG00000161265.15	ENST00000292879.9	NMD+/PTC+	chr19	train	3.85883224067823	0.9544094	0.65	trigger_nmd	trigger	0.65	trigger_nmd	trigger
ENSG00000161265.15.novel6	ENSG00000161265.15	ENST00000292879.9	Control	chr19	train	-0.0665023859751328	0.2775706	0	last_exon	escape	0	last_exon	escape
ENSG00000161558.12.novel1	ENSG00000161558.12	ENST00000600816.1	NMD+/PTC-	chr19	train	2.49863118942522	0.93232155	0	last_exon	escape	0	last_exon	escape
ENSG00000161558.12.novel4	ENSG00000161558.12	ENST00000600816.1	Control	chr19	train	0.0985943608331869	0.13812056	0	last_exon	escape	0	last_exon	escape
ENSG00000161654.11.novel5	ENSG00000161654.11	ENST00000293406.8	NMD+/PTC+	""	""	1.45968487580298		0.65	trigger_nmd	trigger	0.65	trigger_nmd	trigger
ENSG00000161800.14.novel11	ENSG00000161800.14	ENST00000312377.10	NMD+/PTC+	chr12	train	4.19612601533357	0.9867475	0.65	trigger_nmd	trigger	0.65	trigger_nmd	trigger
ENSG00000162066.17.novel2	ENSG00000162066.17	ENST00000293971.11	NMD+/PTC+	chr16	train	3.49403734960984	0.94001275	0.65	trigger_nmd	trigger	0.65	trigger_nmd	trigger
ENSG00000162069.17.novel2	ENSG00000162069.17	ENST00000572449.6	NMD+/PTC+	chr16	train	3.13896544020038	0.9698665	0.41	long_exon	escape	0.41	long_exon	escape
ENSG00000162129.16.novel3	ENSG00000162129.16	ENST00000542555.3	NMD+/PTC+	chr11	train	2.2629048983429	0.96726525	0.65	trigger_nmd	trigger	0.65	trigger_nmd	trigger
ENSG00000162341.19.novel1	ENSG00000162341.19	ENST00000294309.8	NMD+/PTC+	chr11	train	4.29690256820631	0.9868103	0.65	trigger_nmd	trigger	0.65	trigger_nmd	trigger
ENSG00000162373.14.novel2	ENSG00000162373.14	ENST00000463562.1	NMD+/PTC+	""	""	1.98924915315529		0.65	trigger_nmd	trigger	0.65	trigger_nmd	trigger
ENSG00000162373.14.novel3	ENSG00000162373.14	ENST00000463562.1	Control	chr1	test	-0.043746328123581	0.10888336	0	last_exon	escape	0	last_exon	escape
ENSG00000162385.12.novel2	ENSG00000162385.12	ENST00000371470.8	NMD+/PTC+	chr1	test_paralog	2.39081400416193	0.9366992	0.65	trigger_nmd	trigger	0.65	trigger_nmd	trigger
ENSG00000162434.15.novel4	ENSG00000162434.15	ENST00000342505.5	NMD+/PTC-	chr1	test	1.0176072749441	0.100473925	0	last_exon	escape	0	last_exon	escape
ENSG00000162434.15.novel5	ENSG00000162434.15	ENST00000342505.5	Control	chr1	test	-0.00392630679954715	0.024795122	0	last_exon	escape	0	last_exon	escape
ENSG00000162458.14.novel2	ENSG00000162458.14	ENST00000375766.8	Control	chr1	test	-0.0220076864615864	0.056443162	0	last_exon	escape	0	last_exon	escape
ENSG00000162601.13.novel1	ENSG00000162601.13	ENST00000697263.1	Control	chr1	test	0.14605649776341	0.03281764	0	last_exon	escape	0	last_exon	escape
ENSG00000162601.13.novel14	ENSG00000162601.13	ENST00000697263.1	NMD+/PTC+	chr1	test	4.13766695107546	0.9797166	0.65	trigger_nmd	trigger	0.65	trigger_nmd	trigger
ENSG00000162695.14.novel2	ENSG00000162695.14	ENST00000370112.8	NMD+/PTC+	chr1	test	4.52245943430348	0.905091	0.65	trigger_nmd	trigger	0.65	trigger_nmd	trigger
ENSG00000162723.10.novel1	ENSG00000162723.10	ENST00000368093.4	NMD+/PTC+	chr1	test	2.46721812242051	0.5298459	0.65	trigger_nmd	trigger	0.65	trigger_nmd	trigger
ENSG00000162852.15.novel1	ENSG00000162852.15	ENST00000366513.9	Control	chr1	test	-0.0329049505264326	0.054434266	0	last_exon	escape	0	last_exon	escape
ENSG00000162852.15.novel7	ENSG00000162852.15	ENST00000366513.9	NMD+/PTC+	chr1	test	2.74368642874996	0.97292084	0.65	trigger_nmd	trigger	0.65	trigger_nmd	trigger
ENSG00000162869.17.novel4	ENSG00000162869.17	ENST00000294952.13	NMD+/PTC+	chr2	val	3.80111886352256	0.97972727	0.65	trigger_nmd	trigger	0.65	trigger_nmd	trigger
ENSG00000162885.15.novel1	ENSG00000162885.15	ENST00000366600.8	Control	chr1	test	-0.024848869523942	0.15156801	0	last_exon	escape	0	last_exon	escape
ENSG00000162885.15.novel3	ENSG00000162885.15	ENST00000366600.8	NMD+/PTC+	chr1	test	3.4389358836672	0.9672902	0.65	trigger_nmd	trigger	0.65	trigger_nmd	trigger
ENSG00000163001.13.novel2	ENSG00000163001.13	ENST00000349456.9	NMD+/PTC+	chr2	val	3.04763411898935	0.9685896	0.65	trigger_nmd	trigger	0.65	trigger_nmd	trigger
ENSG00000163001.13.novel6	ENSG00000163001.13	ENST00000349456.9	Control	chr2	val	-0.00951001392824671	0.048165794	0	last_exon	escape	0	last_exon	escape
ENSG00000163040.16.novel1	ENSG00000163040.16	ENST00000409856.8	Control	chr2	val	-0.0697596428050055	0.38677332	0	last_exon	escape	0	last_exon	escape
ENSG00000163040.16.novel3	ENSG00000163040.16	ENST00000409856.8	NMD+/PTC+	chr2	val	2.52962895853629	0.9671751	0.65	trigger_nmd	trigger	0.65	trigger_nmd	trigger
ENSG00000163072.17.novel1	ENSG00000163072.17	ENST00000317647.12	NMD+/PTC+	chr2	val	2.27916058348403	0.8945299	0.65	trigger_nmd	trigger	0.65	trigger_nmd	trigger
ENSG00000163141.21.novel25	ENSG00000163141.21	ENST00000368931.8	NMD+/PTC+	chr1	test	2.21177395295151	0.91195095	0.65	trigger_nmd	trigger	0.65	trigger_nmd	trigger
ENSG00000163249.14.novel1	ENSG00000163249.14	ENST00000295414.8	Control	chr2	val	0.0424438285433476	0.5587165	0.41	long_exon	escape	0.41	long_exon	escape
ENSG00000163291.15.novel2	ENSG00000163291.15	ENST00000512733.5	NMD+/PTC+	chr4	val	3.71293354859505	0.895199	0.65	trigger_nmd	trigger	0.65	trigger_nmd	trigger
ENSG00000163312.12.novel3	ENSG00000163312.12	ENST00000295488.8	NMD+/PTC+	chr4	val	2.22410226348149	0.98886687	0.65	trigger_nmd	trigger	0.65	trigger_nmd	trigger
ENSG00000163472.20.novel63	ENSG00000163472.20	ENST00000495881.1	Control	""	""	0.125439034830641		0.41	long_exon	escape	0.41	long_exon	escape
ENSG00000163521.17.novel5	ENSG00000163521.17	ENST00000295759.12	Control	chr2	val	-0.00595424572071441	0.3025908	0	last_exon	escape	0	last_exon	escape
ENSG00000163521.17.novel73	ENSG00000163521.17	ENST00000295759.12	NMD+/PTC+	chr2	val	1.84108195302521	0.9600242	0.65	trigger_nmd	trigger	0.65	trigger_nmd	trigger
ENSG00000163558.14.novel1	ENSG00000163558.14	ENST00000295797.5	NMD+/PTC+	chr3	test	3.29284486455237	0.99003875	0.65	trigger_nmd	trigger	0.65	trigger_nmd	trigger
ENSG00000163608.16.novel2	ENSG00000163608.16	ENST00000473284.5	NMD+/PTC+	chr3	test	4.12413981953141	0.9610066	0.65	trigger_nmd	trigger	0.65	trigger_nmd	trigger
ENSG00000163687.15.novel1	ENSG00000163687.15	ENST00000394549.7	NMD+/PTC-	chr3	test	4.2415579607642	0.133928	0	last_exon	escape	0	last_exon	escape
ENSG00000163687.15.novel2	ENSG00000163687.15	ENST00000394549.7	Control	chr3	test	0.027919516825357	0.09862099	0	last_exon	escape	0	last_exon	escape
ENSG00000163701.20.novel2	ENSG00000163701.20	ENST00000383814.8	NMD+/PTC+	chr3	test	3.54599561035582	0.82639617	0.65	trigger_nmd	trigger	0.65	trigger_nmd	trigger
ENSG00000163762.8.novel1	ENSG00000163762.8	ENST00000296059.7	NMD+/PTC+	chr3	test	1.94448726023851	0.3499124	0.65	trigger_nmd	trigger	0.65	trigger_nmd	trigger
ENSG00000163785.15.novel2	ENSG00000163785.15	ENST00000620660.4	NMD+/PTC+	chr3	test	2.34160371143698	0.9848557	0.65	trigger_nmd	trigger	0.65	trigger_nmd	trigger
ENSG00000163867.18.novel26	ENSG00000163867.18	ENST00000317538.9	NMD+/PTC-	chr1	test	2.70033960439065	0.08637828	0	last_exon	escape	0	last_exon	escape
ENSG00000163898.11.novel64	ENSG00000163898.11	ENST00000296252.9	NMD+/PTC+	chr3	test	1.90710451055495	0.39799803	0.65	trigger_nmd	trigger	0.41	long_exon	escape
ENSG00000163918.13.novel2	ENSG00000163918.13	ENST00000928098.1	Control	chr3	test	-0.017436807249779	0.12682965	0	last_exon	escape	0	last_exon	escape
ENSG00000163918.13.novel8	ENSG00000163918.13	ENST00000928098.1	NMD+/PTC+	chr3	test	2.37708455464132	0.96711093	0.65	trigger_nmd	trigger	0.65	trigger_nmd	trigger
ENSG00000163960.14.novel1	ENSG00000163960.14	ENST00000493566.1	Control	chr3	test	-0.0159235872222884	0.12928288	0	last_exon	escape	0	last_exon	escape
ENSG00000164074.18.novel1	ENSG00000164074.18	ENST00000645843.2	Control	chr4	val	0.0283265905234446	0.28313616	0	last_exon	escape	0	last_exon	escape
ENSG00000164074.18.novel3	ENSG00000164074.18	ENST00000645843.2	NMD+/PTC+	chr4	val	3.21445352639452	0.9832207	0.65	trigger_nmd	trigger	0.65	trigger_nmd	trigger
ENSG00000164077.16.novel2	ENSG00000164077.16	ENST00000296473.8	NMD+/PTC+	chr3	test	2.59824192309352	0.7491238	0.41	long_exon	escape	0.41	long_exon	escape
ENSG00000164087.9.novel2	ENSG00000164087.9	ENST00000394970.6	NMD+/PTC+	chr3	test	2.12275366342836	0.9388779	0.65	trigger_nmd	trigger	0.65	trigger_nmd	trigger
ENSG00000164162.15.novel2	ENSG00000164162.15	ENST00000507656.6	NMD+/PTC+	chr4	val	1.90900296899256	0.7181421	0.65	trigger_nmd	trigger	0.65	trigger_nmd	trigger
ENSG00000164171.12.novel31	ENSG00000164171.12	ENST00000296585.10	Control	chr5	test	0.0908660891697231	0.0995114	0	last_exon	escape	0	last_exon	escape
ENSG00000164171.12.novel4	ENSG00000164171.12	ENST00000296585.10	NMD+/PTC-	""	""	1.39650114548749		0	last_exon	escape	0	last_exon	escape
ENSG00000164253.15.novel12	ENSG00000164253.15	ENST00000296679.9	NMD+/PTC+	chr5	test	1.77211008820102	0.6805317	0.65	trigger_nmd	trigger	0.65	trigger_nmd	trigger
ENSG00000164253.15.novel2	ENSG00000164253.15	ENST00000296679.9	Control	chr5	test	0.0589070988224019	0.0358195	0	last_exon	escape	0	last_exon	escape
ENSG00000164300.19.novel1	ENSG00000164300.19	ENST00000507668.7	Control	chr5	test	-0.00964647185671197	0.029413266	0	last_exon	escape	0	last_exon	escape
ENSG00000164300.19.novel6	ENSG00000164300.19	ENST00000507668.7	NMD+/PTC+	chr5	test	3.83357357119862	0.99375844	0.65	trigger_nmd	trigger	0.65	trigger_nmd	trigger
ENSG00000164307.14.novel3	ENSG00000164307.14	ENST00000443439.7	NMD+/PTC+	chr5	test	4.18389239679327	0.9772479	0.65	trigger_nmd	trigger	0.65	trigger_nmd	trigger
ENSG00000164308.19.novel1	ENSG00000164308.19	ENST00000437043.8	Control	chr5	test	-0.0305188601147533	0.056190025	0	last_exon	escape	0	last_exon	escape
ENSG00000164308.19.novel3	ENSG00000164308.19	ENST00000437043.8	NMD+/PTC+	chr5	test	2.66357290545225	0.94056314	0.65	trigger_nmd	trigger	0.65	trigger_nmd	trigger
ENSG00000164329.16.novel3	ENSG00000164329.16	ENST00000453514.6	NMD+/PTC+	chr5	test	3.89650475677448	0.86831003	0.65	trigger_nmd	trigger	0.65	trigger_nmd	trigger
ENSG00000164347.19.novel1	ENSG00000164347.19	ENST00000296805.8	Control	chr5	test	-0.0813287962435997	0.052221607	0	last_exon	escape	0	last_exon	escape
ENSG00000164347.19.novel2	ENSG00000164347.19	ENST00000296805.8	NMD+/PTC+	chr5	test	4.09320297908794	0.92874175	0.65	trigger_nmd	trigger	0.65	trigger_nmd	trigger
ENSG00000164494.13.novel3	ENSG00000164494.13	ENST00000900081.1	NMD+/PTC+	chr6	train	2.37507386739374	0.83091146	0.65	trigger_nmd	trigger	0.65	trigger_nmd	trigger
ENSG00000164548.13.novel2	ENSG00000164548.13	ENST00000482395.1	NMD+/PTC-	chr7	test	4.1559255376153	0.96265495	0	last_exon	escape	0	last_exon	escape
ENSG00000164548.13.novel4	ENSG00000164548.13	ENST00000482395.1	Control	chr7	test	0.029475602459821	0.19616908	0	last_exon	escape	0	last_exon	escape
ENSG00000164761.10.novel1	ENSG00000164761.10	ENST00000297350.9	NMD+/PTC+	""	""	2.13399410099465		0.65	trigger_nmd	trigger	0.65	trigger_nmd	trigger
ENSG00000164761.10.novel3	ENSG00000164761.10	ENST00000297350.9	Control	chr8	train	-0.0498991376439823	0.11122751	0	last_exon	escape	0	last_exon	escape
ENSG00000164815.12.novel1	ENSG00000164815.12	ENST00000297431.9	NMD+/PTC+	chr7	test	4.37667625609764	0.9932468	0.65	trigger_nmd	trigger	0.65	trigger_nmd	trigger
ENSG00000164929.18.novel8	ENSG00000164929.18	ENST00000309982.10	NMD+/PTC+	chr8	train	1.76422216005791	0.7807585	0.65	trigger_nmd	trigger	0.65	trigger_nmd	trigger
ENSG00000164941.15.novel1	ENSG00000164941.15	ENST00000523321.5	NMD+/PTC+	chr8	train	4.10098434055595	0.9957743	0.65	trigger_nmd	trigger	0.65	trigger_nmd	trigger
ENSG00000164941.15.novel2	ENSG00000164941.15	ENST00000523321.5	Control	chr8	train	-0.024808106207337	0.16694202	0	last_exon	escape	0	last_exon	escape
ENSG00000165304.9.novel9	ENSG00000165304.9	ENST00000543751.5	NMD+/PTC+	chr9	train	3.27334979189883	0.97806066	0.65	trigger_nmd	trigger	0.65	trigger_nmd	trigger
ENSG00000165338.17.novel1	ENSG00000165338.17	ENST00000371681.8	NMD+/PTC+	""	""	1.59713438694876		0.65	trigger_nmd	trigger	0.65	trigger_nmd	trigger
ENSG00000165476.15.novel1	ENSG00000165476.15	ENST00000373758.5	NMD+/PTC+	chr10	train	3.57167996244763	0.36745542	0.65	trigger_nmd	trigger	0.65	trigger_nmd	trigger
ENSG00000165476.15.novel15	ENSG00000165476.15	ENST00000373758.5	Control	chr10	train	0.00527924752643573	0.03973947	0	last_exon	escape	0	last_exon	escape
ENSG00000165501.18.novel1	ENSG00000165501.18	ENST00000318317.8	Control	chr14	train	0.00151399243886353	0.057377387	0	last_exon	escape	0	last_exon	escape
ENSG00000165501.18.novel4	ENSG00000165501.18	ENST00000318317.8	NMD+/PTC+	chr14	train	1.44726930100235	0.43194017	0.65	trigger_nmd	trigger	0.65	trigger_nmd	trigger
ENSG00000165591.8.novel5	ENSG00000165591.8	ENST00000374900.5	NMD+/PTC+	chrX	train	2.0470029352009	0.8145589	0.65	trigger_nmd	trigger	0.65	trigger_nmd	trigger
ENSG00000165733.9.novel50	ENSG00000165733.9	ENST00000374518.6	NMD+/PTC+	chr10	train	3.86954706654253	0.8785605	0.65	trigger_nmd	trigger	0.65	trigger_nmd	trigger
ENSG00000165891.17.novel2	ENSG00000165891.17	ENST00000322886.12	NMD+/PTC+	chr12	train	2.49718185573597	0.9871732	0.65	trigger_nmd	trigger	0.65	trigger_nmd	trigger
ENSG00000165891.17.novel7	ENSG00000165891.17	ENST00000322886.12	Control	chr12	train	-0.00883882449951867	0.03680728	0	last_exon	escape	0	last_exon	escape
ENSG00000165905.19.novel5	ENSG00000165905.19	ENST00000401752.6	NMD+/PTC+	chr11	train	3.12279099714894	0.7214968	0.65	trigger_nmd	trigger	0.65	trigger_nmd	trigger
ENSG00000165915.15.novel1	ENSG00000165915.15	ENST00000869741.1	NMD+/PTC+	chr11	train	2.20975283016393	0.15772167	0.65	trigger_nmd	trigger	0.65	trigger_nmd	trigger
ENSG00000165915.15.novel3	ENSG00000165915.15	ENST00000869741.1	Control	chr11	train	-0.0501680117205832	0.095808715	0	last_exon	escape	0	last_exon	escape
ENSG00000165948.12.novel1	ENSG00000165948.12	ENST00000909478.1	NMD+/PTC-	""	""	1.11679428819883		0.2	50nt_rule	escape	0.2	50nt_rule	escape
ENSG00000165948.12.novel2	ENSG00000165948.12	ENST00000909478.1	Control	chr14	train	-0.058278777071512	0.61830634	0	last_exon	escape	0	last_exon	escape
ENSG00000166123.15.novel1	ENSG00000166123.15	ENST00000340124.9	NMD+/PTC+	chr16	train	3.24073267864727	0.97586083	0.65	trigger_nmd	trigger	0.65	trigger_nmd	trigger
ENSG00000166164.17.novel4	ENSG00000166164.17	ENST00000710357.1	NMD+/PTC+	chr16	train	4.1116577846339	0.97577286	0.65	trigger_nmd	trigger	0.65	trigger_nmd	trigger
ENSG00000166197.18.novel3	ENSG00000166197.18	ENST00000488254.6	NMD+/PTC+	chr10	train	5.52078403049921	0.9108531	0.65	trigger_nmd	trigger	0.65	trigger_nmd	trigger
ENSG00000166311.11.novel4	ENSG00000166311.11	ENST00000342245.9	Control	chr11	train	-0.0237855139172745	0.91812694	0	last_exon	escape	0	last_exon	escape
ENSG00000166484.21.novel1	ENSG00000166484.21	ENST00000395604.8	NMD+/PTC+	chr17	train	3.46000043168076	0.86562747	0.41	long_exon	escape	0.41	long_exon	escape
ENSG00000166529.17.novel1	ENSG00000166529.17	ENST00000292450.9	Control	chr7	test	-0.046458838723679	0.21856439	0	last_exon	escape	0	last_exon	escape
ENSG00000166529.17.novel3	ENSG00000166529.17	ENST00000292450.9	NMD+/PTC+	chr7	test	3.16705405249462	0.89065164	0.65	trigger_nmd	trigger	0.65	trigger_nmd	trigger
ENSG00000166780.12.novel6	ENSG00000166780.12	ENST00000300006.9	Control	""	""	-0.042181220575548		0	last_exon	escape	0	last_exon	escape
ENSG00000166780.12.novel7	ENSG00000166780.12	ENST00000300006.9	NMD+/PTC+	chr16	train	3.61551884241365	0.9684616	0.65	trigger_nmd	trigger	0.65	trigger_nmd	trigger
ENSG00000166855.10.novel1	ENSG00000166855.10	ENST00000300107.7	NMD+/PTC+	chr15	train	2.20921281902842	0.9456008	0.65	trigger_nmd	trigger	0.65	trigger_nmd	trigger
ENSG00000166855.10.novel43	ENSG00000166855.10	ENST00000300107.7	Control	chr15	train	-0.0155413786912817	0.031168614	0	last_exon	escape	0	last_exon	escape
ENSG00000166881.11.novel2	ENSG00000166881.11	ENST00000300128.9	NMD+/PTC+	chr12	train	3.37941940265639	0.9187111	0.65	trigger_nmd	trigger	0.65	trigger_nmd	trigger
ENSG00000166881.11.novel3	ENSG00000166881.11	ENST00000300128.9	Control	chr12	train	0.155982346628982	0.012446312	0	last_exon	escape	0	last_exon	escape
ENSG00000167113.12.novel1	ENSG00000167113.12	ENST00000608951.5	NMD+/PTC+	chr9	train	3.8993983191412	0.85066235	0.65	trigger_nmd	trigger	0.65	trigger_nmd	trigger
ENSG00000167113.12.novel4	ENSG00000167113.12	ENST00000608951.5	Control	chr9	train	0.0412070510072859	0.07523669	0	last_exon	escape	0	last_exon	escape
ENSG00000167302.12.novel1	ENSG00000167302.12	ENST00000637944.2	NMD+/PTC+	chr17	train	3.24637573337746	0.9619789	0.65	trigger_nmd	trigger	0.65	trigger_nmd	trigger
ENSG00000167302.12.novel2	ENSG00000167302.12	ENST00000637944.2	Control	chr17	train	0.0346678204641749	0.10792234	0	last_exon	escape	0	last_exon	escape
ENSG00000167306.22.novel3	ENSG00000167306.22	ENST00000592688.1	Control	chr18	train	0.0277027822327062	0.12069378	0	last_exon	escape	0	last_exon	escape
ENSG00000167306.22.novel6	ENSG00000167306.22	ENST00000592688.1	NMD+/PTC+	chr18	train	2.53509479062683	0.9054076	0.65	trigger_nmd	trigger	0.65	trigger_nmd	trigger
ENSG00000167515.12.novel4	ENSG00000167515.12	ENST00000696289.1	NMD+/PTC+	chr16	train	1.3832297669915	0.8415077	0.41	long_exon	escape	0.41	long_exon	escape
ENSG00000167528.14.novel1	ENSG00000167528.14	ENST00000863442.1	NMD+/PTC+	chr12	train	1.68561610142695	0.9443937	0.65	trigger_nmd	trigger	0.65	trigger_nmd	trigger
ENSG00000167555.15.novel3	ENSG00000167555.15	ENST00000360465.8	Control	chr19	train	-0.0709026567901994	0.32590157	0	last_exon	escape	0	last_exon	escape
ENSG00000167555.15.novel9	ENSG00000167555.15	ENST00000360465.8	NMD+/PTC+	chr19	train	2.88663151715658	0.41727015	0.65	trigger_nmd	trigger	0.65	trigger_nmd	trigger
ENSG00000167600.15.novel1	ENSG00000167600.15	ENST00000310054.9	Control	chr19	train	-0.0265485162886608	0.053501472	0	last_exon	escape	0	last_exon	escape
ENSG00000167600.15.novel2	ENSG00000167600.15	ENST00000310054.9	NMD+/PTC+	chr19	train	3.38306799063798	0.9670031	0.65	trigger_nmd	trigger	0.65	trigger_nmd	trigger
ENSG00000167608.13.novel2	ENSG00000167608.13	ENST00000619895.5	Control	chr19	train	0.168901822545598	0.1856305	0.65	trigger_nmd	trigger	0.65	trigger_nmd	trigger
ENSG00000167608.13.novel3	ENSG00000167608.13	ENST00000619895.5	NMD+/PTC+	chr19	train	4.01648584667375	0.9483327	0.65	trigger_nmd	trigger	0.65	trigger_nmd	trigger
ENSG00000167703.16.novel1	ENSG00000167703.16	ENST00000894530.1	NMD+/PTC+	chr17	train	3.52582580142601	0.96394247	0.65	trigger_nmd	trigger	0.65	trigger_nmd	trigger
ENSG00000167861.17.novel5	ENSG00000167861.17	ENST00000425042.7	NMD+/PTC+	chr17	train	3.53178098194183	0.980594	0.65	trigger_nmd	trigger	0.65	trigger_nmd	trigger
ENSG00000168066.23.novel2	ENSG00000168066.23	ENST00000377390.8	NMD+/PTC+	chr11	train	5.4504349343054	0.9917979	0.65	trigger_nmd	trigger	0.65	trigger_nmd	trigger
ENSG00000168216.14.novel1	ENSG00000168216.14	ENST00000649934.3	NMD+/PTC+	chr6	train	3.03080940314541	0.94660413	0.65	trigger_nmd	trigger	0.65	trigger_nmd	trigger
ENSG00000168216.14.novel3	ENSG00000168216.14	ENST00000649934.3	Control	chr6	train	-0.0138104626704777	0.06019644	0	last_exon	escape	0	last_exon	escape
ENSG00000168297.17.novel1	ENSG00000168297.17	ENST00000877069.1	Control	chr3	test	-0.0113677344102258	0.09456937	0	last_exon	escape	0	last_exon	escape
ENSG00000168297.17.novel4	ENSG00000168297.17	ENST00000877069.1	NMD+/PTC+	chr3	test	3.28936821118026	0.9897641	0.65	trigger_nmd	trigger	0.65	trigger_nmd	trigger
ENSG00000168389.19.novel1	ENSG00000168389.19	ENST00000372811.10	Control	chr1	test	0.0801636136995736	0.06808013	0	last_exon	escape	0	last_exon	escape
ENSG00000168389.19.novel2	ENSG00000168389.19	ENST00000372811.10	NMD+/PTC+	chr1	test	3.62909644849875	0.9467694	0.65	trigger_nmd	trigger	0.65	trigger_nmd	trigger
ENSG00000168476.13.novel1	ENSG00000168476.13	ENST00000306306.8	NMD+/PTC+	chr8	train	3.12276862394971	0.6595258	0.41	long_exon	escape	0.41	long_exon	escape
ENSG00000168495.14.novel2	ENSG00000168495.14	ENST00000397802.8	NMD+/PTC+	chr8	train	3.4607741821909	0.9329639	0.65	trigger_nmd	trigger	0.65	trigger_nmd	trigger
ENSG00000168522.14.novel7	ENSG00000168522.14	ENST00000302279.8	Control	chr8	train	-0.0084270426630821	0.6899649	0	last_exon	escape	0	last_exon	escape
ENSG00000168575.12.novel3	ENSG00000168575.12	ENST00000908100.1	NMD+/PTC+	chr8	train	3.57002430515943	0.9368535	0.65	trigger_nmd	trigger	0.65	trigger_nmd	trigger
ENSG00000168724.19.novel1	ENSG00000168724.19	ENST00000648817.1	Control	chr5	test	0.00222919019403762	0.018344097	0	last_exon	escape	0	last_exon	escape
ENSG00000168724.19.novel7	ENSG00000168724.19	ENST00000648817.1	NMD+/PTC+	chr5	test	2.50784876162425	0.9882311	0.65	trigger_nmd	trigger	0.65	trigger_nmd	trigger
ENSG00000168826.17.novel1	ENSG00000168826.17	ENST00000337872.9	NMD+/PTC+	chr4	val	2.15390219691515	0.93898267	0.65	trigger_nmd	trigger	0.65	trigger_nmd	trigger
ENSG00000168826.17.novel3	ENSG00000168826.17	ENST00000337872.9	Control	chr4	val	-0.0990987461241515	0.26778558	0	last_exon	escape	0	last_exon	escape
ENSG00000168883.21.novel1	ENSG00000168883.21	ENST00000323701.11	NMD+/PTC+	chr2	val	2.08078166841259	0.9859719	0.65	trigger_nmd	trigger	0.65	trigger_nmd	trigger
ENSG00000169087.12.novel1	ENSG00000169087.12	ENST00000306103.3	Control	chr3	test	0.117073401577291	0.0676668	0	last_exon	escape	0	last_exon	escape
ENSG00000169087.12.novel3	ENSG00000169087.12	ENST00000306103.3	NMD+/PTC+	chr3	test	2.56478266108946	0.9792046	0.65	trigger_nmd	trigger	0.65	trigger_nmd	trigger
ENSG00000169251.14.novel2	ENSG00000169251.14	ENST00000351193.7	Control	chr3	test	0.00768189782111582	0.044129193	0	last_exon	escape	0	last_exon	escape
ENSG00000169251.14.novel3	ENSG00000169251.14	ENST00000351193.7	NMD+/PTC+	chr3	test	4.59944287021687	0.91612405	0.65	trigger_nmd	trigger	0.65	trigger_nmd	trigger
ENSG00000169410.12.novel11	ENSG00000169410.12	ENST00000618819.5	NMD+/PTC+	chr15	train	3.02304696245915	0.9619123	0.65	trigger_nmd	trigger	0.65	trigger_nmd	trigger
ENSG00000169410.12.novel8	ENSG00000169410.12	ENST00000618819.5	Control	""	""	-0.0933137589726672		0	last_exon	escape	0	last_exon	escape
ENSG00000169621.12.novel1	ENSG00000169621.12	ENST00000303795.9	NMD+/PTC+	chr2	val	5.33918851858832	0.9174203	0.65	trigger_nmd	trigger	0.65	trigger_nmd	trigger
ENSG00000169621.12.novel4	ENSG00000169621.12	ENST00000303795.9	Control	chr2	val	-0.0437968507821569	0.034706052	0	last_exon	escape	0	last_exon	escape
ENSG00000169733.13.novel1	ENSG00000169733.13	ENST00000310496.9	NMD+/PTC+	chr17	train	2.10839329723883	0.9238898	0.65	trigger_nmd	trigger	0.65	trigger_nmd	trigger
ENSG00000169733.13.novel9	ENSG00000169733.13	ENST00000310496.9	Control	chr17	train	0.120046391446792	0.753039	0	last_exon	escape	0	last_exon	escape
ENSG00000169762.18.novel13	ENSG00000169762.18	ENST00000503858.1	Control	chr4	val	0.0359559377356027	0.096215755	0	last_exon	escape	0	last_exon	escape
ENSG00000169902.16.novel8	ENSG00000169902.16	ENST00000304842.6	NMD+/PTC+	chr7	test	1.6086149855159	0.94793975	0.65	trigger_nmd	trigger	0.65	trigger_nmd	trigger
ENSG00000169972.14.novel1	ENSG00000169972.14	ENST00000379031.10	Control	chr1	test	0.0997252073653542	0.2655025	0	last_exon	escape	0	last_exon	escape
ENSG00000169972.14.novel4	ENSG00000169972.14	ENST00000379031.10	NMD+/PTC+	chr1	test	1.30947855903952	0.6584393	0.41	long_exon	escape	0.41	long_exon	escape
ENSG00000170242.20.novel4	ENSG00000170242.20	ENST00000339865.9	NMD+/PTC+	chr11	train	3.36898226777484	0.9895466	0.65	trigger_nmd	trigger	0.65	trigger_nmd	trigger
ENSG00000170412.19.novel2	ENSG00000170412.19	ENST00000392627.7	Control	chr17	train	-0.0338288132339266	0.68866676	0.2	50nt_rule	escape	0.2	50nt_rule	escape
ENSG00000170477.13.novel1	ENSG00000170477.13	ENST00000551956.2	Control	chr12	train	-0.0193374850662794	0.8819875	0	last_exon	escape	0	last_exon	escape
ENSG00000170477.13.novel5	ENSG00000170477.13	ENST00000551956.2	NMD+/PTC+	chr12	train	3.85484134781173	0.90340513	0.65	trigger_nmd	trigger	0.65	trigger_nmd	trigger
ENSG00000170537.14.novel1	ENSG00000170537.14	ENST00000304381.10	NMD+/PTC+	chr16	train	5.39232231255558	0.9865311	0.65	trigger_nmd	trigger	0.65	trigger_nmd	trigger
ENSG00000170542.8.novel1	ENSG00000170542.8	ENST00000380698.5	NMD+/PTC+	chr6	train	3.41167193800869	0.8708602	0.65	trigger_nmd	trigger	0.65	trigger_nmd	trigger
ENSG00000170542.8.novel45	ENSG00000170542.8	ENST00000380698.5	Control	chr6	train	-0.0790793525274007	0.034861982	0	last_exon	escape	0	last_exon	escape
ENSG00000170581.16.novel3	ENSG00000170581.16	ENST00000314128.9	NMD+/PTC+	chr12	train	2.56959114620503	0.87786645	0.65	trigger_nmd	trigger	0.65	trigger_nmd	trigger
ENSG00000170949.19.novel2	ENSG00000170949.19	ENST00000429604.5	NMD+/PTC+	chr19	train	1.97200574314121	0.55781525	0.65	trigger_nmd	trigger	0.65	trigger_nmd	trigger
ENSG00000171055.16.novel7	ENSG00000171055.16	ENST00000405912.8	Control	chr2	val	0.0387091677995399	0.07889237	0	last_exon	escape	0	last_exon	escape
ENSG00000171100.17.novel2	ENSG00000171100.17	ENST00000687365.1	NMD+/PTC+	chrX	train	2.86261847411962	0.8697575	0.65	trigger_nmd	trigger	0.65	trigger_nmd	trigger
ENSG00000171103.12.novel1	ENSG00000171103.12	ENST00000306108.10	Control	chr2	val	-0.0900031673531982	0.24153887	0	last_exon	escape	0	last_exon	escape
ENSG00000171103.12.novel3	ENSG00000171103.12	ENST00000306108.10	NMD+/PTC+	chr2	val	1.65942127515047	0.89838374	0.65	trigger_nmd	trigger	0.65	trigger_nmd	trigger
ENSG00000171307.20.novel2	ENSG00000171307.20	ENST00000352634.8	NMD+/PTC+	chr10	train	4.13979805451118	0.9374125	0.65	trigger_nmd	trigger	0.65	trigger_nmd	trigger
ENSG00000171401.16.novel1	ENSG00000171401.16	ENST00000246635.8	NMD+/PTC+	chr17	train	4.41232597386385	0.7901031	0.65	trigger_nmd	trigger	0.65	trigger_nmd	trigger
ENSG00000171401.16.novel12	ENSG00000171401.16	ENST00000246635.8	Control	""	""	-0.049324116733301		0	last_exon	escape	0	last_exon	escape
ENSG00000171462.16.novel2	ENSG00000171462.16	ENST00000357338.3	Control	chr6	train	0.0917391691744212	0.027426673	0	last_exon	escape	0	last_exon	escape
ENSG00000171462.16.novel3	ENSG00000171462.16	ENST00000357338.3	NMD+/PTC+	""	""	1.45696711759884		0.65	trigger_nmd	trigger	0.65	trigger_nmd	trigger
ENSG00000171475.15.novel1	ENSG00000171475.15	ENST00000585043.5	Control	chr17	train	0.056213041831737	0.7552688	0	last_exon	escape	0	last_exon	escape
ENSG00000171606.19.novel2	ENSG00000171606.19	ENST00000617501.5	NMD+/PTC+	chr19	train	2.80796292434042	0.9630443	0.65	trigger_nmd	trigger	0.65	trigger_nmd	trigger
ENSG00000171606.19.novel72	ENSG00000171606.19	ENST00000617501.5	Control	chr19	train	-0.0350910082095942	0.72842765	0	last_exon	escape	0	last_exon	escape
ENSG00000171861.12.novel1	ENSG00000171861.12	ENST00000574916.1	Control	""	""	0.00693218375486404		0	last_exon	escape	0	last_exon	escape
ENSG00000171903.18.novel1	ENSG00000171903.18	ENST00000402119.9	NMD+/PTC+	chr19	train	4.05811396694823	0.91792095	0.65	trigger_nmd	trigger	0.65	trigger_nmd	trigger
ENSG00000172062.18.novel1	ENSG00000172062.18	ENST00000506163.5	Control	""	""	0.0197376738548265		0	last_exon	escape	0	last_exon	escape
ENSG00000172062.18.novel3	ENSG00000172062.18	ENST00000506163.5	NMD+/PTC+	chr5	test	2.76642684508288	0.94944966	0.65	trigger_nmd	trigger	0.65	trigger_nmd	trigger
ENSG00000172216.7.novel1	ENSG00000172216.7	ENST00000718336.1	NMD+/PTC+	chr20	train	1.44789751859432	0.13911116	0.41	long_exon	escape	0.41	long_exon	escape
ENSG00000172216.7.novel2	ENSG00000172216.7	ENST00000718336.1	Control	chr20	train	0.0604435898633121	0.1568228	0	last_exon	escape	0	last_exon	escape
ENSG00000172243.19.novel1	ENSG00000172243.19	ENST00000353231.9	Control	chr12	train	0.055939228329999	0.1242913	0.2	50nt_rule	escape	0.2	50nt_rule	escape
ENSG00000172243.19.novel3	ENSG00000172243.19	ENST00000353231.9	NMD+/PTC+	chr12	train	2.09099019518677	0.52895105	0.65	trigger_nmd	trigger	0.65	trigger_nmd	trigger
ENSG00000172331.13.novel14	ENSG00000172331.13	ENST00000344924.8	Control	chr7	test	0.0665431249064824	0.13997512	0	last_exon	escape	0	last_exon	escape
ENSG00000172375.15.novel1	ENSG00000172375.15	ENST00000648610.2	NMD+/PTC+	chr11	train	2.0261965173101	0.94841933	0.65	trigger_nmd	trigger	0.65	trigger_nmd	trigger
ENSG00000172530.23.novel2	ENSG00000172530.23	ENST00000854734.1	NMD+/PTC+	chr16	train	3.6850370891745	0.98942846	0.65	trigger_nmd	trigger	0.65	trigger_nmd	trigger
ENSG00000172594.14.novel4	ENSG00000172594.14	ENST00000368440.5	NMD+/PTC+	chr6	train	2.07964263488435	0.96871847	0.65	trigger_nmd	trigger	0.65	trigger_nmd	trigger
ENSG00000172939.10.novel1	ENSG00000172939.10	ENST00000311806.8	NMD+/PTC+	chr3	test	6.2475696103266	0.994494	0.65	trigger_nmd	trigger	0.65	trigger_nmd	trigger
ENSG00000172939.10.novel4	ENSG00000172939.10	ENST00000311806.8	Control	chr3	test	-0.0227670127709679	0.039389018	0	last_exon	escape	0	last_exon	escape
ENSG00000172977.14.novel5	ENSG00000172977.14	ENST00000377046.7	NMD+/PTC+	chr11	train	3.67977120708585	0.9054963	0.65	trigger_nmd	trigger	0.65	trigger_nmd	trigger
ENSG00000172992.14.novel5	ENSG00000172992.14	ENST00000692009.1	Control	""	""	0.383193616561547		0	last_exon	escape	0	last_exon	escape
ENSG00000173145.12.novel15	ENSG00000173145.12	ENST00000371361.3	Control	chr10	train	-0.0233233604470944	0.028566852	0	last_exon	escape	0	last_exon	escape
ENSG00000173145.12.novel2	ENSG00000173145.12	ENST00000371361.3	NMD+/PTC+	chr10	train	5.01095709403471	0.9777591	0.65	trigger_nmd	trigger	0.65	trigger_nmd	trigger
ENSG00000173156.8.novel41	ENSG00000173156.8	ENST00000308831.7	NMD+/PTC+	chr11	train	2.59216755861395	0.7245905	0.65	trigger_nmd	trigger	0.65	trigger_nmd	trigger
ENSG00000173272.17.novel3	ENSG00000173272.17	ENST00000309451.7	NMD+/PTC+	chr2	val	3.35531552046446	0.80466896	0.65	trigger_nmd	trigger	0.65	trigger_nmd	trigger
ENSG00000173540.15.novel72	ENSG00000173540.15	ENST00000308388.7	NMD+/PTC+	chr3	test	2.16973049314204	0.6209504	0.65	trigger_nmd	trigger	0.41	long_exon	escape
ENSG00000173540.15.novel73	ENSG00000173540.15	ENST00000308388.7	Control	""	""	0.143292174675336		0	last_exon	escape	0	last_exon	escape
ENSG00000173889.17.novel2	ENSG00000173889.17	ENST00000491258.1	Control	chr3	test	0.0677610116562349	0.062868424	0	last_exon	escape	0	last_exon	escape
ENSG00000173889.17.novel5	ENSG00000173889.17	ENST00000491258.1	NMD+/PTC+	chr3	test	1.62291352746259	0.8907326	0.65	trigger_nmd	trigger	0.65	trigger_nmd	trigger
ENSG00000173926.7.novel1	ENSG00000173926.7	ENST00000308660.6	Control	chr5	test	0.0597006094374188	0.2677882	0	last_exon	escape	0	last_exon	escape
ENSG00000173926.7.novel30	ENSG00000173926.7	ENST00000308660.6	NMD+/PTC-	chr5	test	3.48349434413443	0.15366955	0	last_exon	escape	0	last_exon	escape
ENSG00000173933.22.novel5	ENSG00000173933.22	ENST00000398692.8	NMD+/PTC-	chr11	train	4.62126007900738	0.9519933	0	last_exon	escape	0	last_exon	escape
ENSG00000174177.14.novel3	ENSG00000174177.14	ENST00000453996.7	NMD+/PTC+	chr16	train	3.2386348053456	0.97592556	0.65	trigger_nmd	trigger	0.65	trigger_nmd	trigger
ENSG00000174227.17.novel4	ENSG00000174227.17	ENST00000453061.7	NMD+/PTC+	chr4	val	2.09435894270592	0.14735724	0.65	trigger_nmd	trigger	0.65	trigger_nmd	trigger
ENSG00000174428.20.novel1	ENSG00000174428.20	ENST00000620662.1	NMD+/PTC-	chr7	test	1.39300182143619	0.34300992	0.2	50nt_rule	escape	0.2	50nt_rule	escape
ENSG00000174428.20.novel5	ENSG00000174428.20	ENST00000620662.1	Control	chr7	test	0.104345189454716	0.5455453	0	last_exon	escape	0	last_exon	escape
ENSG00000174442.13.novel1	ENSG00000174442.13	ENST00000307897.10	NMD+/PTC+	chr15	train	2.68712775128057	0.94676185	0.65	trigger_nmd	trigger	0.65	trigger_nmd	trigger
ENSG00000174483.21.novel2	ENSG00000174483.21	ENST00000318312.12	Control	chr11	train	0.0519554665047812	0.041348293	0	last_exon	escape	0	last_exon	escape
ENSG00000174483.21.novel6	ENSG00000174483.21	ENST00000318312.12	NMD+/PTC+	chr11	train	1.69886653749828	0.837888	0.65	trigger_nmd	trigger	0.65	trigger_nmd	trigger
ENSG00000174842.18.novel1	ENSG00000174842.18	ENST00000370360.8	NMD+/PTC+	chr1	test	3.3712161621687	0.98704785	0.65	trigger_nmd	trigger	0.65	trigger_nmd	trigger
ENSG00000174842.18.novel2	ENSG00000174842.18	ENST00000370360.8	Control	chr1	test	-0.0302690160403271	0.042177096	0	last_exon	escape	0	last_exon	escape
ENSG00000174915.13.novel1	ENSG00000174915.13	ENST00000308020.6	Control	chr11	train	0.0162111380668305	0.34665772	0.65	trigger_nmd	trigger	0.65	trigger_nmd	trigger
ENSG00000174915.13.novel2	ENSG00000174915.13	ENST00000308020.6	NMD+/PTC+	chr11	train	4.3955780296712	0.9899697	0.65	trigger_nmd	trigger	0.65	trigger_nmd	trigger
ENSG00000174943.12.novel3	ENSG00000174943.12	ENST00000568000.6	NMD+/PTC+	chr16	train	1.8886295736628	0.9170908	0.65	trigger_nmd	trigger	0.65	trigger_nmd	trigger
ENSG00000174989.15.novel3	ENSG00000174989.15	ENST00000455858.2	NMD+/PTC+	chr12	train	4.39643449193938	0.9789104	0.65	trigger_nmd	trigger	0.65	trigger_nmd	trigger
ENSG00000175137.12.novel2	ENSG00000175137.12	ENST00000366472.6	NMD+/PTC+	chr1	test	2.99433361624115	0.83395845	0.65	trigger_nmd	trigger	0.65	trigger_nmd	trigger
ENSG00000175215.11.novel1	ENSG00000175215.11	ENST00000398073.7	Control	chr12	train	-0.0348585293830909	0.06025616	0	last_exon	escape	0	last_exon	escape
ENSG00000175215.11.novel3	ENSG00000175215.11	ENST00000398073.7	NMD+/PTC+	chr12	train	2.66727256827792	0.90697604	0.65	trigger_nmd	trigger	0.65	trigger_nmd	trigger
ENSG00000175221.17.novel1	ENSG00000175221.17	ENST00000395808.7	NMD+/PTC+	chr19	train	2.32054898083271	0.9150728	0.65	trigger_nmd	trigger	0.65	trigger_nmd	trigger
ENSG00000175287.20.novel10	ENSG00000175287.20	ENST00000875832.1	NMD+/PTC+	chr9	train	2.15175178461584	0.9665118	0.65	trigger_nmd	trigger	0.65	trigger_nmd	trigger
ENSG00000175287.20.novel22	ENSG00000175287.20	ENST00000875832.1	Control	""	""	-0.0674273189232334		0	last_exon	escape	0	last_exon	escape
ENSG00000175782.12.novel2	ENSG00000175782.12	ENST00000398004.4	Control	chr12	train	-0.0103193847620048	0.023611913	0	last_exon	escape	0	last_exon	escape
ENSG00000176142.14.novel1	ENSG00000176142.14	ENST00000319172.10	Control	chr3	test	-0.0498403681358968	0.03202672	0	last_exon	escape	0	last_exon	escape
ENSG00000176142.14.novel2	ENSG00000176142.14	ENST00000319172.10	NMD+/PTC+	chr3	test	4.99535311910767	0.8487468	0.65	trigger_nmd	trigger	0.65	trigger_nmd	trigger
ENSG00000176148.17.novel4	ENSG00000176148.17	ENST00000334274.9	NMD+/PTC+	chr11	train	2.86895249548002	0.8875137	0.65	trigger_nmd	trigger	0.65	trigger_nmd	trigger
ENSG00000176390.13.novel2	ENSG00000176390.13	ENST00000324238.7	Control	chr17	train	-0.0530133956188208	0.026498217	0	last_exon	escape	0	last_exon	escape
ENSG00000176390.13.novel3	ENSG00000176390.13	ENST00000324238.7	NMD+/PTC+	chr17	train	2.29058950777809	0.76295525	0.65	trigger_nmd	trigger	0.65	trigger_nmd	trigger
ENSG00000176531.13.novel5	ENSG00000176531.13	ENST00000934851.1	NMD+/PTC+	chr19	train	2.86055199708964	0.9601695	0.65	trigger_nmd	trigger	0.65	trigger_nmd	trigger
ENSG00000176783.16.novel1	ENSG00000176783.16	ENST00000393438.6	NMD+/PTC+	chr5	test	4.77500775760673	0.9925208	0.65	trigger_nmd	trigger	0.65	trigger_nmd	trigger
ENSG00000176783.16.novel4	ENSG00000176783.16	ENST00000393438.6	Control	chr5	test	-0.0477642634586986	0.06297794	0	last_exon	escape	0	last_exon	escape
ENSG00000176853.17.novel2	ENSG00000176853.17	ENST00000334705.12	NMD+/PTC+	chr8	train	3.65134523991221	0.99298227	0.65	trigger_nmd	trigger	0.65	trigger_nmd	trigger
ENSG00000176953.14.novel1	ENSG00000176953.14	ENST00000320805.9	Control	chr16	train	-0.0408731822414805	0.07828979	0	last_exon	escape	0	last_exon	escape
ENSG00000176953.14.novel2	ENSG00000176953.14	ENST00000320805.9	NMD+/PTC+	chr16	train	3.31610285072328	0.98152405	0.65	trigger_nmd	trigger	0.65	trigger_nmd	trigger
ENSG00000177054.15.novel2	ENSG00000177054.15	ENST00000446113.7	NMD+/PTC+	chr11	train	4.39271665554651	0.9508048	0.65	trigger_nmd	trigger	0.65	trigger_nmd	trigger
ENSG00000177106.18.novel1	ENSG00000177106.18	ENST00000318562.13	Control	chr11	train	-0.0993613526555937	0.043813016	0	last_exon	escape	0	last_exon	escape
ENSG00000177106.18.novel6	ENSG00000177106.18	ENST00000318562.13	NMD+/PTC+	chr11	train	3.42760601482859	0.9807802	0.65	trigger_nmd	trigger	0.65	trigger_nmd	trigger
ENSG00000177302.17.novel2	ENSG00000177302.17	ENST00000580095.5	NMD+/PTC+	chr17	train	3.99073170126432	0.96645457	0.65	trigger_nmd	trigger	0.65	trigger_nmd	trigger
ENSG00000177427.14.novel1	ENSG00000177427.14	ENST00000323019.9	NMD+/PTC+	chr17	train	2.92253423578519	0.81344485	0.65	trigger_nmd	trigger	0.65	trigger_nmd	trigger
ENSG00000177548.14.novel1	ENSG00000177548.14	ENST00000358201.9	NMD+/PTC+	chr16	train	0.694974389849246	0.7124767	0.41	long_exon	escape	0.41	long_exon	escape
ENSG00000177663.16.novel1	ENSG00000177663.16	ENST00000319363.11	NMD+/PTC+	chr22	train	3.30530298163775	0.8630827	0.65	trigger_nmd	trigger	0.65	trigger_nmd	trigger
ENSG00000177731.17.novel2	ENSG00000177731.17	ENST00000327031.9	NMD+/PTC+	chr17	train	4.20687064556518	0.9583099	0.65	trigger_nmd	trigger	0.65	trigger_nmd	trigger
ENSG00000177989.15.novel1	ENSG00000177989.15	ENST00000329363.9	Control	""	""	-0.0290740836198639		0	last_exon	escape	0	last_exon	escape
ENSG00000177989.15.novel7	ENSG00000177989.15	ENST00000329363.9	NMD+/PTC+	chr22	train	2.99823362439846	0.30325246	0.41	long_exon	escape	0.41	long_exon	escape
ENSG00000178026.14.novel3	ENSG00000178026.14	ENST00000318753.13	Control	chr22	train	0.209946071572628	0.79411346	0.41	long_exon	escape	0.41	long_exon	escape
ENSG00000178149.18.novel8	ENSG00000178149.18	ENST00000341949.9	NMD+/PTC+	chr3	test	2.05870833729222	0.98371005	0.65	trigger_nmd	trigger	0.65	trigger_nmd	trigger
ENSG00000178177.18.novel1	ENSG00000178177.18	ENST00000326877.8	NMD+/PTC+	chr4	val	2.31255348404544	0.8959102	0.65	trigger_nmd	trigger	0.65	trigger_nmd	trigger
ENSG00000178694.10.novel1	ENSG00000178694.10	ENST00000314622.9	NMD+/PTC+	chr3	test	2.4333771511059	0.66099113	0.65	trigger_nmd	trigger	0.65	trigger_nmd	trigger
ENSG00000178694.10.novel2	ENSG00000178694.10	ENST00000314622.9	Control	chr3	test	-0.000511105535434285	0.7125815	0	last_exon	escape	0	last_exon	escape
ENSG00000178971.18.novel1	ENSG00000178971.18	ENST00000651323.1	NMD+/PTC+	chr17	train	3.67859718068759	0.9298264	0.65	trigger_nmd	trigger	0.65	trigger_nmd	trigger
ENSG00000178999.14.novel1	ENSG00000178999.14	ENST00000585124.6	NMD+/PTC+	chr17	train	4.47846832304021	0.9027711	0.65	trigger_nmd	trigger	0.65	trigger_nmd	trigger
ENSG00000178999.14.novel4	ENSG00000178999.14	ENST00000585124.6	Control	chr17	train	-0.0297532247281808	0.028807163	0	last_exon	escape	0	last_exon	escape
ENSG00000179262.11.novel1	ENSG00000179262.11	ENST00000586534.6	NMD+/PTC+	chr19	train	3.72655674540964	0.95096785	0.65	trigger_nmd	trigger	0.65	trigger_nmd	trigger
ENSG00000179335.21.novel1	ENSG00000179335.21	ENST00000395066.9	NMD+/PTC+	chr15	train	4.46531337399008	0.91746336	0.65	trigger_nmd	trigger	0.65	trigger_nmd	trigger
ENSG00000179335.21.novel8	ENSG00000179335.21	ENST00000395066.9	Control	chr15	train	0.0401405581084941	0.65904987	0	last_exon	escape	0	last_exon	escape
ENSG00000179344.18.novel7	ENSG00000179344.18	ENST00000434651.7	NMD+/PTC+	chr6	train	2.07890394297493	0.90420604	0.65	trigger_nmd	trigger	0.65	trigger_nmd	trigger
ENSG00000179593.17.novel5	ENSG00000179593.17	ENST00000380183.9	Control	chr17	train	-0.0480790442550479	0.15192623	0	last_exon	escape	0	last_exon	escape
ENSG00000179593.17.novel8	ENSG00000179593.17	ENST00000380183.9	NMD+/PTC+	chr17	train	1.67423726910038	0.59425336	0.65	trigger_nmd	trigger	0.65	trigger_nmd	trigger
ENSG00000179630.12.novel5	ENSG00000179630.12	ENST00000325686.7	NMD+/PTC+	chr13	train	3.25306175282624	0.87887925	0.65	trigger_nmd	trigger	0.65	trigger_nmd	trigger
ENSG00000181031.17.novel2	ENSG00000181031.17	ENST00000572965.1	Control	chr17	train	-0.0317294210634183	0.08927199	0	last_exon	escape	0	last_exon	escape
ENSG00000181031.17.novel4	ENSG00000181031.17	ENST00000572965.1	NMD+/PTC-	""	""	1.08549751499138		0	last_exon	escape	0	last_exon	escape
ENSG00000181481.15.novel1	ENSG00000181481.15	ENST00000324689.8	NMD+/PTC+	chr17	train	2.40389474415713	0.5367063	0.65	trigger_nmd	trigger	0.65	trigger_nmd	trigger
ENSG00000181513.16.novel1	ENSG00000181513.16	ENST00000586346.5	Control	chr17	train	-0.0117813813107814	0.052348543	0	last_exon	escape	0	last_exon	escape
ENSG00000181513.16.novel2	ENSG00000181513.16	ENST00000586346.5	NMD+/PTC+	chr17	train	2.0606700042995	0.92767674	0.65	trigger_nmd	trigger	0.65	trigger_nmd	trigger
ENSG00000181523.14.novel2	ENSG00000181523.14	ENST00000326317.11	Control	chr17	train	-0.0252026922830362	0.043545127	0	last_exon	escape	0	last_exon	escape
ENSG00000182087.15.novel1	ENSG00000182087.15	ENST00000356663.8	Control	chr19	train	-0.00624968497873998	0.04250684	0	last_exon	escape	0	last_exon	escape
ENSG00000182087.15.novel4	ENSG00000182087.15	ENST00000356663.8	NMD+/PTC+	chr19	train	4.55813348272348	0.92771643	0.65	trigger_nmd	trigger	0.65	trigger_nmd	trigger
ENSG00000182196.15.novel3	ENSG00000182196.15	ENST00000853819.1	NMD+/PTC+	chr12	train	3.56746852097358	0.8980033	0.65	trigger_nmd	trigger	0.65	trigger_nmd	trigger
ENSG00000182325.12.novel1	ENSG00000182325.12	ENST00000331890.6	NMD+/PTC+	chr8	train	3.34593403399854	0.64621866	0.41	long_exon	escape	0.41	long_exon	escape
ENSG00000182858.15.novel1	ENSG00000182858.15	ENST00000330817.11	NMD+/PTC+	chr22	train	1.98156334766221	0.8011413	0.65	trigger_nmd	trigger	0.65	trigger_nmd	trigger
ENSG00000182858.15.novel2	ENSG00000182858.15	ENST00000330817.11	Control	chr22	train	0.0618566524187527	0.084740825	0	last_exon	escape	0	last_exon	escape
ENSG00000182872.17.novel1	ENSG00000182872.17	ENST00000864485.1	NMD+/PTC+	chrX	train	3.54372740005112	0.9621931	0.65	trigger_nmd	trigger	0.65	trigger_nmd	trigger
ENSG00000183386.12.novel1	ENSG00000183386.12	ENST00000485803.5	NMD+/PTC+	chr1	test	3.06290995481676	0.7287903	0.65	trigger_nmd	trigger	0.65	trigger_nmd	trigger
ENSG00000183474.17.novel2	ENSG00000183474.17	ENST00000877333.1	NMD+/PTC+	chr5	test	2.30844956960067	0.91857845	0.65	trigger_nmd	trigger	0.65	trigger_nmd	trigger
ENSG00000183486.15.novel11	ENSG00000183486.15	ENST00000330714.8	Control	chr21	train	0.00546237680912482	0.25820965	0	last_exon	escape	0	last_exon	escape
ENSG00000183486.15.novel2	ENSG00000183486.15	ENST00000330714.8	NMD+/PTC+	chr21	train	1.76121274589539	0.9480996	0.65	trigger_nmd	trigger	0.65	trigger_nmd	trigger
ENSG00000183569.19.novel1	ENSG00000183569.19	ENST00000876813.1	NMD+/PTC+	chr22	train	3.51886450039123	0.9483703	0.65	trigger_nmd	trigger	0.65	trigger_nmd	trigger
ENSG00000183576.14.novel1	ENSG00000183576.14	ENST00000331768.10	NMD+/PTC+	chr14	train	1.94882127213152	0.95868284	0.65	trigger_nmd	trigger	0.65	trigger_nmd	trigger
ENSG00000183735.12.novel44	ENSG00000183735.12	ENST00000331710.10	Control	chr12	train	-0.0908219389143903	0.07430764	0	last_exon	escape	0	last_exon	escape
ENSG00000183763.10.novel1	ENSG00000183763.10	ENST00000331456.7	NMD+/PTC+	chr3	test	3.35740956879006	0.9797593	0.65	trigger_nmd	trigger	0.65	trigger_nmd	trigger
ENSG00000183763.10.novel2	ENSG00000183763.10	ENST00000331456.7	Control	chr3	test	-0.07738641641121	0.06420804	0	last_exon	escape	0	last_exon	escape
ENSG00000183963.20.novel1	ENSG00000183963.20	ENST00000333137.12	NMD+/PTC+	chr22	train	4.9712120878286	0.973644	0.65	trigger_nmd	trigger	0.65	trigger_nmd	trigger
ENSG00000184164.16.novel1	ENSG00000184164.16	ENST00000328268.9	NMD+/PTC+	chr22	train	5.29390194017921	0.97519106	0.65	trigger_nmd	trigger	0.65	trigger_nmd	trigger
ENSG00000184205.15.novel1	ENSG00000184205.15	ENST00000375442.8	NMD+/PTC+	chrX	train	4.9459001410351	0.9643325	0.65	trigger_nmd	trigger	0.65	trigger_nmd	trigger
ENSG00000184205.15.novel3	ENSG00000184205.15	ENST00000375442.8	Control	chrX	train	-0.0402397109078203	0.017656038	0	last_exon	escape	0	last_exon	escape
ENSG00000184402.15.novel1	ENSG00000184402.15	ENST00000331758.8	NMD+/PTC+	chr20	train	3.37012951160513	0.1769411	0.65	trigger_nmd	trigger	0.65	trigger_nmd	trigger
ENSG00000184402.15.novel5	ENSG00000184402.15	ENST00000331758.8	Control	chr20	train	0.00906633205624223	0.97182965	0	last_exon	escape	0	last_exon	escape
ENSG00000184497.14.novel1	ENSG00000184497.14	ENST00000375353.5	NMD+/PTC+	chr13	train	2.27068111356549	0.94666	0.65	trigger_nmd	trigger	0.65	trigger_nmd	trigger
ENSG00000184584.15.novel1	ENSG00000184584.15	ENST00000652110.1	Control	chr5	test	-0.0167767203297865	0.18873382	0	last_exon	escape	0	last_exon	escape
ENSG00000184743.14.novel1	ENSG00000184743.14	ENST00000398868.8	Control	chr11	train	-0.0324102385311689	0.045143023	0	last_exon	escape	0	last_exon	escape
ENSG00000184743.14.novel2	ENSG00000184743.14	ENST00000398868.8	NMD+/PTC+	chr11	train	3.63743600276846	0.9703748	0.65	trigger_nmd	trigger	0.65	trigger_nmd	trigger
ENSG00000184887.15.novel3	ENSG00000184887.15	ENST00000536364.6	NMD+/PTC-	chr14	train	1.41164379607995	0.7465012	0.2	50nt_rule	escape	0.2	50nt_rule	escape
ENSG00000184979.13.novel1	ENSG00000184979.13	ENST00000715585.1	Control	chr22	train	-0.053740967161389	0.2132125	0	last_exon	escape	0	last_exon	escape
ENSG00000184979.13.novel4	ENSG00000184979.13	ENST00000715585.1	NMD+/PTC+	chr22	train	2.81816020710283	0.97871107	0.65	trigger_nmd	trigger	0.65	trigger_nmd	trigger
ENSG00000185000.13.novel1	ENSG00000185000.13	ENST00000528718.6	Control	chr8	train	-0.00402887143980262	0.8951017	0	last_exon	escape	0	last_exon	escape
ENSG00000185000.13.novel11	ENSG00000185000.13	ENST00000528718.6	NMD+/PTC+	chr8	train	3.14188696693555	0.9563437	0.65	trigger_nmd	trigger	0.65	trigger_nmd	trigger
ENSG00000185009.14.novel1	ENSG00000185009.14	ENST00000372745.1	NMD+/PTC+	chr10	train	3.60566831941815	0.6386872	0.65	trigger_nmd	trigger	0.65	trigger_nmd	trigger
ENSG00000185163.11.novel1	ENSG00000185163.11	ENST00000397333.4	NMD+/PTC+	chr12	train	3.81882857212683	0.99357516	0.65	trigger_nmd	trigger	0.65	trigger_nmd	trigger
ENSG00000185163.11.novel6	ENSG00000185163.11	ENST00000397333.4	Control	chr12	train	-0.0245285871761003	0.9740492	0	last_exon	escape	0	last_exon	escape
ENSG00000185324.23.novel1	ENSG00000185324.23	ENST00000353379.12	Control	chr16	train	-0.0433908190183015	0.88386	0	last_exon	escape	0	last_exon	escape
ENSG00000185324.23.novel2	ENSG00000185324.23	ENST00000353379.12	NMD+/PTC+	chr16	train	2.2134355703131	0.9221779	0.12	start_proximal	escape	0.65	trigger_nmd	trigger
ENSG00000185347.20.novel4	ENSG00000185347.20	ENST00000392522.8	NMD+/PTC+	chr14	train	3.4238211745273	0.9506571	0.65	trigger_nmd	trigger	0.65	trigger_nmd	trigger
ENSG00000185386.16.novel1	ENSG00000185386.16	ENST00000330651.11	NMD+/PTC+	chr22	train	1.5042869013436	0.9923786	0.65	trigger_nmd	trigger	0.65	trigger_nmd	trigger
ENSG00000185386.16.novel2	ENSG00000185386.16	ENST00000330651.11	Control	""	""	-0.0755852034097029		0	last_exon	escape	0	last_exon	escape
ENSG00000185404.18.novel2	ENSG00000185404.18	ENST00000243810.10	NMD+/PTC+	chr2	val	3.84435585817258	0.9204856	0.65	trigger_nmd	trigger	0.65	trigger_nmd	trigger
ENSG00000185418.17.novel1	ENSG00000185418.17	ENST00000335968.8	NMD+/PTC+	chr15	train	3.45061451456486	0.99375474	0.65	trigger_nmd	trigger	0.65	trigger_nmd	trigger
ENSG00000185418.17.novel2	ENSG00000185418.17	ENST00000335968.8	Control	chr15	train	-0.0158495588602108	0.22328323	0	last_exon	escape	0	last_exon	escape
ENSG00000185480.13.novel42	ENSG00000185480.13	ENST00000327680.7	Control	chr12	train	-0.0300624961213993	0.08973317	0	last_exon	escape	0	last_exon	escape
ENSG00000185480.13.novel53	ENSG00000185480.13	ENST00000327680.7	NMD+/PTC+	chr12	train	2.25202898298418	0.8039016	0.65	trigger_nmd	trigger	0.65	trigger_nmd	trigger
ENSG00000185507.22.novel2	ENSG00000185507.22	ENST00000525445.6	NMD+/PTC+	chr11	train	3.96116488173617	0.8395091	0.65	trigger_nmd	trigger	0.65	trigger_nmd	trigger
ENSG00000185753.14.novel21	ENSG00000185753.14	ENST00000327877.10	NMD+/PTC+	chrX	train	2.39997301333179	0.6615567	0.41	long_exon	escape	0.41	long_exon	escape
ENSG00000186010.20.novel2	ENSG00000186010.20	ENST00000507754.9	Control	chr19	train	0.228065470469865	0.21392345	0.41	long_exon	escape	0.41	long_exon	escape
ENSG00000186073.15.novel1	ENSG00000186073.15	ENST00000437989.6	Control	chr15	train	0.0709729903205491	0.11004452	0.2	50nt_rule	escape	0.2	50nt_rule	escape
ENSG00000186088.17.novel2	ENSG00000186088.17	ENST00000257626.12	Control	chr7	test	-0.00906765064669432	0.06518706	0	last_exon	escape	0	last_exon	escape
ENSG00000186088.17.novel7	ENSG00000186088.17	ENST00000257626.12	NMD+/PTC+	chr7	test	2.02694082680597	0.9750897	0.65	trigger_nmd	trigger	0.65	trigger_nmd	trigger
ENSG00000186204.16.novel1	ENSG00000186204.16	ENST00000550308.6	Control	chr19	train	-0.0587958262467715	0.18891728	0	last_exon	escape	0	last_exon	escape
ENSG00000186204.16.novel2	ENSG00000186204.16	ENST00000550308.6	NMD+/PTC+	chr19	train	5.62895126266509	0.96631795	0.65	trigger_nmd	trigger	0.65	trigger_nmd	trigger
ENSG00000186314.13.novel4	ENSG00000186314.13	ENST00000394450.6	NMD+/PTC+	chr5	test	2.54416703983794	0.89332503	0.65	trigger_nmd	trigger	0.41	long_exon	escape
ENSG00000186314.13.novel5	ENSG00000186314.13	ENST00000394450.6	Control	chr5	test	-0.0719652175063881	0.11262984	0	last_exon	escape	0	last_exon	escape
ENSG00000186364.13.novel13	ENSG00000186364.13	ENST00000334513.6	NMD+/PTC+	chr1	test	1.78436523221898	0.9515483	0.65	trigger_nmd	trigger	0.65	trigger_nmd	trigger
ENSG00000186364.13.novel3	ENSG00000186364.13	ENST00000334513.6	Control	chr1	test	0.194834029025747	0.96026224	0	last_exon	escape	0	last_exon	escape
ENSG00000186448.16.novel1	ENSG00000186448.16	ENST00000344387.9	NMD+/PTC+	chr3	test	3.42406382754773	0.9158973	0.65	trigger_nmd	trigger	0.65	trigger_nmd	trigger
ENSG00000186522.16.novel2	ENSG00000186522.16	ENST00000397712.7	NMD+/PTC+	chr2	val	5.25085227763197	0.96547616	0.65	trigger_nmd	trigger	0.65	trigger_nmd	trigger
ENSG00000186567.15.novel1	ENSG00000186567.15	ENST00000358777.10	Control	chr19	train	-0.0306271396082498	0.09818578	0	last_exon	escape	0	last_exon	escape
ENSG00000186567.15.novel3	ENSG00000186567.15	ENST00000358777.10	NMD+/PTC+	chr19	train	3.47195522190561	0.7500768	0.65	trigger_nmd	trigger	0.65	trigger_nmd	trigger
ENSG00000186812.14.novel1	ENSG00000186812.14	ENST00000330501.12	NMD+/PTC+	""	""	1.31704362169196		0.65	trigger_nmd	trigger	0.65	trigger_nmd	trigger
ENSG00000186832.9.novel2	ENSG00000186832.9	ENST00000301653.9	NMD+/PTC+	chr17	train	5.44418967814578	0.92615956	0.65	trigger_nmd	trigger	0.41	long_exon	escape
ENSG00000186832.9.novel3	ENSG00000186832.9	ENST00000301653.9	Control	chr17	train	-0.0500752105241092	0.88500243	0	last_exon	escape	0	last_exon	escape
ENSG00000186866.18.novel6	ENSG00000186866.18	ENST00000898195.1	Control	chr21	train	-0.0713177432134871	0.046353433	0	last_exon	escape	0	last_exon	escape
ENSG00000186908.16.novel1	ENSG00000186908.16	ENST00000426126.7	Control	chr12	train	-0.0775808577563658	0.035272013	0	last_exon	escape	0	last_exon	escape
ENSG00000186908.16.novel3	ENSG00000186908.16	ENST00000426126.7	NMD+/PTC+	chr12	train	3.17926511813505	0.9904614	0.65	trigger_nmd	trigger	0.65	trigger_nmd	trigger
ENSG00000187097.14.novel3	ENSG00000187097.14	ENST00000334696.11	NMD+/PTC+	chr14	train	2.65936626039064	0.9814817	0.65	trigger_nmd	trigger	0.65	trigger_nmd	trigger
ENSG00000187118.15.novel1	ENSG00000187118.15	ENST00000466830.6	NMD+/PTC+	chr3	test	3.29263661031391	0.32756153	0.65	trigger_nmd	trigger	0.65	trigger_nmd	trigger
ENSG00000187325.6.novel1	ENSG00000187325.6	ENST00000341864.6	Control	chrX	train	-0.00722475887210361	0.056842145	0	last_exon	escape	0	last_exon	escape
ENSG00000187630.19.novel2	ENSG00000187630.19	ENST00000397071.5	Control	chr14	train	0.0764922119700269	0.82401145	0.2	50nt_rule	escape	0.2	50nt_rule	escape
ENSG00000187630.19.novel3	ENSG00000187630.19	ENST00000397071.5	NMD+/PTC+	chr14	train	3.24688545148457	0.815539	0.65	trigger_nmd	trigger	0.65	trigger_nmd	trigger
ENSG00000187735.17.novel2	ENSG00000187735.17	ENST00000521604.7	NMD+/PTC+	chr8	train	3.17941777012308	0.9767858	0.65	trigger_nmd	trigger	0.65	trigger_nmd	trigger
ENSG00000187961.16.novel1	ENSG00000187961.16	ENST00000338591.8	NMD+/PTC+	chr1	test	3.60900632088238	0.9351855	0.65	trigger_nmd	trigger	0.65	trigger_nmd	trigger
ENSG00000187961.16.novel6	ENSG00000187961.16	ENST00000338591.8	Control	chr1	test	0.0340919806761473	0.16813672	0.41	long_exon	escape	0.41	long_exon	escape
ENSG00000188130.15.novel2	ENSG00000188130.15	ENST00000215659.13	Control	chr22	train	0.0189953139281437	0.115577355	0	last_exon	escape	0	last_exon	escape
ENSG00000188343.15.novel3	ENSG00000188343.15	ENST00000522324.5	NMD+/PTC+	chr8	train	2.25496894138254	0.6094107	0.65	trigger_nmd	trigger	0.65	trigger_nmd	trigger
ENSG00000188343.15.novel4	ENSG00000188343.15	ENST00000522324.5	Control	chr8	train	-0.0780343979762382	0.5652961	0	last_exon	escape	0	last_exon	escape
ENSG00000189050.17.novel18	ENSG00000189050.17	ENST00000305783.13	NMD+/PTC+	chr17	train	1.67121578227397	0.97246313	0.65	trigger_nmd	trigger	0.65	trigger_nmd	trigger
ENSG00000189050.17.novel20	ENSG00000189050.17	ENST00000305783.13	Control	chr17	train	-0.0328581390231063	0.02131273	0	last_exon	escape	0	last_exon	escape
ENSG00000189152.12.novel1	ENSG00000189152.12	ENST00000344415.9	Control	chr17	train	-0.0305393680641248	0.067567766	0	last_exon	escape	0	last_exon	escape
ENSG00000196387.11.novel1	ENSG00000196387.11	ENST00000536790.5	NMD+/PTC-	chr12	train	0.963215610775241	0.82954204	0	last_exon	escape	0	last_exon	escape
ENSG00000196428.14.novel1	ENSG00000196428.14	ENST00000466814.1	NMD+/PTC+	chr3	test	3.00940752270573	0.9240835	0.65	trigger_nmd	trigger	0.65	trigger_nmd	trigger
ENSG00000196476.13.novel1	ENSG00000196476.13	ENST00000360321.7	NMD+/PTC+	chr20	train	4.23970301102275	0.845656	0.41	long_exon	escape	0.41	long_exon	escape
ENSG00000196476.13.novel3	ENSG00000196476.13	ENST00000360321.7	Control	chr20	train	-0.0734406033885638	0.7863217	0.41	long_exon	escape	0.41	long_exon	escape
ENSG00000196505.12.novel3	ENSG00000196505.12	ENST00000369443.10	Control	chr1	test	0.0786912836319199	0.09655961	0	last_exon	escape	0	last_exon	escape
ENSG00000196505.12.novel6	ENSG00000196505.12	ENST00000369443.10	NMD+/PTC+	chr1	test	2.53217219766722	0.7583079	0.65	trigger_nmd	trigger	0.65	trigger_nmd	trigger
ENSG00000196652.13.novel1	ENSG00000196652.13	ENST00000864573.1	NMD+/PTC+	chr7	test	2.14639524991269	0.89731205	0.41	long_exon	escape	0.41	long_exon	escape
ENSG00000196705.9.novel4	ENSG00000196705.9	ENST00000311048.11	NMD+/PTC+	chr19	train	2.47584810310962	0.93240756	0.65	trigger_nmd	trigger	0.65	trigger_nmd	trigger
ENSG00000196792.13.novel1	ENSG00000196792.13	ENST00000355683.9	Control	chr14	train	-0.0207980067072859	0.13605025	0	last_exon	escape	0	last_exon	escape
ENSG00000196873.17.novel1	ENSG00000196873.17	ENST00000478048.5	NMD+/PTC+	chr9	train	4.3146136613657	0.9964563	0.65	trigger_nmd	trigger	0.65	trigger_nmd	trigger
ENSG00000196911.13.novel4	ENSG00000196911.13	ENST00000356348.6	NMD+/PTC+	chr6	train	3.79394718222255	0.9914528	0.65	trigger_nmd	trigger	0.65	trigger_nmd	trigger
ENSG00000196998.20.novel5	ENSG00000196998.20	ENST00000376372.9	NMD+/PTC+	chrX	train	4.74588709655085	0.8786253	0.65	trigger_nmd	trigger	0.65	trigger_nmd	trigger
ENSG00000197024.10.novel1	ENSG00000197024.10	ENST00000426851.6	NMD+/PTC-	chr7	test	3.0151321663826	0.96866703	0	last_exon	escape	0	last_exon	escape
ENSG00000197024.10.novel11	ENSG00000197024.10	ENST00000426851.6	Control	chr7	test	0.00548699769385244	0.16732027	0	last_exon	escape	0	last_exon	escape
ENSG00000197142.12.novel5	ENSG00000197142.12	ENST00000354655.9	NMD+/PTC+	chr10	train	1.07976400798764	0.92225456	0.65	trigger_nmd	trigger	0.65	trigger_nmd	trigger
ENSG00000197150.14.novel1	ENSG00000197150.14	ENST00000358849.9	Control	""	""	-0.0608706498013099		0	last_exon	escape	0	last_exon	escape
ENSG00000197150.14.novel4	ENSG00000197150.14	ENST00000358849.9	NMD+/PTC+	chr7	test	4.33306818919627	0.974614	0.65	trigger_nmd	trigger	0.65	trigger_nmd	trigger
ENSG00000197355.12.novel1	ENSG00000197355.12	ENST00000409858.8	NMD+/PTC+	chr9	train	3.68427574366795	0.8957019	0.65	trigger_nmd	trigger	0.65	trigger_nmd	trigger
ENSG00000197355.12.novel9	ENSG00000197355.12	ENST00000409858.8	Control	chr9	train	-0.072439955780935	0.08887694	0	last_exon	escape	0	last_exon	escape
ENSG00000197601.16.novel2	ENSG00000197601.16	ENST00000354817.8	NMD+/PTC+	chr11	train	4.06854421789944	0.9451942	0.65	trigger_nmd	trigger	0.65	trigger_nmd	trigger
ENSG00000197601.16.novel3	ENSG00000197601.16	ENST00000354817.8	Control	chr11	train	-0.0555000531048756	0.13974477	0	last_exon	escape	0	last_exon	escape
ENSG00000197763.20.novel1	ENSG00000197763.20	ENST00000523403.3	Control	chr3	test	0.0299156916149544	0.27259701	0	last_exon	escape	0	last_exon	escape
ENSG00000197763.20.novel2	ENSG00000197763.20	ENST00000523403.3	NMD+/PTC+	chr3	test	3.67142415353786	0.95277125	0.65	trigger_nmd	trigger	0.65	trigger_nmd	trigger
ENSG00000197771.14.novel3	ENSG00000197771.14	ENST00000369077.4	NMD+/PTC+	chr10	train	2.69885904292348	0.98087686	0.65	trigger_nmd	trigger	0.65	trigger_nmd	trigger
ENSG00000197798.10.novel1	ENSG00000197798.10	ENST00000891478.1	NMD+/PTC+	chr11	train	4.05541260996389	0.9479256	0.65	trigger_nmd	trigger	0.65	trigger_nmd	trigger
ENSG00000197860.11.novel3	ENSG00000197860.11	ENST00000381007.9	NMD+/PTC+	chr5	test	4.68670593741008	0.9668414	0.65	trigger_nmd	trigger	0.65	trigger_nmd	trigger
ENSG00000197872.12.novel3	ENSG00000197872.12	ENST00000381323.7	NMD+/PTC+	chr2	val	2.75627998305972	0.943261	0.65	trigger_nmd	trigger	0.65	trigger_nmd	trigger
ENSG00000198001.17.novel1	ENSG00000198001.17	ENST00000613694.5	Control	chr12	train	0.102923902088393	0.6069331	0	last_exon	escape	0	last_exon	escape
ENSG00000198001.17.novel5	ENSG00000198001.17	ENST00000613694.5	NMD+/PTC+	chr12	train	2.7668138006719	0.9710854	0.65	trigger_nmd	trigger	0.65	trigger_nmd	trigger
ENSG00000198026.9.novel1	ENSG00000198026.9	ENST00000322927.3	Control	chr20	train	-0.0126745283879864	0.10521014	0	last_exon	escape	0	last_exon	escape
ENSG00000198060.11.novel1	ENSG00000198060.11	ENST00000358935.3	NMD+/PTC+	chr10	train	4.43355290851284	0.93976665	0.65	trigger_nmd	trigger	0.65	trigger_nmd	trigger
ENSG00000198060.11.novel2	ENSG00000198060.11	ENST00000358935.3	Control	chr10	train	0.0148395883617856	0.22732769	0.65	trigger_nmd	trigger	0.65	trigger_nmd	trigger
ENSG00000198185.13.novel1	ENSG00000198185.13	ENST00000347606.8	NMD+/PTC+	chr20	train	2.74431830253311	0.8904515	0.65	trigger_nmd	trigger	0.65	trigger_nmd	trigger
ENSG00000198185.13.novel2	ENSG00000198185.13	ENST00000347606.8	Control	chr20	train	-0.0517530727235352	0.57574624	0	last_exon	escape	0	last_exon	escape
ENSG00000198203.11.novel1	ENSG00000198203.11	ENST00000251481.11	NMD+/PTC+	chr2	val	4.33502939862698	0.86558807	0.65	trigger_nmd	trigger	0.65	trigger_nmd	trigger
ENSG00000198276.17.novel1	ENSG00000198276.17	ENST00000354216.11	NMD+/PTC+	chr20	train	3.09279629728905	0.9470395	0.65	trigger_nmd	trigger	0.65	trigger_nmd	trigger
ENSG00000198408.15.novel1	ENSG00000198408.15	ENST00000361464.8	NMD+/PTC+	chr10	train	4.09839374616585	0.98192453	0.65	trigger_nmd	trigger	0.65	trigger_nmd	trigger
ENSG00000198408.15.novel48	ENSG00000198408.15	ENST00000361464.8	Control	chr10	train	0.109595570038072	0.09124249	0	last_exon	escape	0	last_exon	escape
ENSG00000198612.12.novel1	ENSG00000198612.12	ENST00000354371.7	NMD+/PTC+	chr2	val	3.58907705891711	0.9449561	0.65	trigger_nmd	trigger	0.65	trigger_nmd	trigger
ENSG00000198690.11.novel3	ENSG00000198690.11	ENST00000362065.9	NMD+/PTC+	chr15	train	4.22559809931844	0.958718	0.65	trigger_nmd	trigger	0.65	trigger_nmd	trigger
ENSG00000198814.15.novel9	ENSG00000198814.15	ENST00000378945.7	NMD+/PTC+	chrX	train	2.09398107225233	0.98401695	0.65	trigger_nmd	trigger	0.65	trigger_nmd	trigger
ENSG00000198858.11.novel1	ENSG00000198858.11	ENST00000361574.10	NMD+/PTC+	chr19	train	3.66077902798879	0.8643708	0.65	trigger_nmd	trigger	0.65	trigger_nmd	trigger
ENSG00000198858.11.novel2	ENSG00000198858.11	ENST00000361574.10	Control	chr19	train	-0.00590457199882079	0.041937202	0	last_exon	escape	0	last_exon	escape
ENSG00000203697.13.novel4	ENSG00000203697.13	ENST00000366873.6	NMD+/PTC+	chr1	test	1.87054203286225	0.89590687	0.65	trigger_nmd	trigger	0.65	trigger_nmd	trigger
ENSG00000203791.16.novel1	ENSG00000203791.16	ENST00000368836.7	NMD+/PTC+	chr10	train	1.40698313717065	0.93437564	0.65	trigger_nmd	trigger	0.65	trigger_nmd	trigger
ENSG00000203837.5.novel2	ENSG00000203837.5	ENST00000369230.4	Control	chr10	train	0.024012358329131	0.24116857	0	last_exon	escape	0	last_exon	escape
ENSG00000203837.5.novel7	ENSG00000203837.5	ENST00000369230.4	NMD+/PTC+	chr10	train	2.35368631033652	0.7466849	0.65	trigger_nmd	trigger	0.65	trigger_nmd	trigger
ENSG00000204130.15.novel1	ENSG00000204130.15	ENST00000937698.1	NMD+/PTC+	chr10	train	4.69844378327571	0.97952914	0.65	trigger_nmd	trigger	0.65	trigger_nmd	trigger
ENSG00000204256.16.novel43	ENSG00000204256.16	ENST00000607833.5	Control	chr6	train	0.0706887140265468	0.12609836	0	last_exon	escape	0	last_exon	escape
ENSG00000204256.16.novel73	ENSG00000204256.16	ENST00000607833.5	NMD+/PTC+	chr6	train	3.8238699495216	0.94397867	0.65	trigger_nmd	trigger	0.65	trigger_nmd	trigger
ENSG00000204257.16.novel34	ENSG00000204257.16	ENST00000869592.1	NMD+/PTC+	chr6	train	2.14596342705806	0.2482426	0.41	long_exon	escape	0.41	long_exon	escape
ENSG00000204348.11.novel1	ENSG00000204348.11	ENST00000375356.7	NMD+/PTC+	chr6	train	4.87080009556466	0.8726499	0.65	trigger_nmd	trigger	0.65	trigger_nmd	trigger
ENSG00000204394.14.novel1	ENSG00000204394.14	ENST00000375663.8	Control	chr6	train	-0.00937503589629324	0.059085917	0	last_exon	escape	0	last_exon	escape
ENSG00000204394.14.novel2	ENSG00000204394.14	ENST00000375663.8	NMD+/PTC+	chr6	train	3.16113119438713	0.98791134	0.65	trigger_nmd	trigger	0.65	trigger_nmd	trigger
ENSG00000204498.11.novel2	ENSG00000204498.11	ENST00000376146.8	NMD+/PTC+	chr6	train	2.42492566971128	0.63127935	0.65	trigger_nmd	trigger	0.65	trigger_nmd	trigger
ENSG00000204576.13.novel8	ENSG00000204576.13	ENST00000376557.3	Control	""	""	0.349703256754268		0	last_exon	escape	0	last_exon	escape
ENSG00000204599.17.novel3	ENSG00000204599.17	ENST00000428728.5	Control	chr6	train	0.0278777046294743	0.22893383	0	last_exon	escape	0	last_exon	escape
ENSG00000204604.14.novel9	ENSG00000204604.14	ENST00000595646.6	NMD+/PTC+	chr19	train	2.47782391000235	0.89536744	0.65	trigger_nmd	trigger	0.65	trigger_nmd	trigger
ENSG00000204634.14.novel1	ENSG00000204634.14	ENST00000376840.8	Control	chr2	val	-0.0110089163376777	0.024623472	0	last_exon	escape	0	last_exon	escape
ENSG00000204634.14.novel6	ENSG00000204634.14	ENST00000376840.8	NMD+/PTC+	chr2	val	2.68348954583034	0.99387276	0.65	trigger_nmd	trigger	0.65	trigger_nmd	trigger
ENSG00000204642.15.novel5	ENSG00000204642.15	ENST00000334668.8	NMD+/PTC+	chr6	train	1.89151856051743	0.92882824	0.65	trigger_nmd	trigger	0.65	trigger_nmd	trigger
ENSG00000204842.19.novel15	ENSG00000204842.19	ENST00000890891.1	NMD+/PTC+	chr12	train	3.66705732001928	0.9747764	0.65	trigger_nmd	trigger	0.65	trigger_nmd	trigger
ENSG00000204859.14.novel12	ENSG00000204859.14	ENST00000482360.5	Control	chr1	test	0.0579775726494862	0.36167645	0	last_exon	escape	0	last_exon	escape
ENSG00000204859.14.novel4	ENSG00000204859.14	ENST00000482360.5	NMD+/PTC-	chr1	test	3.54747181719378	0.9935262	0	last_exon	escape	0	last_exon	escape
ENSG00000205250.10.novel4	ENSG00000205250.10	ENST00000567007.5	NMD+/PTC-	chr16	train	3.45072208954106	0.92189384	0	last_exon	escape	0	last_exon	escape
ENSG00000205250.10.novel83	ENSG00000205250.10	ENST00000567007.5	Control	""	""	-0.0473057572427522		0.41	long_exon	escape	0.41	long_exon	escape
ENSG00000205571.16.novel3	ENSG00000205571.16	ENST00000380743.9	NMD+/PTC+	chr5	test	3.21897832991539	0.96282446	0.65	trigger_nmd	trigger	0.65	trigger_nmd	trigger
ENSG00000213341.12.novel1	ENSG00000213341.12	ENST00000370397.8	Control	chr10	train	-0.0342315112746425	0.17585388	0.2	50nt_rule	escape	0.2	50nt_rule	escape
ENSG00000213341.12.novel4	ENSG00000213341.12	ENST00000370397.8	NMD+/PTC+	chr10	train	3.56448870591452	0.80688804	0.65	trigger_nmd	trigger	0.65	trigger_nmd	trigger
ENSG00000213551.8.novel4	ENSG00000213551.8	ENST00000372950.6	NMD+/PTC+	chr10	train	0.784524309014447	0.865073	0.65	trigger_nmd	trigger	0.65	trigger_nmd	trigger
ENSG00000213551.8.novel5	ENSG00000213551.8	ENST00000372950.6	Control	chr10	train	-0.0287622559166321	0.7551429	0	last_exon	escape	0	last_exon	escape
ENSG00000213699.10.novel6	ENSG00000213699.10	ENST00000414029.1	NMD+/PTC+	chr2	val	2.49003519406992	0.8961895	0.65	trigger_nmd	trigger	0.65	trigger_nmd	trigger
ENSG00000214050.9.novel4	ENSG00000214050.9	ENST00000346498.6	Control	chr8	train	-0.042515725524404	0.058898386	0	last_exon	escape	0	last_exon	escape
ENSG00000214050.9.novel6	ENSG00000214050.9	ENST00000346498.6	NMD+/PTC+	""	""	0.91442154326176		0.65	trigger_nmd	trigger	0.65	trigger_nmd	trigger
ENSG00000214063.13.novel1	ENSG00000214063.13	ENST00000397406.5	NMD+/PTC+	chr11	train	2.20997535760513	0.9538334	0.65	trigger_nmd	trigger	0.65	trigger_nmd	trigger
ENSG00000214719.14.novel8	ENSG00000214719.14	ENST00000770062.1	Control	chr17	train	0.152555961777224	0.14362481	0.41	long_exon	escape	0.41	long_exon	escape
ENSG00000221968.10.novel2	ENSG00000221968.10	ENST00000278829.7	Control	chr11	train	0.0683749129804855	0.0661288	0	last_exon	escape	0	last_exon	escape
ENSG00000221968.10.novel5	ENSG00000221968.10	ENST00000278829.7	NMD+/PTC+	chr11	train	4.7112921217098	0.974916	0.65	trigger_nmd	trigger	0.65	trigger_nmd	trigger
ENSG00000221978.14.novel1	ENSG00000221978.14	ENST00000408918.8	Control	chr1	test	0.0873894647742395	0.945497	0	last_exon	escape	0	last_exon	escape
ENSG00000221978.14.novel2	ENSG00000221978.14	ENST00000408918.8	NMD+/PTC+	chr1	test	3.89085299462719	0.9814404	0.65	trigger_nmd	trigger	0.65	trigger_nmd	trigger
ENSG00000224945.1.novel3	ENSG00000224945.1	ENST00000429700.2	Control	chr9	train	0.265819081149429	0.61613	0.41	long_exon	escape	0.41	long_exon	escape
ENSG00000224945.1.novel5	ENSG00000224945.1	ENST00000429700.2	NMD+/PTC-	chr9	train	2.21129822283626	0.39956358	0.2	50nt_rule	escape	0.2	50nt_rule	escape
ENSG00000225921.8.novel28	ENSG00000225921.8	ENST00000451315.7	Control	chr6	train	-0.0490310884009616	0.15484764	0	last_exon	escape	0	last_exon	escape
ENSG00000225921.8.novel29	ENSG00000225921.8	ENST00000451315.7	NMD+/PTC+	chr6	train	1.60354629793613	0.95104396	0.41	long_exon	escape	0.41	long_exon	escape
ENSG00000225950.10.novel2	ENSG00000225950.10	ENST00000594938.2	NMD+/PTC-	""	""	1.34503439964348		0	last_exon	escape	0	last_exon	escape
ENSG00000225950.10.novel4	ENSG00000225950.10	ENST00000594938.2	Control	chr19	train	-0.0513788595395301	0.035235476	0	last_exon	escape	0	last_exon	escape
ENSG00000228696.13.novel2	ENSG00000228696.13	ENST00000450673.4	NMD+/PTC+	chr17	train	1.80658895170865	0.2897115	0.65	trigger_nmd	trigger	0.65	trigger_nmd	trigger
ENSG00000234465.11.novel14	ENSG00000234465.11	ENST00000562365.2	NMD+/PTC-	chr19	train	2.45976800031875	0.32987297	0	last_exon	escape	0	last_exon	escape
ENSG00000235173.7.novel1	ENSG00000235173.7	ENST00000347708.5	NMD+/PTC+	chr8	train	3.7561046408307	0.9636554	0.65	trigger_nmd	trigger	0.41	long_exon	escape
ENSG00000235173.7.novel17	ENSG00000235173.7	ENST00000347708.5	Control	chr8	train	0.0787388631409689	0.12249007	0.41	long_exon	escape	0.41	long_exon	escape
ENSG00000237651.8.novel2	ENSG00000237651.8	ENST00000426997.5	NMD+/PTC-	chr2	val	1.54760745917333	0.19844313	0	last_exon	escape	0	last_exon	escape
ENSG00000240344.11.novel1	ENSG00000240344.11	ENST00000392283.9	NMD+/PTC+	chr2	val	1.93038151247578	0.930145	0.65	trigger_nmd	trigger	0.65	trigger_nmd	trigger
ENSG00000242028.9.novel4	ENSG00000242028.9	ENST00000442995.4	NMD+/PTC-	chr15	train	3.27533619072419	0.13399912	0	last_exon	escape	0	last_exon	escape
ENSG00000242247.12.novel12	ENSG00000242247.12	ENST00000263245.10	NMD+/PTC+	chr22	train	4.10119628925334	0.9889141	0.65	trigger_nmd	trigger	0.65	trigger_nmd	trigger
ENSG00000242247.12.novel22	ENSG00000242247.12	ENST00000263245.10	Control	chr22	train	-0.0270193379250207	0.057430115	0	last_exon	escape	0	last_exon	escape
ENSG00000243789.12.novel1	ENSG00000243789.12	ENST00000397299.9	NMD+/PTC+	chr15	train	2.38456331922166	0.9638448	0.41	long_exon	escape	0.41	long_exon	escape
ENSG00000243789.12.novel2	ENSG00000243789.12	ENST00000397299.9	Control	chr15	train	0.0889402566620758	0.82388866	0	last_exon	escape	0	last_exon	escape
ENSG00000244607.8.novel11	ENSG00000244607.8	ENST00000492806.5	Control	chr3	test	0.0542503675056636	0.081161305	0	last_exon	escape	0	last_exon	escape
ENSG00000244607.8.novel6	ENSG00000244607.8	ENST00000492806.5	NMD+/PTC-	chr3	test	2.67707380686442	0.89766055	0	last_exon	escape	0	last_exon	escape
ENSG00000256061.8.novel7	ENSG00000256061.8	ENST00000348518.4	NMD+/PTC+	""	""	1.4645272031707		0.65	trigger_nmd	trigger	0.65	trigger_nmd	trigger
ENSG00000259024.7.novel2	ENSG00000259024.7	ENST00000522212.6	Control	chr17	train	0.0994984386030279	0.45171648	0.2	50nt_rule	escape	0.2	50nt_rule	escape
ENSG00000259024.7.novel6	ENSG00000259024.7	ENST00000522212.6	NMD+/PTC+	chr17	train	2.79539103871668	0.91158706	0.65	trigger_nmd	trigger	0.65	trigger_nmd	trigger
ENSG00000265681.9.novel3	ENSG00000265681.9	ENST00000578532.5	NMD+/PTC-	chr18	train	3.96071246893908	0.6543718	0	last_exon	escape	0	last_exon	escape
ENSG00000266173.8.novel5	ENSG00000266173.8	ENST00000638708.1	NMD+/PTC+	chr17	train	2.89048235981366	0.954838	0.65	trigger_nmd	trigger	0.65	trigger_nmd	trigger
ENSG00000267796.9.novel1	ENSG00000267796.9	ENST00000301159.14	NMD+/PTC+	chr19	train	2.75525807243828	0.93467593	0.65	trigger_nmd	trigger	0.65	trigger_nmd	trigger
ENSG00000268104.4.novel1	ENSG00000268104.4	ENST00000598581.3	Control	chrX	train	0.0377633024010563	0.076361544	0	last_exon	escape	0	last_exon	escape
ENSG00000268104.4.novel2	ENSG00000268104.4	ENST00000598581.3	NMD+/PTC+	chrX	train	4.65796088020185	0.92667955	0.65	trigger_nmd	trigger	0.65	trigger_nmd	trigger
ENSG00000268350.9.novel2	ENSG00000268350.9	ENST00000612846.5	Control	chrX	train	-0.0680017547427856	0.21077451	0	last_exon	escape	0	last_exon	escape
ENSG00000269335.8.novel63	ENSG00000269335.8	ENST00000594239.6	NMD+/PTC-	chrX	train	3.10897724729247	0.48055294	0	last_exon	escape	0	last_exon	escape
ENSG00000273559.6.novel3	ENSG00000273559.6	ENST00000614790.5	NMD+/PTC+	chr17	train	4.80482944909608	0.9699017	0.65	trigger_nmd	trigger	0.65	trigger_nmd	trigger
ENSG00000276234.6.novel3	ENSG00000276234.6	ENST00000620367.4	Control	chr17	train	-0.0206062386173538	0.5337633	0.2	50nt_rule	escape	0.2	50nt_rule	escape
ENSG00000276234.6.novel50	ENSG00000276234.6	ENST00000620367.4	NMD+/PTC+	chr17	train	4.57036281445031	0.99291444	0.65	trigger_nmd	trigger	0.65	trigger_nmd	trigger
ENSG00000278259.6.novel5	ENSG00000278259.6	ENST00000614623.5	NMD+/PTC+	chr17	train	2.14899786074912	0.7642816	0.65	trigger_nmd	trigger	0.65	trigger_nmd	trigger
ENSG00000280071.5.novel1	ENSG00000280071.5	ENST00000620528.5	Control	chr21	train	-0.0305979096676049	0.049554136	0	last_exon	escape	0	last_exon	escape
ENSG00000280071.5.novel4	ENSG00000280071.5	ENST00000620528.5	NMD+/PTC+	chr21	train	2.45844062833812	0.93219227	0.65	trigger_nmd	trigger	0.65	trigger_nmd	trigger
ENSG00000290854.2.novel2	ENSG00000290854.2	ENST00000647043.1	Control	chr1	test	0.0112244572188865	0.29789928	0	last_exon	escape	0	last_exon	escape
ENSG00000290854.2.novel4	ENSG00000290854.2	ENST00000647043.1	NMD+/PTC+	chr1	test	1.72452769269451	0.84730333	0.65	trigger_nmd	trigger	0.65	trigger_nmd	trigger
ENSG00000291100.2.novel3	ENSG00000291100.2	ENST00000842660.1	Control	chr20	train	0.101214458760639	0.17549711	0	last_exon	escape	0	last_exon	escape
ENSG00000292358.3.novel1	ENSG00000292358.3	ENST00000972676.1	Control	chrY	train	0.0174106036056047	0.3717768	0.41	long_exon	escape	0.41	long_exon	escape
ENSG00000292358.3.novel5	ENSG00000292358.3	ENST00000972676.1	NMD+/PTC+	chrY	train	2.39130148601482	0.97745126	0.65	trigger_nmd	trigger	0.65	trigger_nmd	trigger
ENSG00000292366.2.novel3	ENSG00000292366.2	ENST00000711265.2	Control	chrY	train	0.0347271607381983	0.04854972	0	last_exon	escape	0	last_exon	escape
ENSG00000293241.2.novel1	ENSG00000293241.2	ENST00000544802.6	Control	chr7	test	-0.00612150537101832	0.10708243	0	last_exon	escape	0	last_exon	escape
ENSG00000293241.2.novel2	ENSG00000293241.2	ENST00000544802.6	NMD+/PTC+	chr7	test	2.36951607826297	0.85631526	0.65	trigger_nmd	trigger	0.65	trigger_nmd	trigger
ENSG00000293489.2.novel20	ENSG00000293489.2	ENST00000493981.2	NMD+/PTC-	chr6	train	2.96629639784917	0.7271549	0	last_exon	escape	0	last_exon	escape
ENSG00000293489.2.novel30	ENSG00000293489.2	ENST00000493981.2	Control	chr6	train	0.183278371657239	0.6154055	0	last_exon	escape	0	last_exon	escape
ENSG00000293669.2.novel1	ENSG00000293669.2	ENST00000688185.2	NMD+/PTC+	chr17	train	3.83201220302136	0.5325347	0.65	trigger_nmd	trigger	0.65	trigger_nmd	trigger
ENST00000006658.11	ENSG00000006282.23	ENST00000503127.5	Control	chr17	train	-0.0442276786398289	0.07972956	0	last_exon	escape	0	last_exon	escape
ENST00000159111.9	ENSG00000127663.17	ENST00000611640.4	Control	chr19	train	-0.0316605927965411	0.028994529	0	last_exon	escape	0	last_exon	escape
ENST00000175506.8	ENSG00000070669.18	ENST00000394308.8	Control	chr7	test	0.155301347030227	0.0853483	0	last_exon	escape	0	last_exon	escape
ENST00000202831.7	ENSG00000089060.13	ENST00000680972.1	Control	chr12	train	0.0228867077552118	0.06990993	0	last_exon	escape	0	last_exon	escape
ENST00000206474.11	ENSG00000092036.20	ENST00000541587.6	Control	chr14	train	-0.0182977807094735	0.030248964	0	last_exon	escape	0	last_exon	escape
ENST00000216288.11	ENSG00000075413.20	ENST00000303622.13	Control	chr14	train	0.0406641409246719	0.035966437	0	last_exon	escape	0	last_exon	escape
ENST00000217185.3	ENSG00000101213.8	ENST00000542869.3	NMD+/PTC+	chr20	train	1.18133993167306	0.97011805	0.65	trigger_nmd	trigger	0.65	trigger_nmd	trigger
ENST00000219069.6	ENSG00000006194.12	ENST00000575823.2	Control	chr16	train	0.0364178512567317	0.17214656	0	last_exon	escape	0	last_exon	escape
ENST00000222574.9	ENSG00000105856.15	ENST00000468410.5	Control	chr7	test	0.0345135474788982	0.10689878	0	last_exon	escape	0	last_exon	escape
ENST00000223423.8	ENSG00000095303.18	ENST00000362012.7	Control	chr9	train	-0.0237848403697606	0.032419696	0	last_exon	escape	0	last_exon	escape
ENST00000228843.13	ENSG00000111247.16	ENST00000352618.9	Control	chr12	train	-0.144654623512807	0.11125791	0	last_exon	escape	0	last_exon	escape
ENST00000235878.5	ENSG00000117226.14	ENST00000493594.6	NMD+/PTC+	chr1	test	1.68579420835326	0.93805695	0.65	trigger_nmd	trigger	0.65	trigger_nmd	trigger
ENST00000238018.8	ENSG00000119125.18	ENST00000358399.8	Control	chr9	train	0.0201718661541169	0.12671313	0.2	50nt_rule	escape	0.2	50nt_rule	escape
ENST00000240139.10	ENSG00000120910.16	ENST00000289963.12	Control	chr8	train	0.0746985202990001	0.03929967	0	last_exon	escape	0	last_exon	escape
ENST00000243639.8	ENSG00000204604.14	ENST00000595646.6	Control	chr19	train	0.0127862396865269	0.1869997	0	last_exon	escape	0	last_exon	escape
ENST00000243896.6	ENSG00000080189.16	ENST00000372230.10	Control	chr20	train	0.0874150053038911	0.14854011	0	last_exon	escape	0	last_exon	escape
ENST00000248041.12	ENSG00000171903.18	ENST00000402119.9	Control	chr19	train	-0.0414251108556821	0.04743662	0	last_exon	escape	0	last_exon	escape
ENST00000248420.9	ENSG00000105298.15	ENST00000429344.7	Control	chr19	train	0.0419969912259935	0.3508147	0.41	long_exon	escape	0.41	long_exon	escape
ENST00000249910.5	ENSG00000129071.11	ENST00000429544.7	Control	chr3	test	-0.0545145868785966	0.03662943	0	last_exon	escape	0	last_exon	escape
ENST00000250056.12	ENSG00000129195.17	ENST00000572447.6	Control	chr17	train	-0.066168309710424	0.052739933	0	last_exon	escape	0	last_exon	escape
ENST00000250379.13	ENSG00000092208.20	ENST00000308317.12	Control	chr14	train	-0.0965227755558116	0.56145716	0	last_exon	escape	0	last_exon	escape
ENST00000254742.6	ENSG00000132406.13	ENST00000382753.5	NMD+/PTC+	chr4	val	3.48383508477954	0.8101732	0.41	long_exon	escape	0.41	long_exon	escape
ENST00000256733.9	ENSG00000134339.10	ENST00000528349.5	Control	chr11	train	0.0464266830305347	0.11119232	0	last_exon	escape	0	last_exon	escape
ENST00000257659.12	ENSG00000105793.17	ENST00000222511.11	Control	chr7	test	-0.0630905872227295	0.04268315	0	last_exon	escape	0	last_exon	escape
ENST00000259050.8	ENSG00000136536.16	ENST00000856570.1	Control	chr2	val	-0.0260279067131955	0.052277815	0	last_exon	escape	0	last_exon	escape
ENST00000259206.9	ENSG00000136689.20	ENST00000354115.6	Control	chr2	val	-0.00109659177544839	0.05675562	0	last_exon	escape	0	last_exon	escape
ENST00000259951.12	ENSG00000204642.15	ENST00000334668.8	Control	chr6	train	-0.00332829575772381	0.06982425	0	last_exon	escape	0	last_exon	escape
ENST00000260506.12	ENSG00000137942.19	ENST00000370253.6	Control	chr1	test	-0.013575879650764	0.047831304	0	last_exon	escape	0	last_exon	escape
ENST00000260563.4	ENSG00000137996.14	ENST00000370128.9	Control	chr1	test	0.0129697748168945	0.083043806	0	last_exon	escape	0	last_exon	escape
ENST00000261203.7	ENSG00000111052.9	ENST00000552864.6	NMD+/PTC+	chr12	train	2.39311414125352	0.9427166	0.65	trigger_nmd	trigger	0.65	trigger_nmd	trigger
ENST00000261388.7	ENSG00000011638.12	ENST00000233047.9	Control	chr16	train	-0.0175972800672791	0.10182005	0	last_exon	escape	0	last_exon	escape
ENST00000261817.6	ENSG00000110801.15	ENST00000541212.6	Control	chr12	train	0.00947814269434619	0.35795116	0	last_exon	escape	0	last_exon	escape
ENST00000262013.12	ENSG00000008294.23	ENST00000357122.8	Control	chr17	train	0.0454123636824922	0.017838452	0	last_exon	escape	0	last_exon	escape
ENST00000262177.9	ENSG00000105993.16	ENST00000429029.6	Control	chr7	test	0.0607918743286723	0.1300356	0	last_exon	escape	0	last_exon	escape
ENST00000263112.11	ENSG00000099998.20	ENST00000327365.10	Control	chr22	train	-0.0586297555292296	0.07467279	0	last_exon	escape	0	last_exon	escape
ENST00000263205.11	ENSG00000099917.18	ENST00000292733.11	Control	chr22	train	0.00895186318817113	0.09572565	0	last_exon	escape	0	last_exon	escape
ENST00000264668.6	ENSG00000124275.16	ENST00000440940.7	Control	chr5	test	-0.0777015912311842	0.06760744	0	last_exon	escape	0	last_exon	escape
ENST00000265978.8	ENSG00000051009.12	ENST00000449352.7	Control	chr11	train	-0.0479593753915652	0.07617488	0	last_exon	escape	0	last_exon	escape
ENST00000266252.8	ENSG00000138942.18	ENST00000883459.1	Control	chr22	train	0.0638227260383688	0.22253634	0	last_exon	escape	0	last_exon	escape
ENST00000268673.12	ENSG00000140992.21	ENST00000342085.9	Control	chr16	train	0.0706096696800259	0.05536083	0	last_exon	escape	0	last_exon	escape
ENST00000271688.10	ENSG00000143418.21	ENST00000368954.10	Control	chr1	test	-0.0654755448941553	0.040343575	0	last_exon	escape	0	last_exon	escape
ENST00000271889.8	ENSG00000143578.17	ENST00000368607.8	Control	chr1	test	-0.105980244075509	0.054864325	0	last_exon	escape	0	last_exon	escape
ENST00000274773.12	ENSG00000146054.19	ENST00000334421.5	Control	chr5	test	0.0357061667022794	0.029737465	0	last_exon	escape	0	last_exon	escape
ENST00000281273.8	ENSG00000151576.11	ENST00000485050.5	Control	chr3	test	-0.0119433845488832	0.69409657	0	last_exon	escape	0	last_exon	escape
ENST00000281419.8	ENSG00000151693.12	ENST00000315273.4	Control	chr2	val	-0.00817100750603876	0.02854849	0	last_exon	escape	0	last_exon	escape
ENST00000285908.5	ENSG00000145919.12	ENST00000311086.9	Control	chr5	test	0.0311721229699366	0.074214265	0	last_exon	escape	0	last_exon	escape
ENST00000288723.9	ENSG00000157869.17	ENST00000330852.10	Control	chr4	val	-0.073320973487945	0.5919576	0.2	50nt_rule	escape	0.2	50nt_rule	escape
ENST00000289013.11	ENSG00000158106.16	ENST00000857760.1	Control	chr8	train	-0.0206821801960351	0.034182757	0	last_exon	escape	0	last_exon	escape
ENST00000295694.9	ENSG00000163472.20	ENST00000495881.1	NMD+/PTC-	chr1	test	2.14975057398396	0.061944928	0	last_exon	escape	0	last_exon	escape
ENST00000296702.9	ENSG00000113649.15	ENST00000394421.7	Control	chr5	test	-0.0763993204568947	0.026612734	0	last_exon	escape	0	last_exon	escape
ENST00000296783.7	ENSG00000164329.16	ENST00000453514.6	Control	chr5	test	-0.0607616088817384	0.06445161	0	last_exon	escape	0	last_exon	escape
ENST00000297574.6	ENSG00000164929.18	ENST00000309982.10	Control	chr8	train	0.0187626140119333	0.053717125	0	last_exon	escape	0	last_exon	escape
ENST00000298068.10	ENSG00000165338.17	ENST00000371681.8	Control	chr10	train	-0.0920743938035613	0.023378074	0	last_exon	escape	0	last_exon	escape
ENST00000299421.9	ENSG00000166333.15	ENST00000420936.6	Control	""	""	-0.0352209639775389		0	last_exon	escape	0	last_exon	escape
ENST00000301021.7	ENSG00000167515.12	ENST00000696289.1	Control	chr16	train	0.0449361956695755	0.10152544	0	last_exon	escape	0	last_exon	escape
ENST00000302956.8	ENSG00000162066.17	ENST00000293971.11	Control	chr16	train	-8.2282039559146e-05	0.286921	0	last_exon	escape	0	last_exon	escape
ENST00000306353.8	ENSG00000168890.15	ENST00000409668.1	NMD+/PTC+	""	""	0.993652425649892		0.65	trigger_nmd	trigger	0.65	trigger_nmd	trigger
ENST00000306385.10	ENSG00000168487.20	ENST00000306349.13	Control	chr8	train	-0.0084893657596075	0.037860695	0	last_exon	escape	0	last_exon	escape
ENST00000306433.9	ENSG00000168495.14	ENST00000397802.8	Control	chr8	train	0.0812268876689946	0.034279972	0	last_exon	escape	0	last_exon	escape
ENST00000308893.9	ENSG00000149930.19	ENST00000279394.7	Control	chr16	train	0.0412894057139929	0.06336861	0	last_exon	escape	0	last_exon	escape
ENST00000309439.9	ENSG00000164162.15	ENST00000507656.6	Control	chr4	val	-0.0889216496393352	0.053001463	0	last_exon	escape	0	last_exon	escape
ENST00000310340.9	ENSG00000174227.17	ENST00000453061.7	Control	chr4	val	-0.061884986066779	0.03067624	0	last_exon	escape	0	last_exon	escape
ENST00000311350.8	ENSG00000122557.12	ENST00000396081.5	Control	chr7	test	-0.0355518152491583	0.04124223	0	last_exon	escape	0	last_exon	escape
ENST00000311489.8	ENSG00000133731.11	ENST00000256108.10	Control	chr8	train	-0.0279156110330515	0.69304794	0.2	50nt_rule	escape	0.2	50nt_rule	escape
ENST00000312635.10	ENSG00000135655.17	ENST00000353364.7	Control	chr12	train	-0.0765636293687669	0.093007915	0	last_exon	escape	0	last_exon	escape
ENST00000313244.14	ENSG00000125733.19	ENST00000313285.12	Control	chr19	train	-0.0174470091838883	0.026434341	0	last_exon	escape	0	last_exon	escape
ENST00000314673.8	ENSG00000135317.15	ENST00000369627.6	Control	chr6	train	-0.0255610783881497	0.0304593	0	last_exon	escape	0	last_exon	escape
ENST00000316856.7	ENSG00000179262.11	ENST00000586534.6	Control	""	""	-0.0683868713291093		0	last_exon	escape	0	last_exon	escape
ENST00000318387.7	ENSG00000122952.18	ENST00000361148.6	Control	chr10	train	-0.0198368152904955	0.16101484	0	last_exon	escape	0	last_exon	escape
ENST00000318787.13	ENSG00000111906.19	ENST00000398153.7	Control	chr6	train	0.149931225520576	0.23221418	0	last_exon	escape	0	last_exon	escape
ENST00000319073.5	ENSG00000120925.17	ENST00000527424.6	Control	chr8	train	0.0137231800907997	0.7973124	0	last_exon	escape	0	last_exon	escape
ENST00000319481.8	ENSG00000141447.20	ENST00000399443.7	Control	chr18	train	-0.00101639265161876	0.06956301	0	last_exon	escape	0	last_exon	escape
ENST00000322269.10	ENSG00000071889.18	ENST00000359889.9	NMD+/PTC+	""	""	0.496091804999366		0.65	trigger_nmd	trigger	0.65	trigger_nmd	trigger
ENST00000322813.10	ENSG00000005238.21	ENST00000903794.1	Control	chr9	train	0.0894855329820919	0.08364012	0	last_exon	escape	0	last_exon	escape
ENST00000323301.8	ENSG00000148356.16	ENST00000300417.11	Control	chr9	train	-0.0563017471507711	0.082826115	0	last_exon	escape	0	last_exon	escape
ENST00000324464.8	ENSG00000123815.14	ENST00000678419.1	Control	chr19	train	0.00292664412337256	0.06970978	0	last_exon	escape	0	last_exon	escape
ENST00000324932.12	ENSG00000110713.19	ENST00000397004.9	Control	chr11	train	-0.0198532821689252	0.042895313	0	last_exon	escape	0	last_exon	escape
ENST00000325223.7	ENSG00000160226.16	ENST00000339818.9	Control	""	""	-0.0723556938421788		0	last_exon	escape	0	last_exon	escape
ENST00000325324.11	ENSG00000086200.18	ENST00000409534.1	Control	chr5	test	-0.0292934796153898	0.12243005	0	last_exon	escape	0	last_exon	escape
ENST00000325464.6	ENSG00000175221.17	ENST00000395808.7	Control	chr19	train	-0.0124572670582489	0.09468776	0	last_exon	escape	0	last_exon	escape
ENST00000325468.9	ENSG00000165905.19	ENST00000401752.6	Control	chr11	train	0.0306989903550855	0.008982821	0	last_exon	escape	0	last_exon	escape
ENST00000326729.9	ENSG00000168765.20	ENST00000369836.9	Control	""	""	-0.0539797139246965		0	last_exon	escape	0	last_exon	escape
ENST00000326853.9	ENSG00000198203.11	ENST00000251481.11	Control	chr2	val	0.0833486656121276	0.08564279	0	last_exon	escape	0	last_exon	escape
ENST00000327761.7	ENSG00000068028.19	ENST00000395117.6	NMD+/PTC-	chr3	test	3.25543746550033	0.22735058	0	last_exon	escape	0	last_exon	escape
ENST00000327858.11	ENSG00000077942.20	ENST00000262722.11	Control	chr22	train	-0.0414110193693372	0.0490067	0	last_exon	escape	0	last_exon	escape
ENST00000329281.6	ENSG00000117475.15	ENST00000367808.8	Control	chr1	test	0.0038038818424436	0.1374624	0.2	50nt_rule	escape	0.2	50nt_rule	escape
ENST00000330243.9	ENSG00000185507.22	ENST00000525445.6	Control	chr11	train	0.0561589563943307	0.19008939	0	last_exon	escape	0	last_exon	escape
ENST00000330622.9	ENSG00000135108.17	ENST00000622495.5	Control	chr12	train	-0.0277705075612042	0.075388156	0	last_exon	escape	0	last_exon	escape
ENST00000330843.9	ENSG00000156675.17	ENST00000287263.8	Control	chr8	train	0.0169774576252653	0.03089922	0	last_exon	escape	0	last_exon	escape
ENST00000333483.14	ENSG00000087995.17	ENST00000311506.10	NMD+/PTC+	chr17	train	1.80996914257958	0.6779146	0.12	start_proximal	escape	0.41	long_exon	escape
ENST00000334530.9	ENSG00000168476.13	ENST00000306306.8	Control	chr8	train	0.00746368042907917	0.659816	0.2	50nt_rule	escape	0.2	50nt_rule	escape
ENST00000334538.13	ENSG00000186866.18	ENST00000898195.1	NMD+/PTC+	chr21	train	4.22503259869936	0.85559076	0.65	trigger_nmd	trigger	0.65	trigger_nmd	trigger
ENST00000334944.9	ENSG00000168066.23	ENST00000377390.8	Control	chr11	train	-0.0205644830091812	0.011835401	0	last_exon	escape	0	last_exon	escape
ENST00000335698.4	ENSG00000165629.21	ENST00000356708.12	Control	chr10	train	-0.0447909550056018	0.026896112	0	last_exon	escape	0	last_exon	escape
ENST00000335760.9	ENSG00000179750.16	ENST00000333467.4	NMD+/PTC+	chr22	train	3.88530878183745	0.8527112	0.65	trigger_nmd	trigger	0.65	trigger_nmd	trigger
ENST00000336430.11	ENSG00000123130.18	ENST00000379303.10	Control	chrX	train	-0.0022396811596758	0.037524845	0	last_exon	escape	0	last_exon	escape
ENST00000336702.7	ENSG00000172375.15	ENST00000648610.2	Control	chr11	train	0.0802868238563662	0.038232643	0	last_exon	escape	0	last_exon	escape
ENST00000337339.7	ENSG00000005302.19	ENST00000482871.6	Control	chrX	train	-0.0184087531202152	0.03587151	0	last_exon	escape	0	last_exon	escape
ENST00000337665.8	ENSG00000076928.21	ENST00000354532.8	Control	chr19	train	-0.00653369114252316	0.78380877	0.2	50nt_rule	escape	0.2	50nt_rule	escape
ENST00000337841.4	ENSG00000090054.17	ENST00000262554.7	Control	chr9	train	-0.0481622907419121	0.10718971	0	last_exon	escape	0	last_exon	escape
ENST00000338546.9	ENSG00000107521.22	ENST00000325103.10	Control	chr10	train	-0.0298162639531732	0.029549351	0	last_exon	escape	0	last_exon	escape
ENST00000339773.9	ENSG00000135622.15	ENST00000357877.7	Control	chr2	val	0.00596605874890792	0.019906677	0	last_exon	escape	0	last_exon	escape
ENST00000339775.10	ENSG00000154640.16	ENST00000348354.7	Control	chr21	train	0.0253234465647579	0.025488483	0	last_exon	escape	0	last_exon	escape
ENST00000340139.10	ENSG00000138785.17	ENST00000451321.6	Control	chr4	val	-0.0128524221236088	0.08712102	0	last_exon	escape	0	last_exon	escape
ENST00000340308.7	ENSG00000157800.19	ENST00000326232.14	Control	chr7	test	-0.00144177703242928	0.06658285	0	last_exon	escape	0	last_exon	escape
ENST00000340660.10	ENSG00000066427.26	ENST00000644486.2	Control	chr14	train	0.0238590071043487	0.05813641	0	last_exon	escape	0	last_exon	escape
ENST00000340729.9	ENSG00000162129.16	ENST00000542555.3	Control	chr11	train	0.0144788244437325	0.07131626	0	last_exon	escape	0	last_exon	escape
ENST00000341116.7	ENSG00000128309.19	ENST00000429360.6	Control	chr22	train	-0.0158760593671181	0.074939676	0	last_exon	escape	0	last_exon	escape
ENST00000341318.9	ENSG00000172977.14	ENST00000377046.7	Control	chr11	train	-0.0160255640994227	0.06575448	0	last_exon	escape	0	last_exon	escape
ENST00000341505.4	ENSG00000142273.14	ENST00000647358.2	Control	""	""	-0.0484015802917056		0.2	50nt_rule	escape	0.2	50nt_rule	escape
ENST00000342616.4	ENSG00000204130.15	ENST00000937698.1	Control	chr10	train	0.143531304061007	0.020208582	0	last_exon	escape	0	last_exon	escape
ENST00000345724.7	ENSG00000172175.17	ENST00000649217.2	Control	chr18	train	-0.0126363424828047	0.05137082	0	last_exon	escape	0	last_exon	escape
ENST00000345739.10	ENSG00000115966.19	ENST00000264110.7	Control	chr2	val	0.0226368321248897	0.71839774	0	last_exon	escape	0	last_exon	escape
ENST00000346134.11	ENSG00000090989.19	ENST00000892248.1	Control	chr4	val	-0.0841465920117994	0.041108694	0	last_exon	escape	0	last_exon	escape
ENST00000346192.7	ENSG00000073792.17	ENST00000382199.7	Control	chr3	test	-0.00854088191210073	0.18960741	0	last_exon	escape	0	last_exon	escape
ENST00000346299.10	ENSG00000087053.20	ENST00000352297.11	Control	chr11	train	-0.0462383018792331	0.15049295	0	last_exon	escape	0	last_exon	escape
ENST00000347691.9	ENSG00000182400.16	ENST00000330149.10	Control	chr14	train	-0.0369359133376212	0.16238554	0	last_exon	escape	0	last_exon	escape
ENST00000348257.9	ENSG00000101150.19	ENST00000346249.9	Control	chr20	train	0.031571207582638	0.11538168	0	last_exon	escape	0	last_exon	escape
ENST00000348520.10	ENSG00000126214.23	ENST00000389744.8	Control	chr14	train	-0.0361200846229399	0.10308757	0.2	50nt_rule	escape	0.2	50nt_rule	escape
ENST00000349215.8	ENSG00000110756.19	ENST00000396253.7	Control	chr11	train	-0.0348538958636483	0.15691139	0	last_exon	escape	0	last_exon	escape
ENST00000350027.8	ENSG00000143498.19	ENST00000352967.9	NMD+/PTC-	chr1	test	2.73230679602083	0.5291252	0.2	50nt_rule	escape	0.2	50nt_rule	escape
ENST00000351429.7	ENSG00000156239.13	ENST00000303775.10	Control	chr21	train	-0.083542295773515	0.12444895	0	last_exon	escape	0	last_exon	escape
ENST00000352301.8	ENSG00000138668.21	ENST00000894839.1	Control	chr4	val	-0.0409091969287105	0.47573167	0.2	50nt_rule	escape	0.2	50nt_rule	escape
ENST00000353788.8	ENSG00000104497.16	ENST00000345957.9	Control	chr8	train	-0.0714536770329876	0.062043544	0	last_exon	escape	0	last_exon	escape
ENST00000353866.7	ENSG00000072571.21	ENST00000393915.9	Control	chr5	test	-0.0415263918217365	0.044739842	0	last_exon	escape	0	last_exon	escape
ENST00000354631.7	ENSG00000107614.23	ENST00000377799.8	NMD+/PTC+	chr10	train	1.74659399240491	0.96483874	0.65	trigger_nmd	trigger	0.65	trigger_nmd	trigger
ENST00000354667.8	ENSG00000122566.24	ENST00000715986.1	Control	chr7	test	-0.0206157096738931	0.59542817	0.2	50nt_rule	escape	0.2	50nt_rule	escape
ENST00000355264.9	ENSG00000185009.14	ENST00000372745.1	Control	chr10	train	0.00890621809568602	0.0473203	0	last_exon	escape	0	last_exon	escape
ENST00000355557.7	ENSG00000196387.11	ENST00000536790.5	Control	chr12	train	-0.0345467856569865	0.08089687	0	last_exon	escape	0	last_exon	escape
ENST00000355957.9	ENSG00000124222.24	ENST00000371132.8	Control	chr20	train	0.020840870848548	0.0604801	0	last_exon	escape	0	last_exon	escape
ENST00000356306.9	ENSG00000148832.17	ENST00000278060.10	NMD+/PTC+	chr10	train	2.84007722855316	0.8950308	0.65	trigger_nmd	trigger	0.65	trigger_nmd	trigger
ENST00000356362.6	ENSG00000091127.15	ENST00000469408.6	Control	chr7	test	-0.0314104197259809	0.02644483	0	last_exon	escape	0	last_exon	escape
ENST00000356836.10	ENSG00000117411.19	ENST00000372324.6	NMD+/PTC-	chr1	test	1.54231429228098	0.0981637	0	last_exon	escape	0	last_exon	escape
ENST00000357339.7	ENSG00000026103.25	ENST00000652046.1	Control	chr10	train	-0.0700457997033737	0.06322508	0	last_exon	escape	0	last_exon	escape
ENST00000357390.8	ENSG00000171109.20	ENST00000471841.6	NMD+/PTC+	chr3	test	3.41543718429714	0.98992574	0.65	trigger_nmd	trigger	0.65	trigger_nmd	trigger
ENST00000357430.8	ENSG00000123983.16	ENST00000392066.7	Control	chr2	val	-0.0451100884873409	0.028961241	0	last_exon	escape	0	last_exon	escape
ENST00000358039.9	ENSG00000007341.20	ENST00000473206.5	Control	chr1	test	-0.107620286096552	0.030459285	0	last_exon	escape	0	last_exon	escape
ENST00000358377.7	ENSG00000119599.19	ENST00000892932.1	Control	chr14	train	0.0406763594386474	0.024643408	0	last_exon	escape	0	last_exon	escape
ENST00000358769.7	ENSG00000108187.17	ENST00000309049.8	Control	chr10	train	-0.0460063831526262	0.09519423	0	last_exon	escape	0	last_exon	escape
ENST00000359213.7	ENSG00000121578.14	ENST00000393765.7	Control	chr3	test	0.100620881008565	0.12733111	0	last_exon	escape	0	last_exon	escape
ENST00000359365.9	ENSG00000068028.19	ENST00000395117.6	Control	chr3	test	0.115760574851787	0.04771055	0	last_exon	escape	0	last_exon	escape
ENST00000359366.10	ENSG00000066427.26	ENST00000644486.2	NMD+/PTC+	chr14	train	4.02249010536274	0.986112	0.65	trigger_nmd	trigger	0.65	trigger_nmd	trigger
ENST00000359479.7	ENSG00000169359.17	ENST00000643144.2	Control	chr3	test	0.0844221543922201	0.225126	0.2	50nt_rule	escape	0.2	50nt_rule	escape
ENST00000359949.11	ENSG00000135124.17	ENST00000337233.9	Control	chr12	train	-0.0224177611873888	0.14639622	0	last_exon	escape	0	last_exon	escape
ENST00000359980.5	ENSG00000155256.19	ENST00000891775.1	Control	chr10	train	-0.0213233110832852	0.1607848	0	last_exon	escape	0	last_exon	escape
ENST00000360003.7	ENSG00000197771.14	ENST00000369077.4	Control	chr10	train	-0.0251066806740889	0.02113106	0	last_exon	escape	0	last_exon	escape
ENST00000360171.11	ENSG00000196873.17	ENST00000478048.5	Control	chr9	train	0.150824106120207	0.21597983	0	last_exon	escape	0	last_exon	escape
ENST00000360194.8	ENSG00000197798.10	ENST00000891478.1	Control	chr11	train	-0.0126993238516125	0.54209316	0	last_exon	escape	0	last_exon	escape
ENST00000361042.8	ENSG00000132970.15	ENST00000335327.6	Control	chr13	train	-0.115932937467046	0.048420303	0	last_exon	escape	0	last_exon	escape
ENST00000361641.6	ENSG00000198860.15	ENST00000645668.2	Control	chr1	test	0.017960062876267	0.064382315	0	last_exon	escape	0	last_exon	escape
ENST00000361778.7	ENSG00000165282.17	ENST00000907113.1	Control	chr9	train	-0.033254542798208	0.06805043	0	last_exon	escape	0	last_exon	escape
ENST00000361802.7	ENSG00000160179.21	ENST00000398449.8	Control	chr21	train	0.190537588203199	0.027398609	0	last_exon	escape	0	last_exon	escape
ENST00000361875.8	ENSG00000196428.14	ENST00000466814.1	Control	chr3	test	0.11338419076256	0.1806634	0	last_exon	escape	0	last_exon	escape
ENST00000361909.8	ENSG00000140931.21	ENST00000567572.6	Control	chr16	train	0.0441737133996576	0.04939076	0	last_exon	escape	0	last_exon	escape
ENST00000366554.3	ENSG00000054277.14	ENST00000490673.5	Control	chr1	test	-0.0428679366779783	0.03957443	0	last_exon	escape	0	last_exon	escape
ENST00000366872.10	ENSG00000203697.13	ENST00000366873.6	Control	chr1	test	-0.0399808987610185	0.042178888	0	last_exon	escape	0	last_exon	escape
ENST00000367201.7	ENSG00000143845.15	ENST00000367202.9	Control	chr1	test	-0.0207314040615028	0.33991966	0.2	50nt_rule	escape	0.2	50nt_rule	escape
ENST00000367368.3	ENSG00000120256.12	ENST00000239367.7	Control	chr6	train	0.0448895737604678	0.24096753	0	last_exon	escape	0	last_exon	escape
ENST00000367756.8	ENSG00000112357.15	ENST00000865442.1	Control	""	""	-0.00146846501080419		0	last_exon	escape	0	last_exon	escape
ENST00000368092.7	ENSG00000162723.10	ENST00000368093.4	Control	chr1	test	0.0320543694038955	0.047386076	0	last_exon	escape	0	last_exon	escape
ENST00000368450.5	ENSG00000160691.20	ENST00000368453.8	Control	chr1	test	-0.0307751025209102	0.09618096	0	last_exon	escape	0	last_exon	escape
ENST00000368552.8	ENSG00000148803.14	ENST00000278025.9	Control	""	""	0.173724673200354		0	last_exon	escape	0	last_exon	escape
ENST00000368564.7	ENSG00000196911.13	ENST00000356348.6	Control	chr6	train	0.00138983777607049	0.042877294	0	last_exon	escape	0	last_exon	escape
ENST00000368613.8	ENSG00000148814.19	ENST00000368614.8	Control	chr10	train	-0.00658830132323023	0.05701878	0	last_exon	escape	0	last_exon	escape
ENST00000368849.8	ENSG00000143367.18	ENST00000368848.6	Control	chr1	test	0.0106576063349472	0.15151891	0	last_exon	escape	0	last_exon	escape
ENST00000369093.6	ENSG00000151923.19	ENST00000436547.7	Control	chr10	train	-0.0239870617203603	0.02954374	0	last_exon	escape	0	last_exon	escape
ENST00000369487.3	ENSG00000116815.17	ENST00000369489.10	Control	chr1	test	-0.0339691551012411	0.032845788	0	last_exon	escape	0	last_exon	escape
ENST00000369965.8	ENSG00000085433.18	ENST00000369962.8	Control	chr1	test	-0.0077179457472262	0.067580186	0	last_exon	escape	0	last_exon	escape
ENST00000369969.7	ENSG00000121940.18	ENST00000356970.6	Control	chr1	test	-0.0399449606624461	0.18184859	0.2	50nt_rule	escape	0.2	50nt_rule	escape
ENST00000370779.8	ENSG00000101928.14	ENST00000370783.8	Control	chrX	train	0.0123081165941998	0.14663936	0	last_exon	escape	0	last_exon	escape
ENST00000371033.9	ENSG00000101166.17	ENST00000355937.9	Control	chr20	train	-0.0815033776234879	0.03572072	0	last_exon	escape	0	last_exon	escape
ENST00000371242.6	ENSG00000101146.14	ENST00000395841.7	Control	chr20	train	-0.00788127367878355	0.026934266	0	last_exon	escape	0	last_exon	escape
ENST00000371466.4	ENSG00000162385.12	ENST00000371470.8	Control	chr1	test_paralog	-0.0587294694850073	0.05167768	0	last_exon	escape	0	last_exon	escape
ENST00000371582.8	ENSG00000000419.15	ENST00000371588.10	Control	chr20	train	-0.0482915018844016	0.0443918	0	last_exon	escape	0	last_exon	escape
ENST00000371897.8	ENSG00000160326.15	ENST00000371899.9	Control	chr9	train	-0.0254976751882132	0.05414637	0	last_exon	escape	0	last_exon	escape
ENST00000372674.5	ENSG00000133134.13	ENST00000372677.8	Control	""	""	-0.0606090180825967		0	last_exon	escape	0	last_exon	escape
ENST00000373146.6	ENSG00000160408.17	ENST00000373144.7	Control	chr9	train	0.0981980527507855	0.12995704	0	last_exon	escape	0	last_exon	escape
ENST00000373150.8	ENSG00000116871.17	ENST00000474796.2	Control	chr1	test	0.0760828576347216	0.0298233	0	last_exon	escape	0	last_exon	escape
ENST00000373243.7	ENSG00000020129.17	ENST00000356090.8	Control	chr1	test	-0.0238162338076599	0.07277831	0	last_exon	escape	0	last_exon	escape
ENST00000373443.7	ENSG00000142920.19	ENST00000910998.1	Control	chr1	test	-0.0146070102325688	0.061361272	0	last_exon	escape	0	last_exon	escape
ENST00000373489.10	ENSG00000167081.19	ENST00000342287.9	Control	chr9	train	-0.0593139985675399	0.034994572	0	last_exon	escape	0	last_exon	escape
ENST00000373492.6	ENSG00000167081.19	ENST00000342287.9	NMD+/PTC+	chr9	train	2.0974893659457	0.8409133	0.65	trigger_nmd	trigger	0.65	trigger_nmd	trigger
ENST00000373896.8	ENSG00000119403.16	ENST00000312189.10	Control	chr9	train	0.0589394770941467	0.031973302	0	last_exon	escape	0	last_exon	escape
ENST00000374948.6	ENSG00000089685.16	ENST00000350051.8	Control	chr17	train	-0.0568254762472126	0.044210557	0	last_exon	escape	0	last_exon	escape
ENST00000375200.6	ENSG00000131061.16	ENST00000342427.6	Control	chr20	train	0.0268197586317034	0.056309655	0	last_exon	escape	0	last_exon	escape
ENST00000375257.2	ENSG00000130958.14	ENST00000253270.13	Control	chr9	train	-0.0667133124519033	0.030696234	0	last_exon	escape	0	last_exon	escape
ENST00000375349.7	ENSG00000204348.11	ENST00000375356.7	Control	chr6	train	-0.0791054208730043	0.09772537	0	last_exon	escape	0	last_exon	escape
ENST00000375403.6	ENSG00000150401.16	ENST00000478244.6	NMD+/PTC+	chr13	train	3.25033093865498	0.9782893	0.65	trigger_nmd	trigger	0.65	trigger_nmd	trigger
ENST00000375479.6	ENSG00000126226.23	ENST00000337344.9	Control	chr13	train	-0.0441439131087119	0.09135344	0.2	50nt_rule	escape	0.2	50nt_rule	escape
ENST00000375771.5	ENSG00000162458.14	ENST00000375766.8	NMD+/PTC-	chr1	test	1.97647676369606	0.08431024	0	last_exon	escape	0	last_exon	escape
ENST00000375840.9	ENSG00000266173.8	ENST00000638708.1	Control	chr17	train	-0.0519327221045784	0.916715	0	last_exon	escape	0	last_exon	escape
ENST00000376145.8	ENSG00000204498.11	ENST00000376146.8	Control	""	""	-0.0735357050168723		0	last_exon	escape	0	last_exon	escape
ENST00000376368.7	ENSG00000196998.20	ENST00000376372.9	Control	chrX	train	-0.0226269687301298	0.08001967	0	last_exon	escape	0	last_exon	escape
ENST00000377600.7	ENSG00000112763.18	ENST00000312541.10	NMD+/PTC+	chr6	train	3.08343269362923	0.95583206	0.65	trigger_nmd	trigger	0.65	trigger_nmd	trigger
ENST00000377604.8	ENSG00000182872.17	ENST00000864485.1	Control	chrX	train	-0.042974519906184	0.08697194	0	last_exon	escape	0	last_exon	escape
ENST00000379158.7	ENSG00000164978.20	ENST00000892446.1	NMD+/PTC-	chr9	train	2.66438330493021	0.6620557	0	last_exon	escape	0	last_exon	escape
ENST00000379250.10	ENSG00000124523.18	ENST00000888574.1	NMD+/PTC+	chr6	train	4.46911600668696	0.741243	0.65	trigger_nmd	trigger	0.65	trigger_nmd	trigger
ENST00000379325.7	ENSG00000131591.19	ENST00000421241.7	NMD+/PTC+	chr1	test	3.12503151960004	0.76823735	0.65	trigger_nmd	trigger	0.65	trigger_nmd	trigger
ENST00000379594.7	ENSG00000145782.14	ENST00000509910.2	NMD+/PTC+	chr5	test	5.28022343304935	0.8454453	0.65	trigger_nmd	trigger	0.65	trigger_nmd	trigger
ENST00000380729.8	ENSG00000183474.17	ENST00000877333.1	Control	chr5	test	-0.0330932469339628	0.047360558	0	last_exon	escape	0	last_exon	escape
ENST00000381208.9	ENSG00000129197.16	ENST00000381209.8	Control	""	""	-0.043135885169293		0	last_exon	escape	0	last_exon	escape
ENST00000381373.3	ENSG00000147854.19	ENST00000276893.10	Control	chr9	train	0.0531870588234528	0.03221363	0	last_exon	escape	0	last_exon	escape
ENST00000383745.6	ENSG00000186448.16	ENST00000344387.9	Control	chr3	test	0.107165434690425	0.06607543	0	last_exon	escape	0	last_exon	escape
ENST00000392008.6	ENSG00000198612.12	ENST00000354371.7	Control	chr2	val	0.130210225311647	0.73704666	0	last_exon	escape	0	last_exon	escape
ENST00000392095.8	ENSG00000130023.17	ENST00000418781.7	Control	chr6	train	0.0857783764217591	0.1727996	0	last_exon	escape	0	last_exon	escape
ENST00000392341.6	ENSG00000141526.19	ENST00000584689.6	Control	chr17	train	-0.00874117073890777	0.042166907	0	last_exon	escape	0	last_exon	escape
ENST00000392523.9	ENSG00000185347.20	ENST00000392522.8	Control	chr14	train	-0.00413324189776615	0.10395083	0	last_exon	escape	0	last_exon	escape
ENST00000392571.6	ENSG00000152256.15	ENST00000410055.5	Control	chr2	val	0.0359705580361759	0.07240405	0	last_exon	escape	0	last_exon	escape
ENST00000392623.5	ENSG00000189171.17	ENST00000476133.6	NMD+/PTC-	chr1	test	2.59012635816394	0.05929125	0	last_exon	escape	0	last_exon	escape
ENST00000393047.8	ENSG00000150776.19	ENST00000530104.2	NMD+/PTC-	chr11	train	0.748907745449283	0.21522747	0	last_exon	escape	0	last_exon	escape
ENST00000393132.2	ENSG00000172331.13	ENST00000344924.8	NMD+/PTC-	chr7	test	1.22859425574841	0.113309905	0	last_exon	escape	0	last_exon	escape
ENST00000393400.6	ENSG00000163870.17	ENST00000355552.8	NMD+/PTC+	chr3	test	2.2226486670241	0.8331687	0.65	trigger_nmd	trigger	0.65	trigger_nmd	trigger
ENST00000393760.6	ENSG00000171307.20	ENST00000352634.8	Control	chr10	train	-0.041361971569127	0.24886627	0	last_exon	escape	0	last_exon	escape
ENST00000394073.6	ENSG00000124356.18	ENST00000339566.7	Control	chr2	val	-0.0291405911369685	0.059486073	0	last_exon	escape	0	last_exon	escape
ENST00000394170.6	ENSG00000196652.13	ENST00000864573.1	Control	chr7	test	-0.0305569398516077	0.07079509	0	last_exon	escape	0	last_exon	escape
ENST00000394514.6	ENSG00000013561.19	ENST00000394520.7	NMD+/PTC+	chr5	test	1.18816517702673	0.8758536	0.41	long_exon	escape	0.41	long_exon	escape
ENST00000394631.7	ENSG00000109534.18	ENST00000226796.7	Control	""	""	-0.0135804328004441		0	last_exon	escape	0	last_exon	escape
ENST00000394689.2	ENSG00000166164.17	ENST00000710357.1	Control	chr16	train	-0.0077177593493499	0.039278492	0	last_exon	escape	0	last_exon	escape
ENST00000395226.6	ENSG00000138678.12	ENST00000264409.5	Control	chr4	val	-0.0758483631624208	0.02833139	0	last_exon	escape	0	last_exon	escape
ENST00000395303.7	ENSG00000204257.16	ENST00000869592.1	Control	chr6	train	0.0895551567996005	0.040318843	0	last_exon	escape	0	last_exon	escape
ENST00000395425.6	ENSG00000126787.14	ENST00000247191.7	Control	chr14	train	-0.0641472565334533	0.048261374	0	last_exon	escape	0	last_exon	escape
ENST00000395602.8	ENSG00000166484.21	ENST00000395604.8	Control	chr17	train	-0.0477887990532022	0.02179207	0	last_exon	escape	0	last_exon	escape
ENST00000395703.8	ENSG00000177427.14	ENST00000323019.9	Control	chr17	train	0.0615823612768978	0.039063584	0	last_exon	escape	0	last_exon	escape
ENST00000395859.2	ENSG00000100483.15	ENST00000395860.7	Control	chr14	train	0.0174967680750599	0.16764821	0	last_exon	escape	0	last_exon	escape
ENST00000396196.6	ENSG00000151116.18	ENST00000396197.8	NMD+/PTC+	chr11	train	2.93145332016068	0.93190414	0.65	trigger_nmd	trigger	0.65	trigger_nmd	trigger
ENST00000396401.7	ENSG00000187735.17	ENST00000521604.7	Control	chr8	train	-0.0488221884706073	0.077734046	0	last_exon	escape	0	last_exon	escape
ENST00000396525.7	ENSG00000110321.19	ENST00000339995.11	Control	chr11	train	0.0176958519809296	0.11417896	0	last_exon	escape	0	last_exon	escape
ENST00000396551.9	ENSG00000204599.17	ENST00000428728.5	NMD+/PTC-	""	""	0.684530979448778		0	last_exon	escape	0	last_exon	escape
ENST00000396596.2	ENSG00000104205.17	ENST00000521198.7	Control	chr8	train	0.0587086810796873	0.039671637	0	last_exon	escape	0	last_exon	escape
ENST00000396649.7	ENSG00000151092.19	ENST00000280700.10	Control	chr3	test	-0.0521069742097695	0.039533593	0	last_exon	escape	0	last_exon	escape
ENST00000396774.6	ENSG00000047249.19	ENST00000355221.7	Control	chr8	train	-0.0430021299019287	0.019436723	0	last_exon	escape	0	last_exon	escape
ENST00000397206.6	ENSG00000163072.17	ENST00000317647.12	Control	chr2	val	0.00882753229320475	0.93905044	0	last_exon	escape	0	last_exon	escape
ENST00000397638.7	ENSG00000160310.21	ENST00000397628.5	Control	chr21	train	-0.00157305996428341	0.057025712	0	last_exon	escape	0	last_exon	escape
ENST00000397783.5	ENSG00000007392.18	ENST00000337351.8	Control	chr16	train	-0.0330708346249221	0.2821367	0.2	50nt_rule	escape	0.2	50nt_rule	escape
ENST00000397871.5	ENSG00000100296.15	ENST00000397872.5	Control	chr22	train	-0.0564710855850391	0.069027536	0	last_exon	escape	0	last_exon	escape
ENST00000397873.6	ENSG00000100296.15	ENST00000397872.5	NMD+/PTC-	chr22	train	1.24898759166942	0.090893835	0	last_exon	escape	0	last_exon	escape
ENST00000398071.4	ENSG00000087269.17	ENST00000416614.7	Control	chr4	val	-0.059750295881284	0.02378954	0	last_exon	escape	0	last_exon	escape
ENST00000399079.7	ENSG00000179344.18	ENST00000434651.7	Control	chr6	train	-0.037396414069974	0.13171758	0	last_exon	escape	0	last_exon	escape
ENST00000399351.7	ENSG00000177054.15	ENST00000446113.7	Control	chr11	train	-0.0179852323128781	0.43417245	0	last_exon	escape	0	last_exon	escape
ENST00000399455.2	ENSG00000170242.20	ENST00000339865.9	Control	chr11	train	-0.056849166164218	0.034223948	0	last_exon	escape	0	last_exon	escape
ENST00000399777.2	ENSG00000099968.20	ENST00000317582.10	NMD+/PTC+	chr22	train	2.72012260762919	0.8982489	0.65	trigger_nmd	trigger	0.65	trigger_nmd	trigger
ENST00000400556.8	ENSG00000154845.17	ENST00000400555.7	Control	chr18	train	-0.00218432238833056	0.05372237	0	last_exon	escape	0	last_exon	escape
ENST00000402182.7	ENSG00000179750.16	ENST00000333467.4	Control	chr22	train	-0.0343658850421455	0.02114317	0	last_exon	escape	0	last_exon	escape
ENST00000403461.5	ENSG00000079385.24	ENST00000403444.7	Control	chr19	train	-0.00929585068558696	0.11014942	0.2	50nt_rule	escape	0.2	50nt_rule	escape
ENST00000403470.1	ENSG00000019102.13	ENST00000326621.10	Control	chr11	train	0.0539497980012598	0.057816256	0	last_exon	escape	0	last_exon	escape
ENST00000404072.7	ENSG00000100151.17	ENST00000356976.8	Control	chr22	train	-0.0506091659659991	0.06162345	0	last_exon	escape	0	last_exon	escape
ENST00000404424.5	ENSG00000115295.22	ENST00000320081.10	Control	chr2	val	0.01742172750338	0.088905536	0	last_exon	escape	0	last_exon	escape
ENST00000404724.7	ENSG00000093009.12	ENST00000263201.7	Control	chr22	train	-0.0847518174512828	0.034911286	0.2	50nt_rule	escape	0.2	50nt_rule	escape
ENST00000406555.7	ENSG00000172889.17	ENST00000371698.3	NMD+/PTC-	chr9	train	4.19833406628803	0.9660474	0	last_exon	escape	0	last_exon	escape
ENST00000406618.3	ENSG00000118960.14	ENST00000304031.8	Control	chr2	val	-0.0690358750918873	0.031081174	0	last_exon	escape	0	last_exon	escape
ENST00000406925.7	ENSG00000242028.9	ENST00000442995.4	Control	chr15	train	0.137640049137867	0.16477922	0	last_exon	escape	0	last_exon	escape
ENST00000409160.7	ENSG00000144485.12	ENST00000272937.10	Control	chr2	val	0.0397587381124677	0.19325061	0	last_exon	escape	0	last_exon	escape
ENST00000409182.1	ENSG00000144485.12	ENST00000272937.10	NMD+/PTC-	""	""	2.15973417942207		0	last_exon	escape	0	last_exon	escape
ENST00000409406.1	ENSG00000173933.22	ENST00000398692.8	Control	chr11	train	-0.00658893325617138	0.25745055	0.41	long_exon	escape	0.41	long_exon	escape
ENST00000409470.5	ENSG00000168883.21	ENST00000323701.11	Control	chr2	val	0.102199903917684	0.9159083	0.2	50nt_rule	escape	0.2	50nt_rule	escape
ENST00000409512.5	ENSG00000115919.16	ENST00000264170.9	NMD+/PTC-	chr2	val	1.8631070429396	0.040672984	0	last_exon	escape	0	last_exon	escape
ENST00000409584.5	ENSG00000115602.18	ENST00000311734.6	Control	chr2	val	0.0175542868414967	0.062122878	0	last_exon	escape	0	last_exon	escape
ENST00000410049.1	ENSG00000135974.12	ENST00000258457.7	Control	""	""	-0.0605520787229544		0	last_exon	escape	0	last_exon	escape
ENST00000411850.5	ENSG00000100284.23	ENST00000449058.7	Control	chr22	train	-0.034587074487012	0.06289623	0	last_exon	escape	0	last_exon	escape
ENST00000412033.7	ENSG00000092208.20	ENST00000308317.12	NMD+/PTC+	chr14	train	1.81945696648976	0.8372283	0.12	start_proximal	escape	0.65	trigger_nmd	trigger
ENST00000413266.6	ENSG00000022840.17	ENST00000325954.9	Control	chr12	train	-0.0486045765847166	0.015051498	0	last_exon	escape	0	last_exon	escape
ENST00000413507.3	ENSG00000103642.12	ENST00000261893.9	Control	chr15	train	0.0285703646278813	0.017796585	0	last_exon	escape	0	last_exon	escape
ENST00000415095.5	ENSG00000186522.16	ENST00000397712.7	Control	chr2	val	-0.0646942222883423	0.02583813	0	last_exon	escape	0	last_exon	escape
ENST00000415229.6	ENSG00000162174.13	ENST00000301776.9	Control	chr11	train	-0.080349504627716	0.041171867	0	last_exon	escape	0	last_exon	escape
ENST00000415783.6	ENSG00000116001.18	ENST00000433529.7	Control	chr2	val	-0.014571094314762	0.03220745	0	last_exon	escape	0	last_exon	escape
ENST00000416913.5	ENSG00000162869.17	ENST00000294952.13	Control	chr2	val	-0.0134541338486543	0.9465332	0	last_exon	escape	0	last_exon	escape
ENST00000417220.6	ENSG00000041880.16	ENST00000471971.6	NMD+/PTC-	chr3	test	1.57696968865504	0.020560378	0	last_exon	escape	0	last_exon	escape
ENST00000417413.7	ENSG00000127328.23	ENST00000247833.12	NMD+/PTC+	chr12	train	3.40080544323853	0.967036	0.65	trigger_nmd	trigger	0.65	trigger_nmd	trigger
ENST00000417689.6	ENSG00000172831.15	ENST00000317091.10	Control	chr16	train	0.00185454792982222	0.3266514	0	last_exon	escape	0	last_exon	escape
ENST00000417736.2	ENSG00000176014.14	ENST00000591909.5	NMD+/PTC+	chr18	train	0.618817334035512	0.30424592	0.41	long_exon	escape	0.41	long_exon	escape
ENST00000418389.7	ENSG00000174886.16	ENST00000592634.5	Control	chr19	train	-0.0354941298708705	0.04643652	0	last_exon	escape	0	last_exon	escape
ENST00000418431.5	ENSG00000172113.11	ENST00000442597.6	NMD+/PTC+	chr3	test	3.3470456917849	0.81169003	0.65	trigger_nmd	trigger	0.65	trigger_nmd	trigger
ENST00000418611.5	ENSG00000211456.15	ENST00000441228.5	NMD+/PTC+	chr3	test	1.78908451757724	0.7885668	0.65	trigger_nmd	trigger	0.65	trigger_nmd	trigger
ENST00000419205.5	ENSG00000071889.18	ENST00000359889.9	Control	chrX	train	-0.0171032612881505	0.102627315	0	last_exon	escape	0	last_exon	escape
ENST00000420510.5	ENSG00000144118.15	ENST00000272519.10	Control	chr2	val	-0.0362820178457209	0.06026256	0	last_exon	escape	0	last_exon	escape
ENST00000420827.2	ENSG00000033178.14	ENST00000322244.10	Control	chr4	val	0.119932867893781	0.022678113	0	last_exon	escape	0	last_exon	escape
ENST00000420864.5	ENSG00000128654.15	ENST00000249442.11	Control	chr2	val	0.101749034029633	0.90462154	0	last_exon	escape	0	last_exon	escape
ENST00000421276.6	ENSG00000093167.19	ENST00000354379.8	Control	chr3	test	-0.0418942752811899	0.028635109	0	last_exon	escape	0	last_exon	escape
ENST00000422257.7	ENSG00000139626.17	ENST00000267082.10	Control	chr12	train	-0.0316183074416415	0.04024267	0	last_exon	escape	0	last_exon	escape
ENST00000423725.5	ENSG00000023228.16	ENST00000233190.11	Control	chr2	val	0.00445018607797942	0.19837971	0	last_exon	escape	0	last_exon	escape
ENST00000423894.5	ENSG00000187118.15	ENST00000466830.6	Control	""	""	-0.0447147199342483		0	last_exon	escape	0	last_exon	escape
ENST00000423945.6	ENSG00000291152.2	ENST00000685034.2	Control	chr7	test	0.159173394906036	0.1406577	0	last_exon	escape	0	last_exon	escape
ENST00000424495.2	ENSG00000112561.20	ENST00000373033.6	NMD+/PTC-	chr6	train	2.55108100360306	0.13356732	0	last_exon	escape	0	last_exon	escape
ENST00000426705.6	ENSG00000143416.22	ENST00000368868.10	Control	chr1	test	-0.0542500193242194	0.41796494	0	last_exon	escape	0	last_exon	escape
ENST00000426808.5	ENSG00000156976.18	ENST00000323963.10	NMD+/PTC+	chr3	test	3.24310308290019	0.9771937	0.65	trigger_nmd	trigger	0.65	trigger_nmd	trigger
ENST00000426982.7	ENSG00000142687.20	ENST00000469892.7	Control	""	""	0.208737899216882		0	last_exon	escape	0	last_exon	escape
ENST00000427190.6	ENSG00000198814.15	ENST00000378945.7	Control	chrX	train	0.00414761686767686	0.025581563	0	last_exon	escape	0	last_exon	escape
ENST00000427993.7	ENSG00000117620.16	ENST00000533028.8	Control	chr1	test	-0.0339631536111749	0.06522589	0	last_exon	escape	0	last_exon	escape
ENST00000428707.2	ENSG00000093010.16	ENST00000361682.11	Control	chr22	train	0.0737252416316908	0.01557094	0	last_exon	escape	0	last_exon	escape
ENST00000428760.5	ENSG00000115966.19	ENST00000264110.7	NMD+/PTC+	chr2	val	3.91425133984233	0.90691626	0.65	trigger_nmd	trigger	0.65	trigger_nmd	trigger
ENST00000429160.1	ENSG00000163960.14	ENST00000493566.1	NMD+/PTC+	chr3	test	2.8813532983714	0.96909034	0.65	trigger_nmd	trigger	0.65	trigger_nmd	trigger
ENST00000429751.6	ENSG00000085721.14	ENST00000198767.11	Control	chr16	train	0.0396860582285602	0.07724307	0	last_exon	escape	0	last_exon	escape
ENST00000429941.6	ENSG00000072958.10	ENST00000291439.8	Control	chr19	train	0.0255393553508496	0.047584094	0	last_exon	escape	0	last_exon	escape
ENST00000432425.5	ENSG00000013441.18	ENST00000321356.9	NMD+/PTC+	chr2	val	3.101094373353	0.9539015	0.65	trigger_nmd	trigger	0.65	trigger_nmd	trigger
ENST00000432569.2	ENSG00000145191.16	ENST00000648915.2	Control	""	""	-0.0344340484890466		0	last_exon	escape	0	last_exon	escape
ENST00000432887.5	ENSG00000176148.17	ENST00000334274.9	Control	chr11	train	0.16734372443151	0.028403934	0	last_exon	escape	0	last_exon	escape
ENST00000434065.5	ENSG00000163701.20	ENST00000383814.8	Control	chr3	test	-0.0396181612651875	0.9084251	0	last_exon	escape	0	last_exon	escape
ENST00000434391.6	ENSG00000117682.19	ENST00000236342.12	NMD+/PTC+	chr1	test	4.28138475137579	0.97303885	0.65	trigger_nmd	trigger	0.65	trigger_nmd	trigger
ENST00000434858.5	ENSG00000115750.18	ENST00000263663.10	NMD+/PTC+	chr2	val	3.86686090058946	0.98748106	0.65	trigger_nmd	trigger	0.65	trigger_nmd	trigger
ENST00000436062.5	ENSG00000135241.18	ENST00000257694.13	Control	chr7	test	0.11827449880079	0.050995678	0	last_exon	escape	0	last_exon	escape
ENST00000436757.7	ENSG00000110697.15	ENST00000356404.8	Control	chr11	train	0.137194200091986	0.025962843	0	last_exon	escape	0	last_exon	escape
ENST00000437212.8	ENSG00000137648.21	ENST00000534111.5	Control	chr11	train	-0.0288414305673124	0.075392745	0	last_exon	escape	0	last_exon	escape
ENST00000438419.6	ENSG00000113597.19	ENST00000399438.8	Control	chr5	test	-0.0640030455383245	0.012381248	0	last_exon	escape	0	last_exon	escape
ENST00000438896.3	ENSG00000081692.14	ENST00000620518.5	Control	chr1	test	-0.0682674666443827	0.6464774	0	last_exon	escape	0	last_exon	escape
ENST00000439052.6	ENSG00000140299.15	ENST00000607373.6	Control	chr15	train	-0.0616805368050809	0.069358066	0	last_exon	escape	0	last_exon	escape
ENST00000439169.2	ENSG00000099899.17	ENST00000403707.7	Control	chr22	train	-0.0637971460935299	0.05573627	0	last_exon	escape	0	last_exon	escape
ENST00000439578.5	ENSG00000152700.15	ENST00000402673.7	Control	chr5	test_paralog	-0.0170936916807239	0.07798164	0	last_exon	escape	0	last_exon	escape
ENST00000439761.3	ENSG00000106258.17	ENST00000222982.8	Control	chr7	test	0.00441524180632516	0.0421702	0	last_exon	escape	0	last_exon	escape
ENST00000440191.6	ENSG00000156976.18	ENST00000323963.10	Control	chr3	test	-0.0429020866482019	0.37183273	0	last_exon	escape	0	last_exon	escape
ENST00000440392.3	ENSG00000134146.13	ENST00000256538.9	Control	chr15	train	-0.0670555616580421	0.040993046	0	last_exon	escape	0	last_exon	escape
ENST00000441576.6	ENSG00000178149.18	ENST00000341949.9	Control	chr3	test	0.108074486616841	0.038686607	0	last_exon	escape	0	last_exon	escape
ENST00000441843.5	ENSG00000179630.12	ENST00000325686.7	Control	chr13	train	-0.0680279987915354	0.031806458	0.2	50nt_rule	escape	0.2	50nt_rule	escape
ENST00000442215.6	ENSG00000163832.17	ENST00000439305.5	NMD+/PTC-	chr3	test	2.92273408372622	0.7408736	0	last_exon	escape	0	last_exon	escape
ENST00000443381.7	ENSG00000158805.13	ENST00000289816.9	Control	chr16	train	0.0942728579156629	0.08346472	0	last_exon	escape	0	last_exon	escape
ENST00000443698.5	ENSG00000096872.18	ENST00000429045.6	Control	chr9	train	0.0632231146603788	0.03989304	0	last_exon	escape	0	last_exon	escape
ENST00000443785.5	ENSG00000159086.16	ENST00000331923.9	NMD+/PTC+	chr21	train	3.37349982125097	0.99819654	0.65	trigger_nmd	trigger	0.65	trigger_nmd	trigger
ENST00000443980.6	ENSG00000157191.21	ENST00000337132.10	Control	chr1	test	0.012594443908056	0.05792064	0	last_exon	escape	0	last_exon	escape
ENST00000445295.2	ENSG00000221838.13	ENST00000429084.5	Control	chr7	test	-0.0380370197978892	0.037762407	0	last_exon	escape	0	last_exon	escape
ENST00000446293.6	ENSG00000160058.20	ENST00000455895.7	Control	chr1	test	-0.00425460623696959	0.05004083	0	last_exon	escape	0	last_exon	escape
ENST00000446801.6	ENSG00000174442.13	ENST00000307897.10	Control	chr15	train	-0.0296135719189005	0.90462327	0.2	50nt_rule	escape	0.2	50nt_rule	escape
ENST00000446927.5	ENSG00000135622.15	ENST00000357877.7	NMD+/PTC+	chr2	val	1.85518677540974	0.9876819	0.65	trigger_nmd	trigger	0.65	trigger_nmd	trigger
ENST00000446942.5	ENSG00000178026.14	ENST00000318753.13	NMD+/PTC+	chr22	train	2.27136871482858	0.9525538	0.41	long_exon	escape	0.41	long_exon	escape
ENST00000447096.1	ENSG00000059769.21	ENST00000313525.4	NMD+/PTC+	chr9	train	4.01633476671778	0.95760256	0.65	trigger_nmd	trigger	0.65	trigger_nmd	trigger
ENST00000447133.7	ENSG00000111224.15	ENST00000427057.6	NMD+/PTC-	chr12	train	1.11531714768404	0.06900398	0	last_exon	escape	0	last_exon	escape
ENST00000447452.6	ENSG00000164815.12	ENST00000297431.9	Control	chr7	test	-0.0432716222994104	0.037379514	0	last_exon	escape	0	last_exon	escape
ENST00000447873.6	ENSG00000127990.20	ENST00000648936.2	Control	chr7	test	-0.0208191077821563	0.02123006	0	last_exon	escape	0	last_exon	escape
ENST00000448281.7	ENSG00000157014.11	ENST00000287652.8	Control	""	""	0.151485099458549		0.2	50nt_rule	escape	0.2	50nt_rule	escape
ENST00000448392.6	ENSG00000103978.18	ENST00000389834.9	NMD+/PTC+	""	""	0.607956934388704		0.65	trigger_nmd	trigger	0.65	trigger_nmd	trigger
ENST00000449301.5	ENSG00000119004.18	ENST00000356079.9	NMD+/PTC+	chr2	val	5.20901920402369	0.9927313	0.65	trigger_nmd	trigger	0.65	trigger_nmd	trigger
ENST00000450873.6	ENSG00000154710.19	ENST00000284957.9	Control	chr7	test	0.0183614265272385	0.05730657	0	last_exon	escape	0	last_exon	escape
ENST00000450991.6	ENSG00000089818.18	ENST00000339754.11	NMD+/PTC+	chr12	train	2.66911314899648	0.9456341	0.65	trigger_nmd	trigger	0.65	trigger_nmd	trigger
ENST00000451590.5	ENSG00000174775.19	ENST00000311189.8	Control	chr11	train	0.0743464346646639	0.11042646	0	last_exon	escape	0	last_exon	escape
ENST00000451623.5	ENSG00000171055.16	ENST00000405912.8	NMD+/PTC+	chr2	val	1.61146983234687	0.66530335	0.65	trigger_nmd	trigger	0.65	trigger_nmd	trigger
ENST00000452673.6	ENSG00000127022.17	ENST00000247461.9	Control	chr5	test	-0.0374086686383919	0.17724344	0	last_exon	escape	0	last_exon	escape
ENST00000453172.2	ENSG00000134285.12	ENST00000550765.6	Control	chr12	train	-0.019003204510161	0.068187155	0	last_exon	escape	0	last_exon	escape
ENST00000453203.2	ENSG00000213676.14	ENST00000375201.8	Control	chr6	train	0.011373900309095	0.2802599	0.2	50nt_rule	escape	0.2	50nt_rule	escape
ENST00000453791.6	ENSG00000114626.19	ENST00000232744.13	Control	chr3	test	0.187348121141087	0.8583364	0	last_exon	escape	0	last_exon	escape
ENST00000454244.4	ENSG00000071282.13	ENST00000426878.2	Control	chr3	test	0.0329631711107278	0.76042134	0	last_exon	escape	0	last_exon	escape
ENST00000454520.6	ENSG00000161800.14	ENST00000312377.10	Control	chr12	train	-0.0537821706091982	0.06549099	0	last_exon	escape	0	last_exon	escape
ENST00000455319.6	ENSG00000182325.12	ENST00000331890.6	Control	chr8	train	-0.005970056553358	0.044250287	0	last_exon	escape	0	last_exon	escape
ENST00000455834.5	ENSG00000114735.11	ENST00000232854.9	Control	chr3	test	-0.0404147186419997	0.07225632	0	last_exon	escape	0	last_exon	escape
ENST00000456380.5	ENSG00000136527.20	ENST00000463328.5	NMD+/PTC-	chr3	test	4.1662524960541	0.7688539	0	last_exon	escape	0	last_exon	escape
ENST00000456506.2	ENSG00000071282.13	ENST00000426878.2	NMD+/PTC+	chr3	test	1.49066001650019	0.29736325	0.65	trigger_nmd	trigger	0.65	trigger_nmd	trigger
ENST00000457269.8	ENSG00000105655.20	ENST00000338128.13	Control	chr19	train	-0.0599950100928123	0.033987094	0	last_exon	escape	0	last_exon	escape
ENST00000457458.6	ENSG00000102225.18	ENST00000357227.9	Control	chrX	train	0.0759229888697085	0.1998006	0	last_exon	escape	0	last_exon	escape
ENST00000457572.5	ENSG00000100416.16	ENST00000381019.3	NMD+/PTC+	chr22	train	4.62963417525645	0.9950413	0.65	trigger_nmd	trigger	0.65	trigger_nmd	trigger
ENST00000459929.6	ENSG00000116679.18	ENST00000367498.8	NMD+/PTC+	chr1	test	4.52995333665388	0.90662575	0.65	trigger_nmd	trigger	0.65	trigger_nmd	trigger
ENST00000460212.1	ENSG00000156239.13	ENST00000303775.10	NMD+/PTC+	chr21	train	2.16327265860034	0.900328	0.65	trigger_nmd	trigger	0.65	trigger_nmd	trigger
ENST00000461304.5	ENSG00000125875.16	ENST00000354200.5	NMD+/PTC+	chr20	train	2.31772471532789	0.81629467	0.65	trigger_nmd	trigger	0.65	trigger_nmd	trigger
ENST00000461371.5	ENSG00000119004.18	ENST00000356079.9	Control	chr2	val	0.0891360097222638	0.5600761	0	last_exon	escape	0	last_exon	escape
ENST00000461440.5	ENSG00000135269.19	ENST00000358204.9	Control	chr7	test	0.00679934053713408	0.034102444	0	last_exon	escape	0	last_exon	escape
ENST00000462677.3	ENSG00000198860.15	ENST00000645668.2	NMD+/PTC+	chr1	test	3.58642200829506	0.90669256	0.65	trigger_nmd	trigger	0.65	trigger_nmd	trigger
ENST00000462788.6	ENSG00000121749.17	ENST00000485960.7	NMD+/PTC+	chr12	train	4.03708456537281	0.9874878	0.65	trigger_nmd	trigger	0.65	trigger_nmd	trigger
ENST00000462997.6	ENSG00000132664.14	ENST00000377603.5	Control	chr20	train	0.182079375895665	0.77688473	0	last_exon	escape	0	last_exon	escape
ENST00000463347.5	ENSG00000211456.15	ENST00000441228.5	Control	chr3	test	0.154820528113765	0.039449748	0	last_exon	escape	0	last_exon	escape
ENST00000463376.6	ENSG00000184887.15	ENST00000536364.6	Control	chr14	train	0.0884697578156816	0.78206015	0	last_exon	escape	0	last_exon	escape
ENST00000463664.5	ENSG00000143416.22	ENST00000368868.10	NMD+/PTC+	chr1	test	2.63388564527227	0.8695853	0.41	long_exon	escape	0.41	long_exon	escape
ENST00000464088.5	ENSG00000116815.17	ENST00000369489.10	NMD+/PTC+	chr1	test	1.47301421053217	0.11033986	0.65	trigger_nmd	trigger	0.65	trigger_nmd	trigger
ENST00000464099.5	ENSG00000203791.16	ENST00000368836.7	Control	chr10	train	0.0941775011835167	0.86192524	0	last_exon	escape	0	last_exon	escape
ENST00000464256.1	ENSG00000159086.16	ENST00000331923.9	Control	chr21	train	-0.0135590602814919	0.076948404	0	last_exon	escape	0	last_exon	escape
ENST00000464605.1	ENSG00000144744.19	ENST00000361055.9	Control	chr3	test	-0.0915744707214355	0.025313	0	last_exon	escape	0	last_exon	escape
ENST00000464909.2	ENSG00000237651.8	ENST00000426997.5	Control	""	""	-0.100118432431825		0	last_exon	escape	0	last_exon	escape
ENST00000466129.6	ENSG00000138326.22	ENST00000478655.6	Control	chr10	train	0.10834387780232	0.0696593	0	last_exon	escape	0	last_exon	escape
ENST00000466832.5	ENSG00000136527.20	ENST00000463328.5	Control	chr3	test	0.0849388921742263	0.25821197	0	last_exon	escape	0	last_exon	escape
ENST00000467891.5	ENSG00000188130.15	ENST00000215659.13	NMD+/PTC+	chr22	train	1.39238296253797	0.1499179	0.41	long_exon	escape	0.41	long_exon	escape
ENST00000470080.5	ENSG00000163762.8	ENST00000296059.7	Control	chr3	test	-0.0608253495735643	0.06919669	0	last_exon	escape	0	last_exon	escape
ENST00000470411.2	ENSG00000007541.18	ENST00000026218.9	Control	chr16	train	-0.0578469407535031	0.030022249	0	last_exon	escape	0	last_exon	escape
ENST00000470551.1	ENSG00000101152.13	ENST00000360864.9	NMD+/PTC+	""	""	0.453313884780305		0.65	trigger_nmd	trigger	0.65	trigger_nmd	trigger
ENST00000472637.5	ENSG00000163608.16	ENST00000473284.5	Control	chr3	test	-0.0158265427683862	0.437214	0	last_exon	escape	0	last_exon	escape
ENST00000472647.5	ENSG00000143156.15	ENST00000367811.8	Control	chr1	test	0.00708494622649638	0.6244733	0	last_exon	escape	0	last_exon	escape
ENST00000474012.1	ENSG00000164087.9	ENST00000394970.6	Control	chr3	test	0.227047183235409	0.56273645	0	last_exon	escape	0	last_exon	escape
ENST00000474361.6	ENSG00000197976.13	ENST00000313871.9	NMD+/PTC+	chrX	train	4.06377527391742	0.946149	0.65	trigger_nmd	trigger	0.65	trigger_nmd	trigger
ENST00000474393.5	ENSG00000150403.19	ENST00000434316.7	Control	chr13	train	0.0315705914881129	0.02934303	0	last_exon	escape	0	last_exon	escape
ENST00000475591.5	ENSG00000158062.22	ENST00000472155.5	Control	chr1	test	-0.01377418353513	0.90094745	0.41	long_exon	escape	0.41	long_exon	escape
ENST00000475764.5	ENSG00000119125.18	ENST00000358399.8	NMD+/PTC+	chr9	train	4.34950437413899	0.9785984	0.65	trigger_nmd	trigger	0.65	trigger_nmd	trigger
ENST00000477538.2	ENSG00000134086.11	ENST00000256474.3	NMD+/PTC+	chr3	test	2.44480395937128	0.071795985	0.41	long_exon	escape	0.41	long_exon	escape
ENST00000477693.1	ENSG00000155438.13	ENST00000285814.9	Control	chr2	val	0.0234186589495059	0.04630089	0	last_exon	escape	0	last_exon	escape
ENST00000478672.1	ENSG00000122674.13	ENST00000325974.9	Control	""	""	-0.066662321299843		0	last_exon	escape	0	last_exon	escape
ENST00000480046.5	ENSG00000165055.17	ENST00000262432.13	Control	chr7	test_paralog	0.0043986136403513	0.46632633	0	last_exon	escape	0	last_exon	escape
ENST00000480681.1	ENSG00000187325.6	ENST00000341864.6	NMD+/PTC+	chrX	train	2.49160733495517	0.8700739	0.65	trigger_nmd	trigger	0.65	trigger_nmd	trigger
ENST00000480948.6	ENSG00000144048.13	ENST00000272444.8	Control	chr2	val	-0.0172753722464923	0.049065594	0	last_exon	escape	0	last_exon	escape
ENST00000481935.5	ENSG00000119688.22	ENST00000356924.9	Control	chr14	train	0.206584897803671	0.89386857	0	last_exon	escape	0	last_exon	escape
ENST00000482320.5	ENSG00000064419.15	ENST00000265388.10	NMD+/PTC+	chr7	test	2.45135193738936	0.6582974	0.65	trigger_nmd	trigger	0.65	trigger_nmd	trigger
ENST00000482555.5	ENSG00000165055.17	ENST00000262432.13	NMD+/PTC+	chr7	test_paralog	2.6328020871123	0.7411735	0.12	start_proximal	escape	0.41	long_exon	escape
ENST00000482979.5	ENSG00000106261.18	ENST00000875800.1	Control	chr7	test	0.0917190500497763	0.29091135	0	last_exon	escape	0	last_exon	escape
ENST00000484413.6	ENSG00000189171.17	ENST00000476133.6	Control	chr1	test	0.114162925569119	0.49561343	0	last_exon	escape	0	last_exon	escape
ENST00000484417.5	ENSG00000101452.16	ENST00000252011.8	NMD+/PTC+	chr20	train	2.09080790371059	0.9901634	0.65	trigger_nmd	trigger	0.65	trigger_nmd	trigger
ENST00000485648.5	ENSG00000100417.13	ENST00000216259.8	Control	chr22	train	0.0787683088502044	0.9379991	0.41	long_exon	escape	0.41	long_exon	escape
ENST00000486040.1	ENSG00000122687.20	ENST00000467199.5	NMD+/PTC-	""	""	0.539933298886616		0	last_exon	escape	0	last_exon	escape
ENST00000486228.7	ENSG00000156345.19	ENST00000325303.9	NMD+/PTC+	chr9	train	2.5347772963269	0.8768214	0.65	trigger_nmd	trigger	0.65	trigger_nmd	trigger
ENST00000487577.5	ENSG00000025708.15	ENST00000252029.8	Control	chr22	train	-0.0214980060667509	0.091211386	0	last_exon	escape	0	last_exon	escape
ENST00000488362.5	ENSG00000184497.14	ENST00000375353.5	Control	chr13	train	-0.0726222843145357	0.029269733	0	last_exon	escape	0	last_exon	escape
ENST00000488673.6	ENSG00000165275.11	ENST00000857926.1	NMD+/PTC+	chr9	train	4.82791229053695	0.9856235	0.65	trigger_nmd	trigger	0.65	trigger_nmd	trigger
ENST00000488877.6	ENSG00000026103.25	ENST00000652046.1	NMD+/PTC+	chr10	train	2.37014494193754	0.9305959	0.65	trigger_nmd	trigger	0.65	trigger_nmd	trigger
ENST00000489394.5	ENSG00000130066.17	ENST00000379270.5	NMD+/PTC+	chrX	train	5.47119796080788	0.9768852	0.65	trigger_nmd	trigger	0.65	trigger_nmd	trigger
ENST00000489519.1	ENSG00000160325.16	ENST00000316948.9	NMD+/PTC-	chr9	train	2.561964065176	0.1843158	0	last_exon	escape	0	last_exon	escape
ENST00000489772.5	ENSG00000100083.21	ENST00000343632.9	Control	chr22	train	0.0199346454409755	0.061809365	0	last_exon	escape	0	last_exon	escape
ENST00000491231.5	ENSG00000162236.14	ENST00000294179.8	NMD+/PTC+	chr11	train	4.42800662461498	0.95051664	0.65	trigger_nmd	trigger	0.65	trigger_nmd	trigger
ENST00000491265.1	ENSG00000173272.17	ENST00000309451.7	Control	chr2	val	-0.0540538300172183	0.048714478	0	last_exon	escape	0	last_exon	escape
ENST00000491402.5	ENSG00000100483.15	ENST00000395860.7	NMD+/PTC+	chr14	train	3.54862418149081	0.9803642	0.65	trigger_nmd	trigger	0.65	trigger_nmd	trigger
ENST00000491407.1	ENSG00000160813.8	ENST00000292330.3	NMD+/PTC+	chr7	test	1.99797135678443	0.20426214	0.41	long_exon	escape	0.41	long_exon	escape
ENST00000491410.1	ENSG00000078618.24	ENST00000354831.11	Control	""	""	-0.0477334979816372		0	last_exon	escape	0	last_exon	escape
ENST00000492498.5	ENSG00000101146.14	ENST00000395841.7	NMD+/PTC+	chr20	train	3.78177757447375	0.94976	0.65	trigger_nmd	trigger	0.65	trigger_nmd	trigger
ENST00000492540.5	ENSG00000054148.19	ENST00000247665.12	NMD+/PTC+	chr9	train	3.97156929357809	0.8282847	0.41	long_exon	escape	0.41	long_exon	escape
ENST00000492996.6	ENSG00000148634.17	ENST00000373700.9	Control	chr10	train	0.0689786343749883	0.045611408	0	last_exon	escape	0	last_exon	escape
ENST00000493053.5	ENSG00000165629.21	ENST00000356708.12	NMD+/PTC+	chr10	train	2.62031479491033	0.82731307	0.65	trigger_nmd	trigger	0.65	trigger_nmd	trigger
ENST00000493230.5	ENSG00000174775.19	ENST00000311189.8	NMD+/PTC+	chr11	train	4.157306303798	0.9769493	0.65	trigger_nmd	trigger	0.65	trigger_nmd	trigger
ENST00000493368.5	ENSG00000137106.19	ENST00000460882.5	Control	chr9	train	0.0280550042559861	0.068228185	0	last_exon	escape	0	last_exon	escape
ENST00000493680.5	ENSG00000099968.20	ENST00000317582.10	Control	chr22	train	-0.0397204653685621	0.033948172	0	last_exon	escape	0	last_exon	escape
ENST00000494584.5	ENSG00000130717.14	ENST00000372215.5	NMD+/PTC+	chr9	train	3.47571748308841	0.9783529	0.65	trigger_nmd	trigger	0.65	trigger_nmd	trigger
ENST00000494826.1	ENSG00000146476.12	ENST00000367294.4	NMD+/PTC+	chr6	train	3.57614886956779	0.6423782	0.65	trigger_nmd	trigger	0.65	trigger_nmd	trigger
ENST00000495421.1	ENSG00000132768.15	ENST00000255108.8	NMD+/PTC+	chr1	test	0.726900631452808	0.7381602	0.65	trigger_nmd	trigger	0.65	trigger_nmd	trigger
ENST00000495509.6	ENSG00000112511.19	ENST00000374516.8	NMD+/PTC+	chr6	train	2.14379930983356	0.93213385	0.65	trigger_nmd	trigger	0.65	trigger_nmd	trigger
ENST00000495579.5	ENSG00000213676.14	ENST00000375201.8	NMD+/PTC-	""	""	0.541681919511715		0	last_exon	escape	0	last_exon	escape
ENST00000495742.5	ENSG00000168765.20	ENST00000369836.9	NMD+/PTC+	chr1	test	2.46577236586951	0.903822	0.65	trigger_nmd	trigger	0.65	trigger_nmd	trigger
ENST00000498336.5	ENSG00000204576.13	ENST00000376557.3	NMD+/PTC+	chr6	train	3.401723441395	0.6707792	0.65	trigger_nmd	trigger	0.65	trigger_nmd	trigger
ENST00000498510.2	ENSG00000041880.16	ENST00000471971.6	Control	chr3	test	-0.0370364549243298	0.014734358	0	last_exon	escape	0	last_exon	escape
ENST00000501493.6	ENSG00000109814.13	ENST00000316423.11	Control	chr4	val	0.0486691600472752	0.03153598	0	last_exon	escape	0	last_exon	escape
ENST00000502506.6	ENSG00000186010.20	ENST00000507754.9	NMD+/PTC+	chr19	train	3.65871678653739	0.7356553	0.65	trigger_nmd	trigger	0.65	trigger_nmd	trigger
ENST00000502973.1	ENSG00000145414.10	ENST00000274054.3	NMD+/PTC+	chr4	val	1.61617227274571	0.49798185	0.65	trigger_nmd	trigger	0.65	trigger_nmd	trigger
ENST00000502979.1	ENSG00000145740.21	ENST00000380860.8	Control	chr5	test	-0.0200001829756983	0.058898017	0	last_exon	escape	0	last_exon	escape
ENST00000503235.1	ENSG00000168884.16	ENST00000315423.12	Control	chr4	val	-0.0263893612503607	0.10764195	0	last_exon	escape	0	last_exon	escape
ENST00000503596.5	ENSG00000109736.16	ENST00000329687.8	NMD+/PTC+	chr4	val	3.65531381450246	0.96390545	0.65	trigger_nmd	trigger	0.65	trigger_nmd	trigger
ENST00000503936.6	ENSG00000113638.15	ENST00000337702.5	NMD+/PTC-	chr5	test	1.59557534075035	0.31435177	0	last_exon	escape	0	last_exon	escape
ENST00000504011.5	ENSG00000154553.17	ENST00000284771.7	Control	chr4	val	0.00462027345098471	0.06784942	0	last_exon	escape	0	last_exon	escape
ENST00000504286.2	ENSG00000145545.14	ENST00000274192.7	NMD+/PTC+	chr5	test	3.21156206093839	0.6402082	0.65	trigger_nmd	trigger	0.65	trigger_nmd	trigger
ENST00000504878.1	ENSG00000134480.18	ENST00000256897.9	Control	chr5	test	0.106796033912273	0.92369354	0	last_exon	escape	0	last_exon	escape
ENST00000505603.5	ENSG00000169762.18	ENST00000503858.1	NMD+/PTC-	chr4	val	1.85984047373994	0.9261002	0	last_exon	escape	0	last_exon	escape
ENST00000505803.5	ENSG00000164211.14	ENST00000502322.5	Control	chr5	test	-0.0644326397735656	0.1088679	0	last_exon	escape	0	last_exon	escape
ENST00000506139.5	ENSG00000037474.16	ENST00000264670.11	Control	chr5	test	-0.0536020079810236	0.019856019	0	last_exon	escape	0	last_exon	escape
ENST00000508274.5	ENSG00000157869.17	ENST00000330852.10	NMD+/PTC+	chr4	val	1.63009889183352	0.90976685	0.65	trigger_nmd	trigger	0.65	trigger_nmd	trigger
ENST00000508629.5	ENSG00000145723.18	ENST00000399004.7	Control	chr5	test	-0.0413748120030406	0.048133384	0	last_exon	escape	0	last_exon	escape
ENST00000510267.5	ENSG00000168884.16	ENST00000315423.12	NMD+/PTC+	""	""	0.706904171243964		0.65	trigger_nmd	trigger	0.65	trigger_nmd	trigger
ENST00000510985.1	ENSG00000163312.12	ENST00000295488.8	Control	chr4	val	-0.0563616742380437	0.054225978	0	last_exon	escape	0	last_exon	escape
ENST00000511137.5	ENSG00000164211.14	ENST00000502322.5	NMD+/PTC+	chr5	test	3.0715356203325	0.79655665	0.65	trigger_nmd	trigger	0.65	trigger_nmd	trigger
ENST00000512606.6	ENSG00000184584.15	ENST00000652110.1	NMD+/PTC+	chr5	test	1.87298405826724	0.7372289	0.41	long_exon	escape	0.41	long_exon	escape
ENST00000513117.1	ENSG00000145545.14	ENST00000274192.7	Control	chr5	test	-0.0173268199494116	0.4402715	0.65	trigger_nmd	trigger	0.65	trigger_nmd	trigger
ENST00000514033.1	ENSG00000109787.14	ENST00000261438.10	Control	chr4	val	0.033882590627563	0.06170414	0	last_exon	escape	0	last_exon	escape
ENST00000515708.5	ENSG00000048140.19	ENST00000508164.6	Control	chr5	test	-0.0543476788792701	0.0954628	0	last_exon	escape	0	last_exon	escape
ENST00000515853.5	ENSG00000163291.15	ENST00000512733.5	Control	chr4	val	-0.103689444690807	0.8104129	0	last_exon	escape	0	last_exon	escape
ENST00000518714.5	ENSG00000112237.14	ENST00000520429.6	Control	chr6	train	-0.0401376136996557	0.027922887	0	last_exon	escape	0	last_exon	escape
ENST00000518913.5	ENSG00000168487.20	ENST00000306349.13	NMD+/PTC+	chr8	train	3.49990133953159	0.9879417	0.65	trigger_nmd	trigger	0.65	trigger_nmd	trigger
ENST00000519357.1	ENSG00000111671.11	ENST00000524270.6	Control	chr12	train	0.0621967288300051	0.05841979	0	last_exon	escape	0	last_exon	escape
ENST00000519607.5	ENSG00000120526.13	ENST00000239690.9	NMD+/PTC+	chr8	train	3.83774491132907	0.9619726	0.65	trigger_nmd	trigger	0.65	trigger_nmd	trigger
ENST00000520511.1	ENSG00000156804.8	ENST00000517956.5	Control	chr8	train	-0.0104193079101886	0.031590864	0	last_exon	escape	0	last_exon	escape
ENST00000520957.1	ENSG00000113240.15	ENST00000316308.9	Control	chr5	test	-0.0246774307099305	0.095237106	0	last_exon	escape	0	last_exon	escape
ENST00000521166.5	ENSG00000176853.17	ENST00000334705.12	Control	chr8	train	-0.0611229081522564	0.034221694	0	last_exon	escape	0	last_exon	escape
ENST00000523444.2	ENSG00000104320.16	ENST00000265433.8	Control	chr8	train	-0.0481462988409783	0.59039176	0	last_exon	escape	0	last_exon	escape
ENST00000523887.5	ENSG00000147475.18	ENST00000648919.1	Control	chr8	train	-0.0384067539348933	0.07335228	0	last_exon	escape	0	last_exon	escape
ENST00000524214.5	ENSG00000080823.24	ENST00000522874.5	Control	chr14	train	-0.061930726690131	0.27965096	0	last_exon	escape	0	last_exon	escape
ENST00000524782.6	ENSG00000149182.16	ENST00000525314.6	Control	chr11	train	-0.00605910716043629	0.08274874	0	last_exon	escape	0	last_exon	escape
ENST00000525158.1	ENSG00000134809.10	ENST00000257245.9	Control	chr11	train	0.020625499110014	0.105114914	0	last_exon	escape	0	last_exon	escape
ENST00000526288.1	ENSG00000121621.8	ENST00000263181.7	Control	chr11	train	-0.0287175956145652	0.02469789	0	last_exon	escape	0	last_exon	escape
ENST00000526711.5	ENSG00000166333.15	ENST00000420936.6	NMD+/PTC+	chr11	train	2.05853743250788	0.9764089	0.65	trigger_nmd	trigger	0.65	trigger_nmd	trigger
ENST00000527764.1	ENSG00000116871.17	ENST00000474796.2	NMD+/PTC-	chr1	test	1.53124155179668	0.08218993	0	last_exon	escape	0	last_exon	escape
ENST00000528071.5	ENSG00000030066.15	ENST00000378460.7	Control	chr11	train	-0.0190419018909119	0.021319874	0	last_exon	escape	0	last_exon	escape
ENST00000529397.5	ENSG00000154114.14	ENST00000422003.6	Control	chr11	train	-0.0798980880219349	0.04436669	0	last_exon	escape	0	last_exon	escape
ENST00000533383.5	ENSG00000168522.14	ENST00000302279.8	NMD+/PTC+	chr8	train	2.64885412254295	0.90523684	0.65	trigger_nmd	trigger	0.65	trigger_nmd	trigger
ENST00000533603.5	ENSG00000149257.17	ENST00000358171.8	NMD+/PTC-	chr11	train	3.42540101605682	0.2979184	0	last_exon	escape	0	last_exon	escape
ENST00000533723.1	ENSG00000166471.12	ENST00000528080.6	Control	chr11	train	-0.0126847258122745	0.031626828	0	last_exon	escape	0	last_exon	escape
ENST00000534405.5	ENSG00000166311.11	ENST00000342245.9	NMD+/PTC+	chr11	train	4.63596791184522	0.9669456	0.65	trigger_nmd	trigger	0.65	trigger_nmd	trigger
ENST00000535306.6	ENSG00000181481.15	ENST00000324689.8	Control	chr17	train	-0.0356319958690979	0.062407795	0	last_exon	escape	0	last_exon	escape
ENST00000536343.5	ENSG00000102858.14	ENST00000262370.12	NMD+/PTC+	chr16	train	3.23738941789714	0.97197425	0.65	trigger_nmd	trigger	0.65	trigger_nmd	trigger
ENST00000536532.6	ENSG00000196839.15	ENST00000537820.2	NMD+/PTC+	chr20	train	3.70930629956593	0.9718179	0.65	trigger_nmd	trigger	0.65	trigger_nmd	trigger
ENST00000536761.5	ENSG00000151743.11	ENST00000281471.11	Control	chr12	train	0.106597655430321	0.8388081	0	last_exon	escape	0	last_exon	escape
ENST00000536889.1	ENSG00000133134.13	ENST00000372677.8	NMD+/PTC-	""	""	2.0699333497286		0	last_exon	escape	0	last_exon	escape
ENST00000537971.5	ENSG00000011105.15	ENST00000011898.10	Control	chr12	train	0.0509873059284175	0.107792735	0	last_exon	escape	0	last_exon	escape
ENST00000538839.5	ENSG00000159423.18	ENST00000375341.8	Control	chr1	test	0.063371137406099	0.035203945	0	last_exon	escape	0	last_exon	escape
ENST00000539041.5	ENSG00000172594.14	ENST00000368440.5	Control	chr6	train	-0.0382716371424956	0.20904362	0	last_exon	escape	0	last_exon	escape
ENST00000539140.6	ENSG00000156171.16	ENST00000484310.6	Control	chr1	test	-0.0538015422361197	0.048007157	0	last_exon	escape	0	last_exon	escape
ENST00000539417.6	ENSG00000129197.16	ENST00000381209.8	NMD+/PTC+	chr17	train	3.30039620906382	0.6775015	0.65	trigger_nmd	trigger	0.65	trigger_nmd	trigger
ENST00000539480.5	ENSG00000115286.22	ENST00000313408.11	Control	chr19	train	-0.0115405414673857	0.048359293	0	last_exon	escape	0	last_exon	escape
ENST00000540550.6	ENSG00000123297.21	ENST00000652027.2	NMD+/PTC-	chr12	train	2.43655592359554	0.15192635	0	last_exon	escape	0	last_exon	escape
ENST00000541210.5	ENSG00000088992.19	ENST00000470612.5	Control	chr12	train	-0.0074251745087715	0.049176127	0	last_exon	escape	0	last_exon	escape
ENST00000541435.6	ENSG00000089327.17	ENST00000342879.7	Control	chr19	train	-0.0260399203056218	0.10861562	0	last_exon	escape	0	last_exon	escape
ENST00000542934.5	ENSG00000070495.16	ENST00000397625.9	NMD+/PTC+	chr17	train	3.89838858971434	0.89021105	0.65	trigger_nmd	trigger	0.65	trigger_nmd	trigger
ENST00000543699.5	ENSG00000110801.15	ENST00000541212.6	NMD+/PTC+	chr12	train	4.59210495811829	0.9323006	0.65	trigger_nmd	trigger	0.65	trigger_nmd	trigger
ENST00000543727.5	ENSG00000123297.21	ENST00000652027.2	Control	chr12	train	-0.0506666291508297	0.07309182	0	last_exon	escape	0	last_exon	escape
ENST00000543753.5	ENSG00000157992.13	ENST00000872249.1	Control	chr2	val	-0.0367539746979495	0.22676392	0.2	50nt_rule	escape	0.2	50nt_rule	escape
ENST00000543823.1	ENSG00000142765.19	ENST00000318074.9	Control	chr1	test	-0.053132532493132	0.32753983	0	last_exon	escape	0	last_exon	escape
ENST00000543987.5	ENSG00000151116.18	ENST00000396197.8	Control	chr11	train	-0.0206700048422524	0.116812624	0	last_exon	escape	0	last_exon	escape
ENST00000544052.6	ENSG00000092108.23	ENST00000458591.7	Control	chr14	train	-0.0618299570346705	0.13417609	0	last_exon	escape	0	last_exon	escape
ENST00000544060.1	ENSG00000139372.15	ENST00000392872.8	Control	chr12	train	-0.0467463744118204	0.057749722	0	last_exon	escape	0	last_exon	escape
ENST00000544117.6	ENSG00000167528.14	ENST00000863442.1	Control	chr12	train	0.0442305785257695	0.1680656	0	last_exon	escape	0	last_exon	escape
ENST00000544257.5	ENSG00000166532.17	ENST00000535829.6	NMD+/PTC+	chr12	train	6.30716850110868	0.9460347	0.65	trigger_nmd	trigger	0.65	trigger_nmd	trigger
ENST00000545612.5	ENSG00000111325.17	ENST00000454694.6	Control	chr12	train	-0.0507258579070174	0.3915274	0	last_exon	escape	0	last_exon	escape
ENST00000546181.2	ENSG00000089818.18	ENST00000339754.11	Control	chr12	train	0.00204469407301362	0.18013203	0	last_exon	escape	0	last_exon	escape
ENST00000546215.5	ENSG00000073060.18	ENST00000339570.9	Control	chr12	train	0.000868560030053626	0.064932354	0.2	50nt_rule	escape	0.2	50nt_rule	escape
ENST00000546360.5	ENSG00000070540.14	ENST00000262139.10	Control	chr17	train	-0.0288924005080283	0.3895454	0	last_exon	escape	0	last_exon	escape
ENST00000547382.5	ENSG00000139636.17	ENST00000267102.13	Control	chr12	train	0.0238259090607374	0.052835364	0	last_exon	escape	0	last_exon	escape
ENST00000547997.5	ENSG00000028203.20	ENST00000436874.6	Control	chr12	train	0.0974305787780028	0.842062	0	last_exon	escape	0	last_exon	escape
ENST00000550536.5	ENSG00000127328.23	ENST00000247833.12	Control	chr12	train	0.153839840895359	0.13459617	0	last_exon	escape	0	last_exon	escape
ENST00000550709.5	ENSG00000135451.14	ENST00000257909.8	Control	chr12	train	-0.0121861047930738	0.05604042	0	last_exon	escape	0	last_exon	escape
ENST00000550746.5	ENSG00000121749.17	ENST00000485960.7	Control	chr12	train	-0.0366791976722734	0.03247381	0	last_exon	escape	0	last_exon	escape
ENST00000553152.2	ENSG00000089127.15	ENST00000452357.7	Control	chr12	train	-0.0431411066139968	0.08555489	0	last_exon	escape	0	last_exon	escape
ENST00000553486.5	ENSG00000119688.22	ENST00000356924.9	NMD+/PTC+	chr14	train	1.72880317568588	0.9358339	0.65	trigger_nmd	trigger	0.65	trigger_nmd	trigger
ENST00000554764.6	ENSG00000166888.14	ENST00000300134.8	Control	chr12	train	0.0391438166246239	0.6152308	0	last_exon	escape	0	last_exon	escape
ENST00000554871.5	ENSG00000119661.16	ENST00000553645.7	Control	chr14	train	0.00953117396017325	0.8470205	0	last_exon	escape	0	last_exon	escape
ENST00000555238.6	ENSG00000133961.23	ENST00000557597.5	Control	chr14	train	0.10153668238304	0.052331094	0	last_exon	escape	0	last_exon	escape
ENST00000555269.5	ENSG00000182400.16	ENST00000330149.10	NMD+/PTC+	chr14	train	3.26195219565997	0.91908324	0.65	trigger_nmd	trigger	0.65	trigger_nmd	trigger
ENST00000555358.5	ENSG00000196792.13	ENST00000355683.9	NMD+/PTC+	chr14	train	3.60972621794779	0.9937729	0.65	trigger_nmd	trigger	0.65	trigger_nmd	trigger
ENST00000556670.6	ENSG00000165792.19	ENST00000339374.11	Control	chr14	train	-0.0215922505574737	0.02983779	0	last_exon	escape	0	last_exon	escape
ENST00000557235.5	ENSG00000170581.16	ENST00000314128.9	Control	chr12	train	0.0289261363541224	0.02236658	0	last_exon	escape	0	last_exon	escape
ENST00000557550.6	ENSG00000165792.19	ENST00000339374.11	NMD+/PTC+	chr14	train	3.02463307959563	0.9423411	0.65	trigger_nmd	trigger	0.65	trigger_nmd	trigger
ENST00000559556.5	ENSG00000140416.27	ENST00000358278.7	Control	chr15	train	-0.0119540316239947	0.0655251	0	last_exon	escape	0	last_exon	escape
ENST00000562410.5	ENSG00000205084.13	ENST00000258173.11	NMD+/PTC+	chr16	train	2.18790806963471	0.957162	0.65	trigger_nmd	trigger	0.65	trigger_nmd	trigger
ENST00000562442.5	ENSG00000103429.12	ENST00000261658.7	Control	chr16	train	-0.0261157266695432	0.067274235	0	last_exon	escape	0	last_exon	escape
ENST00000562706.5	ENSG00000166479.11	ENST00000299608.7	Control	chr18	train	-0.0443554477482171	0.02102189	0	last_exon	escape	0	last_exon	escape
ENST00000563594.6	ENSG00000140995.18	ENST00000418391.6	Control	chr16	train	0.0891152648426158	0.059891865	0	last_exon	escape	0	last_exon	escape
ENST00000564105.5	ENSG00000174177.14	ENST00000453996.7	Control	chr16	train	0.176907444798763	0.97185147	0	last_exon	escape	0	last_exon	escape
ENST00000564466.5	ENSG00000153786.14	ENST00000313732.9	Control	chr16	train	-0.0111581058683226	0.08512429	0	last_exon	escape	0	last_exon	escape
ENST00000564631.5	ENSG00000166479.11	ENST00000299608.7	NMD+/PTC+	chr18	train	3.35265169955981	0.98771465	0.65	trigger_nmd	trigger	0.65	trigger_nmd	trigger
ENST00000564777.5	ENSG00000067221.15	ENST00000316911.10	Control	chr15	train	-0.0120464258217281	0.091344535	0	last_exon	escape	0	last_exon	escape
ENST00000565425.5	ENSG00000103245.15	ENST00000563051.1	NMD+/PTC-	chr16	train	3.33176870494946	0.9720585	0	last_exon	escape	0	last_exon	escape
ENST00000565466.5	ENSG00000198690.11	ENST00000362065.9	Control	chr15	train	-0.0796782859418872	0.052274954	0	last_exon	escape	0	last_exon	escape
ENST00000565701.1	ENSG00000140950.17	ENST00000899777.1	NMD+/PTC-	chr16	train	1.88732275618157	0.21930322	0	last_exon	escape	0	last_exon	escape
ENST00000566014.2	ENSG00000103978.18	ENST00000389834.9	Control	chr15	train	-0.0133414253579228	0.21245342	0	last_exon	escape	0	last_exon	escape
ENST00000566188.5	ENSG00000103066.14	ENST00000219345.10	NMD+/PTC-	chr16	train	1.31425054131047	0.23367728	0	last_exon	escape	0	last_exon	escape
ENST00000566756.5	ENSG00000140931.21	ENST00000567572.6	NMD+/PTC+	chr16	train	2.55553433454338	0.82909954	0.65	trigger_nmd	trigger	0.65	trigger_nmd	trigger
ENST00000567795.3	ENSG00000174943.12	ENST00000568000.6	Control	chr16	train	-0.0584082819104852	0.019424278	0	last_exon	escape	0	last_exon	escape
ENST00000568077.5	ENSG00000130731.17	ENST00000397666.6	Control	chr16	train	-0.00561680207601173	0.62266064	0	last_exon	escape	0	last_exon	escape
ENST00000568295.5	ENSG00000158805.13	ENST00000289816.9	NMD+/PTC+	chr16	train	5.02780398196313	0.9709018	0.65	trigger_nmd	trigger	0.65	trigger_nmd	trigger
ENST00000568470.6	ENSG00000172831.15	ENST00000317091.10	NMD+/PTC+	chr16	train	2.48144132802695	0.7743732	0.41	long_exon	escape	0.41	long_exon	escape
ENST00000569031.6	ENSG00000234465.11	ENST00000562365.2	Control	""	""	-0.101789728588513		0	last_exon	escape	0	last_exon	escape
ENST00000569482.5	ENSG00000140400.19	ENST00000267978.10	Control	""	""	0.108840329088034		0	last_exon	escape	0	last_exon	escape
ENST00000570030.1	ENSG00000177548.14	ENST00000358201.9	Control	chr16	train	0.0624199308908907	0.09846552	0	last_exon	escape	0	last_exon	escape
ENST00000572415.5	ENSG00000133393.14	ENST00000255759.11	NMD+/PTC+	chr16	train	2.91232782959659	0.90733904	0.65	trigger_nmd	trigger	0.65	trigger_nmd	trigger
ENST00000573150.5	ENSG00000181523.14	ENST00000326317.11	NMD+/PTC+	chr17	train	3.27361288436299	0.9413981	0.65	trigger_nmd	trigger	0.65	trigger_nmd	trigger
ENST00000574509.1	ENSG00000171861.12	ENST00000574916.1	NMD+/PTC+	""	""	0.618688530041673		0.65	trigger_nmd	trigger	0.65	trigger_nmd	trigger
ENST00000574867.5	ENSG00000108559.14	ENST00000573584.6	Control	chr17	train	-0.0452445608855477	0.041022047	0	last_exon	escape	0	last_exon	escape
ENST00000575333.5	ENSG00000141198.17	ENST00000575882.6	Control	chr17	train	-0.00539627094176184	0.056578107	0	last_exon	escape	0	last_exon	escape
ENST00000575744.5	ENSG00000133393.14	ENST00000255759.11	Control	chr16	train	-0.0260981538457859	0.022856442	0	last_exon	escape	0	last_exon	escape
ENST00000575949.6	ENSG00000108433.17	ENST00000640051.2	NMD+/PTC-	chr17	train	1.97544059557958	0.3389981	0	last_exon	escape	0	last_exon	escape
ENST00000575960.5	ENSG00000228696.13	ENST00000450673.4	Control	chr17	train	-0.0546613898128617	0.06534917	0	last_exon	escape	0	last_exon	escape
ENST00000578205.5	ENSG00000126858.20	ENST00000333942.10	Control	chr17	train	0.174602232247179	0.93844837	0	last_exon	escape	0	last_exon	escape
ENST00000579248.5	ENSG00000265681.9	ENST00000578532.5	Control	""	""	-0.0686936211413621		0	last_exon	escape	0	last_exon	escape
ENST00000579677.5	ENSG00000135164.20	ENST00000331242.12	NMD+/PTC+	chr7	test	3.3599710286421	0.9652154	0.65	trigger_nmd	trigger	0.65	trigger_nmd	trigger
ENST00000579847.5	ENSG00000133313.16	ENST00000324262.9	Control	chr18	train	-0.0334727844333019	0.10304907	0	last_exon	escape	0	last_exon	escape
ENST00000581729.2	ENSG00000178971.18	ENST00000651323.1	Control	chr17	train	0.0668767300033229	0.05373441	0	last_exon	escape	0	last_exon	escape
ENST00000582773.5	ENSG00000109066.15	ENST00000335464.10	NMD+/PTC-	chr17	train	1.68283566548475	0.36622545	0	last_exon	escape	0	last_exon	escape
ENST00000582781.5	ENSG00000171475.15	ENST00000585043.5	NMD+/PTC+	chr17	train	2.20563336291596	0.87054527	0.65	trigger_nmd	trigger	0.65	trigger_nmd	trigger
ENST00000583328.5	ENSG00000177302.17	ENST00000580095.5	Control	chr17	train	-0.11746696580791	0.056717787	0	last_exon	escape	0	last_exon	escape
ENST00000583540.2	ENSG00000189152.12	ENST00000344415.9	NMD+/PTC+	chr17	train	2.76817621515567	0.94704497	0.65	trigger_nmd	trigger	0.65	trigger_nmd	trigger
ENST00000585388.2	ENSG00000161654.11	ENST00000293406.8	Control	chr17	train	0.0695223373091646	0.3660741	0.2	50nt_rule	escape	0.2	50nt_rule	escape
ENST00000585800.1	ENSG00000186812.14	ENST00000330501.12	Control	chr18	train	-0.0931331894722061	0.10095451	0	last_exon	escape	0	last_exon	escape
ENST00000586653.5	ENSG00000176014.14	ENST00000591909.5	Control	chr18	train	0.0253305782071198	0.062455494	0	last_exon	escape	0	last_exon	escape
ENST00000587238.5	ENSG00000089639.12	ENST00000203556.9	Control	chr19	train	0.0251405642822761	0.042443093	0	last_exon	escape	0	last_exon	escape
ENST00000587385.6	ENSG00000126249.8	ENST00000246535.4	NMD+/PTC+	chr19	train	2.92331235978836	0.8546766	0.65	trigger_nmd	trigger	0.65	trigger_nmd	trigger
ENST00000588994.5	ENSG00000102858.14	ENST00000262370.12	Control	chr16	train	0.0437394949148682	0.059172012	0	last_exon	escape	0	last_exon	escape
ENST00000590310.2	ENSG00000136448.14	ENST00000258960.7	Control	""	""	-0.0390937218496742		0	last_exon	escape	0	last_exon	escape
ENST00000590925.6	ENSG00000089685.16	ENST00000350051.8	NMD+/PTC+	chr17	train	4.13692598168001	0.79819286	0.65	trigger_nmd	trigger	0.65	trigger_nmd	trigger
ENST00000592290.5	ENSG00000089327.17	ENST00000342879.7	NMD+/PTC+	chr19	train	3.25305793765411	0.97337824	0.65	trigger_nmd	trigger	0.65	trigger_nmd	trigger
ENST00000593233.1	ENSG00000174886.16	ENST00000592634.5	NMD+/PTC+	""	""	1.51170529246927		0.65	trigger_nmd	trigger	0.65	trigger_nmd	trigger
ENST00000595670.5	ENSG00000077463.16	ENST00000600938.5	NMD+/PTC+	chr19	train	4.09369475584275	0.93750393	0.65	trigger_nmd	trigger	0.65	trigger_nmd	trigger
ENST00000596915.1	ENSG00000105656.14	ENST00000262809.9	Control	chr19	train	0.07652870556577	0.045397796	0	last_exon	escape	0	last_exon	escape
ENST00000597849.5	ENSG00000142002.20	ENST00000262960.14	Control	chr19	train	-0.059449958720799	0.11678398	0	last_exon	escape	0	last_exon	escape
ENST00000599369.5	ENSG00000099326.10	ENST00000215057.7	Control	chr19	train	-0.0379568626338619	0.04797659	0	last_exon	escape	0	last_exon	escape
ENST00000601675.5	ENSG00000104960.15	ENST00000599732.5	Control	chr19	train	-0.0477317495561011	0.21301748	0.65	trigger_nmd	trigger	0.65	trigger_nmd	trigger
ENST00000602022.5	ENSG00000127527.16	ENST00000597937.5	NMD+/PTC+	chr19	train	1.97224361805205	0.70296293	0.65	trigger_nmd	trigger	0.65	trigger_nmd	trigger
ENST00000605788.6	ENSG00000166197.18	ENST00000488254.6	Control	chr10	train	0.00215157006631175	0.014435969	0	last_exon	escape	0	last_exon	escape
ENST00000611268.4	ENSG00000166471.12	ENST00000528080.6	NMD+/PTC+	chr11	train	1.91432020008115	0.4029779	0.65	trigger_nmd	trigger	0.65	trigger_nmd	trigger
ENST00000611366.5	ENSG00000100918.15	ENST00000620473.4	Control	chr14	train	-0.0606268886571885	0.117656566	0	last_exon	escape	0	last_exon	escape
ENST00000613002.4	ENSG00000102125.18	ENST00000601016.6	Control	chrX	train	-0.0525092570851525	0.09525988	0	last_exon	escape	0	last_exon	escape
ENST00000615148.5	ENSG00000141452.12	ENST00000269221.8	Control	chr18	train	0.0406222025650728	0.16325024	0	last_exon	escape	0	last_exon	escape
ENST00000615329.4	ENSG00000136643.13	ENST00000366960.8	NMD+/PTC+	chr1	test	2.21861723028962	0.9517218	0.41	long_exon	escape	0.41	long_exon	escape
ENST00000615724.1	ENSG00000023909.11	ENST00000370238.8	Control	chr1	test	-0.0634101359578376	0.052450817	0	last_exon	escape	0	last_exon	escape
ENST00000615986.4	ENSG00000102125.18	ENST00000601016.6	NMD+/PTC+	chrX	train	3.66563693321162	0.87706065	0.65	trigger_nmd	trigger	0.65	trigger_nmd	trigger
ENST00000616000.4	ENSG00000137868.20	ENST00000395105.9	Control	chr15	train	0.0398233709320499	0.052632056	0	last_exon	escape	0	last_exon	escape
ENST00000616701.5	ENSG00000012171.21	ENST00000433753.4	Control	chr3	test	0.0750253397538301	0.049635272	0	last_exon	escape	0	last_exon	escape
ENST00000617207.4	ENSG00000269335.8	ENST00000594239.6	Control	chrX	train	0.0377883467279177	0.044317532	0	last_exon	escape	0	last_exon	escape
ENST00000618590.1	ENSG00000164978.20	ENST00000892446.1	Control	chr9	train	-0.0779407593382036	0.098731406	0	last_exon	escape	0	last_exon	escape
ENST00000618911.4	ENSG00000048162.23	ENST00000614830.5	Control	chr5	test	0.0336405768599301	0.1831487	0	last_exon	escape	0	last_exon	escape
ENST00000619373.5	ENSG00000268350.9	ENST00000612846.5	NMD+/PTC-	""	""	1.59096529095232		0	last_exon	escape	0	last_exon	escape
ENST00000620358.4	ENSG00000010030.14	ENST00000339796.9	Control	chr6	train	0.002911968056475	0.9038386	0	last_exon	escape	0	last_exon	escape
ENST00000620557.4	ENSG00000147654.17	ENST00000337573.10	Control	chr8	train	-0.0992295930573373	0.09667641	0	last_exon	escape	0	last_exon	escape
ENST00000621344.4	ENSG00000278259.6	ENST00000614623.5	Control	chr17	train	-0.061770252583252	0.13649538	0	last_exon	escape	0	last_exon	escape
ENST00000622833.4	ENSG00000157045.9	ENST00000565187.5	Control	chr16	train	0.139505374615978	0.039222986	0	last_exon	escape	0	last_exon	escape
ENST00000623711.4	ENSG00000163785.15	ENST00000620660.4	Control	chr3	test	-0.068685938935875	0.044938456	0	last_exon	escape	0	last_exon	escape
ENST00000626491.2	ENSG00000118961.16	ENST00000541941.5	Control	chr2	val	0.0560393732558791	0.03567163	0	last_exon	escape	0	last_exon	escape
ENST00000626847.2	ENSG00000205571.16	ENST00000380743.9	Control	chr5	test	-0.0146303022526913	0.058721855	0	last_exon	escape	0	last_exon	escape
ENST00000628829.2	ENSG00000162174.13	ENST00000301776.9	NMD+/PTC+	chr11	train	2.13207140826161	0.9409836	0.65	trigger_nmd	trigger	0.65	trigger_nmd	trigger
ENST00000629543.2	ENSG00000007392.18	ENST00000337351.8	NMD+/PTC+	chr16	train	4.99402673142381	0.963499	0.65	trigger_nmd	trigger	0.65	trigger_nmd	trigger
ENST00000636077.2	ENSG00000103264.19	ENST00000311635.12	Control	chr16	train	-0.0123656764396735	0.09370837	0	last_exon	escape	0	last_exon	escape
ENST00000638270.1	ENSG00000042429.13	ENST00000525613.2	Control	chr11	train	0.110502257730143	0.19681968	0	last_exon	escape	0	last_exon	escape
ENST00000638487.1	ENSG00000042429.13	ENST00000525613.2	NMD+/PTC-	chr11	train	4.04592932636012	0.97153544	0	last_exon	escape	0	last_exon	escape
ENST00000640621.1	ENSG00000108433.17	ENST00000640051.2	Control	chr17	train	-0.0466617168897329	0.039818335	0	last_exon	escape	0	last_exon	escape
ENST00000641025.1	ENSG00000164073.12	ENST00000641243.1	NMD+/PTC+	chr4	val	3.37002771289113	0.1514967	0.65	trigger_nmd	trigger	0.65	trigger_nmd	trigger
ENST00000641690.1	ENSG00000164073.12	ENST00000641243.1	Control	chr4	val	0.0236744752672027	0.07396073	0	last_exon	escape	0	last_exon	escape
ENST00000642244.1	ENSG00000122335.18	ENST00000642903.1	Control	chr6	train	-0.0157177730562992	0.12050038	0	last_exon	escape	0	last_exon	escape
ENST00000642292.1	ENSG00000122512.18	ENST00000642456.1	Control	chr7	test	0.197772883711327	0.07813164	0	last_exon	escape	0	last_exon	escape
ENST00000642752.1	ENSG00000112855.18	ENST00000230771.9	Control	chr5	test	0.0612604621110657	0.1999501	0	last_exon	escape	0	last_exon	escape
ENST00000642817.1	ENSG00000186073.15	ENST00000437989.6	NMD+/PTC+	chr15	train	3.76944638623347	0.84485096	0.65	trigger_nmd	trigger	0.65	trigger_nmd	trigger
ENST00000643457.1	ENSG00000172113.11	ENST00000442597.6	Control	chr3	test	-0.0157229741448825	0.06818164	0	last_exon	escape	0	last_exon	escape
ENST00000643595.1	ENSG00000122512.18	ENST00000642456.1	NMD+/PTC+	chr7	test	3.78226092612194	0.7763601	0.65	trigger_nmd	trigger	0.65	trigger_nmd	trigger
ENST00000644094.1	ENSG00000169359.17	ENST00000643144.2	NMD+/PTC+	chr3	test	3.92622932107634	0.6612389	0.65	trigger_nmd	trigger	0.65	trigger_nmd	trigger
ENST00000644338.1	ENSG00000136143.17	ENST00000646932.1	Control	chr13	train	-0.00931049773892225	0.030217793	0	last_exon	escape	0	last_exon	escape
ENST00000646097.1	ENSG00000139687.18	ENST00000267163.6	Control	chr13	train	-0.0376460671297766	0.034526464	0	last_exon	escape	0	last_exon	escape
ENST00000646559.1	ENSG00000127990.20	ENST00000648936.2	NMD+/PTC+	chr7	test	1.56895836079176	0.49288628	0.65	trigger_nmd	trigger	0.65	trigger_nmd	trigger
ENST00000648890.1	ENSG00000145191.16	ENST00000648915.2	NMD+/PTC+	chr3	test	4.90948278294867	0.98892885	0.65	trigger_nmd	trigger	0.65	trigger_nmd	trigger
ENST00000649602.1	ENSG00000005302.19	ENST00000482871.6	NMD+/PTC-	""	""	0.455643537721528		0	last_exon	escape	0	last_exon	escape
ENST00000649642.1	ENSG00000140519.15	ENST00000268122.9	NMD+/PTC+	chr15	train	2.95351503590802	0.81702644	0.65	trigger_nmd	trigger	0.65	trigger_nmd	trigger
ENST00000650045.1	ENSG00000172175.17	ENST00000649217.2	NMD+/PTC+	chr18	train	2.98779538846301	0.9849439	0.65	trigger_nmd	trigger	0.65	trigger_nmd	trigger
ENST00000650714.1	ENSG00000131778.21	ENST00000652616.1	Control	chr1	test	-0.0155369323665435	0.048871875	0	last_exon	escape	0	last_exon	escape
ENST00000650721.1	ENSG00000131778.21	ENST00000652616.1	NMD+/PTC+	chr1	test	4.28757199616253	0.9929791	0.65	trigger_nmd	trigger	0.65	trigger_nmd	trigger
ENST00000650811.1	ENSG00000163249.14	ENST00000295414.8	NMD+/PTC+	chr2	val	3.49048133689666	0.9892412	0.65	trigger_nmd	trigger	0.65	trigger_nmd	trigger
ENST00000651498.1	ENSG00000118960.14	ENST00000304031.8	NMD+/PTC+	chr2	val	1.69288629337862	0.9525664	0.65	trigger_nmd	trigger	0.65	trigger_nmd	trigger
ENST00000652537.1	ENSG00000183735.12	ENST00000331710.10	NMD+/PTC+	chr12	train	2.50421466112779	0.99443394	0.65	trigger_nmd	trigger	0.65	trigger_nmd	trigger
ENST00000652555.1	ENSG00000174989.15	ENST00000455858.2	Control	chr12	train	-0.0553284199308358	0.10979497	0	last_exon	escape	0	last_exon	escape
ENST00000667949.2	ENSG00000116337.21	ENST00000342115.8	Control	chr1	test	0.0637664061388629	0.25809422	0	last_exon	escape	0	last_exon	escape
ENST00000672951.1	ENSG00000139163.17	ENST00000266517.9	Control	chr12	train	-0.0655316963157392	0.0740629	0	last_exon	escape	0	last_exon	escape
ENST00000673715.1	ENSG00000076242.19	ENST00000231790.8	Control	chr3	test	-0.0763277899862093	0.04057951	0	last_exon	escape	0	last_exon	escape
ENST00000673737.2	ENSG00000163703.21	ENST00000452070.6	NMD+/PTC+	chr3	test	4.25023806656403	0.9085972	0.65	trigger_nmd	trigger	0.65	trigger_nmd	trigger
ENST00000673972.1	ENSG00000076242.19	ENST00000231790.8	NMD+/PTC+	chr3	test	4.18138333980412	0.9710264	0.12	start_proximal	escape	0.65	trigger_nmd	trigger
ENST00000674096.1	ENSG00000175782.12	ENST00000398004.4	NMD+/PTC+	chr12	train	4.06687479080295	0.86795443	0.65	trigger_nmd	trigger	0.65	trigger_nmd	trigger
ENST00000674569.1	ENSG00000112367.13	ENST00000676435.1	NMD+/PTC+	chr6	train	3.95370675249397	0.98808205	0.65	trigger_nmd	trigger	0.65	trigger_nmd	trigger
ENST00000674992.1	ENSG00000121940.18	ENST00000356970.6	NMD+/PTC+	chr1	test	3.84912337645195	0.9705893	0.65	trigger_nmd	trigger	0.65	trigger_nmd	trigger
ENST00000675625.1	ENSG00000104381.15	ENST00000220822.12	NMD+/PTC+	chr8	train	4.12270360468527	0.78497714	0.65	trigger_nmd	trigger	0.65	trigger_nmd	trigger
ENST00000675641.1	ENSG00000148356.16	ENST00000300417.11	NMD+/PTC+	chr9	train	3.67831551808359	0.99504733	0.65	trigger_nmd	trigger	0.65	trigger_nmd	trigger
ENST00000675777.1	ENSG00000133315.13	ENST00000538595.1	Control	chr11	train	-0.0290148113854421	0.056486376	0	last_exon	escape	0	last_exon	escape
ENST00000675928.1	ENSG00000104381.15	ENST00000220822.12	Control	chr8	train	0.121946530854951	0.040070847	0	last_exon	escape	0	last_exon	escape
ENST00000675937.1	ENSG00000084073.11	ENST00000372759.4	NMD+/PTC+	chr1	test	4.87881836271794	0.97908324	0.65	trigger_nmd	trigger	0.65	trigger_nmd	trigger
ENST00000676177.1	ENSG00000087053.20	ENST00000352297.11	NMD+/PTC-	""	""	0.413860954146538		0	last_exon	escape	0	last_exon	escape
ENST00000676569.1	ENSG00000120526.13	ENST00000239690.9	Control	chr8	train	-0.0435672195869909	0.039188642	0	last_exon	escape	0	last_exon	escape
ENST00000676694.1	ENSG00000075413.20	ENST00000303622.13	NMD+/PTC+	chr14	train	1.47065748178323	0.94868344	0.65	trigger_nmd	trigger	0.65	trigger_nmd	trigger
ENST00000676828.1	ENSG00000136448.14	ENST00000258960.7	NMD+/PTC+	chr17	train	1.69040764929639	0.6253835	0.65	trigger_nmd	trigger	0.65	trigger_nmd	trigger
ENST00000676986.1	ENSG00000001497.19	ENST00000374811.8	Control	chrX	train	0.178827283044505	0.06709709	0	last_exon	escape	0	last_exon	escape
ENST00000677531.1	ENSG00000112561.20	ENST00000373033.6	Control	chr6	train	0.0996199028511883	0.030652158	0	last_exon	escape	0	last_exon	escape
ENST00000679002.1	ENSG00000123815.14	ENST00000678419.1	NMD+/PTC+	chr19	train	2.68347749101701	0.9523202	0.65	trigger_nmd	trigger	0.65	trigger_nmd	trigger
ENST00000680131.1	ENSG00000135297.18	ENST00000680686.1	NMD+/PTC+	chr6	train	4.55394532520331	0.985572	0.65	trigger_nmd	trigger	0.65	trigger_nmd	trigger
ENST00000681117.1	ENSG00000073060.18	ENST00000339570.9	NMD+/PTC+	chr12	train	2.39203016822227	0.9747405	0.65	trigger_nmd	trigger	0.65	trigger_nmd	trigger
ENST00000681204.1	ENSG00000135297.18	ENST00000680686.1	Control	chr6	train	-0.0759486308058795	0.05092238	0	last_exon	escape	0	last_exon	escape
ENST00000681308.1	ENSG00000138138.15	ENST00000852090.1	NMD+/PTC+	chr10	train	3.32168204129777	0.96295595	0.65	trigger_nmd	trigger	0.65	trigger_nmd	trigger
ENST00000681505.1	ENSG00000089127.15	ENST00000452357.7	NMD+/PTC+	chr12	train	2.31808621224261	0.727271	0.65	trigger_nmd	trigger	0.65	trigger_nmd	trigger
ENST00000681539.1	ENSG00000125875.16	ENST00000354200.5	Control	chr20	train	-0.105719371458751	0.31133994	0.2	50nt_rule	escape	0.2	50nt_rule	escape
ENST00000681849.1	ENSG00000157601.16	ENST00000398598.8	Control	chr21	train	-0.20678136627319	0.08893323	0	last_exon	escape	0	last_exon	escape
ENST00000682872.1	ENSG00000172530.23	ENST00000854734.1	Control	chr16	train	-0.0406206655673672	0.07430287	0	last_exon	escape	0	last_exon	escape
ENST00000683199.1	ENSG00000049167.17	ENST00000676185.1	Control	chr5	test	0.00329425956456478	0.04835772	0	last_exon	escape	0	last_exon	escape
ENST00000683776.1	ENSG00000170949.19	ENST00000429604.5	Control	chr19	train	0.0527220642342537	0.08750582	0	last_exon	escape	0	last_exon	escape
ENST00000683803.1	ENSG00000135317.15	ENST00000369627.6	NMD+/PTC+	chr6	train	4.1404147918349	0.9941876	0.65	trigger_nmd	trigger	0.65	trigger_nmd	trigger
ENST00000684095.1	ENSG00000124356.18	ENST00000339566.7	NMD+/PTC+	chr2	val	3.90318088513656	0.84310806	0.65	trigger_nmd	trigger	0.65	trigger_nmd	trigger
ENST00000684493.1	ENSG00000163703.21	ENST00000452070.6	Control	chr3	test	-0.0427640063045488	0.08325079	0	last_exon	escape	0	last_exon	escape
ENST00000686305.1	ENSG00000064763.13	ENST00000536681.8	NMD+/PTC+	chr12	train	3.55493529773265	0.9693467	0.65	trigger_nmd	trigger	0.65	trigger_nmd	trigger
ENST00000686419.1	ENSG00000064763.13	ENST00000536681.8	Control	chr12	train	-0.00393621443412305	0.025499867	0	last_exon	escape	0	last_exon	escape
ENST00000686786.1	ENSG00000107669.20	ENST00000224652.12	NMD+/PTC+	chr10	train	2.44055607918422	0.9111203	0.65	trigger_nmd	trigger	0.65	trigger_nmd	trigger
ENST00000687939.1	ENSG00000116473.16	ENST00000369709.4	Control	chr1	test_paralog	-0.0270320726971658	0.5615145	0.2	50nt_rule	escape	0.2	50nt_rule	escape
ENST00000688577.1	ENSG00000172992.14	ENST00000692009.1	NMD+/PTC+	chr17	train	4.45797442269368	0.9227674	0.65	trigger_nmd	trigger	0.65	trigger_nmd	trigger
ENST00000688634.1	ENSG00000123989.16	ENST00000243776.11	NMD+/PTC+	chr2	val	3.21203215346865	0.68759	0.41	long_exon	escape	0.41	long_exon	escape
ENST00000688724.1	ENSG00000115295.22	ENST00000320081.10	NMD+/PTC+	chr2	val	3.52040230219931	0.9797901	0.65	trigger_nmd	trigger	0.65	trigger_nmd	trigger
ENST00000690841.1	ENSG00000130309.13	ENST00000593832.1	NMD+/PTC-	chr19	train	3.85613818914559	0.9932643	0	last_exon	escape	0	last_exon	escape
ENST00000691202.1	ENSG00000293669.2	ENST00000688185.2	Control	chr17	train	-0.0608370323238469	0.16089238	0	last_exon	escape	0	last_exon	escape
ENST00000695556.1	ENSG00000138750.17	ENST00000869721.1	NMD+/PTC+	chr4	val	4.51012329988912	0.98104984	0.65	trigger_nmd	trigger	0.65	trigger_nmd	trigger
ENST00000696050.1	ENSG00000144048.13	ENST00000272444.8	NMD+/PTC+	chr2	val	1.04027561382807	0.94573647	0.65	trigger_nmd	trigger	0.65	trigger_nmd	trigger
ENST00000696134.1	ENSG00000117595.14	ENST00000367021.8	NMD+/PTC+	chr1	test	4.62614695895541	0.80821455	0.41	long_exon	escape	0.41	long_exon	escape
ENST00000696265.1	ENSG00000112039.7	ENST00000229769.3	NMD+/PTC+	chr6	train	3.01963887264392	0.6954765	0.65	trigger_nmd	trigger	0.65	trigger_nmd	trigger
ENST00000696314.1	ENSG00000115392.14	ENST00000427708.7	NMD+/PTC+	chr2	val	2.9308554873387	0.8361069	0.65	trigger_nmd	trigger	0.65	trigger_nmd	trigger
ENST00000696598.1	ENSG00000115392.14	ENST00000427708.7	Control	chr2	val	-0.0338810822701525	0.03259403	0	last_exon	escape	0	last_exon	escape
ENST00000696881.1	ENSG00000136689.20	ENST00000354115.6	NMD+/PTC+	chr2	val	2.1845068910895	0.9013858	0.65	trigger_nmd	trigger	0.65	trigger_nmd	trigger
ENST00000697868.1	ENSG00000126524.13	ENST00000246868.7	NMD+/PTC+	chr7	test	2.93311995658225	0.8429619	0.65	trigger_nmd	trigger	0.65	trigger_nmd	trigger
ENST00000698547.1	ENSG00000141524.20	ENST00000590602.6	NMD+/PTC+	chr17	train	3.3120325745781	0.95245355	0.65	trigger_nmd	trigger	0.65	trigger_nmd	trigger
ENST00000698548.1	ENSG00000141524.20	ENST00000590602.6	Control	chr17	train	-0.0499594725326613	0.04357599	0	last_exon	escape	0	last_exon	escape
ENST00000698605.1	ENSG00000013375.18	ENST00000513973.6	NMD+/PTC+	chr6	train	4.60945711761276	0.9732761	0.65	trigger_nmd	trigger	0.65	trigger_nmd	trigger
ENST00000698622.1	ENSG00000013375.18	ENST00000513973.6	Control	chr6	train	-0.0563424121292521	0.02699954	0	last_exon	escape	0	last_exon	escape
ENST00000698923.1	ENSG00000138231.14	ENST00000463982.3	NMD+/PTC+	chr3	test	2.62447870888289	0.581038	0.65	trigger_nmd	trigger	0.65	trigger_nmd	trigger
ENST00000698924.1	ENSG00000138231.14	ENST00000463982.3	Control	chr3	test	-0.0279121247912357	0.026567927	0	last_exon	escape	0	last_exon	escape
ENST00000699166.1	ENSG00000128789.23	ENST00000590217.5	NMD+/PTC+	chr18	train	3.71942722815267	0.9081409	0.65	trigger_nmd	trigger	0.65	trigger_nmd	trigger
ENST00000699167.1	ENSG00000128789.23	ENST00000590217.5	Control	chr18	train	-0.0436236098979394	0.044099092	0	last_exon	escape	0	last_exon	escape
ENST00000700259.1	ENSG00000165282.17	ENST00000907113.1	NMD+/PTC+	chr9	train	2.65419748173989	0.9245272	0.65	trigger_nmd	trigger	0.65	trigger_nmd	trigger
ENST00000700533.1	ENSG00000108559.14	ENST00000573584.6	NMD+/PTC+	chr17	train	4.18949969220442	0.99734193	0.65	trigger_nmd	trigger	0.65	trigger_nmd	trigger
ENST00000703125.1	ENSG00000102471.16	ENST00000620924.1	NMD+/PTC+	chr13	train	4.69371811799157	0.9622603	0.65	trigger_nmd	trigger	0.65	trigger_nmd	trigger
ENST00000703146.1	ENSG00000102471.16	ENST00000620924.1	Control	chr13	train	-0.01240804938888	0.15715124	0.2	50nt_rule	escape	0.2	50nt_rule	escape
ENST00000703988.1	ENSG00000068400.15	ENST00000376423.8	Control	chrX	train	0.0132364858543645	0.056596197	0	last_exon	escape	0	last_exon	escape
ENST00000713795.1	ENSG00000221838.13	ENST00000429084.5	NMD+/PTC+	chr7	test	2.58516784093014	0.5860688	0.65	trigger_nmd	trigger	0.65	trigger_nmd	trigger
ENST00000713859.1	ENSG00000139687.18	ENST00000267163.6	NMD+/PTC+	chr13	train	2.82228401558946	0.9898891	0.65	trigger_nmd	trigger	0.65	trigger_nmd	trigger
ENST00000714370.1	ENSG00000166888.14	ENST00000300134.8	NMD+/PTC+	chr12	train	4.11117009172466	0.97014993	0.65	trigger_nmd	trigger	0.65	trigger_nmd	trigger
ENST00000721291.1	ENSG00000290831.2	ENST00000444583.7	NMD+/PTC+	chr7	test	4.57764457024356	0.8495671	0.65	trigger_nmd	trigger	0.41	long_exon	escape
ENST00000721294.1	ENSG00000290831.2	ENST00000444583.7	Control	""	""	0.140730612720847		0.2	50nt_rule	escape	0.2	50nt_rule	escape
ENST00000736734.1	ENSG00000290940.2	ENST00000736737.1	Control	chr12	train	-0.043883032248852	0.4483712	0	last_exon	escape	0	last_exon	escape
ENST00000736757.1	ENSG00000290940.2	ENST00000736737.1	NMD+/PTC+	chr12	train	2.45802165560524	0.83581126	0.65	trigger_nmd	trigger	0.65	trigger_nmd	trigger
ENST00000754443.1	ENSG00000291152.2	ENST00000685034.2	NMD+/PTC-	chr7	test	3.37168494580502	0.24785444	0	last_exon	escape	0	last_exon	escape
ENST00000770064.1	ENSG00000214719.14	ENST00000770062.1	NMD+/PTC+	chr17	train	1.68623448853992	0.5008841	0.65	trigger_nmd	trigger	0.65	trigger_nmd	trigger
ENST00000801470.1	ENSG00000310523.1	ENST00000702783.2	NMD+/PTC+	chr2	val	3.75355629267991	0.9600441	0.65	trigger_nmd	trigger	0.65	trigger_nmd	trigger
ENST00000801494.1	ENSG00000310523.1	ENST00000702783.2	Control	chr2	val	0.0624054476738304	0.82982945	0.41	long_exon	escape	0.41	long_exon	escape
ENST00000817346.1	ENSG00000290823.2	ENST00000817349.1	Control	chr15	train	0.0135187865863824	0.9439997	0	last_exon	escape	0	last_exon	escape
ENST00000817354.1	ENSG00000290823.2	ENST00000817349.1	NMD+/PTC+	chr15	train	3.26969742153844	0.8233677	0.65	trigger_nmd	trigger	0.65	trigger_nmd	trigger
ENST00000842661.1	ENSG00000291100.2	ENST00000842660.1	NMD+/PTC-	chr20	train	2.0165320691442	0.5362756	0.2	50nt_rule	escape	0.2	50nt_rule	escape
ENST00000850622.1	ENSG00000162695.14	ENST00000370112.8	Control	chr1	test	0.00900036400129405	0.8004715	0.65	trigger_nmd	trigger	0.65	trigger_nmd	trigger
ENST00000851570.1	ENSG00000104635.16	ENST00000381237.6	Control	chr8	train	0.0300243801104295	0.040115517	0	last_exon	escape	0	last_exon	escape
ENST00000851812.1	ENSG00000130717.14	ENST00000372215.5	Control	chr9	train	0.00599924414276041	0.04744655	0	last_exon	escape	0	last_exon	escape
ENST00000852080.1	ENSG00000115919.16	ENST00000264170.9	Control	chr2	val	0.00612857981120995	0.1106472	0	last_exon	escape	0	last_exon	escape
ENST00000852588.1	ENSG00000131966.15	ENST00000254286.9	Control	chr14	train	0.018911986211638	0.023971405	0	last_exon	escape	0	last_exon	escape
ENST00000853356.1	ENSG00000164307.14	ENST00000443439.7	Control	chr5	test	0.0243308372514468	0.042248998	0	last_exon	escape	0	last_exon	escape
ENST00000853393.1	ENSG00000108349.19	ENST00000264645.12	Control	chr17	train	-0.0592810132794496	0.58072793	0.2	50nt_rule	escape	0.2	50nt_rule	escape
ENST00000853822.1	ENSG00000182196.15	ENST00000853819.1	Control	chr12	train	-0.0506861350263233	0.04281942	0	last_exon	escape	0	last_exon	escape
ENST00000854657.1	ENSG00000112039.7	ENST00000229769.3	Control	chr6	train	-0.0201098383546079	0.031911604	0	last_exon	escape	0	last_exon	escape
ENST00000855201.1	ENSG00000105865.12	ENST00000265720.8	Control	chr7	test	-0.0853680957753906	0.05311842	0	last_exon	escape	0	last_exon	escape
ENST00000855346.1	ENSG00000165304.9	ENST00000543751.5	Control	chr9	train	-0.0386909965084292	0.024681052	0	last_exon	escape	0	last_exon	escape
ENST00000855804.1	ENSG00000177731.17	ENST00000327031.9	Control	chr17	train	0.04472877150363	0.12253372	0	last_exon	escape	0	last_exon	escape
ENST00000856359.1	ENSG00000077238.15	ENST00000395762.7	Control	chr16	train	0.0434603096566058	0.0597915	0	last_exon	escape	0	last_exon	escape
ENST00000856636.1	ENSG00000183576.14	ENST00000331768.10	Control	chr14	train	-0.0442672550021686	0.015839132	0	last_exon	escape	0	last_exon	escape
ENST00000856778.1	ENSG00000114423.24	ENST00000394030.8	Control	chr3	test	0.0597400695362246	0.054840952	0	last_exon	escape	0	last_exon	escape
ENST00000857621.1	ENSG00000081923.16	ENST00000648908.2	Control	chr18	train	-0.0542088292996888	0.03213913	0	last_exon	escape	0	last_exon	escape
ENST00000857927.1	ENSG00000165275.11	ENST00000857926.1	Control	chr9	train	-0.00710541431187599	0.15453629	0	last_exon	escape	0	last_exon	escape
ENST00000858136.1	ENSG00000173156.8	ENST00000308831.7	Control	chr11	train	-0.0144465478927201	0.091279455	0	last_exon	escape	0	last_exon	escape
ENST00000858301.1	ENSG00000099282.11	ENST00000373290.7	Control	chr10	train	-0.0812328026885007	0.08949584	0	last_exon	escape	0	last_exon	escape
ENST00000858490.1	ENSG00000137275.17	ENST00000259808.9	Control	chr6	train	0.0206944449758506	0.058853097	0	last_exon	escape	0	last_exon	escape
ENST00000858697.1	ENSG00000105372.9	ENST00000593863.5	Control	""	""	-0.0600184492212342		0	last_exon	escape	0	last_exon	escape
ENST00000858717.1	ENSG00000162236.14	ENST00000294179.8	Control	chr11	train	-0.0473478658418945	0.08074241	0	last_exon	escape	0	last_exon	escape
ENST00000859006.1	ENSG00000112511.19	ENST00000374516.8	Control	chr6	train	-0.027656180432089	0.02205199	0	last_exon	escape	0	last_exon	escape
ENST00000860234.1	ENSG00000166123.15	ENST00000340124.9	Control	chr16	train	0.091424223064334	0.10804821	0	last_exon	escape	0	last_exon	escape
ENST00000860383.1	ENSG00000163870.17	ENST00000355552.8	Control	chr3	test	-0.0233212788186087	0.04652948	0	last_exon	escape	0	last_exon	escape
ENST00000860932.1	ENSG00000136144.13	ENST00000378302.7	Control	chr13	train	-0.0368747044283348	0.116782874	0	last_exon	escape	0	last_exon	escape
ENST00000860937.1	ENSG00000026652.16	ENST00000320285.9	Control	chr6	train	-0.0845378985666278	0.039125305	0	last_exon	escape	0	last_exon	escape
ENST00000861368.1	ENSG00000197142.12	ENST00000354655.9	Control	chr10	train	-0.0203921331133001	0.07950186	0	last_exon	escape	0	last_exon	escape
ENST00000861823.1	ENSG00000110851.13	ENST00000228437.10	Control	chr12	train	-0.0387963264468509	0.046456765	0	last_exon	escape	0	last_exon	escape
ENST00000862173.1	ENSG00000157693.16	ENST00000288502.9	Control	chr9	train	-0.00477703533849861	0.072115414	0	last_exon	escape	0	last_exon	escape
ENST00000862370.1	ENSG00000137073.25	ENST00000379238.7	Control	chr9	train	-0.0581170228063854	0.044490162	0	last_exon	escape	0	last_exon	escape
ENST00000862677.1	ENSG00000198026.9	ENST00000322927.3	NMD+/PTC-	chr20	train	2.63527899216657	0.4254707	0	last_exon	escape	0	last_exon	escape
ENST00000863349.1	ENSG00000156671.16	ENST00000542569.6	Control	chr10	train	0.0150067747993341	0.02318134	0	last_exon	escape	0	last_exon	escape
ENST00000863473.1	ENSG00000101928.14	ENST00000370783.8	NMD+/PTC-	chrX	train	1.59241717255977	0.631298	0	last_exon	escape	0	last_exon	escape
ENST00000863494.1	ENSG00000107164.18	ENST00000319725.10	Control	chr9	train	-0.0745336319867715	0.023180416	0	last_exon	escape	0	last_exon	escape
ENST00000863519.1	ENSG00000109534.18	ENST00000226796.7	NMD+/PTC-	chr4	val	2.36832793367113	0.9181191	0	last_exon	escape	0	last_exon	escape
ENST00000863601.1	ENSG00000133961.23	ENST00000557597.5	NMD+/PTC-	chr14	train	2.03133333499571	0.11105868	0	last_exon	escape	0	last_exon	escape
ENST00000863916.1	ENSG00000117595.14	ENST00000367021.8	Control	chr1	test	-0.0614587936169497	0.017293295	0	last_exon	escape	0	last_exon	escape
ENST00000864159.1	ENSG00000164077.16	ENST00000296473.8	Control	chr3	test	-0.0203101868606949	0.056413025	0	last_exon	escape	0	last_exon	escape
ENST00000866260.1	ENSG00000256061.8	ENST00000348518.4	Control	chr15	train	0.0952221805710286	0.03127097	0	last_exon	escape	0	last_exon	escape
ENST00000866479.1	ENSG00000171100.17	ENST00000687365.1	Control	chrX	train	-0.048029879838704	0.09382269	0	last_exon	escape	0	last_exon	escape
ENST00000867528.1	ENSG00000123240.18	ENST00000378747.8	Control	chr10	train	0.0426608647145605	0.077654466	0	last_exon	escape	0	last_exon	escape
ENST00000868449.1	ENSG00000110721.13	ENST00000356135.9	Control	chr11	train	0.087343862384992	0.13894917	0	last_exon	escape	0	last_exon	escape
ENST00000869409.1	ENSG00000155666.13	ENST00000286096.9	Control	chr16	train	-0.034410442878532	0.07507012	0	last_exon	escape	0	last_exon	escape
ENST00000869702.1	ENSG00000028310.19	ENST00000869700.1	Control	chr5	test	-0.0237253053555383	0.012039308	0	last_exon	escape	0	last_exon	escape
ENST00000869776.1	ENSG00000062822.17	ENST00000599857.7	Control	chr19	train	0.208821456165894	0.1843408	0	last_exon	escape	0	last_exon	escape
ENST00000870257.1	ENSG00000175137.12	ENST00000366472.6	Control	chr1	test	0.22087505011081	0.22732547	0	last_exon	escape	0	last_exon	escape
ENST00000870301.1	ENSG00000205084.13	ENST00000258173.11	Control	chr16	train	0.171041768803692	0.043322027	0	last_exon	escape	0	last_exon	escape
ENST00000870587.1	ENSG00000156345.19	ENST00000325303.9	Control	chr9	train	0.10882423967061	0.036276992	0	last_exon	escape	0	last_exon	escape
ENST00000871058.1	ENSG00000153574.10	ENST00000283646.5	Control	chr2	val	-0.00184667765656533	0.020065356	0	last_exon	escape	0	last_exon	escape
ENST00000871551.1	ENSG00000197872.12	ENST00000381323.7	Control	chr2	val	-0.0476625400652895	0.10540249	0	last_exon	escape	0	last_exon	escape
ENST00000872045.1	ENSG00000067596.13	ENST00000589898.2	Control	chr17	train	0.270170871831961	0.061957624	0	last_exon	escape	0	last_exon	escape
ENST00000872109.1	ENSG00000109066.15	ENST00000335464.10	Control	chr17	train	0.0414982169586677	0.05270109	0	last_exon	escape	0	last_exon	escape
ENST00000872726.1	ENSG00000068971.15	ENST00000164133.7	Control	chr11	train	0.0211034069673835	0.13874009	0	last_exon	escape	0	last_exon	escape
ENST00000872792.1	ENSG00000120837.9	ENST00000551727.5	Control	chr12	train	0.0256259672086275	0.08281057	0	last_exon	escape	0	last_exon	escape
ENST00000872813.1	ENSG00000149257.17	ENST00000358171.8	Control	chr11	train	0.0599333354497122	0.3038855	0	last_exon	escape	0	last_exon	escape
ENST00000873292.1	ENSG00000149269.11	ENST00000873307.1	Control	chr11	train	-0.0594243239184888	0.03164433	0	last_exon	escape	0	last_exon	escape
ENST00000873753.1	ENSG00000162069.17	ENST00000572449.6	Control	chr16	train	0.00596598925538333	0.034135547	0	last_exon	escape	0	last_exon	escape
ENST00000873777.1	ENSG00000127586.18	ENST00000262315.14	Control	chr16	train	-0.0572698563593311	0.03325328	0	last_exon	escape	0	last_exon	escape
ENST00000874411.1	ENSG00000140854.14	ENST00000379661.8	Control	chr16	train	0.00923532550665314	0.08744505	0	last_exon	escape	0	last_exon	escape
ENST00000874492.1	ENSG00000129451.13	ENST00000358789.8	Control	chr19	train	-0.0612102904289462	0.032873668	0	last_exon	escape	0	last_exon	escape
ENST00000875146.1	ENSG00000129657.17	ENST00000436233.9	Control	chr17	train	-0.0505645959345058	0.07368778	0	last_exon	escape	0	last_exon	escape
ENST00000875201.1	ENSG00000158402.22	ENST00000323760.11	Control	chr5	test	0.0321960999409949	0.10794029	0	last_exon	escape	0	last_exon	escape
ENST00000875526.1	ENSG00000112210.13	ENST00000317483.4	Control	chr6	train	-0.0219915368295134	0.094471805	0	last_exon	escape	0	last_exon	escape
ENST00000875763.1	ENSG00000117411.19	ENST00000372324.6	Control	chr1	test	0.0189122882053021	0.06817526	0	last_exon	escape	0	last_exon	escape
ENST00000876528.1	ENSG00000121957.16	ENST00000264126.9	Control	chr1	test	-0.0551489659792722	0.06028112	0	last_exon	escape	0	last_exon	escape
ENST00000876595.1	ENSG00000100949.16	ENST00000399409.7	Control	chr14	train	-0.0190861475783711	0.026816182	0	last_exon	escape	0	last_exon	escape
ENST00000877063.1	ENSG00000121895.10	ENST00000877062.1	Control	chr4	val	0.0487331801893627	0.17915918	0.2	50nt_rule	escape	0.2	50nt_rule	escape
ENST00000877141.1	ENSG00000117480.17	ENST00000243167.9	Control	chr1	test	-0.0244139875144363	0.050811786	0	last_exon	escape	0	last_exon	escape
ENST00000877223.1	ENSG00000170537.14	ENST00000304381.10	Control	chr16	train	-0.0661588126129173	0.02848985	0	last_exon	escape	0	last_exon	escape
ENST00000877279.1	ENSG00000170412.19	ENST00000392627.7	NMD+/PTC-	chr17	train	2.22697063208842	0.17069255	0	last_exon	escape	0	last_exon	escape
ENST00000877423.1	ENSG00000165733.9	ENST00000374518.6	Control	chr10	train	-0.0274634141639079	0.08659902	0	last_exon	escape	0	last_exon	escape
ENST00000877643.1	ENSG00000077454.18	ENST00000310300.11	Control	chr7	test	-0.0280506661712072	0.016691346	0	last_exon	escape	0	last_exon	escape
ENST00000879050.1	ENSG00000117226.14	ENST00000493594.6	Control	chr1	test	-0.0798909015695024	0.06614576	0	last_exon	escape	0	last_exon	escape
ENST00000879335.1	ENSG00000167861.17	ENST00000425042.7	Control	chr17	train	-0.0444946928941812	0.06744006	0	last_exon	escape	0	last_exon	escape
ENST00000879799.1	ENSG00000081320.13	ENST00000263955.9	Control	chr2	val	-0.0244572119186604	0.04679546	0	last_exon	escape	0	last_exon	escape
ENST00000881501.1	ENSG00000064225.14	ENST00000265261.11	Control	chr3	test	-0.0139053918887865	0.06713463	0	last_exon	escape	0	last_exon	escape
ENST00000882504.1	ENSG00000117748.11	ENST00000373912.8	Control	""	""	0.117174736726387		0	last_exon	escape	0	last_exon	escape
ENST00000882671.1	ENSG00000183386.12	ENST00000485803.5	Control	""	""	-0.0332874269100307		0	last_exon	escape	0	last_exon	escape
ENST00000883817.1	ENSG00000178177.18	ENST00000326877.8	Control	chr4	val	-0.00707430388292747	0.047612224	0	last_exon	escape	0	last_exon	escape
ENST00000884253.1	ENSG00000078747.18	ENST00000374864.10	Control	chr20	train	-0.0264203711277139	0.05645548	0	last_exon	escape	0	last_exon	escape
ENST00000884598.1	ENSG00000018699.14	ENST00000317907.9	Control	chr2	val	-0.00600648450277208	0.047826387	0	last_exon	escape	0	last_exon	escape
ENST00000886035.1	ENSG00000165591.8	ENST00000374900.5	Control	chrX	train	-0.0277524428204133	0.025778988	0	last_exon	escape	0	last_exon	escape
ENST00000886063.1	ENSG00000119411.12	ENST00000462085.1	Control	chr9	train	-0.0334648441653579	0.025711898	0	last_exon	escape	0	last_exon	escape
ENST00000886266.1	ENSG00000099849.16	ENST00000397582.7	Control	""	""	0.0721374506144414		0	last_exon	escape	0	last_exon	escape
ENST00000887284.1	ENSG00000079974.20	ENST00000395595.8	Control	chr22	train	-0.0264315763907164	0.12553978	0	last_exon	escape	0	last_exon	escape
ENST00000887359.1	ENSG00000151715.9	ENST00000281441.8	Control	chr11	train	-0.00701672879249548	0.092699125	0	last_exon	escape	0	last_exon	escape
ENST00000887823.1	ENSG00000213699.10	ENST00000414029.1	Control	chr2	val	-0.0523966351738827	0.78981656	0	last_exon	escape	0	last_exon	escape
ENST00000888463.1	ENSG00000115282.22	ENST00000233623.11	Control	chr2	val	0.000183124655498265	0.06091141	0	last_exon	escape	0	last_exon	escape
ENST00000888577.1	ENSG00000124523.18	ENST00000888574.1	Control	""	""	-0.0201832653970636		0	last_exon	escape	0	last_exon	escape
ENST00000888924.1	ENSG00000133104.15	ENST00000888914.1	Control	chr13	train	-0.0135682624526929	0.03269831	0	last_exon	escape	0	last_exon	escape
ENST00000889578.1	ENSG00000072849.12	ENST00000158771.9	Control	chr17	train	-0.036175806416478	0.11505421	0	last_exon	escape	0	last_exon	escape
ENST00000889735.1	ENSG00000100726.16	ENST00000262319.11	Control	chr16	train	-0.00790434649756752	0.14989227	0	last_exon	escape	0	last_exon	escape
ENST00000890095.1	ENSG00000111671.11	ENST00000524270.6	NMD+/PTC-	chr12	train	1.22901402516328	0.17086442	0	last_exon	escape	0	last_exon	escape
ENST00000890428.1	ENSG00000104412.9	ENST00000220853.8	Control	chr8	train	0.0281227264282719	0.06539625	0	last_exon	escape	0	last_exon	escape
ENST00000890889.1	ENSG00000204842.19	ENST00000890891.1	Control	chr12	train	-0.0310764502757031	0.014372633	0	last_exon	escape	0	last_exon	escape
ENST00000890971.1	ENSG00000065600.14	ENST00000261455.9	Control	chr1	test	-0.019087422074136	0.012995433	0	last_exon	escape	0	last_exon	escape
ENST00000891019.1	ENSG00000134602.17	ENST00000394334.7	Control	chrX	train	-0.0792699594107764	0.09804162	0	last_exon	escape	0	last_exon	escape
ENST00000892757.1	ENSG00000138074.16	ENST00000310574.8	Control	chr2	val	0.00280546671963096	0.08550673	0	last_exon	escape	0	last_exon	escape
ENST00000893628.1	ENSG00000103066.14	ENST00000219345.10	Control	chr16	train	0.0159967715607951	0.072057314	0	last_exon	escape	0	last_exon	escape
ENST00000893672.1	ENSG00000172889.17	ENST00000371698.3	Control	chr9	train	0.0139737739141109	0.4022659	0	last_exon	escape	0	last_exon	escape
ENST00000894211.1	ENSG00000106771.14	ENST00000413712.7	Control	chr9	train	0.0134079055995469	0.029189551	0	last_exon	escape	0	last_exon	escape
ENST00000894469.1	ENSG00000214063.13	ENST00000397406.5	Control	chr11	train	-0.0508169010201218	0.17048527	0	last_exon	escape	0	last_exon	escape
ENST00000894507.1	ENSG00000267796.9	ENST00000301159.14	Control	chr19	train	0.0408188673270275	0.12180331	0	last_exon	escape	0	last_exon	escape
ENST00000894525.1	ENSG00000167703.16	ENST00000894530.1	Control	chr17	train	-0.0681371632862244	0.036606252	0	last_exon	escape	0	last_exon	escape
ENST00000894865.1	ENSG00000124786.14	ENST00000710437.1	Control	chr6	train	-0.0776258951823914	0.30232564	0	last_exon	escape	0	last_exon	escape
ENST00000896293.1	ENSG00000171097.15	ENST00000302586.8	Control	chr9	train	-0.0664441745324118	0.10587469	0	last_exon	escape	0	last_exon	escape
ENST00000896310.1	ENSG00000171097.15	ENST00000302586.8	NMD+/PTC-	chr9	train	1.68456987482809	0.17041425	0	last_exon	escape	0	last_exon	escape
ENST00000896458.1	ENSG00000115486.14	ENST00000496962.2	Control	chr2	val	0.121086442390459	0.047530677	0	last_exon	escape	0	last_exon	escape
ENST00000896657.1	ENSG00000163832.17	ENST00000439305.5	Control	chr3	test	0.0408082734965719	0.473467	0	last_exon	escape	0	last_exon	escape
ENST00000896956.1	ENSG00000138642.17	ENST00000264346.12	Control	chr4	val	0.0281695841900872	0.07941351	0	last_exon	escape	0	last_exon	escape
ENST00000897030.1	ENSG00000185753.14	ENST00000327877.10	Control	chrX	train	0.0243088595358754	0.08227241	0.2	50nt_rule	escape	0.2	50nt_rule	escape
ENST00000897045.1	ENSG00000151651.17	ENST00000445355.8	Control	chr10	train	-0.0383164418508715	0.028529823	0	last_exon	escape	0	last_exon	escape
ENST00000897103.1	ENSG00000183963.20	ENST00000333137.12	Control	chr22	train	0.00130050132998851	0.15341079	0.2	50nt_rule	escape	0.2	50nt_rule	escape
ENST00000897241.1	ENSG00000162341.19	ENST00000294309.8	Control	chr11	train	0.00248300987031186	0.045656864	0	last_exon	escape	0	last_exon	escape
ENST00000897431.1	ENSG00000130479.12	ENST00000324096.9	Control	chr19	train	-0.0369410677422715	0.027469391	0	last_exon	escape	0	last_exon	escape
ENST00000897634.1	ENSG00000163898.11	ENST00000296252.9	Control	chr3	test	0.130459516812865	0.123505294	0	last_exon	escape	0	last_exon	escape
ENST00000897668.1	ENSG00000171109.20	ENST00000471841.6	Control	chr3	test	-0.0280103180955794	0.06463114	0	last_exon	escape	0	last_exon	escape
ENST00000897791.1	ENSG00000156970.14	ENST00000287598.11	Control	chr15	train	-0.010559948519152	0.04705078	0	last_exon	escape	0	last_exon	escape
ENST00000898373.1	ENSG00000132406.13	ENST00000382753.5	Control	chr4	val	-0.0107701650601057	0.44661516	0.2	50nt_rule	escape	0.2	50nt_rule	escape
ENST00000898694.1	ENSG00000168890.15	ENST00000409668.1	Control	chr2	val	0.0769395843050022	0.03407274	0	last_exon	escape	0	last_exon	escape
ENST00000898869.1	ENSG00000119977.23	ENST00000371209.5	Control	chr10	train	-0.0689163286393653	0.026407523	0	last_exon	escape	0	last_exon	escape
ENST00000899776.1	ENSG00000140950.17	ENST00000899777.1	Control	chr16	train	0.0315866412201723	0.034054372	0	last_exon	escape	0	last_exon	escape
ENST00000899879.1	ENSG00000240344.11	ENST00000392283.9	Control	""	""	-0.147927282019045		0	last_exon	escape	0	last_exon	escape
ENST00000900065.1	ENSG00000143801.19	ENST00000422240.6	Control	chr1	test	-0.0484863314445917	0.08669559	0	last_exon	escape	0	last_exon	escape
ENST00000900079.1	ENSG00000164494.13	ENST00000900081.1	Control	chr6	train	0.0532808648758528	0.089176744	0	last_exon	escape	0	last_exon	escape
ENST00000900332.1	ENSG00000131373.16	ENST00000456194.6	Control	chr3	test	-0.0538231135325346	0.06614257	0	last_exon	escape	0	last_exon	escape
ENST00000900696.1	ENSG00000108771.14	ENST00000251642.8	Control	chr17	train	5.10122661701617e-05	0.097263575	0	last_exon	escape	0	last_exon	escape
ENST00000900880.1	ENSG00000187097.14	ENST00000334696.11	Control	chr14	train	0.017046723628413	0.060632553	0	last_exon	escape	0	last_exon	escape
ENST00000902730.1	ENSG00000131080.16	ENST00000374719.8	Control	chrX	train	-0.0110276187960538	0.21584468	0.2	50nt_rule	escape	0.41	long_exon	escape
ENST00000902749.1	ENSG00000105852.12	ENST00000265627.10	Control	chr7	test	-0.0176877745036024	0.040721387	0	last_exon	escape	0	last_exon	escape
ENST00000903022.1	ENSG00000196839.15	ENST00000537820.2	Control	chr20	train	-0.0483070795411246	0.044060867	0	last_exon	escape	0	last_exon	escape
ENST00000903368.1	ENSG00000152465.19	ENST00000378150.1	Control	chr10	train	-0.0515692959757099	0.16379523	0	last_exon	escape	0	last_exon	escape
ENST00000903450.1	ENSG00000103064.16	ENST00000566454.5	Control	chr16	train	0.151244814218284	0.04986733	0	last_exon	escape	0	last_exon	escape
ENST00000903913.1	ENSG00000148908.16	ENST00000369103.3	Control	chr10	train	-0.0168412961070392	0.07210455	0	last_exon	escape	0	last_exon	escape
ENST00000904227.1	ENSG00000133114.19	ENST00000379151.9	Control	chr13	train	-0.0345101935345307	0.047369465	0.2	50nt_rule	escape	0.2	50nt_rule	escape
ENST00000904320.1	ENSG00000143437.22	ENST00000505755.5	Control	chr1	test	-0.0492322968571583	0.029028134	0	last_exon	escape	0	last_exon	escape
ENST00000904441.1	ENSG00000169902.16	ENST00000304842.6	Control	chr7	test	0.00211655338708234	0.22764592	0.2	50nt_rule	escape	0.2	50nt_rule	escape
ENST00000904759.1	ENSG00000042980.15	ENST00000265769.9	Control	chr8	train	-0.0239804634284424	0.070424624	0	last_exon	escape	0	last_exon	escape
ENST00000904808.1	ENSG00000144034.17	ENST00000497464.5	NMD+/PTC-	chr2	val	2.49527519134317	0.26422063	0	last_exon	escape	0	last_exon	escape
ENST00000904811.1	ENSG00000144034.17	ENST00000497464.5	Control	chr2	val	-0.0186869222622622	0.15602797	0	last_exon	escape	0	last_exon	escape
ENST00000904925.1	ENSG00000163558.14	ENST00000295797.5	Control	chr3	test	-0.0191960388071436	0.023860926	0	last_exon	escape	0	last_exon	escape
ENST00000905240.1	ENSG00000273559.6	ENST00000614790.5	Control	chr17	train	-0.0194117548527532	0.08342526	0	last_exon	escape	0	last_exon	escape
ENST00000905808.1	ENSG00000087884.17	ENST00000526415.5	NMD+/PTC-	chr11	train	2.79302598313508	0.6897523	0	last_exon	escape	0	last_exon	escape
ENST00000905821.1	ENSG00000184164.16	ENST00000328268.9	Control	chr22	train	-0.0144009922945645	0.046840996	0	last_exon	escape	0	last_exon	escape
ENST00000905838.1	ENSG00000176531.13	ENST00000934851.1	Control	chr19	train	0.0893538772643748	0.20563571	0	last_exon	escape	0	last_exon	escape
ENST00000905878.1	ENSG00000138131.5	ENST00000260702.4	Control	chr10	train	-0.0345753813191037	0.122585215	0	last_exon	escape	0	last_exon	escape
ENST00000906479.1	ENSG00000138617.17	ENST00000261888.10	Control	chr15	train	-0.0439901644742117	0.08072524	0	last_exon	escape	0	last_exon	escape
ENST00000906746.1	ENSG00000127527.16	ENST00000597937.5	Control	chr19	train	-0.0360354214847037	0.05955419	0	last_exon	escape	0	last_exon	escape
ENST00000907057.1	ENSG00000158301.21	ENST00000907060.1	NMD+/PTC-	""	""	1.14172298775362		0	last_exon	escape	0	last_exon	escape
ENST00000907061.1	ENSG00000158301.21	ENST00000907060.1	Control	chrX	train	0.00353688975875737	0.12999813	0	last_exon	escape	0	last_exon	escape
ENST00000907534.1	ENSG00000070413.22	ENST00000263196.12	Control	chr22	train	0.0103773548676545	0.03376288	0	last_exon	escape	0	last_exon	escape
ENST00000908121.1	ENSG00000168575.12	ENST00000908100.1	Control	chr8	train	-0.00436915457274208	0.05601331	0	last_exon	escape	0	last_exon	escape
ENST00000908300.1	ENSG00000117650.14	ENST00000366999.9	Control	chr1	test	-0.0255700123255346	0.019281017	0	last_exon	escape	0	last_exon	escape
ENST00000908398.1	ENSG00000131037.16	ENST00000201647.11	Control	chr19	train	-0.00841313819594983	0.07106972	0	last_exon	escape	0	last_exon	escape
ENST00000908484.1	ENSG00000111581.11	ENST00000229179.9	Control	chr12	train	-0.053102897580711	0.019724203	0	last_exon	escape	0	last_exon	escape
ENST00000908678.1	ENSG00000123395.16	ENST00000336854.9	NMD+/PTC-	chr12	train	3.33516938282919	0.11016228	0	last_exon	escape	0	last_exon	escape
ENST00000908818.1	ENSG00000155016.19	ENST00000908819.1	Control	chr4	val	-0.101606604393876	0.060346127	0	last_exon	escape	0	last_exon	escape
ENST00000908862.1	ENSG00000102312.25	ENST00000361988.7	Control	chrX	train	-0.0458716150688579	0.12531193	0	last_exon	escape	0	last_exon	escape
ENST00000909442.1	ENSG00000134897.15	ENST00000257336.6	Control	chr13	train	-0.0588085350565006	0.05482226	0	last_exon	escape	0	last_exon	escape
ENST00000909871.1	ENSG00000185404.18	ENST00000243810.10	Control	chr2	val	0.0753158696738543	0.12402312	0	last_exon	escape	0	last_exon	escape
ENST00000910062.1	ENSG00000135040.17	ENST00000361671.10	Control	chr9	train	-0.0241557377928201	0.06955683	0	last_exon	escape	0	last_exon	escape
ENST00000910086.1	ENSG00000000457.15	ENST00000367771.11	Control	chr1	test	0.0442916923365337	0.05907867	0	last_exon	escape	0	last_exon	escape
ENST00000910594.1	ENSG00000166532.17	ENST00000535829.6	Control	chr12	train	0.0780070985785994	0.027664633	0	last_exon	escape	0	last_exon	escape
ENST00000912143.1	ENSG00000197976.13	ENST00000313871.9	Control	chrX	train	0.035776551911885	0.030013975	0	last_exon	escape	0	last_exon	escape
ENST00000912274.1	ENSG00000163141.21	ENST00000368931.8	Control	chr1	test	-0.0633125328271738	0.108906865	0	last_exon	escape	0	last_exon	escape
ENST00000917017.1	ENSG00000123178.17	ENST00000378195.6	Control	chr13	train	-0.0449362311194441	0.03282731	0	last_exon	escape	0	last_exon	escape
ENST00000919128.1	ENSG00000159348.14	ENST00000367249.9	Control	chr1	test	-0.0102996148091234	0.034365185	0	last_exon	escape	0	last_exon	escape
ENST00000923335.1	ENSG00000124508.18	ENST00000356709.9	Control	chr6	train	0.0702781594897021	0.016786214	0	last_exon	escape	0	last_exon	escape
ENST00000929018.1	ENSG00000163867.18	ENST00000317538.9	Control	chr1	test	0.0392268754624786	0.019657642	0	last_exon	escape	0	last_exon	escape
ENST00000931735.1	ENSG00000160193.13	ENST00000398208.3	Control	""	""	-0.0776410945424789		0.2	50nt_rule	escape	0.2	50nt_rule	escape
ENST00000933698.1	ENSG00000142552.9	ENST00000270645.8	Control	chr19	train	-0.0331956784625519	0.12225774	0	last_exon	escape	0	last_exon	escape
ENST00000937689.1	ENSG00000196705.9	ENST00000311048.11	Control	chr19	train	0.115301098658981	0.11356691	0	last_exon	escape	0	last_exon	escape
ENST00000938053.1	ENSG00000123395.16	ENST00000336854.9	Control	chr12	train	0.154041968968569	0.16906588	0	last_exon	escape	0	last_exon	escape
ENST00000940705.1	ENSG00000177663.16	ENST00000319363.11	Control	chr22	train	0.0655912782395059	0.026186025	0	last_exon	escape	0	last_exon	escape
ENST00000940753.1	ENSG00000140519.15	ENST00000268122.9	Control	chr15	train	0.0206197314497726	0.26451477	0.2	50nt_rule	escape	0.2	50nt_rule	escape
ENST00000942048.1	ENSG00000197860.11	ENST00000381007.9	Control	chr5	test	-0.0015640112603073	0.0642729	0	last_exon	escape	0	last_exon	escape
ENST00000942605.1	ENSG00000149564.13	ENST00000278927.10	Control	chr11	train	0.0168354995949754	0.03400796	0	last_exon	escape	0	last_exon	escape
ENST00000949094.1	ENSG00000103534.18	ENST00000542583.7	Control	chr16	train	-0.0512858300461819	0.0680839	0	last_exon	escape	0	last_exon	escape
ENST00000963199.1	ENSG00000038210.15	ENST00000264864.8	Control	chr4	val	-0.0269400939701822	0.021605907	0	last_exon	escape	0	last_exon	escape
ENST00000968684.1	ENSG00000183569.19	ENST00000876813.1	Control	chr22	train	-0.0334445637090744	0.12320726	0	last_exon	escape	0	last_exon	escape
ENST00000969433.1	ENSG00000198276.17	ENST00000354216.11	Control	chr20	train	-0.0707777289468371	0.009637579	0	last_exon	escape	0	last_exon	escape
ENST00000971027.1	ENSG00000037241.8	ENST00000521476.5	Control	chr5	test	0.113417908173275	0.07157469	0	last_exon	escape	0	last_exon	escape
ENST00000972741.1	ENSG00000292343.2	ENST00000711185.2	NMD+/PTC+	chrY	train	4.23147033287806	0.946149	0.65	trigger_nmd	trigger	0.65	trigger_nmd	trigger
ENST00000972767.1	ENSG00000292366.2	ENST00000711265.2	NMD+/PTC+	chrY	train	2.42435608433634	0.9006086	0.65	trigger_nmd	trigger	0.65	trigger_nmd	trigger
ENST00000972982.1	ENSG00000292343.2	ENST00000711185.2	Control	chrY	train	0.0465352241242624	0.030011844	0	last_exon	escape	0	last_exon	escape
