event_key	cell_type	event_type	gene_id	gene_symbol	rmats_dPSI	pb_dPSI	pb_mean_dmso_psi	pb_mean_smg1i_psi	pb_total_counts_mean	n_incl_isos	n_skip_isos
MV:SE:1253	MV	SE	ENSG00000059769	DNAJC25	0.553	0.626040345426807	0.2304442901569231	0.8564846355837301	566.8333333333334	2	2
MV:SE:1726	MV	SE	ENSG00000134884	ARGLU1	0.154	0.11213623558315097	0.01801981953650953	0.1301560551196605	795.3333333333334	1	1
MV:SE:2908	MV	SE	ENSG00000148399	DPH7	0.479	0.5314380792166855	0.0711707371509604	0.6026088163676458	398.1666666666667	6	4
MV:SE:3893	MV	SE	ENSG00000169045	HNRNPH1	-0.6	-0.6025482216709881	0.972561218494508	0.37001299682352	143.83333333333334	7	4
MV:SE:4224	MV	SE	ENSG00000104331	BPNT2	0.116	0.08646131543685348	0.01342807703469861	0.0998893924715521	744.6666666666666	1	2
MV:SE:4854	MV	SE	ENSG00000221914	PPP2R2A	0.208	0.1917280474465866	0.020404827591110907	0.2121328750376975	1581.8333333333333	1	2
MV:SE:5459	MV	SE	ENSG00000172172	MRPL13	-0.056	-0.04614681897040329	0.9945494348551827	0.9484026158847794	6428.666666666667	3	1
MV:SE:5924	MV	SE	ENSG00000178177	LCORL	0.111	0.027472527472527486	0.9487179487179487	0.9761904761904762	19.166666666666668	4	1
MV:SE:6034	MV	SE	ENSG00000153558	FBXL2	0.455	0.4184002010110879	0.03619444234843776	0.45459464335952565	338.8333333333333	3	3
MV:SE:6137	MV	SE	ENSG00000132254	ARFIP2	0.371	0.41783345310800224	0.013960853396785704	0.43179430650478795	870.8333333333334	2	5
MV:SE:6588	MV	SE	ENSG00000120697	ALG5	0.158	0.10484657459697655	0.010657816106965258	0.1155043907039418	4425.833333333333	1	2
MV:SE:6597	MV	SE	ENSG00000120697	ALG5	-0.164	-0.13717912876575833	0.9910081701546626	0.8538290413889043	4636.666666666667	3	1
MV:SE:6770	MV	SE	ENSG00000105821	DNAJC2	0.448	0.4869456078317725	0.11126700834817588	0.5982126161799484	227.83333333333334	5	6
MV:SE:6865	MV	SE	ENSG00000087087	SRRT	0.467	0.24571045806348696	0.007563762318092471	0.25327422038157943	198.66666666666666	2	5
MV:SE:8112	MV	SE	ENSG00000146963	LUC7L2	0.245	0.1591041118237622	8.338544923910778e-4	0.15993796631615326	952.6666666666666	1	4
MV:SE:8344	MV	SE	ENSG00000189091	SF3B3	0.456	0.4542898956107259	0.018453348981101923	0.4727432445918278	504.3333333333333	1	1
MV:SE:8507	MV	SE	ENSG00000106853	PTGR1	0.157	0.14405991390892825	0.08766898230624486	0.23172889621517312	2983.166666666667	2	2
MV:SE:8892	MV	SE	ENSG00000119953	SMNDC1	0.302	0.24491953632083915	0.012696881624684892	0.25761641794552403	581.5	2	4
MV:SE:8965	MV	SE	ENSG00000136243	NUP42	-0.47	-0.5579938657422383	0.9585619826048368	0.4005681168625986	839.8333333333334	3	2
MV:SE:9369	MV	SE	ENSG00000196369	SRGAP2B	0.24	0.21058201058201065	0.6349206349206349	0.8455026455026455	18.5	5	3
MV:SE:9410	MV	SE	ENSG00000166912	MTMR10	0.368	0.26795144541624094	0.013101186162706436	0.2810526315789474	145.33333333333334	3	15
MV:SE:10551	MV	SE	ENSG00000140262	TCF12	0.114	0.057450221506158056	0.018414672239880442	0.0758648937460385	219	1	11
MV:SE:10567	MV	SE	ENSG00000106144	CASP2	0.312	0.2999287749287749	0.010256410256410258	0.3101851851851852	49.166666666666664	3	7
MV:SE:10634	MV	SE	ENSG00000111832	RWDD1	0.112	0.04651652040266001	0.035586590741598256	0.08210311114425826	1442.3333333333333	1	2
MV:SE:10753	MV	SE	ENSG00000175581	MRPL48	0.154	0.14928183187664262	0.003659872751217999	0.15294170462786064	1610.8333333333333	1	4
MV:SE:11062	MV	SE	ENSG00000185917	SETD4	0.354	0.385411017557461	0.07361149727577133	0.4590225148332323	673.8333333333334	4	10
MV:SE:12559	MV	SE	ENSG00000204256	BRD2	0.258	0.3205834994352472	0.08563317164492702	0.40621667108017423	540.3333333333334	2	4
MV:SE:12622	MV	SE	ENSG00000130254	SAFB2	-0.598	-0.5184833682886628	0.9320635386159074	0.4135801703272446	97.5	2	1
MV:SE:12898	MV	SE	ENSG00000147601	TERF1	0.152	0.10608481840912116	0.006048330109436351	0.11213314851855752	573.8333333333334	3	4
MV:SE:13111	MV	SE	ENSG00000159640	ACE	-0.382	-0.3365537304702495	0.9899610329568721	0.6534073024866226	145.5	5	5
MV:SE:13242	MV	SE	ENSG00000112763	BTN2A1	0.434	0.42165915442683266	0.13494530835289686	0.5566044627797295	158.5	3	7
MV:SE:14469	MV	SE	ENSG00000087206	UIMC1	-0.541	-0.5980058675364539	0.7543990307012705	0.15639316316481655	490.66666666666663	3	4
MV:SE:14677	MV	SE	ENSG00000102543	CDADC1	0.361	0.3025575952380225	0.024894582852987807	0.3274521780910103	398	2	6
MV:SE:15679	MV	SE	ENSG00000155368	DBI	0.06	0.1331170392050598	0.038316616992283524	0.17143365619734333	3189.1666666666665	1	2
MV:SE:16224	MV	SE	ENSG00000065485	PDIA5	-0.233	-0.23785043164273278	0.9910858572122017	0.7532354255694689	3705.6666666666665	2	3
MV:SE:16622	MV	SE	ENSG00000112679	DUSP22	-0.16	-0.1774478259480925	0.7834732637500249	0.6060254378019324	656.8333333333334	3	2
MV:SE:16916	MV	SE	ENSG00000171466	ZNF562	0.055	0.013830562913131672	0.979906204906205	0.9937367678193366	137.66666666666666	5	1
MV:SE:17174	MV	SE	ENSG00000254093	PINX1	-0.363	-0.37313695695444693	0.7786195063037586	0.4054825493493117	529.3333333333334	1	2
MV:SE:17771	MV	SE	ENSG00000164347	GFM2	-0.309	-0.2641402222754127	0.993781867430413	0.7296416451550003	445.8333333333333	6	2
MV:SE:18118	MV	SE	ENSG00000153914	SREK1	0.384	0.29631983743086365	0.0118436174717217	0.30816345490258534	288	2	4
MV:SE:18435	MV	SE	ENSG00000134352	IL6ST	0.052	0.02422690808520263	0.0013291323330601264	0.025556040418262756	1621.5	1	4
MV:SE:18452	MV	SE	ENSG00000134352	IL6ST	-0.066	-0.03746923328323981	0.984266275194755	0.9467970419115151	1613.5	3	1
MV:SE:19099	MV	SE	ENSG00000087448	KLHL42	0.353	0.3908340936171062	0.10623046319977267	0.49706455681687883	165.5	1	1
MV:SE:19218	MV	SE	ENSG00000115875	SRSF7	0.322	0.22138933602071936	0.004697310429695785	0.22608664645041515	7166.333333333333	1	3
MV:SE:19836	MV	SE	ENSG00000163660	CCNL1	0.394	0.8166343574369725	0.11686040141441308	0.9334947588513857	409.5	2	2
MV:SE:19838	MV	SE	ENSG00000163660	CCNL1	0.382	0.6642788395607903	0.3020469914208055	0.9663258309815957	750.6666666666667	6	2
MV:SE:21845	MV	SE	ENSG00000116906	GNPAT	0.235	0.112778111516246	0.013173893873717285	0.1259520053899633	848.5	1	3
MV:SE:23073	MV	SE	ENSG00000163541	SUCLG1	0.054	0.04785581673525391	4.907802894958919e-4	0.0483465970247498	4745.166666666667	1	2
MV:SE:23168	MV	SE	ENSG00000134294	SLC38A2	-0.201	-0.25916723845056755	0.9454662880826323	0.6862990496320648	1128.1666666666667	3	2
MV:SE:23468	MV	SE	ENSG00000015676	NUDCD3	0.054	0.032269200753078736	0.009686097042930135	0.04195529779600887	430.5	1	2
MV:SE:24602	MV	SE	ENSG00000119777	TMEM214	0.158	0.11435822509366675	0.0010169399469447493	0.1153751650406115	762.8333333333334	1	2
MV:SE:24681	MV	SE	ENSG00000172113	NME6	0.395	0.5607149582033679	0.12546231813747738	0.6861772763408452	367.1666666666667	3	3
MV:SE:25062	MV	SE	ENSG00000070010	UFD1	0.087	0.7609774217306603	0.14837170688214582	0.9093491286128061	1872.3333333333333	1	1
MV:SE:25064	MV	SE	ENSG00000158864	NDUFS2	-0.098	-0.11248623703457505	0.994279744451724	0.8817935074171489	4082	1	1
MV:SE:26146	MV	SE	ENSG00000095059	DHPS	-0.214	-0.17819729573534093	0.8742109060370564	0.6960136103017155	919.1666666666666	4	1
MV:SE:26563	MV	SE	ENSG00000173726	TOMM20	0.073	0.10969721229940496	0.0017325044339624857	0.11142971673336745	2086.5	1	1
MV:SE:26992	MV	SE	ENSG00000183955	KMT5A	0.437	0.4592592592592593	0.26666666666666666	0.725925925925926	3.8333333333333335	1	2
MV:SE:27485	MV	SE	ENSG00000168522	FNTA	-0.111	-0.10964362837809472	0.9629678056408348	0.8533241772627401	4565.666666666667	4	1
MV:SE:27583	MV	SE	ENSG00000206562	METTL6	0.313	0.4340349647750894	0.14231399360418406	0.5763489583792735	309.3333333333333	1	3
MV:SE:28007	MV	SE	ENSG00000163249	CCNYL1	-0.142	-0.14285791244296775	0.898068633014156	0.7552107205711882	263.3333333333333	6	3
MV:SE:28137	MV	SE	ENSG00000109184	DCUN1D4	0.101	0.0828224160683016	8.014865617279427e-4	0.08362390263002954	716.1666666666666	1	6
MV:SE:28409	MV	SE	ENSG00000143842	SOX13	0.053	0	1	1	13.666666666666666	6	1
MV:SE:28557	MV	SE	ENSG00000163444	TMEM183A	0.521	0.14208695852027214	0.006794703661619489	0.14888166218189164	4957.333333333333	1	3
MV:SE:29614	MV	SE	ENSG00000171055	FEZ2	-0.13	-0.14720131172212925	0.9352808214647477	0.7880795097426184	1762	2	2
MV:SE:30373	MV	SE	ENSG00000137814	HAUS2	0.314	0.30011476194400805	0.30304785572178455	0.6031626176657926	738	3	4
MV:SE:30861	MV	SE	ENSG00000180098	TRNAU1AP	0.33	0.33204184896122996	0.008777990966052725	0.3408198399272827	2186.6666666666665	1	2
MV:SE:33163	MV	SE	ENSG00000004866	ST7	0.302	0.2744383929418353	0.016517917894064683	0.2909563108359	254.5	4	9
MV:SE:33295	MV	SE	ENSG00000171793	CTPS1	-0.193	-0.1816824615278897	0.989095896374236	0.8074134348463463	436.5	6	1
MV:SE:33390	MV	SE	ENSG00000119004	CYP20A1	-0.507	-0.47860531342008494	0.9702730369207387	0.4916677235006538	949.3333333333334	7	4
MV:SE:33800	MV	SE	ENSG00000160094	ZNF362	0.069	-0.04931938155031168	0.9716491076447112	0.9223297260943996	85.66666666666667	11	2
MV:SE:34222	MV	SE	ENSG00000134574	DDB2	-0.213	-0.3644785593634482	0.9816329632476511	0.617154403884203	730.8333333333334	4	3
MV:SE:34394	MV	SE	ENSG00000139684	ESD	0.085	0.05877730192290388	0.0027198576606858793	0.06149715958358976	4668.333333333333	1	3
MV:SE:34828	MV	SE	ENSG00000142910	TINAGL1	-0.064	-0.11805373867671254	0.9688816932491146	0.850827954572402	5694	3	2
MV:SE:35146	MV	SE	ENSG00000136045	PWP1	-0.101	-0.052950325892017425	0.9987470161987726	0.9457966903067552	1535.5	2	1
MV:SE:35178	MV	SE	ENSG00000150938	CRIM1	-0.063	0.003968253968253954	0.996031746031746	1	52.666666666666664	17	1
MV:SE:35602	MV	SE	ENSG00000168883	USP39	0.195	0.09932788395844035	0.011616346192636472	0.11094423015107682	1190	2	7
MV:SE:35627	MV	SE	ENSG00000140455	USP3	0.335	0.3443028933345337	0.041468996649423114	0.3857718899839568	380.8333333333333	2	3
MV:SE:35991	MV	SE	ENSG00000155100	OTUD6B	0.295	0.18584609411794653	0.0769704433497537	0.26281653746770023	63.833333333333336	8	17
MV:SE:37108	MV	SE	ENSG00000162604	TM2D1	0.081	0.0393618465886294	0.20655503602849337	0.24591688261712277	6347.333333333333	1	4
MV:SE:37138	MV	SE	ENSG00000176915	ANKLE2	0.108	0.07985904166905271	0.010000281720986335	0.08985932339003905	643.6666666666666	1	3
MV:SE:37270	MV	SE	ENSG00000116473	RAP1A	0.064	0.04299918335997454	0.00143158024176435	0.04443076360173889	1988	1	5
MV:SE:38114	MV	SE	ENSG00000135655	USP15	0.207	0.18104985695644646	0.0030322035073592534	0.1840820604638057	776.8333333333334	2	2
MV:SE:38528	MV	SE	ENSG00000085491	SLC25A24	0.252	0.16761674587995162	0.011508007314823468	0.17912475319477508	279.8333333333333	1	8
MV:SE:38651	MV	SE	ENSG00000162642	C1orf52	0.173	0.16025556639038807	0.5403694345235004	0.7006250009138885	1929.6666666666667	1	1
MV:SE:38804	MV	SE	ENSG00000147419	CCDC25	-0.249	-0.18146535797894459	0.9693027679507753	0.7878374099718307	869.5	4	3
MV:SE:39528	MV	SE	ENSG00000162521	RBBP4	0.07	0.05065164258309672	7.240241865715489e-4	0.05137566676966827	3153.1666666666665	1	3
MV:SE:39681	MV	SE	ENSG00000151353	TMEM18	0.553	0.30098697598697605	0.36812169312169313	0.6691086691086692	21.666666666666668	1	1
MV:SE:39682	MV	SE	ENSG00000151353	TMEM18	0.163	0.2694864314543923	0.05160825933122791	0.3210946907856202	967.1666666666666	2	2
MV:SE:40479	MV	SE	ENSG00000122643	NT5C3A	0.314	0.4687464084864156	0.3069088455975658	0.7756552540839814	1423.6666666666667	1	1
MV:SE:41097	MV	SE	ENSG00000135829	DHX9	0.596	0.46092379486164037	0.018024261756319174	0.47894805661795953	192.66666666666666	1	2
MV:SE:41311	MV	SE	ENSG00000145439	CBR4	0.143	0.04203796432396063	0.0011655011655011655	0.0432034654894618	317.8333333333333	1	8
MV:SE:41401	MV	SE	ENSG00000143436	MRPL9	0.063	0.026906865106724707	0.00262338778778174	0.029530252894506448	2520.8333333333335	1	3
MV:SE:42702	MV	SE	ENSG00000013561	RNF14	-0.226	-0.2556134060017804	0.9025525602998762	0.6469391542980958	1182.3333333333333	3	3
MV:SE:42804	MV	SE	ENSG00000143742	SRP9	0.135	0.06677771576983814	0.08310573651528937	0.1498834522851275	16576.666666666668	1	1
MV:SE:42953	MV	SE	ENSG00000145782	ATG12	0.192	0.2303276379100119	0.014720089077694872	0.24504772698770677	2658.3333333333335	1	2
MV:SE:43345	MV	SE	ENSG00000144559	TAMM41	0.276	0.11283834610328514	0.013002345773062416	0.12584069187634755	423.8333333333333	1	7
MV:SE:43382	MV	SE	ENSG00000186522	SEPTIN10	-0.106	-0.06755000880949924	0.9962583668466022	0.9287083580371029	624.3333333333334	4	1
MV:SE:43449	MV	SE	ENSG00000156976	EIF4A2	-0.393	-0.4148679806090182	0.9241130997047501	0.5092451190957319	8491.5	5	3
MV:SE:43462	MV	SE	ENSG00000156976	EIF4A2	0.204	0.06541977887539606	0.009128361271738036	0.0745481401471341	7711.666666666667	1	4
MV:SE:44532	MV	SE	ENSG00000132300	PTCD3	0.295	0.23728593193939349	0.005785338760706598	0.2430712707001001	657.5	2	3
MV:SE:44660	MV	SE	ENSG00000169599	NFU1	-0.233	-0.21387809608251485	0.9868692989693489	0.7729912028868341	1901.3333333333333	1	1
MV:SE:44953	MV	SE	ENSG00000066056	TIE1	-0.056	0	1	1	998.6666666666666	7	1
MV:SE:46254	MV	SE	ENSG00000115661	STK16	-0.253	-0.2237884347910568	0.9502029797604511	0.7264145449693943	919.5	5	2
MV:SE:47004	MV	SE	ENSG00000102317	RBM3	0.11	0.10433533575547903	0.0023192009192142845	0.10665453667469331	12463.833333333334	2	3
MV:SE:47083	MV	SE	ENSG00000121858	TNFSF10	-0.213	-0.22509230777011002	0.98494746552594	0.75985515775583	2284.1666666666665	2	1
MV:SE:48184	MV	SE	ENSG00000074219	TEAD2	0.154	0.08676915374912064	0.015112035885203033	0.10188118963432367	406.6666666666667	5	30
MV:SE:48465	MV	SE	ENSG00000164548	TRA2A	0.145	0.034752418569399424	0.0013697327675359877	0.03612215133693541	787.3333333333334	1	1
MV:SE:48509	MV	SE	ENSG00000143553	SNAPIN	-0.065	-0.058588421045733585	0.9667104985818221	0.9081220775360885	4094.6666666666665	1	1
MV:SE:48668	MV	SE	ENSG00000117500	TMED5	0.105	0.06274990129666334	0.014597351230007593	0.07734725252667093	1199	1	3
MV:SE:50203	MV	SE	ENSG00000138050	THUMPD2	0.394	0.5820055233073083	0.2625226428417918	0.8445281661491	354.1666666666667	5	5
MV:SE:50454	MV	SE	ENSG00000005486	RHBDD2	0.403	0.36862473587468964	0.19717434175057585	0.5657990776252655	1133	1	1
MV:SE:51196	MV	SE	ENSG00000166557	TMED3	0.098	0.08505145080257315	0.015842474564583976	0.10089392536715712	2986	1	1
MV:SE:51809	MV	SE	ENSG00000097033	SH3GLB1	-0.069	-0.03799282054075681	0.9836361896816644	0.9456433691409076	3674.5	1	1
MV:SE:52312	MV	SE	ENSG00000148335	NTMT1	0.172	0.5466499067213528	0.37521291344820756	0.9218628201695603	600.3333333333334	2	1
MV:SE:52345	MV	SE	ENSG00000154845	PPP4R1	0.298	0.2013307872581435	0.009164230076746572	0.21049501733489007	156.66666666666666	2	7
MV:SE:52438	MV	SE	ENSG00000143321	HDGF	0.33	0.2637098920773277	0.008205462846813057	0.27191535492414076	947.3333333333334	1	5
MV:SE:52716	MV	SE	ENSG00000115307	AUP1	-0.278	-0.15214086370136626	0.9537551788414287	0.8016143151400624	3099.3333333333335	2	1
MV:SE:53281	MV	SE	ENSG00000114956	DGUOK	0.073	0.04376142015904481	0.022727524053155986	0.06648894421220079	3825.6666666666665	1	4
MV:SE:53308	MV	SE	ENSG00000114956	DGUOK	-0.165	-0.1160488254717782	0.9629810574783956	0.8469322320066174	3384.8333333333335	3	1
MV:SE:53357	MV	SE	ENSG00000184939	ZFP90	0.165	-0.05555555555555558	0.3888888888888889	0.3333333333333333	5.166666666666667	3	3
MV:SE:54512	MV	SE	ENSG00000144118	RALB	-0.111	-0.06989683573504779	0.9937887124612165	0.9238918767261687	4920.166666666667	2	1
MV:SE:54597	MV	SE	ENSG00000242372	EIF6	-0.155	-0.09411272467252163	0.9819922638682747	0.887879539195753	4678.333333333333	2	1
MV:SE:55184	MV	SE	ENSG00000143889	HNRNPLL	0.337	0.3055790363482021	0.01140416284574766	0.31698319919394974	1619.1666666666667	3	3
MV:SE:55811	MV	SE	ENSG00000135124	P2RX4	-0.114	-0.10914104133416824	0.9843704621327104	0.8752294207985422	8614	5	3
MV:SE:55892	MV	SE	ENSG00000100038	TOP3B	0.52	0.4925530855260451	0.04723391023605377	0.5397869957620989	105.66666666666667	4	9
MV:SE:56204	MV	SE	ENSG00000119912	IDE	0.224	0.14305750350631136	0	0.14305750350631136	99.16666666666667	1	6
MV:SE:56754	MV	SE	ENSG00000015153	YAF2	0.308	0.5191929533202024	0.4512987012987013	0.9704916546189037	208.16666666666669	4	1
MV:SE:56928	MV	SE	ENSG00000159202	UBE2Z	-0.277	-0.24145038756425363	0.9276175114106149	0.6861671238463612	419.3333333333333	2	1
MV:SE:56955	MV	SE	ENSG00000115966	ATF2	0.196	0.19299594874509884	0.019717726468576394	0.21271367521367524	107.16666666666667	2	6
MV:SE:57020	MV	SE	ENSG00000104824	HNRNPL	0.287	0.14614928718039907	0.0059360404372240695	0.15208532761762314	1409.3333333333333	1	2
MV:SE:57451	MV	SE	ENSG00000065548	ZC3H15	0.076	0.03335591864202343	3.6500111350410753e-4	0.03372091975552754	1685.8333333333333	1	4
MV:SE:57515	MV	SE	ENSG00000064419	TNPO3	0.129	0.08205519316184386	0.03320535274386334	0.1152605459057072	237.66666666666666	1	2
MV:SE:57612	MV	SE	ENSG00000173559	NABP1	0.229	0.18674469062242416	0.30978666613437544	0.4965313567567996	419.3333333333333	3	4
MV:SE:57632	MV	SE	ENSG00000183696	UPP1	-0.135	-0.12094672064012946	0.9700798698585538	0.8491331492184243	3009	6	1
MV:SE:57634	MV	SE	ENSG00000183696	UPP1	0.416	0.30498992557948296	0.03486654620284576	0.3398564717823287	1580.1666666666667	1	1
MV:SE:57638	MV	SE	ENSG00000183696	UPP1	-0.477	0.022493668975530096	0.0498593661617341	0.0723530351372642	1489.8333333333335	1	2
MV:SE:57640	MV	SE	ENSG00000183696	UPP1	-0.406	-0.4546714751848083	0.9441077604250282	0.48943628524021987	1519.1666666666667	3	1
MV:SE:57729	MV	SE	ENSG00000115524	SF3B1	0.224	0.18400716563123265	0.003184723368402699	0.18719188899963535	903.6666666666666	1	3
MV:SE:57986	MV	SE	ENSG00000240344	PPIL3	0.176	0.20349707977210338	0.024551258135389463	0.22804833790749285	389.3333333333333	3	10
MV:SE:58444	MV	SE	ENSG00000197713	RPE	0.157	0.11633814198544377	0.0010041449267154626	0.11734228691215924	1584.8333333333333	1	2
MV:SE:59169	MV	SE	ENSG00000181982	CCDC149	-0.07	-0.012048800161322848	0.012048800161322848	0	66.5	1	5
MV:SE:59918	MV	SE	ENSG00000125450	NUP85	0.102	0.08493794407849505	0.004968972480865556	0.0899069165593606	568	1	4
MV:SE:60199	MV	SE	ENSG00000168970	JMJD7-PLA2G4B	0.564	0.044444444444444425	0.06666666666666668	0.1111111111111111	3.6666666666666665	1	5
MV:SE:60463	MV	SE	ENSG00000134109	EDEM1	-0.231	-0.1214757862415774	0.9665609304784563	0.8450851442368789	50.5	7	3
MV:SE:60743	MV	SE	ENSG00000188313	PLSCR1	-0.324	-0.3564571769991767	0.9717673590983316	0.6153101820991549	2977.5	3	1
MV:SE:60979	MV	SE	ENSG00000132589	FLOT2	-0.084	-0.08155179730125506	0.9894733378270886	0.9079215405258335	1761.6666666666667	1	1
MV:SE:61033	MV	SE	ENSG00000168404	MLKL	0.383	0.39040337709569495	0.012816447462566183	0.4032198245582611	270.8333333333333	3	7
MV:SE:61637	MV	SE	ENSG00000126698	DNAJC8	-0.09	-0.09939743647853783	0.996802116438752	0.8974046799602142	9220.833333333334	2	1
MV:SE:61640	MV	SE	ENSG00000126698	DNAJC8	0.169	0.06853216804021439	0.01638023969879423	0.08491240773900863	9220.833333333334	1	2
MV:SE:62368	MV	SE	ENSG00000115419	GLS	0.222	0.0844538161114248	0.044169372294372296	0.1286231884057971	30.833333333333336	2	6
MV:SE:62369	MV	SE	ENSG00000115419	GLS	0.15	0.02719907407407407	0.005208333333333334	0.032407407407407406	29.166666666666664	1	6
MV:SE:62714	MV	SE	ENSG00000185507	IRF7	-0.372	-0.4059740507562444	0.6237356959043943	0.21776164514814986	911.3333333333333	2	3
MV:SE:64090	MV	SE	ENSG00000050748	MAPK9	0.184	0.1786311657279399	0	0.1786311657279399	36	4	11
MV:SE:64637	MV	SE	ENSG00000163607	GTPBP8	-0.342	-0.32123076940036255	0.9231563925194178	0.6019256231190553	655	2	1
MV:SE:65302	MV	SE	ENSG00000198075	SULT1C4	-0.528	-0.6431902246779255	0.8457623951294837	0.2025721704515582	192.5	1	2
MV:SE:65304	MV	SE	ENSG00000198075	SULT1C4	0.408	0.48536068658459414	0.05626661579755216	0.5416273023821463	356.5	2	1
MV:SE:65472	MV	SE	ENSG00000129515	SNX6	-0.111	-0.09050970846191575	0.9962335617080857	0.90572385324617	5560.5	3	1
MV:SE:66020	MV	SE	ENSG00000198467	TPM2	0.266	0.23859306857742726	0.03893561966554667	0.27752868824297394	232	3	2
MV:SE:66192	MV	SE	ENSG00000106638	TBL2	0.279	0.18711952212120556	0.014896261107331017	0.20201578322853658	1154.6666666666667	1	4
MV:SE:66492	MV	SE	ENSG00000183684	ALYREF	0.093	0.03349238814690535	0.016963748671065745	0.05045613681797109	244.66666666666666	3	6
MV:SE:67197	MV	SE	ENSG00000050426	LETMD1	-0.39	-0.0865025014627442	0.1168651038877216	0.030362602424977406	102.16666666666667	1	4
MV:SE:67880	MV	SE	ENSG00000071994	PDCD2	-0.212	-0.15384619138542477	0.9344936099528929	0.7806474185674681	1379	4	2
MV:SE:67942	MV	SE	ENSG00000141127	PRPSAP2	-0.227	-0.230265149349842	0.9475215276231694	0.7172563782733274	767.8333333333334	6	2
MV:SE:68532	MV	SE	ENSG00000115234	SNX17	0.182	0.08966388041462083	0.0027095311979212174	0.09237341161254205	2877.1666666666665	1	1
MV:SE:68880	MV	SE	ENSG00000196262	PPIA	0.054	0.04539765493746356	0.010803103855847394	0.056200758793310955	25451.166666666668	1	1
MV:SE:70026	MV	SE	ENSG00000284770	TBCE	-0.317	-0.2952199228525899	0.9764337548492434	0.6812138319966535	665.6666666666666	6	4
MV:SE:70818	MV	SE	ENSG00000152465	NMT2	0.13	0.115606910738173	0.15587591521481728	0.2714828259529903	2412.3333333333335	3	6
MV:SE:71040	MV	SE	ENSG00000123352	SPATS2	0.348	0.3982261280265746	0.038880299243787095	0.4371064272703617	325.8333333333333	2	2
MV:SE:72048	MV	SE	ENSG00000096746	HNRNPH3	-0.543	-0.5630888096666906	0.9151938491742069	0.3521050395075163	1145.6666666666667	5	4
MV:SE:72133	MV	SE	ENSG00000060339	CCAR1	-0.337	-0.3552617848695677	0.9835700274280957	0.628308242558528	232.16666666666666	6	2
MV:SE:72624	MV	SE	ENSG00000165637	VDAC2	0.203	0.19965942461785402	0.007030780056632862	0.20669020467448687	9923.833333333334	1	1
MV:SE:74041	MV	SE	ENSG00000186866	POFUT2	0.221	0.11986341039999973	0.0044610855094726065	0.12432449590947234	289.3333333333333	2	9
MV:SE:74956	MV	SE	ENSG00000185627	PSMD13	-0.076	-0.09233587405839139	0.9715498015240253	0.8792139274656339	8247.5	2	1
MV:SE:75023	MV	SE	ENSG00000174775	HRAS	0.443	0.4617230992791336	0.09449064548531652	0.5562137447644501	744.5	4	3
MV:SE:75694	MV	SE	ENSG00000166333	ILK	-0.263	-0.1971241281364835	0.9495523348928208	0.7524282067563373	9100.166666666666	5	2
MV:SE:77781	MV	SE	ENSG00000167985	SDHAF2	0.058	0.043402335960421694	0.021037135532581304	0.064439471493003	1905.6666666666667	1	1
MV:SE:77807	MV	SE	ENSG00000109762	SNX25	0.097	0.5	0	0.5	1.5	1	1
MV:SE:78036	MV	SE	ENSG00000084112	SSH1	-0.256	-0.22658908794411092	0.8758661359280554	0.6492770479839445	63.833333333333336	5	3
MV:SE:78120	MV	SE	ENSG00000137996	RTCA	-0.22	-0.18772800440435378	0.9787965965466588	0.7910685921423051	1078.8333333333333	4	2
MV:SE:78807	MV	SE	ENSG00000067365	METTL22	-0.479	-0.570301533332741	0.883922481054766	0.3136209477220249	437.8333333333333	3	6
MV:SE:78899	MV	SE	ENSG00000139624	CERS5	-0.206	-0.15057028592587185	0.9899637996851893	0.8393935137593175	1555.8333333333333	3	1
MV:SE:79472	MV	SE	ENSG00000149196	HIKESHI	0.093	0.04918470579296539	0.004730161858402977	0.05391486765136837	3284.8333333333335	1	4
MV:SE:81447	MV	SE	ENSG00000139180	NDUFA9	0.069	0.03840708659756047	0.0011164128624390536	0.03952349945999953	10991.333333333334	1	2
MV:SE:81450	MV	SE	ENSG00000011243	AKAP8L	0.287	0.2598023816675021	0.026326708526415006	0.2861290901939171	448.6666666666667	1	4
MV:SE:81508	MV	SE	ENSG00000111321	LTBR	0.154	0.0831289543256693	0.014764962474081543	0.09789391679975085	447.5	1	2
MV:SE:81925	MV	SE	ENSG00000111196	MAGOHB	0.238	0.37423507048640314	0.04152387123330911	0.4157589417197122	1837.6666666666667	3	3
MV:SE:82035	MV	SE	ENSG00000150961	SEC24D	0.132	0.08780350670148875	0.005500038905544628	0.09330354560703337	415.6666666666667	1	2
MV:SE:82321	MV	SE	ENSG00000139163	ETNK1	0.152	0.13466658426398456	0.0033220707509170402	0.1379886550149016	683	1	1
MV:SE:82401	MV	SE	ENSG00000007392	LUC7L	0.674	0.6821527266868597	0.04490577009775926	0.727058496784619	789.3333333333334	4	3
MV:SE:82851	MV	SE	ENSG00000151239	TWF1	0.248	0.10993282104711519	0.02113255243043797	0.13106537347755315	1260.1666666666667	1	2
MV:SE:83043	MV	SE	ENSG00000139620	KANSL2	-0.376	-0.40405681038485053	0.9300775989435561	0.5260207885587056	531	12	4
MV:SE:83317	MV	SE	ENSG00000139567	ACVRL1	-0.163	-0.13495575297699025	0.9954990364097013	0.860543283432711	862.1666666666666	11	2
MV:SE:83344	MV	SE	ENSG00000179526	SHARPIN	-0.128	-0.14555994777726577	0.915746509208387	0.7701865614311212	1216.8333333333333	2	1
MV:SE:83846	MV	SE	ENSG00000175203	DCTN2	0.067	0.04893292571577544	0.0016280571091299046	0.05056098282490534	1230.8333333333333	1	2
MV:SE:84176	MV	SE	ENSG00000124193	SRSF6	0.628	0.5107612027862573	0.010486451997982978	0.5212476547842402	173.66666666666669	3	6
MV:SE:84419	MV	SE	ENSG00000121749	TBC1D15	-0.209	-0.252812079256145	0.9403107177974435	0.6874986385412984	503.6666666666667	5	2
MV:SE:84422	MV	SE	ENSG00000121749	TBC1D15	0.137	0.07107209127472347	0.0046716744095042645	0.07574376568422773	487.3333333333333	2	6
MV:SE:84741	MV	SE	ENSG00000133641	RLIG1	-0.329	-0.305083386953133	0.8454939838968267	0.5404105969436938	1129.3333333333333	3	2
MV:SE:85129	MV	SE	ENSG00000120860	WASHC3	0.104	0.06529402191523925	0.039275607124327906	0.10456962903956715	1837.3333333333333	1	4
MV:SE:85850	MV	SE	ENSG00000022840	RNF10	-0.122	-0.09573547419823991	0.9671678066545479	0.871432332456308	949.3333333333334	7	1
MV:SE:86201	MV	SE	ENSG00000107833	NPM3	-0.179	-0.15428183807465434	0.9542220576227171	0.7999402195480627	2924.3333333333335	1	1
MV:SE:86751	MV	SE	ENSG00000161526	SAP30BP	0.168	0.1457651809231922	0.02295384274240147	0.1687190236655937	2684.3333333333335	1	4
MV:SE:88254	MV	SE	ENSG00000134901	POGLUT2	0.169	0.18104140997616863	0.012166082901159805	0.19320749287732844	385.6666666666667	1	6
MV:SE:88428	MV	SE	ENSG00000186994	KANK3	0.174	-0.021795948339982663	0.39707999171150915	0.3752840433715265	938.3333333333333	3	5
MV:SE:89359	MV	SE	ENSG00000092020	PPP2R3C	-0.116	-0.08676561320510567	0.9950645503115918	0.9082989371064861	3222.5	4	2
MV:SE:89559	MV	SE	ENSG00000185246	PRPF39	0.399	0.4963408221828726	0.04070040569221204	0.5370412278750847	230.33333333333334	4	8
MV:SE:89560	MV	SE	ENSG00000185246	PRPF39	0.407	0.1897798731518193	0.008594110588018093	0.1983739837398374	163.5	2	8
MV:SE:91106	MV	SE	ENSG00000100749	VRK1	-0.298	-0.2415071614931985	0.9925720992168886	0.7510649377236901	1204.1666666666667	3	1
MV:SE:92069	MV	SE	ENSG00000104047	DTWD1	0.282	0.17222622027707343	0.09069457946127515	0.2629207997383486	1138.5	1	5
MV:SE:92841	MV	SE	ENSG00000166946	CCNDBP1	-0.162	-0.13725185721767397	0.9905540430984109	0.8533021858807369	4859.166666666667	3	2
MV:SE:93023	MV	SE	ENSG00000141562	NARF	0.105	0.10498078503307022	0.013073981622860425	0.11805476665593065	1527.8333333333333	1	4
MV:SE:94616	MV	SE	ENSG00000064726	BTBD1	0.182	0.19666519103021857	0.016484594533595118	0.21314978556381367	414.5	2	3
MV:SE:94621	MV	SE	ENSG00000064726	BTBD1	-0.29	-0.2537108824234401	0.9865611691208243	0.7328502866973842	414.5	3	2
MV:SE:94897	MV	SE	ENSG00000157823	AP3S2	0.385	0.3061684694985136	0.05445208459831632	0.3606205540968299	988.5	1	2
MV:SE:95279	MV	SE	ENSG00000131876	SNRPA1	-0.358	-0.4397734975555766	0.9247037612604593	0.4849302637048827	3290.3333333333335	1	1
MV:SE:95351	MV	SE	ENSG00000242612	DECR2	0.2	0.035816214430559386	0.0023322782701188636	0.03814849270067825	536.3333333333334	1	4
MV:SE:95820	MV	SE	ENSG00000184014	DENND5A	-0.253	-0.1229334721137999	0.9816636308439587	0.8587301587301588	49.833333333333336	7	1
MV:SE:95869	MV	SE	ENSG00000153406	NMRAL1	0.113	0.08870019279873884	0.013598695614226414	0.10229888841296525	1378.6666666666667	3	4
MV:SE:96249	MV	SE	ENSG00000067182	TNFRSF1A	0.117	0.09028658953051404	0.019770387640787243	0.11005697717130128	838	1	4
MV:SE:96920	MV	SE	ENSG00000089280	FUS	-0.315	-0.30442114368077977	0.9938897332953024	0.6894685896145226	1282.8333333333333	2	2
MV:SE:97866	MV	SE	ENSG00000124067	SLC12A4	0.199	0.1419029013041568	0.02686904399691376	0.16877194530107056	362	1	5
MV:SE:97963	MV	SE	ENSG00000168807	SNTB2	0.195	0.080775674772319	0.025624094079811567	0.10639976885213058	504.3333333333333	1	3
MV:SE:98051	MV	SE	ENSG00000168872	DDX19A	0.18	0.20485958462358153	0.007555919783024119	0.21241550440660564	380.3333333333333	1	2
MV:SE:98174	MV	SE	ENSG00000102984	ZNF821	0.134	0.06748586301164661	0.9139956184698349	0.9814814814814815	50.833333333333336	10	2
MV:SE:98289	MV	SE	ENSG00000148187	MRRF	0.532	0.3404555264787306	0.014903770588773391	0.355359297067504	486.6666666666667	1	6
MV:SE:99193	MV	SE	ENSG00000164576	SAP30L	0.385	0.39985324504555275	0.19529967159277506	0.5951529166383278	124	1	3
MV:SE:99346	MV	SE	ENSG00000108559	NUP88	0.229	0.1701501940424473	0.0062049655220173024	0.1763551595644646	443.5	2	6
MV:SE:99520	MV	SE	ENSG00000101782	RIOK3	-0.255	-0.261670590671067	0.9933821800061247	0.7317115893350576	796.3333333333334	3	2
MV:SE:101156	MV	SE	ENSG00000100226	GTPBP1	-0.458	-0.38810575217144905	0.9252964140467198	0.5371906618752708	52.666666666666664	2	2
MV:SE:101291	MV	SE	ENSG00000168259	DNAJC7	0.164	0.1444348185734657	0.005454526557623174	0.1498893451310889	1080	1	3
MV:SE:101336	MV	SE	ENSG00000093144	ECHDC1	0.092	0.07986255252924146	0.008502457896212	0.08836501042545346	720.1666666666666	1	4
MV:SE:103214	MV	SE	ENSG00000070495	JMJD6	0.281	0.0753164359457787	0.005606336183916869	0.08092277212969558	657.3333333333334	1	2
MV:SE:103215	MV	SE	ENSG00000070495	JMJD6	0.425	0.42695546728874767	0.043186692021143364	0.47014215930989106	918	1	2
MV:SE:103602	MV	SE	ENSG00000171456	ASXL1	0.226	0.21428571428571427	0	0.21428571428571427	14.5	1	9
MV:SE:105190	MV	SE	ENSG00000141759	TXNL4A	0.052	0.08152731102796448	0.02668795671805618	0.10821526774602067	3039.1666666666665	2	2
MV:SE:105200	MV	SE	ENSG00000141759	TXNL4A	0.211	0.180335667196474	0.14390040220805342	0.3242360694045274	3039.1666666666665	2	2
MV:SE:105240	MV	SE	ENSG00000011304	PTBP1	-0.386	-0.3501012902978843	0.969236432524387	0.6191351422265027	612.3333333333334	5	2
MV:SE:105320	MV	SE	ENSG00000071626	DAZAP1	-0.224	-0.18874302952382305	0.9864735853655887	0.7977305558417657	1247.5	3	1
MV:SE:105568	MV	SE	ENSG00000160633	SAFB	-0.486	-0.34891043143521994	0.9786432226294769	0.629732791194257	250.66666666666666	4	2
MV:SE:106272	MV	SE	ENSG00000123136	DDX39A	0.269	0.22871904530215736	0.00799385445606243	0.2367128997582198	3254.8333333333335	2	2
MV:SE:106273	MV	SE	ENSG00000123136	DDX39A	0.273	0.15745941015261267	0.004098985980361363	0.16155839613297404	3100.8333333333335	1	2
MV:SE:106473	MV	SE	ENSG00000130313	PGLS	0.054	0.02296089380781618	0.001568627450980392	0.024529521258796573	747	1	2
MV:SE:106505	MV	SE	ENSG00000130309	COLGALT1	0.078	0.046546220301146975	0.0017873100983020556	0.04833353039944903	550.5	1	3
MV:SE:107004	MV	SE	ENSG00000124160	NCOA5	-0.467	-0.45518186018186024	0.9752719502719503	0.5200900900900901	103.66666666666667	2	2
MV:SE:108930	MV	SE	ENSG00000170889	RPS9	0.118	0.2586657753259255	0.013399818805794	0.2720655941317195	7805.5	3	3
MV:SE:109128	MV	SE	ENSG00000148634	HERC4	0.191	0.14468235245007494	0.0030864197530864196	0.14776877220316134	142.83333333333334	1	5
MV:SE:109322	MV	SE	ENSG00000125835	SNRPB	0.158	0.209540383335889	0.006355827347389222	0.21589621068327822	12004.166666666666	2	2
MV:SE:109624	MV	SE	ENSG00000101247	NDUFAF5	0.559	0.5971714898025641	0.12466182098759908	0.7218333107901631	1206.3333333333333	3	4
MV:SE:110179	MV	SE	ENSG00000131051	RBM39	0.457	0.4220348594237105	0.2882825928474379	0.7103174522711484	2302.3333333333335	4	5
MV:SE:110739	MV	SE	ENSG00000000419	DPM1	-0.135	-0.06460540702522088	0.9838567962508892	0.9192513892256683	881.8333333333334	6	1
MV:SE:110795	MV	SE	ENSG00000124164	VAPB	-0.331	-0.31194786586233236	0.9922205325608333	0.680272666698501	482.8333333333333	1	1
MV:SE:110976	MV	SE	ENSG00000101190	TCFL5	0.06	0.009607351712614842	0.9665831244778613	0.9761904761904762	15.166666666666666	6	2
MV:SE:110977	MV	SE	ENSG00000101190	TCFL5	0.08	0.5625	0.4375	1	3.166666666666667	2	2
MV:SE:112119	MV	SE	ENSG00000183597	TANGO2	-0.379	-0.4305946670414193	0.8368749804352758	0.40628031339385645	536.8333333333334	4	7
MV:SE:113022	MV	SE	ENSG00000196236	XPNPEP3	0.464	0.3576923076923077	0.017094017094017096	0.3747863247863248	27.833333333333332	1	6
MV:SE:113161	MV	SE	ENSG00000184182	UBE2F	-0.138	-0.12399847131173936	0.9429901890067937	0.8189917176950543	1476.6666666666667	2	1
MV:SE:113844	MV	SE	ENSG00000130066	SAT1	0.556	0.6395235882908428	0.08243368427858536	0.7219572725694281	25186.333333333332	1	1
MV:A5SS:164	MV	A5SS	ENSG00000138698	RAP1GDS1	0.189	0.08203005435487103	0.0020886286114100735	0.0841186829662811	647.1666666666666	1	5
MV:A5SS:315	MV	A5SS	ENSG00000061936	SFSWAP	-0.393	-0.12376360346067083	0.985390482328929	0.8616268788682582	48	6	2
MV:A5SS:405	MV	A5SS	ENSG00000058063	ATP11B	-0.253	-0.09148525425121168	0.9512664640324214	0.8597812097812098	68.33333333333333	3	2
MV:A5SS:465	MV	A5SS	ENSG00000168701	TMEM208	0.38	0.3902479491376535	0.053893841731470014	0.4441417908691235	1500	2	3
MV:A5SS:616	MV	A5SS	ENSG00000122566	HNRNPA2B1	0.186	0.3789704345008913	0.5588635625689979	0.9378339970698892	470	3	1
MV:A5SS:625	MV	A5SS	ENSG00000120697	ALG5	-0.295	-0.13717912876575833	0.9910081701546626	0.8538290413889043	4636.666666666667	3	1
MV:A5SS:955	MV	A5SS	ENSG00000101158	NELFCD	-0.22	-0.2409687889761859	0.9675886941190396	0.7266199051428537	1231.8333333333333	3	2
MV:A5SS:1464	MV	A5SS	ENSG00000015479	MATR3	-0.437	-0.7235411907392687	0.8471842521138296	0.12364306137456094	709	1	2
MV:A5SS:1566	MV	A5SS	ENSG00000115514	TXNDC9	0.14	0.13066297707190874	0.005053510667987176	0.13571648773989592	11426.833333333334	1	2
MV:A5SS:1720	MV	A5SS	ENSG00000105677	TMEM147	-0.063	-0.0423259010827185	0.9848721104674887	0.9425462093847702	3103.3333333333335	2	1
MV:A5SS:2144	MV	A5SS	ENSG00000082996	RNF13	0.224	0.2798935493631841	0.0523265615204613	0.3322201108836454	1221.5	1	1
MV:A5SS:2160	MV	A5SS	ENSG00000070010	UFD1	-0.358	-0.3326065261241804	0.9904176709944732	0.6578111448702928	8451.833333333334	1	1
MV:A5SS:2193	MV	A5SS	ENSG00000116001	TIA1	0.128	0.08076334225694703	0.004385923822906375	0.08514926607985342	592	1	9
MV:A5SS:2281	MV	A5SS	ENSG00000095059	DHPS	0.072	0.0461110251245933	0.0010500765719553356	0.047161101696548635	903.5	1	4
MV:A5SS:2328	MV	A5SS	ENSG00000175193	PARL	0.4	0.31349229237613196	0.02304929076960654	0.3365415831457385	2270.8333333333335	2	4
MV:A5SS:2338	MV	A5SS	ENSG00000165410	CFL2	-0.122	-0.20107249536264826	0.9684840645715809	0.7674115692089326	7287.666666666667	3	1
MV:A5SS:2409	MV	A5SS	ENSG00000168522	FNTA	0.096	0.07595938463186354	0.02184182246771896	0.0978012070995825	4538	3	3
MV:A5SS:2432	MV	A5SS	ENSG00000136271	DDX56	0.088	0.06969307678783788	0.004776966954443985	0.07447004374228187	1332.8333333333333	1	3
MV:A5SS:2433	MV	A5SS	ENSG00000136271	DDX56	0.215	0.19386437818019622	0.025948991562129042	0.21981336974232527	1332.8333333333333	1	3
MV:A5SS:2491	MV	A5SS	ENSG00000187231	SESTD1	0.088	0.03649986490295453	0.004331008176005316	0.04083087307895985	393.6666666666667	1	10
MV:A5SS:2734	MV	A5SS	ENSG00000171960	PPIH	0.102	0.09170114044556417	0.015958848428783673	0.10765998887434784	455.6666666666667	3	12
MV:A5SS:2847	MV	A5SS	ENSG00000086189	DIMT1	0.08	0.04895771124930304	0.001165286970386736	0.050122998219689775	2995	1	3
MV:A5SS:2968	MV	A5SS	ENSG00000144029	MRPS5	-0.226	-0.2956869879014342	0.9868300697534063	0.691143081851972	1360.8333333333333	2	2
MV:A5SS:3044	MV	A5SS	ENSG00000142910	TINAGL1	-0.121	-0.07122191912284759	0.9691866429653352	0.8979647238424876	6159.333333333333	7	2
MV:A5SS:3211	MV	A5SS	ENSG00000196655	TRAPPC4	0.092	0.098066358726926	0.011384020695061127	0.10945037942198713	3841	1	1
MV:A5SS:3229	MV	A5SS	ENSG00000174720	LARP7	-0.261	-0.17222615106578731	0.9703307962529274	0.7981046451871401	571.3333333333334	7	2
MV:A5SS:3562	MV	A5SS	ENSG00000143436	MRPL9	0.076	0.0770689610321024	0.003340140991722891	0.08040910202382529	2749	1	3
MV:A5SS:3581	MV	A5SS	ENSG00000163516	ANKZF1	-0.414	-0.410071549562825	0.9819825153434768	0.5719109657806518	136.83333333333334	7	3
MV:A5SS:3847	MV	A5SS	ENSG00000003509	NDUFAF7	-0.602	-0.5874821759592987	0.8504068810243361	0.2629247050650374	263.3333333333333	1	3
MV:A5SS:4038	MV	A5SS	ENSG00000102317	RBM3	0.061	0.10433533575547903	0.0023192009192142845	0.10665453667469331	12463.833333333334	2	3
MV:A5SS:4077	MV	A5SS	ENSG00000117226	GBP3	0.122	0.08780942440173513	0.018456727408537838	0.10626615181027296	457.8333333333333	2	9
MV:A5SS:4118	MV	A5SS	ENSG00000155906	RMND1	0.207	0.19900391328095138	0.04278676644787268	0.24179067972882407	429.6666666666667	3	5
MV:A5SS:4249	MV	A5SS	ENSG00000163743	RCHY1	0.128	0.11091952779615831	0.007149624219594642	0.11806915201575295	1601.5	1	3
MV:A5SS:4363	MV	A5SS	ENSG00000090621	PABPC4	0.342	0.11731876776124564	0.0029498525073746312	0.12026862026862027	147	1	7
MV:A5SS:4492	MV	A5SS	ENSG00000148335	NTMT1	-0.371	-0.41484810669619154	0.9627937593201448	0.5479456526239532	1856	3	3
MV:A5SS:4829	MV	A5SS	ENSG00000182240	BACE2	-0.278	-0.2489247784215155	0.9583461445099265	0.709421366088411	2197.1666666666665	2	2
MV:A5SS:5037	MV	A5SS	ENSG00000115042	FAHD2A	-0.206	-0.06541037295604801	0.9993394980184941	0.9339291250624461	1017.6666666666666	7	1
MV:A5SS:5056	MV	A5SS	ENSG00000183696	UPP1	-0.336	0.050154713789214656	0.22741460594768315	0.2775693197368978	1914	1	2
MV:A5SS:5067	MV	A5SS	ENSG00000115524	SF3B1	0.158	0.18400716563123265	0.003184723368402699	0.18719188899963535	903.6666666666666	1	3
MV:A5SS:5072	MV	A5SS	ENSG00000169251	NMD3	-0.119	-0.07802228177899984	0.997902993816854	0.9198807120378542	2301	4	1
MV:A5SS:5075	MV	A5SS	ENSG00000162971	TYW5	-0.284	-0.46509045467926474	0.5351017684351017	0.07001131375583698	1569.5	1	4
MV:A5SS:5119	MV	A5SS	ENSG00000146223	RPL7L1	0.066	0.04236506552460387	0.04151392863003667	0.08387899415464053	1462.1666666666667	1	2
MV:A5SS:5157	MV	A5SS	ENSG00000198925	ATG9A	-0.139	-0.09073094006204374	1	0.9092690599379563	188	4	1
MV:A5SS:5222	MV	A5SS	ENSG00000132323	ILKAP	0.515	0.5278930933650816	0.03547929859696571	0.5633723919620474	1030.1666666666667	3	3
MV:A5SS:5532	MV	A5SS	ENSG00000092094	OSGEP	0.154	0.13146085011456604	0.0036076790459837684	0.13506852916054982	799.3333333333334	3	3
MV:A5SS:5727	MV	A5SS	ENSG00000075089	ACTR6	0.182	0.21049351705231872	0.0385304385155333	0.24902395556785203	972.5	1	2
MV:A5SS:5765	MV	A5SS	ENSG00000033011	ALG1	0.207	0.19055766135123656	0.004976524927356926	0.19553418627859348	947	1	3
MV:A5SS:6542	MV	A5SS	ENSG00000107521	HPS1	0.196	0.09600636020474497	0.00713018928756178	0.10313654949230674	507.1666666666667	1	6
MV:A5SS:6759	MV	A5SS	ENSG00000166311	SMPD1	0.068	0.06082734966591121	0.004599527716942882	0.06542687738285409	1823.5	1	3
MV:A5SS:7002	MV	A5SS	ENSG00000162300	ZFPL1	-0.233	-0.11213641876694358	0.992531926398466	0.8803955076315224	1237.1666666666667	4	1
MV:A5SS:7062	MV	A5SS	ENSG00000197345	MRPL21	0.155	0.1793914132035654	0.09580766323710695	0.2751990764406723	1963.3333333333335	2	6
MV:A5SS:7385	MV	A5SS	ENSG00000111247	RAD51AP1	0.296	0.2604614707585725	0.037541879298542795	0.2980033500571153	363.3333333333333	3	5
MV:A5SS:7499	MV	A5SS	ENSG00000151746	BICD1	-0.427	-0.6694569300588453	0.7399626517273576	0.07050572166851236	18.5	1	1
MV:A5SS:7691	MV	A5SS	ENSG00000184575	XPOT	-0.121	-0.12592592592592589	1	0.8740740740740741	13.666666666666666	9	1
MV:A5SS:7730	MV	A5SS	ENSG00000103266	STUB1	0.061	0.06081786297470573	0.011721919190093353	0.07253978216479909	3435.6666666666665	1	2
MV:A5SS:7800	MV	A5SS	ENSG00000177082	WDR73	0.229	0.3785709245329669	0.05698861300606865	0.4355595375390356	320.6666666666667	2	3
MV:A5SS:7837	MV	A5SS	ENSG00000178127	NDUFV2	0.063	0.054282558925803935	0.011276695547546256	0.06555925447335019	14842.5	1	1
MV:A5SS:7844	MV	A5SS	ENSG00000110801	PSMD9	0.086	0.06615996860299773	0.001970300000860711	0.06813026860385844	3216.3333333333335	1	2
MV:A5SS:7899	MV	A5SS	ENSG00000182944	EWSR1	-0.2	-0.27300933116879855	0.9899894415985045	0.716980110429706	4644.666666666667	2	1
MV:A5SS:8077	MV	A5SS	ENSG00000254505	CHMP4A	0.154	0.09106749416268926	0.00290637961483692	0.09397387377752618	1908.1666666666667	1	3
MV:A5SS:8170	MV	A5SS	ENSG00000160193	WDR4	-0.397	-0.477322876301327	0.9699584760239011	0.49263559972257404	550.6666666666666	7	3
MV:A5SS:9001	MV	A5SS	ENSG00000140939	NOL3	0.148	2.776968315535422e-4	0.9613504767262087	0.9616281735577622	213.66666666666666	3	1
MV:A5SS:9087	MV	A5SS	ENSG00000167699	GLOD4	0.126	0.1022874138463756	0.005678030335499292	0.1079654441818749	2281.5	1	1
MV:A5SS:9165	MV	A5SS	ENSG00000178999	AURKB	-0.343	-0.3501847560479705	0.9910364421568468	0.6408516861088763	451.3333333333333	10	3
MV:A5SS:9270	MV	A5SS	ENSG00000149564	ESAM	0.202	0.17498878745126983	0.19702992667816083	0.37201871412943066	4975.666666666667	7	12
MV:A5SS:9499	MV	A5SS	ENSG00000125458	NT5C	0.323	0.34000030632615896	0.15627750761058562	0.4962778139367446	754.1666666666666	4	4
MV:A5SS:9658	MV	A5SS	ENSG00000099817	POLR2E	-0.083	-0.06896177350635957	0.9945981093047968	0.9256363357984372	8786.166666666666	2	1
MV:A5SS:9829	MV	A5SS	ENSG00000140416	TPM1	0.408	0.4042689674026359	0.011610014364212398	0.4158789817668483	685.5	1	2
MV:A5SS:9947	MV	A5SS	ENSG00000104859	CLASRP	0.375	0.48705266155065674	0.28246279065951196	0.7695154522101687	140.66666666666666	8	1
MV:A5SS:10078	MV	A5SS	ENSG00000100209	HSCB	0.309	0.21169990910695863	0.28477429000803556	0.4964741991149942	1365.3333333333333	2	3
MV:A5SS:10106	MV	A5SS	ENSG00000125779	PANK2	-0.526	-0.5905695125690855	0.7330982305490502	0.14252871797996466	1529.5	1	3
MV:A5SS:10141	MV	A5SS	ENSG00000101294	HM13	0.07	0.033019741364961636	3.1750527562254724e-4	0.033337246640584184	3663.8333333333335	1	2
MV:A5SS:10235	MV	A5SS	ENSG00000000419	DPM1	-0.203	-0.06460540702522088	0.9838567962508892	0.9192513892256683	881.8333333333334	6	1
MV:A5SS:10465	MV	A5SS	ENSG00000165195	PIGA	-0.542	-0.6410135276389062	0.8550337029789085	0.21402017534000226	189.5	1	1
MV:A5SS:10576	MV	A5SS	ENSG00000101901	ALG13	0.12	0.1327419856831622	0.3992445463033698	0.531986531986532	53.833333333333336	8	8
MV:A3SS:169	MV	A3SS	ENSG00000148334	PTGES2	0.052	0.023617892181364467	0.003420537840416874	0.02703843002178134	1398.1666666666667	1	2
MV:A3SS:495	MV	A3SS	ENSG00000155096	AZIN1	0.16	0.13554578146765242	0.01173804558027481	0.14728382704792722	1988	2	3
MV:A3SS:680	MV	A3SS	ENSG00000104756	KCTD9	0.313	0.27670496378470294	0.06771931646558917	0.3444242802502921	274.1666666666667	2	5
MV:A3SS:815	MV	A3SS	ENSG00000123240	OPTN	0.066	0.034167550869439366	0.002567652342949487	0.03673520321238885	1768.8333333333333	1	4
MV:A3SS:871	MV	A3SS	ENSG00000106348	IMPDH1	0.12	0.07412587469574239	0.002373324781921142	0.07649919947766352	710.1666666666666	1	6
MV:A3SS:900	MV	A3SS	ENSG00000198898	CAPZA2	0.063	0.05541747709978053	0.008078065174699703	0.06349554227448023	25866.833333333332	1	1
MV:A3SS:1036	MV	A3SS	ENSG00000135164	DMTF1	0.282	0.20650721209931738	0.039954428112322846	0.24646164021164021	51.333333333333336	3	10
MV:A3SS:1037	MV	A3SS	ENSG00000135164	DMTF1	0.282	0.3720165307170693	0.026676279740447006	0.3986928104575163	58.166666666666664	2	10
MV:A3SS:1183	MV	A3SS	ENSG00000179335	CLK3	-0.519	-0.4664087565790776	0.956995900851457	0.4905871442723794	959.5	2	1
MV:A3SS:1216	MV	A3SS	ENSG00000119953	SMNDC1	0.287	0.3065891893754226	0.015020242468367695	0.3216094318437903	598.3333333333334	2	5
MV:A3SS:1225	MV	A3SS	ENSG00000136261	BZW2	-0.168	-0.11596902896538286	0.9939668193197186	0.8779977903543358	1088.1666666666667	3	1
MV:A3SS:1511	MV	A3SS	ENSG00000130717	UCK1	-0.137	-0.08442867862591052	0.9876115096169542	0.9031828309910437	666.3333333333334	5	1
MV:A3SS:1641	MV	A3SS	ENSG00000112511	PHF1	-0.3	-0.3253985634375538	0.6717082669183756	0.3463097034808218	120	6	5
MV:A3SS:1669	MV	A3SS	ENSG00000151694	ADAM17	0.154	0.18667404267952964	0.0042041298908411006	0.19087817257037074	347.1666666666667	1	4
MV:A3SS:1673	MV	A3SS	ENSG00000109736	MFSD10	-0.18	-0.09714033926257881	0.9944298670102906	0.8972895277477118	773.5	4	1
MV:A3SS:1709	MV	A3SS	ENSG00000204386	NEU1	-0.079	-0.08400990934708252	0.9934434647843675	0.909433555437285	2893.1666666666665	2	1
MV:A3SS:1743	MV	A3SS	ENSG00000137312	FLOT1	-0.482	-0.25597244990609747	0.9765724676087457	0.7206000177026483	2203	3	1
MV:A3SS:1751	MV	A3SS	ENSG00000166471	TMEM41B	0.206	0.18776362149880943	0.008225108225108226	0.19598872972391765	436.8333333333333	2	7
MV:A3SS:1996	MV	A3SS	ENSG00000204348	DXO	-0.517	-0.6007872989491815	0.9477018935136379	0.3469145945644564	283.3333333333333	4	4
MV:A3SS:2099	MV	A3SS	ENSG00000178694	NSUN3	-0.206	-0.19300998011911563	0.952865204260054	0.7598552241409384	244.33333333333334	4	1
MV:A3SS:2111	MV	A3SS	ENSG00000103042	SLC38A7	0.114	0.04766289134648406	0.002666666666666667	0.05032955801315073	193.16666666666666	1	5
MV:A3SS:2172	MV	A3SS	ENSG00000065485	PDIA5	-0.2	-0.19086124629212164	0.9930957956921938	0.8022345494000721	3705.6666666666665	3	2
MV:A3SS:2942	MV	A3SS	ENSG00000107959	PITRM1	0.096	0.03492743938711626	0.0012099213551119178	0.036137360742228175	368.1666666666667	1	8
MV:A3SS:2947	MV	A3SS	ENSG00000107959	PITRM1	-0.118	-0.06656162406549393	0.993444453496867	0.9268828294313731	332.1666666666667	5	1
MV:A3SS:2952	MV	A3SS	ENSG00000115211	EIF2B4	-0.275	-0.17285526501097892	0.9943433881290993	0.8214881231181204	1125.6666666666667	3	1
MV:A3SS:3287	MV	A3SS	ENSG00000101166	PRELID3B	0.097	0.05714077192507405	0.029685764464656445	0.0868265363897305	2785.6666666666665	1	3
MV:A3SS:3594	MV	A3SS	ENSG00000106244	PDAP1	0.059	0.029505855871365425	0.0015757326673359595	0.031081588538701386	2189	1	1
MV:A3SS:3617	MV	A3SS	ENSG00000108654	DDX5	0.132	0.08897117902516431	0.008371761732395885	0.0973429407575602	5355.333333333333	1	1
MV:A3SS:3618	MV	A3SS	ENSG00000108654	DDX5	0.142	0.0772965764081977	0.00654888449059834	0.08384546089879605	5322.666666666667	1	1
MV:A3SS:3682	MV	A3SS	ENSG00000169490	TM2D2	0.212	0.19160865331538648	0.06497537224759783	0.2565840255629843	4563	1	1
MV:A3SS:3727	MV	A3SS	ENSG00000162302	RPS6KA4	-0.256	-0.17081071343385246	0.9907566228320945	0.8199459093982421	109.66666666666667	8	1
MV:A3SS:3747	MV	A3SS	ENSG00000117682	DHDDS	0.239	0.14937831116024647	0.0051710046523324536	0.1545493158125789	509.3333333333333	2	9
MV:A3SS:3818	MV	A3SS	ENSG00000196290	NIF3L1	0.385	-0.0010827565118494368	0.01005125619242342	0.008968499680573984	285.1666666666667	1	2
MV:A3SS:3909	MV	A3SS	ENSG00000141580	WDR45B	-0.141	-0.10650694276438621	0.9500810093773328	0.8435740666129465	786	3	1
MV:A3SS:3950	MV	A3SS	ENSG00000113812	ACTR8	0.157	0.12514023240615943	0.006252698093045723	0.13139293049920514	446.8333333333333	1	5
MV:A3SS:4092	MV	A3SS	ENSG00000141013	GAS8	0.33	0.2614228888655198	0.03891061375045068	0.30033350261597047	109.16666666666667	3	5
MV:A3SS:4148	MV	A3SS	ENSG00000167291	TBC1D16	0.476	0.47619047619047616	0	0.47619047619047616	5.166666666666667	7	3
MV:A3SS:4269	MV	A3SS	ENSG00000018189	RUFY3	0.38	0.24339566118635886	0.02355921855921856	0.2669548797455774	58.666666666666664	4	6
MV:A3SS:4393	MV	A3SS	ENSG00000133731	IMPA1	-0.105	-0.08282197942430924	0.997588177177905	0.9147661977535958	786.1666666666666	4	1
MV:A3SS:4656	MV	A3SS	ENSG00000185090	MANEAL	0.5	0.013888888888888895	0.4444444444444444	0.4583333333333333	3	4	2
MV:A3SS:4670	MV	A3SS	ENSG00000160058	BSDC1	-0.087	-0.10029851893465658	0.9911946795009128	0.8908961605662562	428.3333333333333	4	1
MV:A3SS:4671	MV	A3SS	ENSG00000160058	BSDC1	-0.193	-0.42685654474199963	0.9027454079943795	0.4758888632523799	63.5	2	1
MV:A3SS:4695	MV	A3SS	ENSG00000144029	MRPS5	-0.232	-0.13985485083521876	0.990616591676855	0.8507617408416362	1360.8333333333333	2	2
MV:A3SS:4918	MV	A3SS	ENSG00000168883	USP39	0.16	0.12742401519151203	0.0215583591790012	0.14898237437051323	1190	2	7
MV:A3SS:5602	MV	A3SS	ENSG00000028310	BRD9	0.301	0.14970530456710976	0.0033003300330033004	0.15300563460011307	104.83333333333333	1	5
MV:A3SS:5860	MV	A3SS	ENSG00000101347	SAMHD1	0.221	0.11177806051943374	9.707871808702658e-4	0.11274884770030401	367.6666666666667	1	8
MV:A3SS:5937	MV	A3SS	ENSG00000087077	TRIP6	-0.11	-0.1449022765718071	0.9916500853301844	0.8467478087583773	1688.6666666666667	1	1
MV:A3SS:6163	MV	A3SS	ENSG00000168894	RNF181	-0.087	-0.030456680826183358	0.9867063492063493	0.9562496683801659	896.3333333333334	1	1
MV:A3SS:6335	MV	A3SS	ENSG00000168374	ARF4	0.072	0.04168350729011569	0.0033838976272454304	0.04506740491736112	14937.5	1	1
MV:A3SS:6526	MV	A3SS	ENSG00000164548	TRA2A	0.123	0.051031370616522034	0.0028116980780068497	0.05384306869452889	794	2	1
MV:A3SS:6572	MV	A3SS	ENSG00000196923	PDLIM7	0.131	0.07045963909596151	0.002665271321651039	0.07312491041761254	2722.6666666666665	1	1
MV:A3SS:7024	MV	A3SS	ENSG00000115307	AUP1	0.114	0.08981597908595948	0.021799338749941423	0.11161531783590091	3099.3333333333335	1	2
MV:A3SS:7434	MV	A3SS	ENSG00000176261	ZBTB8OS	0.205	0.263804022548385	0.17848583605629859	0.44228985860468356	261	2	2
MV:A3SS:7436	MV	A3SS	ENSG00000119912	IDE	0.114	0.14305750350631136	0	0.14305750350631136	99.16666666666667	1	6
MV:A3SS:7517	MV	A3SS	ENSG00000015153	YAF2	0.457	0.5214123369717248	0.10519480519480519	0.62660714216653	229.16666666666669	3	3
MV:A3SS:7903	MV	A3SS	ENSG00000087157	PGS1	-0.36	-0.411458316853367	0.8735234715717987	0.4620651547184317	378.3333333333333	4	2
MV:A3SS:7980	MV	A3SS	ENSG00000117543	DPH5	-0.161	-0.26203235888316156	0.9681911784348217	0.7061588195516602	938.1666666666666	5	2
MV:A3SS:8059	MV	A3SS	ENSG00000131370	SH3BP5	0.068	0.08884838901344433	0.0032651539362948756	0.09211354294973921	373	1	4
MV:A3SS:8495	MV	A3SS	ENSG00000163608	NEPRO	-0.12	-0.15864325763779052	0.9452518700327256	0.7866086123949351	200.5	5	2
MV:A3SS:8503	MV	A3SS	ENSG00000139370	SLC15A4	-0.339	-0.272673974814877	0.9509362432439356	0.6782622684290586	125.5	2	2
MV:A3SS:8508	MV	A3SS	ENSG00000163389	POGLUT1	0.225	0.09034555774960701	0.0032001938843799144	0.09354575163398693	469.3333333333333	1	4
MV:A3SS:8657	MV	A3SS	ENSG00000119402	FBXW2	-0.31	-0.34561866321960777	0.8491239077814741	0.5035052445618663	511.8333333333333	3	3
MV:A3SS:8968	MV	A3SS	ENSG00000062485	CS	-0.074	-0.06177934701789223	0.9975993534521963	0.9358200064343041	1052	2	1
MV:A3SS:9032	MV	A3SS	ENSG00000136877	FPGS	-0.157	-0.06325289595606809	0.9986172382755374	0.9353643423194693	864.5	6	1
MV:A3SS:9192	MV	A3SS	ENSG00000140983	RHOT2	-0.102	-0.09017397428237017	0.9779330917366058	0.8877591174542356	631.3333333333334	8	1
MV:A3SS:9250	MV	A3SS	ENSG00000284770	TBCE	0.085	0.0602810442138768	0.0029084909084909085	0.0631895351223677	619.5	2	5
MV:A3SS:9499	MV	A3SS	ENSG00000182979	MTA1	-0.196	-0.21083123251756064	0.945337845794032	0.7345066132764714	164.5	6	2
MV:A3SS:9661	MV	A3SS	ENSG00000095485	CWF19L1	-0.263	-0.24337512266802264	0.9962479763802418	0.7528728537122191	252.33333333333334	10	3
MV:A3SS:9801	MV	A3SS	ENSG00000196954	CASP4	0.12	0.11706453085866744	0.005928077370725366	0.12299260822939281	5570.166666666667	1	2
MV:A3SS:9907	MV	A3SS	ENSG00000174775	HRAS	0.146	0.10161483381822001	0.8876899589063999	0.9893047927246199	293.1666666666667	4	1
MV:A3SS:10203	MV	A3SS	ENSG00000213593	TMX2	0.178	0.14376435933589254	0.020588429807649074	0.16435278914354162	1654.1666666666667	1	1
MV:A3SS:10277	MV	A3SS	ENSG00000104946	TBC1D17	0.196	0.22714678867295424	0.08197032890140754	0.3091171175743618	370.3333333333333	2	2
MV:A3SS:10414	MV	A3SS	ENSG00000173653	RCE1	-0.202	-0.2796604036064424	0.8671383468873923	0.5874779432809499	801.5	3	2
MV:A3SS:10493	MV	A3SS	ENSG00000175575	PAAF1	-0.298	-0.22686305378995641	0.9900048513128633	0.7631417975229069	938	3	1
MV:A3SS:11236	MV	A3SS	ENSG00000129467	ADCY4	0.351	0.3838386047004442	0.029099842106798016	0.4129384468072422	233.66666666666666	4	7
MV:A3SS:11288	MV	A3SS	ENSG00000182199	SHMT2	0.169	0.18132070634732178	0.029421956988671217	0.210742663335993	1307.3333333333333	3	5
MV:A3SS:11427	MV	A3SS	ENSG00000186908	ZDHHC17	-0.291	-0.2937275140833039	0.965118417181524	0.6713909030982201	97.83333333333333	15	7
MV:A3SS:11515	MV	A3SS	ENSG00000110906	KCTD10	0.083	0.05831781135590712	0.0013416755798960436	0.05965948693580316	630.1666666666666	1	1
MV:A3SS:11648	MV	A3SS	ENSG00000122008	POLK	-0.278	-0.2278433288335252	0.987742718446602	0.7598993896130768	190.5	5	1
MV:A3SS:11697	MV	A3SS	ENSG00000161526	SAP30BP	0.059	0.1457651809231922	0.02295384274240147	0.1687190236655937	2684.3333333333335	1	4
MV:A3SS:11727	MV	A3SS	ENSG00000120699	EXOSC8	-0.153	-0.15804136188873752	0.9877019501181965	0.829660588229459	4335	4	2
MV:A3SS:11921	MV	A3SS	ENSG00000213995	NAXD	-0.063	-0.04987807758649687	0.05837299552475477	0.008494917938257898	384.5	1	7
MV:A3SS:11967	MV	A3SS	ENSG00000165792	METTL17	0.426	0.4193858718447404	0.11565732084462922	0.5350431926893696	264.8333333333333	8	7
MV:A3SS:12021	MV	A3SS	ENSG00000100908	EMC9	0.569	0.6510721286430686	0.11336145984663605	0.7644335884897047	822.5	4	2
MV:A3SS:12022	MV	A3SS	ENSG00000100908	EMC9	0.498	0.2529285108517142	0.016629374054946244	0.26955788490666044	392	2	2
MV:A3SS:12183	MV	A3SS	ENSG00000102710	SUPT20H	0.336	0.29639804639804646	0.5726495726495726	0.8690476190476191	89.5	4	1
MV:A3SS:12650	MV	A3SS	ENSG00000128915	ICE2	-0.202	-0.19854998554018105	0.6001876008560926	0.4016376153159115	298.5	3	5
MV:A3SS:12827	MV	A3SS	ENSG00000120533	ENY2	-0.057	-0.07284106794020506	0.963360903889555	0.8905198359493499	2415.5	3	1
MV:A3SS:12875	MV	A3SS	ENSG00000182511	FES	0.195	0.11129163322060448	0.00475436413678694	0.11604599735739142	274.8333333333333	3	17
MV:A3SS:12918	MV	A3SS	ENSG00000130731	METTL26	0.107	0.08529678240503498	0.09653911184688695	0.18183589425192193	609.5	1	2
MV:A3SS:12989	MV	A3SS	ENSG00000085644	ZNF213	0.448	0.40438525692762983	0.03053537799300511	0.43492063492063493	44.333333333333336	6	10
MV:A3SS:13048	MV	A3SS	ENSG00000067182	TNFRSF1A	0.07	0.09028658953051404	0.019770387640787243	0.11005697717130128	838	1	4
MV:A3SS:13055	MV	A3SS	ENSG00000239382	ALKBH6	0.203	0.130112962267435	0.06364503024288887	0.19375799251032386	454.8333333333333	2	6
MV:A3SS:13091	MV	A3SS	ENSG00000181929	PRKAG1	0.071	0.08140607124867813	0.011364540595800983	0.09277061184447911	2927	1	2
MV:A3SS:13113	MV	A3SS	ENSG00000261740	BOLA2-SMG1P6	0.193	0.17653330801739098	0.5092790217069172	0.6858123297243082	3513.5	2	2
MV:A3SS:13148	MV	A3SS	ENSG00000103496	STX4	0.085	0.06722491001287834	0.044040592334976654	0.111265502347855	669.1666666666666	1	4
MV:A3SS:13170	MV	A3SS	ENSG00000141030	COPS3	0.154	0.10026598920931926	0.006898850160478306	0.10716483936979757	3181.3333333333335	1	4
MV:A3SS:13203	MV	A3SS	ENSG00000125124	BBS2	0.13	0.06264578583136872	0.0010351966873706005	0.06368098251873933	297	2	6
MV:A3SS:13204	MV	A3SS	ENSG00000125124	BBS2	0.105	0.032277121374865735	0.0011695906432748538	0.03344671201814059	293.3333333333333	1	6
MV:A3SS:13328	MV	A3SS	ENSG00000132604	TERF2	0.181	0.10145757020757021	0	0.10145757020757021	42	2	9
MV:A3SS:13560	MV	A3SS	ENSG00000178999	AURKB	-0.643	-0.7379770544056191	0.8982308921825051	0.16025383777688598	106.83333333333333	3	3
MV:A3SS:13697	MV	A3SS	ENSG00000163584	RPL22L1	0.12	0.269676712607023	0.22231836105528155	0.49199507366230455	174.5	7	3
MV:A3SS:13915	MV	A3SS	ENSG00000121073	SLC35B1	-0.297	-0.3344608801870246	0.7313092193741704	0.3968483391871458	2175.8333333333335	2	2
MV:A3SS:14017	MV	A3SS	ENSG00000138448	ITGAV	0.062	0.01202600480206259	0.04296838352565907	0.05499438832772166	83	1	10
MV:A3SS:14105	MV	A3SS	ENSG00000141551	CSNK1D	-0.103	-0.061343238946058976	0.9964225173835645	0.9350792784375055	1882.5	3	1
MV:A3SS:14230	MV	A3SS	ENSG00000124784	RIOK1	0.167	0.20883652136071837	0.037213336718287214	0.2460498580790056	330.5	1	2
MV:A3SS:14306	MV	A3SS	ENSG00000100124	ANKRD54	-0.212	-0.037757846463220446	0.9975031210986267	0.9597452746354063	340.6666666666667	2	1
MV:A3SS:14341	MV	A3SS	ENSG00000099625	CBARP	-0.364	-0.746031746031746	1	0.25396825396825395	3.6666666666666665	6	7
MV:A3SS:14434	MV	A3SS	ENSG00000141994	DUS3L	0.317	0.29202910964761664	0.03780642015936134	0.32983552980697795	294.6666666666667	1	2
MV:A3SS:14523	MV	A3SS	ENSG00000179262	RAD23A	-0.105	-0.08022634293114472	0.9962392344195469	0.9160128914884021	1988.1666666666667	2	2
MV:A3SS:14655	MV	A3SS	ENSG00000105726	ATP13A1	-0.292	-0.3652791967411029	0.9902434705621956	0.6249642738210928	228	2	1
MV:A3SS:14872	MV	A3SS	ENSG00000011478	QPCTL	-0.328	-0.0714285714285714	1	0.9285714285714286	4.333333333333333	9	1
MV:A3SS:15021	MV	A3SS	ENSG00000170889	RPS9	0.052	0.2586657753259255	0.013399818805794	0.2720655941317195	7805.5	3	3
MV:A3SS:15086	MV	A3SS	ENSG00000125835	SNRPB	0.071	0.209540383335889	0.006355827347389222	0.21589621068327822	12004.166666666666	2	2
MV:A3SS:15368	MV	A3SS	ENSG00000116815	CD58	0.15	0.22684293393120247	0.07328835231949483	0.3001312862506973	3822.8333333333335	1	1
MV:A3SS:15419	MV	A3SS	ENSG00000205758	CRYZL1	0.289	0.28143085343796287	0.012633181166085625	0.2940640346040485	2585.3333333333335	2	5
MV:A3SS:15566	MV	A3SS	ENSG00000183963	SMTN	0.104	0.10512484344485479	0.004816171974190842	0.10994101541904563	605	1	6
AT:SE:1383	AT	SE	ENSG00000134905	CARS2	0.184	0.09927127366761512	0.009835591689250226	0.10910686535686535	337.3333333333333	1	3
AT:SE:4685	AT	SE	ENSG00000169045	HNRNPH1	-0.608	-0.4807388184497379	0.9624992724521274	0.4817604540023895	117.83333333333334	7	4
AT:SE:7229	AT	SE	ENSG00000132254	ARFIP2	0.179	0.16201659776029195	0.0068537977738417615	0.16887039553413372	934.6666666666666	2	5
AT:SE:9824	AT	SE	ENSG00000189091	SF3B3	0.455	0.3689367927155638	0.024477151153047622	0.3934139438686114	379.1666666666667	1	1
AT:SE:14694	AT	SE	ENSG00000204256	BRD2	0.174	0.2438387652494621	0.1039640340298986	0.3478027992793607	855	2	4
AT:SE:15082	AT	SE	ENSG00000137312	FLOT1	-0.245	-0.2620068633802479	0.9357452003181417	0.6737383369378938	1954	2	1
AT:SE:23122	AT	SE	ENSG00000163660	CCNL1	0.412	0.5851015222443794	0.16455466455466455	0.7496561867990439	152.83333333333334	2	2
AT:SE:23124	AT	SE	ENSG00000163660	CCNL1	0.408	0.5728933840685797	0.3142602835526734	0.8871536676212531	318.8333333333333	6	2
AT:SE:26282	AT	SE	ENSG00000004864	SLC25A13	-0.244	-0.2167084081330668	0.8945497749736784	0.6778413668406116	272	7	1
AT:SE:26669	AT	SE	ENSG00000075292	ZNF638	-0.452	-0.570824706882286	0.8911956335982226	0.32037092671593664	122.33333333333333	3	4
AT:SE:26756	AT	SE	ENSG00000165119	HNRNPK	-0.06	-0.06211141831489686	0.9946858661982293	0.9325744478833324	9747	5	2
AT:SE:27100	AT	SE	ENSG00000131389	SLC6A6	-0.199	-0.15982751361380654	0.9774974125399368	0.8176698989261303	145.5	1	1
AT:SE:33703	AT	SE	ENSG00000163444	TMEM183A	0.254	0.12979877799098172	0.011827630176497973	0.14162640816747968	2117.3333333333335	1	3
AT:SE:34063	AT	SE	ENSG00000117625	RCOR3	0.442	0.47173648277854296	0.038135896562862856	0.5098723793414058	101.66666666666667	3	4
AT:SE:39513	AT	SE	ENSG00000162736	NCSTN	0.09	0.061361478000603126	0.002727951205702962	0.06408942920630609	899.1666666666666	1	2
AT:SE:41354	AT	SE	ENSG00000133226	SRRM1	0.169	0.11232497887844706	0.009619060276955013	0.12194403915540207	496.1666666666667	3	10
AT:SE:41661	AT	SE	ENSG00000151552	QDPR	-0.248	-0.21328184660650917	0.8846406117642394	0.6713587651577302	999.6666666666666	2	1
AT:SE:41878	AT	SE	ENSG00000117448	AKR1A1	-0.102	-0.0912259519168841	0.9624795859751386	0.8712536340582545	3184.8333333333335	3	2
AT:SE:48011	AT	SE	ENSG00000135829	DHX9	0.563	0.4658513562967353	0.027118115524851275	0.49296947182158657	196.66666666666666	1	2
AT:SE:54759	AT	SE	ENSG00000102317	RBM3	0.134	0.12436670068833894	0.004522419828160812	0.12888912051649976	1724.1666666666667	2	3
AT:SE:54855	AT	SE	ENSG00000121858	TNFSF10	-0.169	-0.1859962464647128	0.97623463758811	0.7902383911233972	779	2	1
AT:SE:56438	AT	SE	ENSG00000164548	TRA2A	0.252	0.06664659779527433	0.005206785853700073	0.07185338364897441	262.5	1	1
AT:SE:58456	AT	SE	ENSG00000177479	ARIH2	0.318	0.3084191955272122	0.12725463412441904	0.4356738296516312	505	2	2
AT:SE:58500	AT	SE	ENSG00000138050	THUMPD2	0.387	0.4311693006478696	0.2712456508076946	0.7024149514555642	320.5	5	5
AT:SE:58789	AT	SE	ENSG00000005486	RHBDD2	0.373	0.3515821513696848	0.2739933620115475	0.6255755133812323	2395	1	1
AT:SE:64398	AT	SE	ENSG00000143889	HNRNPLL	0.198	0.1538094963321059	0.026065908666222572	0.17987540499832846	892.3333333333334	3	3
AT:SE:64560	AT	SE	ENSG00000152128	TMEM163	-0.183	-0.16830386293518262	0.9748892985099291	0.8065854355747465	866.6666666666666	8	3
AT:SE:65304	AT	SE	ENSG00000133835	HSD17B4	0.063	0.06004511959372755	0.00716051573621257	0.06720563532994012	853	1	3
AT:SE:65437	AT	SE	ENSG00000137806	NDUFAF1	0.252	0.136179228230018	0.008528473515309738	0.14470770174532774	467.1666666666667	2	5
AT:SE:66487	AT	SE	ENSG00000104824	HNRNPL	0.152	0.0901165884941269	0.008097015923427313	0.09821360441755421	765	1	2
AT:SE:70992	AT	SE	ENSG00000132589	FLOT2	0.16	0.11545549207492815	0.009324036754486845	0.124779528829415	1255.6666666666667	1	1
AT:SE:71706	AT	SE	ENSG00000160201	U2AF1	0.282	0.39051719984101135	0.05829507450345224	0.4488122743444636	542.1666666666666	1	1
AT:SE:71910	AT	SE	ENSG00000124155	PIGT	-0.169	-0.10573833094487739	0.9692902771384972	0.8635519461936199	1246.3333333333333	1	1
AT:SE:71973	AT	SE	ENSG00000153560	UBP1	0.111	0.05019930764376137	0	0.05019930764376137	85.83333333333333	1	9
AT:SE:73316	AT	SE	ENSG00000092094	OSGEP	0.187	0.1359538094690951	0.0037880619630220676	0.13974187143211717	238.83333333333334	2	2
AT:SE:74082	AT	SE	ENSG00000163376	KBTBD8	0.548	0.4444444444444445	0.3333333333333333	0.7777777777777778	4.5	2	2
AT:SE:74693	AT	SE	ENSG00000136710	CCDC115	0.188	0.21548661356742232	0.092515679152191	0.3080022927196133	1408.5	1	2
AT:SE:74753	AT	SE	ENSG00000204344	STK19	0.053	-0.05555555555555558	1	0.9444444444444444	3.5	1	1
AT:SE:74936	AT	SE	ENSG00000172366	MCRIP2	0.329	0.41921593187983297	0.27383893936978587	0.6930548712496188	259.3333333333333	3	3
AT:SE:76070	AT	SE	ENSG00000055044	NOP58	0.149	0.10392151613354396	0.0019640203583255644	0.10588553649186952	682.5	1	4
AT:SE:80237	AT	SE	ENSG00000115525	ST3GAL5	0.169	0.16139598021784457	0.030114648735432344	0.19151062895327692	518.6666666666666	3	5
AT:SE:83957	AT	SE	ENSG00000096746	HNRNPH3	-0.485	-0.4687554575589109	0.9417560057797169	0.47300054822080595	939.3333333333334	5	4
AT:SE:84667	AT	SE	ENSG00000165637	VDAC2	0.109	0.12373985675389008	0.008814722803655237	0.13255457955754532	4511.5	1	1
AT:SE:86294	AT	SE	ENSG00000186866	POFUT2	0.316	0.18374098385205362	0.012204552907605637	0.19594553675965926	163.66666666666666	2	9
AT:SE:90241	AT	SE	ENSG00000153066	TXNDC11	-0.245	-0.17399593182556405	0.9293898364483844	0.7553939046228203	754.6666666666666	4	4
AT:SE:93428	AT	SE	ENSG00000150779	TIMM8B	0.111	0.15877798127798126	0.5251322751322751	0.6839102564102564	16.333333333333332	1	1
AT:SE:94917	AT	SE	ENSG00000111321	LTBR	0.072	0.056584389390343076	0.008074049858946884	0.06465843924928996	470.3333333333333	1	2
AT:SE:95369	AT	SE	ENSG00000111196	MAGOHB	0.306	0.5359093642260672	0.07086367949434488	0.6067730437204121	340.5	3	3
AT:SE:98620	AT	SE	ENSG00000164258	NDUFS4	0.142	0.4138232614015087	0.08516902297076713	0.49899228437227583	239.83333333333334	1	1
AT:SE:100876	AT	SE	ENSG00000182944	EWSR1	-0.307	-0.36601371766082536	0.9606861215916529	0.5946724039308275	2844	1	1
AT:SE:100879	AT	SE	ENSG00000182944	EWSR1	-0.284	-0.3447460636785106	0.9656122045368101	0.6208661408582995	3098.1666666666665	1	1
AT:SE:102774	AT	SE	ENSG00000128694	OSGEPL1	0.083	-0.5	0.5	0	0.6666666666666667	1	1
AT:SE:105059	AT	SE	ENSG00000119707	RBM25	0.195	0.060938970182667654	0.015811730097444382	0.07675070028011204	73.66666666666667	1	3
AT:SE:106099	AT	SE	ENSG00000084073	ZMPSTE24	0.127	0.11238889860294839	0.0016537739960351312	0.11404267259898351	1524.8333333333333	1	3
AT:SE:108163	AT	SE	ENSG00000141562	NARF	0.137	0.09941654239841413	0.021224656656428954	0.12064119905484308	901.6666666666666	1	4
AT:SE:111111	AT	SE	ENSG00000196476	C20orf96	0.283	0.3487904886525208	0.5822865600283871	0.9310770486809079	381.6666666666667	6	3
AT:SE:114507	AT	SE	ENSG00000148187	MRRF	0.283	0.1842136109027847	0.01589390441973752	0.20010751532252222	381.3333333333333	1	6
AT:SE:115653	AT	SE	ENSG00000025772	TOMM34	-0.316	-0.3600185232312606	0.9327089569528929	0.5726904337216323	1179.6666666666667	1	1
AT:SE:116822	AT	SE	ENSG00000004139	SARM1	0.125	-0.05555555555555558	0.16666666666666669	0.1111111111111111	2.1666666666666665	1	2
AT:SE:118051	AT	SE	ENSG00000168259	DNAJC7	0.064	0.07273147156095287	0.014760741343349789	0.08749221290430266	1094.3333333333333	1	3
AT:SE:120079	AT	SE	ENSG00000070526	ST6GALNAC1	-0.221	-0.17831421368639155	0.9397689912640831	0.7614547775776915	1376.6666666666667	2	1
AT:SE:120954	AT	SE	ENSG00000159140	SON	0.186	0.1809039845193917	0.020304082572005566	0.20120806709139724	216.33333333333334	2	4
AT:SE:124147	AT	SE	ENSG00000185272	RBM11	0.127	-0.3416666666666667	0.875	0.5333333333333333	4.333333333333333	2	2
AT:SE:124148	AT	SE	ENSG00000185272	RBM11	0.112	-0.06388888888888888	0.875	0.8111111111111111	6.5	5	2
AT:SE:127070	AT	SE	ENSG00000125835	SNRPB	0.137	0.24003160149963831	0.01495760310097828	0.2549892046006166	1673.8333333333333	2	2
AT:SE:127389	AT	SE	ENSG00000149346	SLX4IP	0.213	0	1	1	1.1666666666666667	1	1
AT:SE:132376	AT	SE	ENSG00000130066	SAT1	0.184	0.22714757776387975	0.016436199808988184	0.24358377757286795	23801.666666666668	1	1
AT:A5SS:322	AT	A5SS	ENSG00000061936	SFSWAP	-0.422	-0.18919610855094726	1	0.8108038914490527	29	6	2
AT:A5SS:478	AT	A5SS	ENSG00000168701	TMEM208	0.249	0.270625474400436	0.06624993100402937	0.33687540540446537	203	2	3
AT:A5SS:1524	AT	A5SS	ENSG00000015479	MATR3	-0.314	-0.6386214896722049	0.7638152640258458	0.12519377435364082	520.6666666666666	1	2
AT:A5SS:1943	AT	A5SS	ENSG00000155066	PROM2	-0.148	-0.0495727552775137	0.9937502882708362	0.9441775329933225	197.33333333333334	3	1
AT:A5SS:2551	AT	A5SS	ENSG00000136271	DDX56	0.148	0.15795715750838274	0.03026327424013178	0.18822043174851452	896	1	3
AT:A5SS:2677	AT	A5SS	ENSG00000172663	TMEM134	0.137	0.17124346085898912	0.10222960475639747	0.2734730656153866	644.5	2	4
AT:A5SS:2869	AT	A5SS	ENSG00000171960	PPIH	0.146	0.05675721880906953	0.11811513036028526	0.1748723491693548	83.33333333333333	3	12
AT:A5SS:3009	AT	A5SS	ENSG00000121578	B4GALT4	-0.369	-0.3631800145507226	0.8927519266413033	0.5295719120905807	124.33333333333333	9	5
AT:A5SS:3385	AT	A5SS	ENSG00000196655	TRAPPC4	0.105	0.09432122930357456	0.0195407817170852	0.11386201102065976	985.3333333333334	1	1
AT:A5SS:3405	AT	A5SS	ENSG00000174720	LARP7	-0.196	-0.19804518159024398	0.9325236576789576	0.7344784760887136	483.8333333333333	7	2
AT:A5SS:3866	AT	A5SS	ENSG00000128463	EMC4	0.101	0.10305351097446974	0.03456170058276142	0.13761521155723117	3303.3333333333335	1	2
AT:A5SS:4259	AT	A5SS	ENSG00000102317	RBM3	0.085	0.12436670068833894	0.004522419828160812	0.12888912051649976	1724.1666666666667	2	3
AT:A5SS:4595	AT	A5SS	ENSG00000090621	PABPC4	0.212	0.05168206237390294	0.0046571922412137505	0.056339254615116685	142.83333333333334	1	7
AT:A5SS:4728	AT	A5SS	ENSG00000148335	NTMT1	-0.332	-0.34171091675789733	0.8995073609088321	0.5577964441509348	458.5	3	3
AT:A5SS:5071	AT	A5SS	ENSG00000182240	BACE2	-0.187	-0.13498185738470603	0.9146000982295854	0.7796182408448794	474.1666666666667	2	2
AT:A5SS:5643	AT	A5SS	ENSG00000124155	PIGT	-0.249	-0.10573833094487739	0.9692902771384972	0.8635519461936199	1246.3333333333333	1	1
AT:A5SS:5706	AT	A5SS	ENSG00000114812	VIPR1	-0.282	-0.29339627900769893	0.9216380182002022	0.6282417391925033	82.33333333333333	12	5
AT:A5SS:7364	AT	A5SS	ENSG00000197345	MRPL21	0.151	0.1853129442172879	0.15160650803721593	0.3369194522545038	121.5	2	6
AT:A5SS:8157	AT	A5SS	ENSG00000011295	TTC19	0.279	0.27595957800786297	0.05099371938645476	0.3269532973943177	947.5	2	4
AT:A5SS:8254	AT	A5SS	ENSG00000182944	EWSR1	-0.304	-0.2264252866729627	0.9813062447392771	0.7548809580663144	5131.833333333333	2	1
AT:A5SS:8361	AT	A5SS	ENSG00000156253	RWDD2B	-0.282	-0.24046345896397125	0.8276091361444547	0.5871456771804835	381.5	3	2
AT:A5SS:8985	AT	A5SS	ENSG00000128973	CLN6	0.211	0.18155277664044525	0.013478840342391253	0.1950316169828365	262.8333333333333	2	3
AT:A5SS:9534	AT	A5SS	ENSG00000167699	GLOD4	0.099	0.07782332187376	0.0035750465687737617	0.08139836844253376	1353.5	1	1
AT:A5SS:9601	AT	A5SS	ENSG00000101782	RIOK3	-0.298	-0.2973766758152161	0.9713651393083965	0.6739884634931804	263.6666666666667	3	2
AT:A5SS:10133	AT	A5SS	ENSG00000099817	POLR2E	-0.105	-0.04236582086508123	0.9940195219960958	0.9516537011310146	5188	2	1
AT:A5SS:10603	AT	A5SS	ENSG00000125779	PANK2	-0.313	-0.42357898757186674	0.6051111828104172	0.18153219523855046	724.6666666666666	1	3
AT:A5SS:10750	AT	A5SS	ENSG00000101160	CTSZ	0.251	-0.5	1	0.5	0.8333333333333333	1	1
AT:A3SS:525	AT	A3SS	ENSG00000155096	AZIN1	0.168	0.17169757916891146	0.021265086576912947	0.1929626657458244	586.8333333333334	2	3
AT:A3SS:1278	AT	A3SS	ENSG00000136261	BZW2	-0.112	-0.0958454806891279	0.9934904261879017	0.8976449454987738	448	3	1
AT:A3SS:1830	AT	A3SS	ENSG00000137312	FLOT1	-0.321	-0.2613298590300406	0.9358589304580913	0.6745290714280507	1958.1666666666667	3	1
AT:A3SS:1839	AT	A3SS	ENSG00000168118	RAB4A	-0.144	-0.18959066538636082	0.9659127493708272	0.7763220839844663	1393.5	1	2
AT:A3SS:4114	AT	A3SS	ENSG00000141580	WDR45B	-0.11	-0.08886435676776117	0.9562383265523043	0.8673739697845432	865.1666666666666	3	1
AT:A3SS:4423	AT	A3SS	ENSG00000247596	TWF2	-0.141	-0.14116869068550808	0.9906370739127024	0.8494683832271943	714.8333333333334	1	1
AT:A3SS:5889	AT	A3SS	ENSG00000028310	BRD9	0.409	0.2616925558102029	0	0.2616925558102029	63	1	5
AT:A3SS:6862	AT	A3SS	ENSG00000164548	TRA2A	0.292	0.11726677179702136	0.006469375468537678	0.12373614726555904	270.6666666666667	2	1
AT:A3SS:7383	AT	A3SS	ENSG00000115307	AUP1	0.124	0.09345877728516463	0.029773500662228915	0.12323227794739355	2393	1	2
AT:A3SS:8700	AT	A3SS	ENSG00000214087	ARL16	0.192	0.3666288901299652	0.18756660026295385	0.554195490392919	745.6666666666666	4	1
AT:A3SS:10285	AT	A3SS	ENSG00000196954	CASP4	0.07	0.07393450618916494	0.007701312091041083	0.08163581828020602	1551.6666666666667	1	2
AT:A3SS:12583	AT	A3SS	ENSG00000100908	EMC9	0.515	0.5975014994839283	0.2599645180366647	0.8574660175205929	211.66666666666666	4	2
AT:A3SS:12584	AT	A3SS	ENSG00000100908	EMC9	0.45	0.3182520284203822	0.04311161419867913	0.36136364261906134	73.66666666666667	2	2
AT:A3SS:13155	AT	A3SS	ENSG00000099622	CIRBP	0.08	0.03775076477925751	0.01874544537778167	0.05649621015703918	1562.6666666666667	1	3
AT:A3SS:14558	AT	A3SS	ENSG00000121073	SLC35B1	-0.273	-0.26822138012268965	0.7074192464642481	0.4391978663415585	1104.6666666666667	2	2
AT:A3SS:14565	AT	A3SS	ENSG00000166260	COX11	-0.301	-0.10041398650418176	0.9580281901913011	0.8576142036871194	646.5	1	3
AT:A3SS:15772	AT	A3SS	ENSG00000125835	SNRPB	0.07	0.24003160149963831	0.01495760310097828	0.2549892046006166	1673.8333333333333	2	2
DD:SE:781	DD	SE	ENSG00000063601	MTMR1	0.104	-0.024436795994993744	0.049436795994993746	0.025	25.75	1	12
DD:SE:900	DD	SE	ENSG00000102081	FMR1	0.074	0.005681818181818182	0	0.005681818181818182	40.625	1	13
DD:SE:919	DD	SE	ENSG00000102081	FMR1	-0.081	-0.07108600676173826	0.9957627118644068	0.9246767051026685	31.125	7	1
DD:SE:943	DD	SE	ENSG00000122674	CCZ1	-0.143	-0.05097656210282253	0.9979741909778815	0.946997628875059	897.375	2	1
DD:SE:1176	DD	SE	ENSG00000188566	NDOR1	-0.105	-0.13076571576571583	0.9924242424242424	0.8616585266585266	37.375	12	2
DD:SE:1177	DD	SE	ENSG00000188566	NDOR1	-0.163	-0.5	0.5	0	3.625	1	2
DD:SE:2078	DD	SE	ENSG00000148337	CIZ1	-0.121	-0.08381643802569205	0.9970588235294118	0.9132423855037197	111	8	1
DD:SE:2574	DD	SE	ENSG00000119446	RBM18	0.053	0.04822137051305984	0.017599775786698628	0.06582114629975847	945.625	1	3
DD:SE:2578	DD	SE	ENSG00000119446	RBM18	0.065	0.059271759230636	0.005355184636277091	0.06462694386691309	945.625	1	3
DD:SE:2669	DD	SE	ENSG00000134905	CARS2	0.192	0.15745220325474038	0.0075857901666043	0.16503799342134468	337.875	1	3
DD:SE:2677	DD	SE	ENSG00000134905	CARS2	-0.162	-0.07300824752605084	0.9959489966555184	0.9229407491294676	344.125	4	1
DD:SE:2768	DD	SE	ENSG00000089234	BRAP	-0.211	-0.17484946640660992	0.9934184814266671	0.8185690150200572	504.375	4	1
DD:SE:2896	DD	SE	ENSG00000006712	PAF1	-0.051	-0.05068469455736391	0.9978856841598241	0.9472009896024602	394.625	2	1
DD:SE:2963	DD	SE	ENSG00000162522	KIAA1522	-0.073	-0.006991881991881943	0.9688644688644689	0.9618725868725869	18.25	6	1
DD:SE:3000	DD	SE	ENSG00000059769	DNAJC25	0.625	0.6623990682904322	0.1712581714516782	0.8336572397421104	1302.75	2	2
DD:SE:3199	DD	SE	ENSG00000107829	FBXW4	-0.136	-0.13184691550821204	0.9793771043771043	0.8475301888688923	59.75	6	1
DD:SE:3374	DD	SE	ENSG00000169738	DCXR	-0.05	-0.14115854988511745	0.9648859543817527	0.8237274044966353	54.25	1	1
DD:SE:3518	DD	SE	ENSG00000148110	MFSD14B	-0.126	-0.13575777136292522	0.9458661484637217	0.8101083771007965	471.5	2	2
DD:SE:3562	DD	SE	ENSG00000187097	ENTPD5	-0.142	-0.051748746580202676	0.9953656462585034	0.9436168996783008	112.125	10	1
DD:SE:3802	DD	SE	ENSG00000187742	SECISBP2	0.145	0.05782821438506941	0.0024509803921568627	0.06027919477722627	109.375	1	4
DD:SE:4018	DD	SE	ENSG00000134884	ARGLU1	0.14	0.10657777288723941	0.029642320197405862	0.13622009308464528	1440.125	1	1
DD:SE:4150	DD	SE	ENSG00000116353	MECR	-0.114	-0.11426272843297358	0.9944381881997049	0.8801754597667313	752.25	3	2
DD:SE:4480	DD	SE	ENSG00000130714	POMT1	-0.059	-0.030621731579452693	0.9802068686645897	0.949585137085137	77.875	3	1
DD:SE:4816	DD	SE	ENSG00000137831	UACA	-0.288	-0.17303909264151163	0.9868554952510177	0.813816402609506	60.25	8	1
DD:SE:4889	DD	SE	ENSG00000105771	SMG9	-0.17	-0.1570397137258117	0.9680186537557938	0.810978940029982	819.375	3	1
DD:SE:5113	DD	SE	ENSG00000164117	FBXO8	-0.064	-0.06719401597962149	0.9912689456701189	0.9240749296904974	223.25	1	1
DD:SE:5125	DD	SE	ENSG00000143554	SLC27A3	-0.108	-0.10814652535267144	0.9664890714412129	0.8583425460885414	77.125	7	3
DD:SE:5138	DD	SE	ENSG00000125821	DTD1	-0.071	-0.055637777412917866	0.9944478382099823	0.9388100607970644	817.5	1	1
DD:SE:5269	DD	SE	ENSG00000107140	TESK1	-0.293	-0.2401127544230992	0.99	0.7498872455769008	22.125	4	2
DD:SE:5461	DD	SE	ENSG00000163832	ELP6	-0.1	-0.10926437369298958	0.9858877681209457	0.8766233944279561	163.5	6	2
DD:SE:5534	DD	SE	ENSG00000137073	UBAP2	0.091	0.5605307274424922	0.32271241830065356	0.8832431457431458	35.75	1	1
DD:SE:5545	DD	SE	ENSG00000137073	UBAP2	-0.38	-0.3459908974003153	0.9636879324379324	0.6176970350376171	112.5	4	1
DD:SE:5656	DD	SE	ENSG00000107262	BAG1	0.225	0.22161899667986165	0.026128654713237838	0.24774765139309948	6753.125	1	1
DD:SE:5662	DD	SE	ENSG00000086061	DNAJA1	-0.068	-0.07746894792792369	0.9973360217575428	0.9198670738296191	5054.875	1	1
DD:SE:5747	DD	SE	ENSG00000120159	CAAP1	0.109	0.09559918212117505	0.021833102030827417	0.11743228415200246	595.625	2	7
DD:SE:5757	DD	SE	ENSG00000120159	CAAP1	-0.088	-0.10070345791102664	0.9767675629660361	0.8760641050550094	575.25	5	2
DD:SE:5796	DD	SE	ENSG00000159445	THEM4	0.413	0.3335148557874772	0.16873242853945317	0.5022472843269303	339.875	2	3
DD:SE:5931	DD	SE	ENSG00000183853	KIRREL1	-0.076	-0.019230769230769162	1	0.9807692307692308	10.75	6	1
DD:SE:6116	DD	SE	ENSG00000050405	LIMA1	-0.075	-0.1819321339231852	0.925201638223329	0.7432695043001438	111	2	2
DD:SE:6172	DD	SE	ENSG00000123179	EBPL	-0.117	-0.12242510836648002	0.8095284595971949	0.6871033512307149	597.5	1	1
DD:SE:6236	DD	SE	ENSG00000016864	GLT8D1	-0.119	-0.12279996278471694	0.9886115898818122	0.8658116270970952	502.25	4	1
DD:SE:6526	DD	SE	ENSG00000196505	GDAP2	0.09	0.033220381361631315	0.020224515318427234	0.05344489668005855	156	1	8
DD:SE:6686	DD	SE	ENSG00000181135	ZNF707	0.168	0.24473700333674758	0.15416666666666667	0.39890367000341426	28.75	6	23
DD:SE:6712	DD	SE	ENSG00000147813	NAPRT	-0.096	-0.051934864601289266	0.9973276694981423	0.9453928048968531	1671.75	6	1
DD:SE:6777	DD	SE	ENSG00000148399	DPH7	0.385	0.5700260237121284	0.07078114086445622	0.6408071645765846	299.75	6	4
DD:SE:6782	DD	SE	ENSG00000148399	DPH7	-0.107	-0.3428689668469832	0.868087624809323	0.5252186579623398	211.25	3	2
DD:SE:7606	DD	SE	ENSG00000155542	SETD9	-0.352	-0.3423195049868402	0.6756359843064567	0.33331647931961644	183.625	1	1
DD:SE:7653	DD	SE	ENSG00000113369	ARRDC3	-0.1	-0.08861549675318103	0.9745351200061345	0.8859196232529535	313.125	3	1
DD:SE:8206	DD	SE	ENSG00000164933	SLC25A32	-0.098	-0.04795487654165076	0.9144212435453957	0.8664663670037449	300.125	4	1
DD:SE:8227	DD	SE	ENSG00000164930	FZD6	-0.113	-0.08769125561551372	0.9812141142784321	0.8935228586629184	355.125	4	1
DD:SE:8530	DD	SE	ENSG00000104450	SPAG1	-0.215	-0.33819380024737167	0.7573051948051948	0.4191113945578231	19.5	5	3
DD:SE:8577	DD	SE	ENSG00000138663	COPS4	-0.05	-0.0440698616305073	0.9992591216500135	0.9551892600195062	1172.125	3	1
DD:SE:8667	DD	SE	ENSG00000149269	PAK1	-0.074	0.5611111111111111	0	0.5611111111111111	4.75	1	1
DD:SE:8757	DD	SE	ENSG00000058673	ZC3H11A	0.055	0.029140689771947257	0.019329612327387096	0.04847030209933435	65.5	1	11
DD:SE:8779	DD	SE	ENSG00000156471	PTDSS1	-0.062	-0.05694626298124006	0.9967321530838749	0.9397858901026348	515	1	1
DD:SE:8935	DD	SE	ENSG00000164941	INTS8	-0.082	-0.1213083464564817	0.9878590832017264	0.8665507367452447	125.75	10	4
DD:SE:9081	DD	SE	ENSG00000127952	STYXL1	-0.179	-0.15853487949648382	0.9098170540370076	0.7512821745405238	677.375	6	3
DD:SE:9213	DD	SE	ENSG00000169045	HNRNPH1	-0.56	-0.5525677802734581	0.9716331211786717	0.41906534090521363	142.25	7	4
DD:SE:9345	DD	SE	ENSG00000197965	MPZL1	-0.081	-0.053469615073284626	0.9952608877012301	0.9417912726279455	1956.625	3	1
DD:SE:9393	DD	SE	ENSG00000114745	GORASP1	0.067	0.11209855535570246	0.82400134112462875	0.9360998964803312	74	1	1
DD:SE:9399	DD	SE	ENSG00000114745	GORASP1	0.159	0.0947332262050593	0.005120720161928018	0.09985394636698733	463.875	1	4
DD:SE:10023	DD	SE	ENSG00000035681	NSMAF	-0.162	-0.15817969291798506	0.9920126083348699	0.8338329154168849	129	2	1
DD:SE:10049	DD	SE	ENSG00000215114	UBXN2B	0.448	0.4373575202011445	0.13529585933858965	0.5726533795397342	117.125	4	5
DD:SE:10062	DD	SE	ENSG00000215114	UBXN2B	0.266	0.34789964956193764	0.08470970819440071	0.43260935775633835	85.125	2	2
DD:SE:10104	DD	SE	ENSG00000141458	NPC1	-0.103	-0.06512822783813577	1	0.9348717721618642	173.75	10	1
DD:SE:10130	DD	SE	ENSG00000104331	BPNT2	0.177	0.24419733748338365	0.0521006542634859	0.29629799174686955	240	1	2
DD:SE:10144	DD	SE	ENSG00000137574	TGS1	-0.146	-0.1318877237694709	0.9876798617904137	0.8557921380209428	76.5	8	2
DD:SE:10212	DD	SE	ENSG00000120992	LYPLA1	-0.088	-0.0665416061957701	0.9937719823332872	0.9272303761375171	2736.125	7	1
DD:SE:10395	DD	SE	ENSG00000105486	LIG1	-0.129	-0.056726628359137	0.993421052631579	0.936694424272442	78.75	12	2
DD:SE:10474	DD	SE	ENSG00000168575	SLC20A2	-0.167	-0.1252071546475242	0.9953410647511596	0.8701339101036354	257.75	6	2
DD:SE:10593	DD	SE	ENSG00000104365	IKBKB	-0.179	-0.30988559933363213	0.9042102502945486	0.5943246509609165	148.125	6	2
DD:SE:10627	DD	SE	ENSG00000104365	IKBKB	-0.121	-0.16006608864843452	0.9978813559322034	0.8378152672837689	175.625	9	2
DD:SE:10903	DD	SE	ENSG00000198042	MAK16	-0.1	-0.10243697573837562	0.9899961036649481	0.8875591279265724	365.5	3	1
DD:SE:10993	DD	SE	ENSG00000157168	NRG1	-0.213	-0.16382575757575757	1	0.8361742424242424	10.875	4	1
DD:SE:10994	DD	SE	ENSG00000157168	NRG1	-0.48	-0.65	1	0.35	1.875	3	1
DD:SE:11049	DD	SE	ENSG00000157110	RBPMS	0.212	0.15994998032087887	0.09271923391654024	0.2526692142374191	70.75	1	2
DD:SE:11430	DD	SE	ENSG00000116698	SMG7	0.156	0.06606041795834945	0	0.06606041795834945	187.25	1	9
DD:SE:11465	DD	SE	ENSG00000221914	PPP2R2A	0.26	0.24674032328919	0.013141979617655498	0.2598823029068455	1091.5	1	2
DD:SE:11943	DD	SE	ENSG00000104388	RAB2A	0.052	0.05021925217335424	0.0028851396005424444	0.053104391773896684	4407.625	1	1
DD:SE:12093	DD	SE	ENSG00000114480	GBE1	-0.075	-0.07605227963975003	0.9989224137931034	0.9228701341533534	298.75	3	1
DD:SE:12180	DD	SE	ENSG00000083937	CHMP2B	0.081	0.03210996200269854	0.030339462397490757	0.0624494244001893	957.75	1	1
DD:SE:12181	DD	SE	ENSG00000083937	CHMP2B	0.129	0.11114267862100714	0.013372006600992217	0.12451468522199936	983.375	1	1
DD:SE:12209	DD	SE	ENSG00000203837	PNLIPRP3	-0.067	-0.04215239149517935	0.9962871287128713	0.9541347372176919	164.5	15	2
DD:SE:12210	DD	SE	ENSG00000203837	PNLIPRP3	0.198	0.2407454681362814	0.2941907051282051	0.5349361732644865	49.875	6	5
DD:SE:12214	DD	SE	ENSG00000203837	PNLIPRP3	-0.152	-0.11022815195741231	0.9448043237544421	0.8345761717970298	183.875	15	6
DD:SE:12410	DD	SE	ENSG00000155189	AGPAT5	-0.05	-0.04204363288098001	0.9906134797926671	0.9485698469116871	498	2	1
DD:SE:12576	DD	SE	ENSG00000132950	ZMYM5	-0.302	-0.14932650663994715	0.2675865800865801	0.11826007344663295	57.75	1	3
DD:SE:12581	DD	SE	ENSG00000132950	ZMYM5	0.115	0.45963811387912556	0.43651960784313726	0.8961577217222628	52.375	2	1
DD:SE:12693	DD	SE	ENSG00000172172	MRPL13	-0.061	-0.03518756756678765	0.9964946923703386	0.961307124803551	2284.25	3	1
DD:SE:12759	DD	SE	ENSG00000089022	MAPKAPK5	-0.166	-0.19800172175803443	0.9484709581580234	0.750469236399989	298.75	4	2
DD:SE:12760	DD	SE	ENSG00000089022	MAPKAPK5	-0.214	-0.42602984314137826	0.7807600323065814	0.35473018916520316	124	2	2
DD:SE:12976	DD	SE	ENSG00000143164	DCAF6	-0.208	-0.2564618371746913	0.9910642792126817	0.7346024420379904	334.5	2	1
DD:SE:13025	DD	SE	ENSG00000174483	BBS1	-0.102	-0.03655689104872417	0.9830459770114943	0.9464890859627701	71	9	1
DD:SE:13065	DD	SE	ENSG00000157212	PAXIP1	0.17	0.18356643356643357	0.009615384615384616	0.19318181818181818	19.875	1	9
DD:SE:13285	DD	SE	ENSG00000197150	ABCB8	-0.166	-0.10528815277962422	1	0.8947118472203758	112	1	1
DD:SE:13438	DD	SE	ENSG00000160563	MED27	-0.053	-0.0857483397373292	0.998653245473455	0.9129049057361258	635.125	3	1
DD:SE:13442	DD	SE	ENSG00000145868	FBXO38	0.084	0.014753910413723011	0	0.014753910413723011	94.25	1	10
DD:SE:13613	DD	SE	ENSG00000173085	COQ2	0.102	0.06290751580416892	0.04135597341114584	0.10426348921531477	330.875	1	5
DD:SE:14022	DD	SE	ENSG00000059378	PARP12	-0.285	-0.32027421961608193	0.8886109030594715	0.5683366834433896	86.875	5	3
DD:SE:14027	DD	SE	ENSG00000059378	PARP12	-0.168	-0.062234693525598184	0.8958333333333334	0.8335986398077352	29.5	2	1
DD:SE:14142	DD	SE	ENSG00000132254	ARFIP2	0.437	0.4597092261048782	0.020889616369360476	0.4805988424742387	1011.25	2	5
DD:SE:14158	DD	SE	ENSG00000132254	ARFIP2	0.061	0.050322300671082565	0.8415937140626805	0.891916014733763	521.5	3	1
DD:SE:14271	DD	SE	ENSG00000198160	MIER1	0.084	-0.015248987558858729	0.12918693640246795	0.11393794884360922	51.375	2	5
DD:SE:14313	DD	SE	ENSG00000148835	TAF5	-0.276	-0.45717391797460916	0.9637626825126825	0.5065887645380733	90.875	3	2
DD:SE:14419	DD	SE	ENSG00000066827	ZFAT	0.134	0.07646958304853041	0	0.07646958304853041	16.375	1	18
DD:SE:14424	DD	SE	ENSG00000066827	ZFAT	0.09	0.058333333333333334	0	0.058333333333333334	13.5	1	10
DD:SE:14549	DD	SE	ENSG00000128607	KLHDC10	0.163	0.1490546218487395	0	0.1490546218487395	14.875	1	3
DD:SE:14925	DD	SE	ENSG00000008311	AASS	0.279	0.29423076923076924	0	0.29423076923076924	9.125	7	13
DD:SE:14933	DD	SE	ENSG00000008311	AASS	-0.163	-0.22857142857142854	1	0.7714285714285715	8.25	11	3
DD:SE:14982	DD	SE	ENSG00000114742	WDR48	-0.091	-0.09584892417825319	0.9931184462935816	0.8972695221153284	217.25	5	1
DD:SE:14998	DD	SE	ENSG00000170364	SETMAR	-0.153	-0.05235515802792201	0.18593016697887083	0.13357500895094881	58.875	1	1
DD:SE:15001	DD	SE	ENSG00000170364	SETMAR	0.122	0.10736828150121142	0.4151813233654666	0.522549604866678	106.75	1	1
DD:SE:15341	DD	SE	ENSG00000120697	ALG5	-0.096	-0.06833249718766132	0.986693121508276	0.9183606243206147	2132.125	2	1
DD:SE:15345	DD	SE	ENSG00000120697	ALG5	0.072	0.06827189116171015	0.006062324596498276	0.07433421575820842	2114	1	2
DD:SE:15366	DD	SE	ENSG00000120697	ALG5	-0.116	-0.0957330918642002	0.9937542379916251	0.8980211461274249	2212.75	3	1
DD:SE:15385	DD	SE	ENSG00000129484	PARP2	-0.071	-0.09604893762566147	0.995098778789652	0.8990498411639906	306.875	4	1
DD:SE:15392	DD	SE	ENSG00000198839	ZNF277	-0.094	-0.13658910803947633	0.9867581506275325	0.8501690425880561	189.75	5	1
DD:SE:15678	DD	SE	ENSG00000091127	PUS7	-0.119	-0.11872375306198835	0.9966666666666667	0.8779429136046784	152.75	8	1
DD:SE:15743	DD	SE	ENSG00000105821	DNAJC2	0.428	0.45188068056045316	0.03957754071069945	0.49145822127115263	442.25	5	6
DD:SE:15945	DD	SE	ENSG00000087087	SRRT	0.165	0.07077856751919799	0.0018199269536167933	0.07259849447281479	281.875	1	6
DD:SE:15948	DD	SE	ENSG00000087087	SRRT	0.273	0.16960186792537646	8.19672131147541e-4	0.170421540056524	281.875	2	5
DD:SE:16133	DD	SE	ENSG00000221838	AP4M1	0.107	0.12235067652525941	0.005416809214277569	0.12776748573953697	105.625	1	8
DD:SE:16251	DD	SE	ENSG00000196652	ZKSCAN5	0.328	0.3601212281770622	0.3382302048726467	0.6983514330497089	53.125	5	4
DD:SE:16253	DD	SE	ENSG00000196652	ZKSCAN5	-0.226	-0.26197623696546113	0.5625704575596817	0.3005942205942206	49	6	5
DD:SE:16261	DD	SE	ENSG00000198556	ZNF789	-0.18	0.01894454864136963	0.318955348159456	0.3378998968008256	41.25	4	8
DD:SE:16526	DD	SE	ENSG00000007341	ST7L	-0.223	-0.24128787878787872	1	0.7587121212121213	9.5	1	1
DD:SE:16531	DD	SE	ENSG00000007341	ST7L	-0.096	-0.007000954526622194	1	0.9929990454733778	294.75	10	1
DD:SE:16616	DD	SE	ENSG00000099139	PCSK5	-0.094	-0.01750168690958165	0.9807692307692308	0.9632675438596492	13.875	9	1
DD:SE:16759	DD	SE	ENSG00000148308	GTF3C5	-0.1	-0.06006325563181647	0.9937621378697689	0.9336988822379524	562	3	1
DD:SE:17035	DD	SE	ENSG00000105793	GTPBP10	-0.069	-0.0452614661359394	0.9953984793786238	0.9501370132426844	306.625	3	1
DD:SE:17036	DD	SE	ENSG00000105793	GTPBP10	0.093	0.6091729607646086	0.12314814814814815	0.7323211089127567	44	1	1
DD:SE:17045	DD	SE	ENSG00000105793	GTPBP10	-0.142	-0.1627461325999079	0.9907417942461175	0.8279956616462096	280.25	2	1
DD:SE:17051	DD	SE	ENSG00000105793	GTPBP10	-0.214	-0.21854826874454492	0.9739348891139509	0.755386620369406	299.5	2	1
DD:SE:17078	DD	SE	ENSG00000157214	STEAP2	0.056	0.2833333333333333	0.7166666666666667	1	6.125	4	1
DD:SE:17091	DD	SE	ENSG00000075303	SLC25A40	-0.077	-0.07191684057788872	0.9720919324577861	0.9001750918798974	27.75	13	2
DD:SE:17191	DD	SE	ENSG00000114904	NEK4	-0.1	-0.11313293396091861	0.9944444444444445	0.8813115104835259	43.75	15	2
DD:SE:17254	DD	SE	ENSG00000115282	TTC31	-0.338	-0.3548593627512381	0.9456288429433589	0.5907694801921208	149.875	4	2
DD:SE:17271	DD	SE	ENSG00000181381	DDX60L	0.134	0.2920634920634921	0	0.2920634920634921	3	1	7
DD:SE:17416	DD	SE	ENSG00000146707	POMZP3	0.298	0.24502587204331422	0.04743453848643254	0.29246041052974675	692.375	1	5
DD:SE:17568	DD	SE	ENSG00000137821	LRRC49	-0.201	-0.25	0.75	0.5	1.125	1	1
DD:SE:17807	DD	SE	ENSG00000134575	ACP2	-0.224	-0.14701990590885872	0.9915566692123109	0.8445367633034522	422.375	2	1
DD:SE:17850	DD	SE	ENSG00000106077	ABHD11	0.207	0.061460085801359136	0.008009520075254885	0.06946960587661402	860.125	1	7
DD:SE:17879	DD	SE	ENSG00000106635	BCL7B	-0.152	-0.19987410021052632	0.86477109878956	0.6648969985790337	1082.125	5	1
DD:SE:17966	DD	SE	ENSG00000006740	ARHGAP44	-0.266	0.08333333333333337	0.9166666666666666	1	3.125	12	2
DD:SE:18166	DD	SE	ENSG00000185122	HSF1	-0.119	-0.10915042057469038	0.9929556330027821	0.8838052124280917	1615	3	1
DD:SE:18206	DD	SE	ENSG00000169410	PTPN9	-0.088	-0.07845119125775535	0.9940036257146841	0.9155524344569288	105.5	4	1
DD:SE:18280	DD	SE	ENSG00000055211	GINM1	-0.127	-0.12443418510893245	0.9870574999303388	0.8626233148214063	532.25	1	1
DD:SE:18508	DD	SE	ENSG00000101546	RBFA	-0.11	-0.13611138830071934	0.9920082729131809	0.8558968846124616	130.75	4	1
DD:SE:18568	DD	SE	ENSG00000128595	CALU	-0.099	-0.12472809452905209	0.9978390039903973	0.8731109094613452	1067.75	1	1
DD:SE:18569	DD	SE	ENSG00000128595	CALU	-0.259	-0.37107770942868346	0.9888713488111078	0.6177936393824244	285.5	1	1
DD:SE:18570	DD	SE	ENSG00000128595	CALU	0.07	0.07662481123811558	0.0014459973006430303	0.07807080853875861	1041.25	1	1
DD:SE:18603	DD	SE	ENSG00000143776	CDC42BPA	-0.073	0.03073207714324655	0.935647233201581	0.9663793103448276	17.625	9	1
DD:SE:18798	DD	SE	ENSG00000146963	LUC7L2	0.164	0.05940252193211404	9.572361709972946e-4	0.06035975810311133	1710.625	1	4
DD:SE:18933	DD	SE	ENSG00000136161	RCBTB2	-0.088	-0.03704101289166084	0.9865660147575042	0.9495250018658433	122.75	13	1
DD:SE:18937	DD	SE	ENSG00000136161	RCBTB2	-0.174	-0.11915982249301293	0.985545451719566	0.866385629226553	96.375	7	2
DD:SE:19262	DD	SE	ENSG00000122678	POLM	-0.18	-0.09315281668222841	0.6281746031746032	0.5350217864923748	14.25	3	4
DD:SE:19279	DD	SE	ENSG00000122678	POLM	0.248	0.5693497474747474	0	0.5693497474747474	8.125	2	4
DD:SE:19322	DD	SE	ENSG00000189091	SF3B3	0.423	0.45490512853812026	0.011956023832466085	0.46686115237058634	415	1	1
DD:SE:19517	DD	SE	ENSG00000197275	RAD54B	0.297	0.2354113033029428	0.010814542107685229	0.24622584541062803	22.25	2	11
DD:SE:19772	DD	SE	ENSG00000145348	TBCK	-0.14	-0.059146137303130564	0.9933446801082307	0.9341985428051002	104.875	8	1
DD:SE:19801	DD	SE	ENSG00000145348	TBCK	0.158	0.09224595080397377	0.009586231496343856	0.10183218230031763	98.75	1	7
DD:SE:19810	DD	SE	ENSG00000106853	PTGR1	0.098	0.0887480238693843	0.1492477097422993	0.2379957336116836	1941.625	2	2
DD:SE:19832	DD	SE	ENSG00000273559	CWC25	0.097	0.11620266551450721	0.012571985634748609	0.12877465114925582	215.875	1	4
DD:SE:20005	DD	SE	ENSG00000213066	CEP43	-0.114	-0.12274172843781095	0.9892600266107854	0.8665182981729744	219.5	4	2
DD:SE:20063	DD	SE	ENSG00000179335	CLK3	-0.316	-0.39740935961155854	0.9615427350845862	0.5641333754730277	1435.25	2	1
DD:SE:20236	DD	SE	ENSG00000113761	ZNF346	-0.182	-0.2551262858586293	0.5366071428571428	0.28148085699851355	51.875	1	1
DD:SE:20274	DD	SE	ENSG00000122642	FKBP9	-0.109	-0.05747905103109774	0.9681080817054408	0.9106290306743431	485.25	3	1
DD:SE:20566	DD	SE	ENSG00000005020	SKAP2	0.063	0.037156454922273666	0	0.037156454922273666	81.125	1	5
DD:SE:20581	DD	SE	ENSG00000095906	NUBP2	-0.14	-0.13454183529981223	0.8655970175675856	0.7310551822677733	988.75	1	1
DD:SE:20591	DD	SE	ENSG00000119953	SMNDC1	0.271	0.2312291797302353	0.005666356951455748	0.23689553668169105	575.875	2	4
DD:SE:20618	DD	SE	ENSG00000170854	RIOX2	-0.119	-0.3152687804485862	0.9787616201315538	0.6634928396829676	134.125	1	1
DD:SE:20619	DD	SE	ENSG00000170854	RIOX2	-0.09	-0.0994847619189364	0.994272758681887	0.8947879967629506	487.5	4	1
DD:SE:20624	DD	SE	ENSG00000170854	RIOX2	0.108	0.05732681148795132	0.004260051580131153	0.06158686306808247	595.875	1	5
DD:SE:20781	DD	SE	ENSG00000136243	NUP42	-0.359	-0.4690440147639872	0.9685717828949219	0.49952776813093464	533.125	3	2
DD:SE:20904	DD	SE	ENSG00000136261	BZW2	-0.351	-0.3903766985813214	0.9865238383983722	0.5961471398170508	597.375	3	2
DD:SE:21035	DD	SE	ENSG00000003147	ICA1	0.094	0.034630263804951274	0.0024671052631578946	0.03709736906810917	297	2	12
DD:SE:21051	DD	SE	ENSG00000219545	UMAD1	0.112	0.05973444251412598	0.06257147064203573	0.12230591315616171	91.25	3	9
DD:SE:21071	DD	SE	ENSG00000145349	CAMK2D	-0.099	-0.05020390895570237	1	0.9497960910442976	84	5	1
DD:SE:21156	DD	SE	ENSG00000075239	ACAT1	-0.109	-0.059747675307416426	0.9963758552765122	0.9366281799690958	582.125	3	1
DD:SE:21319	DD	SE	ENSG00000008256	CYTH3	-0.161	-0.18169112444655378	0.9744363929146538	0.7927452684681	48.5	5	1
DD:SE:21585	DD	SE	ENSG00000122687	MRM2	0.129	0.06476835953622706	0.09276024480216047	0.15752860433838753	1882.75	2	4
DD:SE:21627	DD	SE	ENSG00000187790	FANCM	0.173	-2.7755575615628914e-17	0.16666666666666669	0.16666666666666666	1.625	2	4
DD:SE:21706	DD	SE	ENSG00000168615	ADAM9	-0.054	-0.027660339062088646	0.9977598089917183	0.9700994699296297	1044.875	8	1
DD:SE:21786	DD	SE	ENSG00000196369	SRGAP2B	0.431	0.2791666666666667	0.5333333333333333	0.8125	3.625	5	3
DD:SE:21869	DD	SE	ENSG00000166912	MTMR10	0.356	0.2976294023564196	0.01984126984126984	0.31747067219768943	40.875	3	15
DD:SE:21871	DD	SE	ENSG00000166912	MTMR10	-0.23	-0.28812066749162035	1	0.7118793325083796	39.625	15	1
DD:SE:21888	DD	SE	ENSG00000112592	TBP	0.181	0.0534791779162183	0.003673115818879544	0.057152293735097844	658.375	1	2
DD:SE:21906	DD	SE	ENSG00000185721	DRG1	-0.103	-0.0960207442739035	0.9971644284410166	0.9011436841671131	2597	2	1
DD:SE:21913	DD	SE	ENSG00000185721	DRG1	0.078	0.09343173866069124	0.0024451962781832513	0.09587693493887449	2597	1	2
DD:SE:22086	DD	SE	ENSG00000153044	CENPH	-0.072	-0.10787955775759539	0.9559370904328267	0.8480575326752313	296	2	1
DD:SE:22264	DD	SE	ENSG00000164983	TMEM65	-0.135	-0.12922216136501852	0.965252009894867	0.8360298485298485	54.625	2	1
DD:SE:22265	DD	SE	ENSG00000164983	TMEM65	-0.17	-0.47916666666666663	0.5625	0.08333333333333334	2.5	1	1
DD:SE:22409	DD	SE	ENSG00000289720	ENSG00000289720	-0.085	-0.04732685695646821	1	0.9526731430435318	83.75	8	1
DD:SE:22475	DD	SE	ENSG00000146433	TMEM181	-0.055	-0.015540913153011537	0.9420145175760541	0.9264736044230426	65.875	12	1
DD:SE:22489	DD	SE	ENSG00000146433	TMEM181	-0.075	-0.06162453017379754	0.9832357722092344	0.9216112420354369	64.25	12	1
DD:SE:22849	DD	SE	ENSG00000111961	SASH1	-0.101	-0.15899122807017552	1	0.8410087719298245	12.125	8	1
DD:SE:22857	DD	SE	ENSG00000139668	WDFY2	-0.121	-0.11564774233718611	0.9886112012845166	0.8729634589473305	487.625	4	1
DD:SE:23087	DD	SE	ENSG00000071889	FAM3A	0.126	0.08753015210980164	0.21113860088641745	0.2986687529962191	246.375	3	4
DD:SE:23221	DD	SE	ENSG00000112414	ADGRG6	0.118	0.10714285714285714	0	0.10714285714285714	12.5	1	8
DD:SE:23687	DD	SE	ENSG00000136270	TBRG4	-0.133	-0.06351447838180091	0.9967842652833023	0.9332697869015014	1219.875	7	1
DD:SE:23690	DD	SE	ENSG00000136270	TBRG4	0.076	0.619851220400447	0.031232670852439966	0.651083891252887	123.75	1	1
DD:SE:23721	DD	SE	ENSG00000107201	RIGI	-0.132	-0.13772332372982132	0.9687970049345213	0.8310736812046999	81.875	8	2
DD:SE:23896	DD	SE	ENSG00000165275	TRMT10B	0.224	-0.14523809523809517	0.7389880952380952	0.59375	12.5	1	1
DD:SE:23951	DD	SE	ENSG00000134014	ELP3	-0.224	-0.18757730103164838	0.9969636466467309	0.8093863456150825	262.375	4	1
DD:SE:24019	DD	SE	ENSG00000170145	SIK2	-0.148	-0.14855867022629043	0.9921875	0.8436288297737096	44.5	6	1
DD:SE:24294	DD	SE	ENSG00000065060	BLTP3A	-0.309	-0.33333333333333337	1	0.6666666666666666	3.875	8	2
DD:SE:24314	DD	SE	ENSG00000111906	HDDC2	-0.118	-0.14286698344250592	0.6666248464174374	0.5237578629749314	1061.375	3	3
DD:SE:24361	DD	SE	ENSG00000106144	CASP2	0.269	0.22717484926787251	0.01661220043572985	0.24378704970360238	44.625	3	7
DD:SE:24548	DD	SE	ENSG00000153975	ZUP1	-0.063	-0.06665393217578475	0.9854548173015425	0.9188008851257577	438.75	7	1
DD:SE:24552	DD	SE	ENSG00000153975	ZUP1	0.129	0.08764485280716275	0.002459100195918495	0.09010395300308124	433	1	7
DD:SE:24627	DD	SE	ENSG00000196591	HDAC2	-0.055	-0.07817866900280301	0.9987713175124793	0.9205926485096763	1303.75	1	1
DD:SE:24742	DD	SE	ENSG00000175581	MRPL48	0.162	0.16771203051509145	0.004976416658070299	0.17268844717316176	480	1	4
DD:SE:24923	DD	SE	ENSG00000011260	UTP18	-0.076	-0.07128128111794463	0.9970907707944484	0.9258094896765038	884.625	4	1
DD:SE:24933	DD	SE	ENSG00000011260	UTP18	0.108	0.10674141321279168	0.01090150411731849	0.11764291733011017	884.625	1	4
DD:SE:25032	DD	SE	ENSG00000137275	RIPK1	-0.366	-0.4400062420076766	0.9743518413407258	0.5343455993330493	288.5	3	2
DD:SE:25081	DD	SE	ENSG00000122299	ZC3H7A	-0.224	-0.26113133048729387	0.9948083778966132	0.7336770474093194	200.625	4	2
DD:SE:25082	DD	SE	ENSG00000122299	ZC3H7A	-0.318	-0.4735625320020481	0.7291666666666666	0.2556041346646185	46.375	1	2
DD:SE:25087	DD	SE	ENSG00000122299	ZC3H7A	-0.261	-0.2461383589875561	0.9843874281512164	0.7382490691636603	205.875	5	2
DD:SE:25225	DD	SE	ENSG00000197548	ATG7	-0.117	-0.058373398497314155	0.9955357142857143	0.9371623157884001	177.125	10	1
DD:SE:25250	DD	SE	ENSG00000197548	ATG7	-0.165	-0.09492020396846368	0.9980314960629921	0.9031112920945285	152.375	7	1
DD:SE:25284	DD	SE	ENSG00000119328	ABITRAM	-0.098	-0.10234441978883846	0.9364150707136488	0.8340706509248104	1074.875	2	1
DD:SE:25304	DD	SE	ENSG00000005100	DHX33	-0.143	-0.030182072829131656	1	0.9698179271708683	27.5	7	2
DD:SE:25311	DD	SE	ENSG00000005100	DHX33	-0.109	-0.0517787524366472	0.9791666666666666	0.9273879142300194	21.5	5	2
DD:SE:25318	DD	SE	ENSG00000005100	DHX33	-0.185	-0.13877600028451964	0.7278601653120809	0.5890841650275612	32.25	4	5
DD:SE:25341	DD	SE	ENSG00000197265	GTF2E2	0.083	0.05770957612905222	0.0012917804850007203	0.05900135661405294	1102.125	1	1
DD:SE:25360	DD	SE	ENSG00000101158	NELFCD	0.052	0.35646356600531726	0.5828252515953125	0.9392888176006298	291.5	2	1
DD:SE:25516	DD	SE	ENSG00000185917	SETD4	0.311	0.3497743844413224	0.05013487579153696	0.3999092602328594	322.375	4	10
DD:SE:25584	DD	SE	ENSG00000198833	UBE2J1	-0.076	-0.09088432335352048	0.9943340413225743	0.9034497179690538	673.125	2	1
DD:SE:25873	DD	SE	ENSG00000112742	TTK	0.163	0.15693338390267908	0.02147669536690511	0.1784100792695842	186.875	1	8
DD:SE:26446	DD	SE	ENSG00000151725	CENPU	-0.067	-0.06130081424391631	0.9974126344086022	0.9361118201646859	188.5	4	1
DD:SE:26480	DD	SE	ENSG00000198612	COPS8	-0.145	-0.1296306564486598	0.9890901055923429	0.8594594491436831	3403.625	3	1
DD:SE:26570	DD	SE	ENSG00000105127	AKAP8	0.293	0.2591060644286338	0.014334885589195535	0.27344095001782937	279	1	10
DD:SE:26853	DD	SE	ENSG00000112367	FIG4	-0.071	-0.06578332974975376	0.9959020971209963	0.9301187673712425	141.375	3	1
DD:SE:27021	DD	SE	ENSG00000136280	CCM2	-0.058	-0.05777678821454291	0.9874442264964443	0.9296674382819013	769	2	1
DD:SE:27051	DD	SE	ENSG00000152749	GPR180	0.056	0.32771988249733996	0.6163151364764268	0.9440350189737667	64	2	1
DD:SE:27278	DD	SE	ENSG00000091136	LAMB1	-0.112	-0.05589458093594957	0.9913793103448276	0.9354847294088781	47.75	7	1
DD:SE:27334	DD	SE	ENSG00000107669	ATE1	-0.166	-0.6455357142857143	0.953125	0.30758928571428573	15.375	1	1
DD:SE:27383	DD	SE	ENSG00000170734	POLH	-0.306	-0.2872949888782328	0.9790523242757692	0.6917573353975364	77.875	6	1
DD:SE:27549	DD	SE	ENSG00000137161	CNPY3	-0.096	-0.11422988914208809	0.9003445175251832	0.7861146283830951	381	2	1
DD:SE:27696	DD	SE	ENSG00000137413	TAF8	-0.078	-0.0890639608425452	1	0.9109360391574548	49.5	13	1
DD:SE:27706	DD	SE	ENSG00000112578	BYSL	-0.165	-0.14605046949926703	0.990544593786055	0.8444941242867879	421.875	2	1
DD:SE:27929	DD	SE	ENSG00000066427	ATXN3	-0.21	-0.20633148405289947	0.9462729460593022	0.7399414620064028	290.625	7	2
DD:SE:28030	DD	SE	ENSG00000112130	RNF8	0.091	0.05110615723411831	0.0382774647398821	0.0893836219740004	613.75	1	6
DD:SE:28278	DD	SE	ENSG00000096063	SRPK1	-0.074	-0.1320349632822495	0.9977667930749299	0.8657318297926804	474	2	1
DD:SE:28330	DD	SE	ENSG00000147996	ZNG1E	0.483	0.6437190317445122	0.0831982233768622	0.7269172551213744	965.625	6	3
DD:SE:28415	DD	SE	ENSG00000168234	TTC39C	-0.121	-0.06692086648983209	0.9910714285714286	0.9241505620815965	37.625	6	1
DD:SE:28498	DD	SE	ENSG00000204209	DAXX	-0.139	-0.16281055499414177	0.9925759383030639	0.8297653833089221	1312.25	2	1
DD:SE:28542	DD	SE	ENSG00000130023	ERMARD	-0.099	-0.0972360647979047	0.9935109657935745	0.8962749009956698	268.125	8	1
DD:SE:28600	DD	SE	ENSG00000204231	RXRB	-0.19	-0.16448777260488834	0.935732307252513	0.7712445346476247	232	3	2
DD:SE:28628	DD	SE	ENSG00000114346	ECT2	-0.123	-0.049880016418805906	1	0.9501199835811941	86.625	13	1
DD:SE:28698	DD	SE	ENSG00000204256	BRD2	0.292	0.3882623469826805	0.07080958650419383	0.4590719334868743	1940.625	2	4
DD:SE:28893	DD	SE	ENSG00000130254	SAFB2	-0.349	-0.3719640747419952	0.9943711089925662	0.622407034250571	204.25	2	1
DD:SE:29161	DD	SE	ENSG00000137672	TRPC6	-0.075	-0.024674977628111994	0.9814814814814815	0.9568065038533695	81.5	10	1
DD:SE:29375	DD	SE	ENSG00000188419	CHM	-0.102	-0.0823658410732715	1	0.9176341589267285	20.75	11	1
DD:SE:29510	DD	SE	ENSG00000137312	FLOT1	-0.188	-0.19330737003590837	0.9819246511060852	0.7886172810701768	404	2	1
DD:SE:29534	DD	SE	ENSG00000164070	HSPA4L	-0.352	-0.37054282991964826	0.9746929273764433	0.604150097456795	353	2	2
DD:SE:29549	DD	SE	ENSG00000147601	TERF1	0.197	0.13912700563568975	0.014012239894869327	0.15313924553055908	452.875	3	4
DD:SE:29772	DD	SE	ENSG00000119541	VPS4B	-0.088	-0.10130592504896352	0.9968855941133995	0.895579669064436	2256	2	1
DD:SE:30007	DD	SE	ENSG00000127663	KDM4B	-0.093	-0.3867647058823529	1	0.6132352941176471	7.5	1	1
DD:SE:30074	DD	SE	ENSG00000204713	TRIM27	-0.073	-0.07378935173650258	0.9980911373831655	0.9243017856466629	754.375	2	1
DD:SE:30103	DD	SE	ENSG00000244187	TMEM141	-0.273	-0.05449113374834935	0.5668010752688172	0.5123099415204678	36	1	1
DD:SE:30105	DD	SE	ENSG00000244187	TMEM141	-0.173	-0.06118341121759441	0.8834243697478992	0.8222409585303048	108.625	1	1
DD:SE:30199	DD	SE	ENSG00000198315	ZKSCAN8	-0.113	0.006249999999999978	0.96875	0.975	21	4	1
DD:SE:30230	DD	SE	ENSG00000137842	TMEM62	-0.287	-0.2800915352095822	0.8868115412241547	0.6067200060145725	109.5	5	4
DD:SE:30359	DD	SE	ENSG00000112763	BTN2A1	0.44	0.4322897349411843	0.18646046482253378	0.618750199763718	148.375	3	7
DD:SE:30551	DD	SE	ENSG00000115221	ITGB6	-0.129	-0.09729926505533948	0.9950196408529741	0.8977203757976346	84	7	1
DD:SE:30687	DD	SE	ENSG00000163946	TASOR	-0.164	-0.0818532386072709	0.984375	0.9025217613927291	23.75	6	1
DD:SE:30757	DD	SE	ENSG00000140854	KATNB1	-0.143	-0.07564210830741902	0.9975124378109452	0.9218703295035262	226.375	3	1
DD:SE:30830	DD	SE	ENSG00000073578	SDHA	-0.184	-0.12755501720793694	0.9920077495874553	0.8644527323795184	2101	5	1
DD:SE:30835	DD	SE	ENSG00000073578	SDHA	-0.076	-0.05242344458580195	0.9987655936128463	0.9463421490270444	2093.75	4	1
DD:SE:30943	DD	SE	ENSG00000146776	ATXN7L1	-0.154	-0.36904761904761907	1	0.6309523809523809	5	9	1
DD:SE:31310	DD	SE	ENSG00000112186	CAP2	0.514	0.7317428753642964	0.021739130434782608	0.753482005799079	36	1	1
DD:SE:31315	DD	SE	ENSG00000112186	CAP2	-0.299	-0.2876326185002033	0.8295832873487106	0.5419506688485073	67.625	4	3
DD:SE:31336	DD	SE	ENSG00000168724	DNAJC21	-0.091	-0.04349981223112809	0.990612063867534	0.9471122516364059	154.125	10	1
DD:SE:31371	DD	SE	ENSG00000101019	UQCC1	-0.106	-0.1253332771637815	0.9902908204692684	0.8649575433054869	848	2	1
DD:SE:31778	DD	SE	ENSG00000124786	SLC35B3	0.249	0.09577404490219886	0.008840529652583631	0.10461457455478249	415.5	1	8
DD:SE:31783	DD	SE	ENSG00000124786	SLC35B3	-0.222	-0.20244114259088308	0.9797913858178613	0.7773502432269782	415.5	7	2
DD:SE:32170	DD	SE	ENSG00000112685	EXOC2	-0.078	-0.054260852406966986	0.9929908105112962	0.9387299581043292	152.375	7	1
DD:SE:32212	DD	SE	ENSG00000106799	TGFBR1	0.087	0.07082394799077923	0.004854826546003017	0.07567877453678225	76.25	1	6
DD:SE:32242	DD	SE	ENSG00000168216	LMBRD1	0.13	0.06001512889787548	0.0016492332505352598	0.06166436214841074	1182.5	2	2
DD:SE:32282	DD	SE	ENSG00000146063	TRIM41	-0.172	-0.13363918480563264	0.9494454902781047	0.815806305472472	58.75	9	4
DD:SE:32388	DD	SE	ENSG00000161010	MRNIP	0.126	0.5855273209762374	0.2525974025974026	0.83812472357364	21.875	2	1
DD:SE:32409	DD	SE	ENSG00000161010	MRNIP	0.154	0.23416705070975397	0.037410518544692004	0.271577569254446	103.625	1	6
DD:SE:32419	DD	SE	ENSG00000037897	METTL1	-0.053	-0.037631190716854945	0.9929724341406103	0.9553412434237554	628.375	2	1
DD:SE:32549	DD	SE	ENSG00000110871	COQ5	-0.139	-0.10345409673219708	0.9890027519190565	0.8855486551868594	837.625	2	1
DD:SE:32678	DD	SE	ENSG00000087206	UIMC1	0.082	0.009415404263109087	0	0.009415404263109087	392	1	11
DD:SE:32696	DD	SE	ENSG00000087206	UIMC1	-0.576	-0.7028617430096773	0.9049127234151987	0.20205098040552139	262	3	4
DD:SE:32704	DD	SE	ENSG00000087206	UIMC1	0.311	0.7383654980631204	0.10374000999000998	0.8421055080531303	246.25	4	2
DD:SE:32708	DD	SE	ENSG00000087206	UIMC1	-0.134	-0.3944831053032401	0.8272509949727691	0.432767889669529	120.625	2	2
DD:SE:32805	DD	SE	ENSG00000051596	THOC3	-0.109	-0.03600724041384451	0.9979156223528933	0.9619083819390488	2207.5	4	1
DD:SE:32811	DD	SE	ENSG00000120370	GORAB	0.132	0.0716588158787561	0.0154320542845133	0.0870908701632694	275.25	1	3
DD:SE:32817	DD	SE	ENSG00000120370	GORAB	0.104	0.034473222753020435	0.026847559437833873	0.06132078219085431	271	1	3
DD:SE:32918	DD	SE	ENSG00000090581	GNPTG	0.131	0.09388514853999524	0.006887817336062058	0.1007729658760573	1592.5	1	4
DD:SE:32949	DD	SE	ENSG00000173137	ADCK5	0.091	0.05176673021404503	0.009802431610942249	0.06156916182498728	124.875	1	7
DD:SE:33042	DD	SE	ENSG00000106258	CYP3A5	0.089	0.041902200824635985	0.00618477758455519	0.048086978409191176	1451.375	1	15
DD:SE:33096	DD	SE	ENSG00000102543	CDADC1	0.159	0.13402175526656637	0.014050769774779676	0.14807252504134605	145.375	2	6
DD:SE:33130	DD	SE	ENSG00000204427	ABHD16A	-0.225	-0.17939231136733114	0.9871090579075212	0.8077167465401901	819.125	1	1
DD:SE:33306	DD	SE	ENSG00000038358	EDC4	0.063	0.043055517873279076	0.008556115200826553	0.05161163307410563	100.5	1	3
DD:SE:33702	DD	SE	ENSG00000104219	ZDHHC2	-0.271	-0.2643126481361776	0.9709653092006033	0.7066526610644257	22.75	8	2
DD:SE:33758	DD	SE	ENSG00000055147	FAM114A2	-0.27	-0.2471460140907249	0.9987864077669903	0.7516403936762655	208.5	5	1
DD:SE:33946	DD	SE	ENSG00000134371	CDC73	-0.052	-0.05368012305405001	0.9949383349388592	0.9412582118848092	737.5	1	1
DD:SE:33976	DD	SE	ENSG00000137074	APTX	-0.068	-0.0568835264469677	0.9796343575612136	0.9227508311142459	770	12	1
DD:SE:34008	DD	SE	ENSG00000137074	APTX	0.078	0.5451585091499183	0.32402713565504265	0.869185644804961	169.75	3	1
DD:SE:34240	DD	SE	ENSG00000128789	PSMG2	0.066	0.04052146579406759	0.001416962950705374	0.041938428744772965	1243.25	1	3
DD:SE:34723	DD	SE	ENSG00000068394	GPKOW	-0.166	-0.1632692824258717	0.991331588769035	0.8280623063431634	364.125	1	1
DD:SE:35004	DD	SE	ENSG00000100596	SPTLC2	-0.192	-0.2020652153775665	0.9897648591537311	0.7876996437761646	223.875	1	1
DD:SE:35013	DD	SE	ENSG00000103248	MTHFSD	0.271	0.238272921108742	0	0.238272921108742	107.875	2	9
DD:SE:35320	DD	SE	ENSG00000155368	DBI	0.204	-0.13973214285714286	0.5958333333333333	0.45610119047619047	17.875	1	1
DD:SE:35358	DD	SE	ENSG00000120725	SIL1	-0.07	-0.06368742345898437	0.9965350416890958	0.9328476182301114	489.875	3	1
DD:SE:35702	DD	SE	ENSG00000075131	TIPIN	-0.106	-0.06935718196768093	0.9981508920289593	0.9287937100612784	199.25	10	1
DD:SE:35710	DD	SE	ENSG00000075131	TIPIN	-0.167	-0.10444811531077669	0.9949551145424541	0.8905069992316774	199.25	10	1
DD:SE:35865	DD	SE	ENSG00000113615	SEC24A	-0.071	-0.05601968881057462	1	0.9439803111894254	50.125	8	1
DD:SE:36206	DD	SE	ENSG00000064651	SLC12A2	-0.245	0.033333333333333326	0.9166666666666666	0.95	7.875	9	1
DD:SE:36266	DD	SE	ENSG00000122512	PMS2	-0.14	-0.0953670735976383	0.984857934296637	0.8894908606989987	86.375	10	1
DD:SE:36333	DD	SE	ENSG00000101213	PTK6	-0.197	-0.15441217568725207	0.7663037232485016	0.6118915475612495	469.75	3	2
DD:SE:36426	DD	SE	ENSG00000065485	PDIA5	-0.154	-0.09693620215278387	0.9927865077390394	0.8958503055862556	386.625	4	1
DD:SE:36430	DD	SE	ENSG00000065485	PDIA5	-0.435	-0.5137990660173309	0.9511130972744897	0.43731403125715873	386.625	2	3
DD:SE:36491	DD	SE	ENSG00000090863	GLG1	-0.102	-0.06756009736702728	0.9952405117923012	0.9276804144252739	406.5	3	1
DD:SE:36582	DD	SE	ENSG00000119682	AREL1	-0.288	-0.1366487002886586	0.9291968599033816	0.792548159614723	28.875	14	2
DD:SE:36732	DD	SE	ENSG00000165060	FXN	-0.128	-0.07153795713784528	0.9824914637706001	0.9109535066327549	600	2	1
DD:SE:36878	DD	SE	ENSG00000104866	PPP1R37	-0.121	-0.09954146090101157	0.9834523058019863	0.8839108449009747	112.125	5	1
DD:SE:36971	DD	SE	ENSG00000107104	KANK1	0.092	0.0055373007180236095	0	0.0055373007180236095	99	1	10
DD:SE:37059	DD	SE	ENSG00000164221	CCDC112	-0.143	-0.02248062015503871	1	0.9775193798449613	52.125	8	1
DD:SE:37145	DD	SE	ENSG00000146909	NOM1	0.157	0.08749472004423184	0.0033783783783783786	0.09087309842261021	154.75	3	8
DD:SE:37369	DD	SE	ENSG00000112679	DUSP22	-0.201	-0.20954224363316976	0.8410242715458546	0.6314820279126848	648.875	3	2
DD:SE:37485	DD	SE	ENSG00000085365	SCAMP1	-0.076	-0.06922206142205523	0.9924374473879292	0.9232153859658739	250.25	1	1
DD:SE:37510	DD	SE	ENSG00000135924	DNAJB2	-0.063	-0.054550838752478015	0.9941837598490346	0.9396329210965566	432.75	3	1
DD:SE:37662	DD	SE	ENSG00000163162	RNF149	-0.165	-0.1425675282593758	0.9921551944344932	0.8495876661751174	1187.25	3	1
DD:SE:38224	DD	SE	ENSG00000162959	MEMO1	-0.114	-0.11670766772536245	0.8847496580545247	0.7680419903291622	501.125	3	1
DD:SE:38234	DD	SE	ENSG00000162959	MEMO1	-0.05	-0.06950367213837305	0.9603273013932201	0.890823629254847	426.5	2	1
DD:SE:38237	DD	SE	ENSG00000162959	MEMO1	0.098	0.07139642114287392	0.002105435524240777	0.0735018566671147	501.125	1	3
DD:SE:38277	DD	SE	ENSG00000107021	TBC1D13	-0.158	-0.3247925855081026	0.6279305042536478	0.30313791874554524	73.625	2	1
DD:SE:38432	DD	SE	ENSG00000213246	SUPT4H1	-0.053	-0.037443737823408596	0.9622678652942931	0.9248241274708845	1110.25	2	1
DD:SE:38482	DD	SE	ENSG00000135537	AFG1L	0.199	0.1143621691699763	0.02797603693194453	0.14233820610192083	105.25	2	8
DD:SE:38489	DD	SE	ENSG00000135537	AFG1L	-0.127	-0.05614164664336674	0.9926984126984126	0.9365567660550459	86.625	6	1
DD:SE:38490	DD	SE	ENSG00000135537	AFG1L	-0.251	-0.2973214285714285	1	0.7026785714285715	18.375	1	1
DD:SE:38501	DD	SE	ENSG00000135537	AFG1L	-0.285	-0.218027239996464	0.9933333333333334	0.7753060933368694	103.625	7	2
DD:SE:38712	DD	SE	ENSG00000254093	PINX1	-0.221	-0.28425032224368246	0.7163064915395594	0.4320561692958769	731.25	1	2
DD:SE:39099	DD	SE	ENSG00000278845	MRPL45	-0.077	-0.06556962274968225	0.9983842204673163	0.9328145977176341	1522.25	2	1
DD:SE:39200	DD	SE	ENSG00000131732	ZCCHC9	-0.102	-0.07923054876686175	0.7902038161066913	0.7109732673398296	156.125	1	1
DD:SE:39236	DD	SE	ENSG00000106052	TAX1BP1	-0.109	-0.08788414441314452	0.9799650772384123	0.8920809328252678	1100.75	1	1
DD:SE:39332	DD	SE	ENSG00000153310	CYRIB	-0.073	-0.06949214738416531	0.7404499575359241	0.6709578101517588	1133.375	6	3
DD:SE:39484	DD	SE	ENSG00000164329	TENT2	-0.192	-0.1951680825755291	0.9926772904283665	0.7975092078528374	122.125	12	2
DD:SE:39867	DD	SE	ENSG00000128923	MINDY2	-0.142	-0.10181659980730107	0.9912766515754036	0.8894600517681025	237.5	2	1
DD:SE:39884	DD	SE	ENSG00000164347	GFM2	-0.326	-0.3347587628343641	0.9754195144299767	0.6406607515956125	223.625	6	2
DD:SE:40414	DD	SE	ENSG00000114993	RTKN	-0.243	-0.5646386794292049	0.8441717790084586	0.27953309957925376	305.5	2	1
DD:SE:40430	DD	SE	ENSG00000114993	RTKN	-0.182	-0.1291645265971405	0.9885252634006254	0.8593607368034849	1485.125	8	2
DD:SE:40520	DD	SE	ENSG00000183323	CCDC125	-0.146	-0.04172771367643413	0.9899492583918813	0.9482215447154472	51.5	23	1
DD:SE:40524	DD	SE	ENSG00000183323	CCDC125	-0.141	-0.14081658447613132	0.9842737323675181	0.8434571478913868	53.5	22	3
DD:SE:40603	DD	SE	ENSG00000145740	SLC30A5	-0.083	-0.08138401239208437	0.9909246511004226	0.9095406387083382	345.375	6	1
DD:SE:40657	DD	SE	ENSG00000265190	ANXA8	-0.253	-0.22691708356488005	0.9906161613420429	0.7636990777771628	7372.125	8	3
DD:SE:40875	DD	SE	ENSG00000153914	SREK1	0.388	0.2092381372270958	0.011947926430400463	0.22118606365749627	402	2	4
DD:SE:40927	DD	SE	ENSG00000106692	FKTN	0.134	-0.09513888888888888	0.12638888888888888	0.03125	10.625	2	11
DD:SE:41075	DD	SE	ENSG00000130348	QRSL1	0.147	0.08411599654034346	0.004138977494240652	0.08825497403458411	281.875	1	6
DD:SE:41086	DD	SE	ENSG00000130348	QRSL1	-0.083	-0.06877652216128793	0.9964478241779686	0.9276713020166807	294.5	9	1
DD:SE:41252	DD	SE	ENSG00000049167	ERCC8	0.102	0.026452726826751656	0.007059703004099964	0.03351242983085162	211.875	1	9
DD:SE:41548	DD	SE	ENSG00000134352	IL6ST	-0.058	-0.058186142521989836	0.9934199134199134	0.9352337708979236	159.875	3	1
DD:SE:41582	DD	SE	ENSG00000132196	HSD17B7	0.096	0.04790953241843017	0.003620810639709119	0.05153034305813929	351.875	1	3
DD:SE:41705	DD	SE	ENSG00000121022	COPS5	0.146	0.09125533039643936	0.0031541490186513706	0.09440947941509073	1480.5	1	4
DD:SE:42055	DD	SE	ENSG00000103264	FBXO31	-0.058	-0.02329267109086741	0.9889157155399473	0.9656230444490799	76.75	6	1
DD:SE:42092	DD	SE	ENSG00000079387	SENP1	0.25	0.15553884711779448	0	0.15553884711779448	23.625	10	25
DD:SE:42516	DD	SE	ENSG00000082068	WDR70	-0.064	-0.04132113905792256	0.9982014388489209	0.9568802997909983	111.375	8	1
DD:SE:42536	DD	SE	ENSG00000082068	WDR70	-0.13	-0.11403630862032421	0.9963369471876342	0.88230063856731	108.75	8	1
DD:SE:42658	DD	SE	ENSG00000152582	SPEF2	0.187	0.03703703703703698	0.962962962962963	1	15.25	16	1
DD:SE:42668	DD	SE	ENSG00000141756	FKBP10	-0.098	-0.08320625399282522	0.9929576545530493	0.9097514005602241	130.25	8	1
DD:SE:42712	DD	SE	ENSG00000113456	RAD1	-0.1	-0.16603798752373844	0.7559458432818418	0.5899078557581033	464.125	4	1
DD:SE:42718	DD	SE	ENSG00000113456	RAD1	0.087	0.05087307302312831	0.029412533738110588	0.0802856067612389	335.5	1	4
DD:SE:42899	DD	SE	ENSG00000087448	KLHL42	0.234	0.23597580341113344	0.11662494912770162	0.35260075253883505	240.125	1	1
DD:SE:43000	DD	SE	ENSG00000134602	STK26	-0.09	-0.058017797663026505	0.9967067210364973	0.9386889233734708	372.875	7	1
DD:SE:43140	DD	SE	ENSG00000115875	SRSF7	0.49	0.34094550777644256	0.010720667908822003	0.35166617568526454	4266.25	1	3
DD:SE:43149	DD	SE	ENSG00000147439	BIN3	0.075	0.0670513291877084	0.016143736366815115	0.08319506555452351	854.5	1	3
DD:SE:43270	DD	SE	ENSG00000152359	POC5	-0.327	-0.42738087299046806	0.9189607341015792	0.4915798611111111	112	10	4
DD:SE:43274	DD	SE	ENSG00000152359	POC5	0.094	0.03935676392572944	0	0.03935676392572944	80.25	1	11
DD:SE:43338	DD	SE	ENSG00000121957	GPSM2	-0.116	-0.06858221853843804	0.996190951821009	0.927608733282571	682	9	1
DD:SE:43479	DD	SE	ENSG00000095319	NUP188	-0.076	-0.07373522375457364	0.9975490196078431	0.9238137958532695	116.375	2	1
DD:SE:43480	DD	SE	ENSG00000095319	NUP188	-0.175	-0.6363095238095238	0.9166666666666666	0.28035714285714286	7.625	1	1
DD:SE:43495	DD	SE	ENSG00000155393	HEATR3	-0.069	0.007407407407407418	0.9814814814814815	0.9888888888888889	34.25	20	2
DD:SE:43501	DD	SE	ENSG00000155393	HEATR3	-0.149	-0.040539772727272716	1	0.9594602272727273	25	21	1
DD:SE:43535	DD	SE	ENSG00000204564	C6orf136	0.22	0.06355851986292749	0.021491872180873166	0.08505039204380065	438.5	1	3
DD:SE:43613	DD	SE	ENSG00000064703	DDX20	-0.07	-0.11583594627206562	0.9975497173051424	0.8817137710330768	377.25	3	1
DD:SE:43710	DD	SE	ENSG00000178460	MCMDC2	-0.572	-0.675	0.875	0.2	3.25	19	9
DD:SE:43820	DD	SE	ENSG00000141497	ZMYND15	-0.148	-0.04714912280701755	1	0.9528508771929824	11.75	12	1
DD:SE:44021	DD	SE	ENSG00000172345	STARD5	-0.187	0.2344350389338698	0.24191176470588233	0.4763468036397521	41.875	1	2
DD:SE:44022	DD	SE	ENSG00000172345	STARD5	-0.367	-0.36607114698200627	0.9569384936036526	0.5908673466216463	118.625	2	1
DD:SE:44161	DD	SE	ENSG00000146918	NCAPG2	-0.255	-0.22268778001487366	0.9142156862745098	0.6915279062596361	23.625	2	1
DD:SE:44184	DD	SE	ENSG00000146918	NCAPG2	-0.106	-0.11032166467892557	0.9932426597582038	0.8829209950792782	97.25	10	2
DD:SE:44257	DD	SE	ENSG00000188428	BLOC1S5	0.124	0.08603250136558313	0.027413467755532762	0.11344596912111589	213.125	1	2
DD:SE:44363	DD	SE	ENSG00000112877	CEP72	-0.205	-0.32117938186459916	0.8716214026445424	0.5504420207799432	54.5	10	6
DD:SE:44434	DD	SE	ENSG00000115970	THADA	0.091	0.026785714285714288	0.03571428571428571	0.0625	10	1	6
DD:SE:44515	DD	SE	ENSG00000164944	VIRMA	-0.18	-0.1594673390090534	0.972946556671449	0.8134792176623956	41.75	3	2
DD:SE:44543	DD	SE	ENSG00000054983	GALC	-0.109	-0.10147459421994687	0.9954545454545455	0.8939799512345986	109	4	1
DD:SE:44596	DD	SE	ENSG00000132356	PRKAA1	-0.216	-0.23159216481364642	0.9932045467759754	0.7616123819623289	196	3	1
DD:SE:44656	DD	SE	ENSG00000163660	CCNL1	0.186	0.17781122559203946	0.0344618179237054	0.21227304351574486	921.25	2	8
DD:SE:44667	DD	SE	ENSG00000163660	CCNL1	0.426	0.7447213492002975	0.05770840286653153	0.8024297520668291	342.875	2	2
DD:SE:44672	DD	SE	ENSG00000163660	CCNL1	0.369	0.6582926459322311	0.2507286313333543	0.9090212772655855	679.375	6	2
DD:SE:44679	DD	SE	ENSG00000163069	SGCB	0.214	0.15935948329297378	0.010719595389570968	0.17007907868254474	419.5	1	1
DD:SE:44735	DD	SE	ENSG00000100003	SEC14L2	-0.164	-0.11221399723778402	0.9678592573718218	0.8556452601340377	817.875	4	1
DD:SE:44761	DD	SE	ENSG00000100003	SEC14L2	-0.226	-0.5124826517231174	0.866667427865921	0.35418477614280364	175.375	1	1
DD:SE:44765	DD	SE	ENSG00000100003	SEC14L2	-0.167	-0.14193463831793707	0.9798961921183302	0.8379615538003932	780.875	4	1
DD:SE:44983	DD	SE	ENSG00000168310	IRF2	-0.07	-0.11883555503097964	0.9962686567164178	0.8774331016854382	259	6	1
DD:SE:45162	DD	SE	ENSG00000182552	RWDD4	-0.094	-0.1222760309545069	0.959752649452502	0.8374766184979952	344.75	1	1
DD:SE:45174	DD	SE	ENSG00000164695	CHMP4C	-0.137	-0.1306554793701169	0.9817855583993016	0.8511300790291847	880	1	1
DD:SE:45306	DD	SE	ENSG00000105677	TMEM147	-0.079	-0.08184002405816793	0.987817393703733	0.9059773696455651	1117.875	1	1
DD:SE:45411	DD	SE	ENSG00000166685	COG1	-0.243	-0.2237832876131718	0.9820571925816862	0.7582739049685144	224.875	4	2
DD:SE:45600	DD	SE	ENSG00000095383	TBC1D2	-0.147	-0.20762457966159953	0.9096950906578415	0.702070510996242	297.25	2	1
DD:SE:45781	DD	SE	ENSG00000109466	KLHL2	-0.06	-0.006558155844076929	0.9959016393442623	0.9893434835001854	99.5	7	1
DD:SE:45793	DD	SE	ENSG00000109466	KLHL2	-0.115	-0.07081998199350736	0.9901119544355965	0.9192919724420892	120.25	8	2
DD:SE:45889	DD	SE	ENSG00000170185	USP38	0.062	0.03874746779810631	0.0011627906976744186	0.039910258495780726	205.25	1	9
DD:SE:45945	DD	SE	ENSG00000145414	NAF1	0.188	0.1438294561080092	0.011594966821058381	0.15542442292906758	391	1	4
DD:SE:45946	DD	SE	ENSG00000145414	NAF1	0.279	0.2544944627728156	0.6557815550462609	0.9102760178190765	47.25	1	1
DD:SE:46159	DD	SE	ENSG00000104412	EMC2	-0.142	-0.10514110873362237	0.998547128721773	0.8934060199881506	825.375	5	1
DD:SE:46252	DD	SE	ENSG00000147457	CHMP7	0.129	0.06205321894351705	0.0020695117964059373	0.06412273073992299	741.5	1	2
DD:SE:46254	DD	SE	ENSG00000147457	CHMP7	-0.08	-0.10375142818297123	0.9954696058386489	0.8917181776556776	760.875	2	1
DD:SE:46309	DD	SE	ENSG00000121210	TMEM131L	-0.159	0.019230769230769162	0.9807692307692308	1	17.25	11	1
DD:SE:46351	DD	SE	ENSG00000265354	TIMM23	-0.064	-0.06946416439701997	0.9899457745943384	0.9204816101973184	4349	1	1
DD:SE:46544	DD	SE	ENSG00000111707	SUDS3	-0.151	-0.14773388873824855	0.9843419407321996	0.836608051993951	253.5	3	1
DD:SE:46703	DD	SE	ENSG00000169189	NSMCE1	0.06	0.0549625597499367	0.006256463915061127	0.061219023664997825	662.625	1	2
DD:SE:46921	DD	SE	ENSG00000134490	TMEM241	0.067	0	1	1	11.125	32	1
DD:SE:47121	DD	SE	ENSG00000155621	C9orf85	0.112	0.12625670411147663	0.011889718624216538	0.13814642273569316	739.875	1	4
DD:SE:47463	DD	SE	ENSG00000164163	ABCE1	-0.154	-0.15544858261924943	0.9979614401418251	0.8425128575225757	981.625	3	1
DD:SE:47567	DD	SE	ENSG00000153147	SMARCA5	-0.078	-0.0746101310386672	0.9983673297723616	0.9237571987336944	422	3	1
DD:SE:47606	DD	SE	ENSG00000135698	MPHOSPH6	0.072	0.06972716255080406	0.002611595386489571	0.07233875793729364	3336.5	1	2
DD:SE:47610	DD	SE	ENSG00000135698	MPHOSPH6	-0.118	-0.10594954520281197	0.9700242512298146	0.8640747060270026	3525.75	2	1
DD:SE:47841	DD	SE	ENSG00000109586	GALNT7	-0.203	-0.16615125630808047	0.9901799820743031	0.8240287257662227	266.75	4	1
DD:SE:48159	DD	SE	ENSG00000270647	TAF15	-0.219	-0.43189102564102566	1	0.5681089743589743	10.625	1	1
DD:SE:48161	DD	SE	ENSG00000270647	TAF15	-0.137	-0.07907407447003378	1	0.9209259255299662	67.25	7	1
DD:SE:48173	DD	SE	ENSG00000270647	TAF15	-0.151	-0.10606013957307059	1	0.8939398604269294	54.25	4	1
DD:SE:48490	DD	SE	ENSG00000171735	CAMTA1	0.074	0.11999597991250104	0.10394726087701457	0.2239432407895156	555.5	2	2
DD:SE:48665	DD	SE	ENSG00000023318	ERP44	-0.122	-0.08993654564805409	0.9954182296925452	0.9054816840444911	1426.375	2	1
DD:SE:48912	DD	SE	ENSG00000145390	USP53	0.13	0.03333333333333333	0.022727272727272728	0.05606060606060606	13.125	1	5
DD:SE:48932	DD	SE	ENSG00000145388	METTL14	-0.077	-0.0770675294989338	0.9967740433151193	0.9197065138161855	450.25	3	1
DD:SE:48936	DD	SE	ENSG00000145388	METTL14	-0.13	-0.14414851582212784	0.7870150491083167	0.6428665332861888	450.25	3	1
DD:SE:48963	DD	SE	ENSG00000176444	CLK2	-0.064	-0.029840047287221005	0.9979476694133562	0.9681076221261352	319.125	8	1
DD:SE:48965	DD	SE	ENSG00000176444	CLK2	-0.092	0.10358171521964624	0.0875	0.19108171521964623	33.125	1	3
DD:SE:48971	DD	SE	ENSG00000176444	CLK2	-0.335	-0.552431218958435	0.8585051444775045	0.30607392551906937	158.375	2	3
DD:SE:48973	DD	SE	ENSG00000176444	CLK2	-0.295	-0.4282562617804848	0.9264379488425937	0.49818168706210886	244.875	3	3
DD:SE:49087	DD	SE	ENSG00000116906	GNPAT	0.133	0.08642187338405587	0.008428549597356462	0.09485042298141233	365.625	1	3
DD:SE:49230	DD	SE	ENSG00000157869	RAB28	-0.257	-0.26097751399840463	0.9132919208941808	0.6523144068957761	514.75	3	3
DD:SE:49277	DD	SE	ENSG00000108039	XPNPEP1	-0.085	-0.050905657341199895	0.9978366336621193	0.9469309763209194	558	4	1
DD:SE:49283	DD	SE	ENSG00000108039	XPNPEP1	0.095	0.05165130088984283	0.0010404171582088367	0.052691718048051665	557.125	1	4
DD:SE:49372	DD	SE	ENSG00000204576	PRR3	0.393	0.4809391692615377	0.30823863636363635	0.789177805625174	35.5	1	1
DD:SE:49388	DD	SE	ENSG00000142751	GPN2	-0.081	-0.07227539436954533	0.9850925725521937	0.9128171781826484	669.25	2	1
DD:SE:49404	DD	SE	ENSG00000160087	UBE2J2	0.105	0.10450335564331573	0.0517772236023143	0.15628057924563002	1517.5	1	4
DD:SE:49647	DD	SE	ENSG00000197818	SLC9A8	-0.303	-0.6339285714285714	0.6428571428571428	0.008928571428571428	16.625	1	4
DD:SE:49649	DD	SE	ENSG00000197818	SLC9A8	-0.397	-0.4799970115415451	0.9245356037151703	0.4445385921736252	37.25	8	4
DD:SE:49860	DD	SE	ENSG00000115548	KDM3A	0.313	0.4687174075071167	0.027493606138107418	0.49621101364522413	56.875	2	4
DD:SE:49985	DD	SE	ENSG00000042445	RETSAT	-0.138	-0.045910063957333436	0.9888754149500283	0.9429653509926949	701.625	8	1
DD:SE:50007	DD	SE	ENSG00000042445	RETSAT	-0.173	-0.07636348711055818	0.9954436460343995	0.9190801589238413	501	3	1
DD:SE:50036	DD	SE	ENSG00000124226	RNF114	-0.074	-0.04970323730247572	0.9958556747926489	0.9461524374901732	1322.625	1	1
DD:SE:50470	DD	SE	ENSG00000004864	SLC25A13	-0.14	-0.12274240131916381	0.994298957621326	0.8715565563021622	173	6	1
DD:SE:51060	DD	SE	ENSG00000163013	FBXO41	-0.27	-0.75	1	0.25	0.5	1	1
DD:SE:51159	DD	SE	ENSG00000075292	ZNF638	-0.278	-0.526764224748159	0.8938775510204082	0.36711332627224924	96.125	3	4
DD:SE:51330	DD	SE	ENSG00000124357	NAGK	-0.064	-0.0558452020969612	0.9831467738540842	0.927301571757123	1017.25	3	1
DD:SE:51362	DD	SE	ENSG00000165119	HNRNPK	-0.071	-0.05302538801453427	0.9982514924365394	0.9452261044220052	11102.75	5	2
DD:SE:51457	DD	SE	ENSG00000164068	RNF123	-0.077	-0.053311876968801575	0.9951923076923077	0.9418804307235061	54.75	10	1
DD:SE:51579	DD	SE	ENSG00000163219	ARHGAP25	-0.147	-0.1958701607540989	0.9777455249153362	0.7818753641612373	27.625	15	2
DD:SE:51807	DD	SE	ENSG00000143971	ETAA1	-0.127	-0.0372033495499966	0.9781961385248483	0.9409927889748517	179.5	7	1
DD:SE:51833	DD	SE	ENSG00000198369	SPRED2	0.09	0.06884096374777474	0.03473750535951702	0.10357846910729177	93	1	4
DD:SE:51835	DD	SE	ENSG00000198369	SPRED2	0.074	0.007646859154985197	0.8613998827365843	0.8690467418915695	100.125	4	1
DD:SE:51877	DD	SE	ENSG00000138071	ACTR2	-0.071	-0.07956004124403471	0.9898419960279534	0.9102819547839187	2679.5	1	1
DD:SE:52051	DD	SE	ENSG00000131389	SLC6A6	-0.295	-0.17249414127186624	0.9288082694763728	0.7563141282045066	51.125	1	1
DD:SE:52069	DD	SE	ENSG00000182872	RBM10	-0.263	-0.15683030481024318	0.9894588325607222	0.832628527750479	180.75	9	2
DD:SE:52256	DD	SE	ENSG00000134294	SLC38A2	-0.107	-0.13515160028331397	0.9801612643713093	0.8450096640879954	396.75	3	2
DD:SE:52272	DD	SE	ENSG00000082515	MRPL22	-0.076	-0.037668774287765716	0.9656422001480308	0.9279734258602651	888.375	2	1
DD:SE:52352	DD	SE	ENSG00000213983	AP1G2	-0.121	-0.08465516571445053	0.9968044075886824	0.9121492418742319	596.625	15	2
DD:SE:52359	DD	SE	ENSG00000213983	AP1G2	-0.089	-0.16746270006583963	0.9532974456874438	0.7858347456216042	652.5	11	8
DD:SE:52381	DD	SE	ENSG00000117151	CTBS	-0.27	-0.2937577839181408	0.8461559100481014	0.5523981261299606	451.75	3	4
DD:SE:52417	DD	SE	ENSG00000131375	CAPN7	-0.112	-0.1292321001979344	0.8426243894993894	0.713392289301455	64.875	1	1
DD:SE:52422	DD	SE	ENSG00000131375	CAPN7	-0.347	-0.35611416190710754	0.9435985288424313	0.5874843669353238	186	4	1
DD:SE:52452	DD	SE	ENSG00000124222	STX16	-0.089	-0.1765599679159775	0.7683846136942631	0.5918246457782856	207.75	9	3
DD:SE:52533	DD	SE	ENSG00000005436	GCFC2	-0.186	-0.2456236231496124	0.9770743010364754	0.731450677886863	157.875	4	2
DD:SE:52538	DD	SE	ENSG00000005436	GCFC2	-0.336	-0.33579429719722065	0.9720090392885405	0.6362147420913199	157.875	4	2
DD:SE:52601	DD	SE	ENSG00000138794	CASP6	-0.284	-0.23131423146018626	0.9845967612851649	0.7532825298249787	737.375	1	1
DD:SE:52962	DD	SE	ENSG00000162869	PPP1R21	0.204	0.08023696773696773	0	0.08023696773696773	93.375	1	8
DD:SE:53018	DD	SE	ENSG00000015676	NUDCD3	0.258	0.14705120037727948	0.008413942874457847	0.15546514325173733	405.125	1	2
DD:SE:53032	DD	SE	ENSG00000053371	AKR7A2	-0.117	-0.07414359974214901	0.9759498238071014	0.9018062240649524	636.625	1	1
DD:SE:53086	DD	SE	ENSG00000068724	TTC7A	-0.157	-0.11239154173936783	1	0.8876084582606322	38.875	8	1
DD:SE:53198	DD	SE	ENSG00000068784	SRBD1	-0.236	-0.14582493157925225	1	0.8541750684207478	46.125	8	1
DD:SE:53384	DD	SE	ENSG00000114054	PCCB	-0.051	-0.03676826516244558	0.9947879200647943	0.9580196549023487	698.875	2	1
DD:SE:53416	DD	SE	ENSG00000119471	HSDL2	-0.161	-0.143341901523942	0.9878701581857321	0.8445282566617901	311.375	3	1
DD:SE:53429	DD	SE	ENSG00000119471	HSDL2	0.117	0.058112837897008995	0.0024365369876023935	0.06054937488461139	342.75	1	5
DD:SE:53439	DD	SE	ENSG00000058056	USP13	-0.195	-0.03125	1	0.96875	7.125	5	1
DD:SE:53581	DD	SE	ENSG00000177106	EPS8L2	-0.119	-0.08216530563988789	0.9946781367959711	0.9125128311560832	580.875	8	1
DD:SE:53790	DD	SE	ENSG00000163558	PRKCI	-0.122	-0.0803017424778315	0.9883314490491549	0.9080297065713234	302	4	1
DD:SE:53805	DD	SE	ENSG00000163558	PRKCI	-0.099	-0.09019543486598747	0.9981519655471233	0.9079565306811358	307	4	1
DD:SE:53992	DD	SE	ENSG00000171612	SLC25A33	-0.139	-7.91193862693329e-4	0.9986190476190476	0.9978278537563543	376.25	3	1
DD:SE:54025	DD	SE	ENSG00000119787	ATL2	-0.094	-0.09655885394773445	0.9774277773149982	0.8808689233672637	394.375	5	1
DD:SE:54069	DD	SE	ENSG00000258890	CEP95	-0.384	-0.5976835207582202	0.7784152251257515	0.1807317043675313	107.875	5	7
DD:SE:54142	DD	SE	ENSG00000171566	PLRG1	-0.056	-0.06468255925472133	0.9993305636968037	0.9346480044420824	1200.25	3	1
DD:SE:54170	DD	SE	ENSG00000166839	ANKDD1A	0.388	0.3416666666666666	0.2	0.5416666666666666	3.5	10	13
DD:SE:54171	DD	SE	ENSG00000115446	UNC50	-0.052	-0.060139994630549976	0.9830351084501201	0.9228951138195701	1284.375	2	1
DD:SE:54190	DD	SE	ENSG00000239779	WBP1	0.061	0.029900212303544338	0.03694437718771079	0.06684458949125513	199.75	1	1
DD:SE:54433	DD	SE	ENSG00000018699	TTC27	-0.101	-0.05250267890558835	0.9906000068332219	0.9380973279276336	197.875	10	1
DD:SE:54841	DD	SE	ENSG00000146729	NIPSNAP2	-0.074	-0.059008669563182625	0.9986352844733861	0.9396266149102035	1941.75	2	1
DD:SE:54923	DD	SE	ENSG00000137947	GTF2B	0.06	0.04694550224526859	0.0015329160878985286	0.04847841833316712	767.625	1	3
DD:SE:55065	DD	SE	ENSG00000140650	PMM2	-0.137	-0.15601783276030412	0.9767974336644363	0.8207796009041322	1266.625	2	2
DD:SE:55074	DD	SE	ENSG00000140650	PMM2	-0.089	0.1599531361315082	0.4840818903318903	0.6440350264633985	158.625	1	1
DD:SE:55088	DD	SE	ENSG00000140650	PMM2	-0.169	-0.18053060223833794	0.96454749258467265	0.7840168903463347	1266.625	2	2
DD:SE:55173	DD	SE	ENSG00000214753	HNRNPUL2	-0.188	-0.14522865932059104	0.982397615145051	0.8371689558244599	158.875	4	1
DD:SE:55360	DD	SE	ENSG00000105879	CBLL1	0.446	0.4147384859646379	0.04145065038089752	0.45618913634553543	716.375	1	2
DD:SE:55433	DD	SE	ENSG00000119777	TMEM214	0.192	0.11517243675469306	0.005339104028874829	0.12051154078356789	391.875	1	2
DD:SE:55453	DD	SE	ENSG00000119777	TMEM214	-0.219	-0.18171979467872623	0.9754064635286167	0.7936866688498905	391.875	2	1
DD:SE:55512	DD	SE	ENSG00000116584	ARHGEF2	-0.18	-0.08663360693114452	1	0.9133663930688555	53.125	8	1
DD:SE:55513	DD	SE	ENSG00000116584	ARHGEF2	-0.233	-0.193968226825614	1	0.806031773174386	53.125	8	1
DD:SE:55554	DD	SE	ENSG00000221978	CCNL2	0.193	0.47961686973457696	0.06757015145972226	0.5471870211942992	289.75	1	1
DD:SE:55616	DD	SE	ENSG00000172113	NME6	0.281	0.40360773364248886	0.06089994042470887	0.46450767406719773	267.5	3	3
DD:SE:55809	DD	SE	ENSG00000119772	DNMT3A	-0.132	-0.17787698412698416	1	0.8221230158730158	18.75	8	1
DD:SE:55819	DD	SE	ENSG00000119772	DNMT3A	0.525	0.12499999999999999	0.08333333333333333	0.20833333333333331	2.875	1	1
DD:SE:56279	DD	SE	ENSG00000186654	PRR5	0.097	0.050674265106047	0.8219379257852535	0.8726121908913005	95.25	10	2
DD:SE:56411	DD	SE	ENSG00000117262	GPR89A	0.655	0.06988329617690724	0.00489708270046614	0.07478037887737338	290.125	1	3
DD:SE:56587	DD	SE	ENSG00000158864	NDUFS2	-0.151	-0.1325569533894847	0.9924078201168727	0.859850866727388	4255.5	1	1
DD:SE:56688	DD	SE	ENSG00000100439	ABHD4	0.189	0.17064402577041657	0.008661359280554327	0.1793053850509709	160.625	1	3
DD:SE:56805	DD	SE	ENSG00000170381	SEMA3E	-0.22	-0.009375000000000022	0.984375	0.975	7.375	8	1
DD:SE:56811	DD	SE	ENSG00000136932	TRMO	0.151	0.16962855642824137	0.039415778940791776	0.20904433536903316	522.75	2	3
DD:SE:56949	DD	SE	ENSG00000138035	PNPT1	-0.11	-0.07625167999191951	0.9948456468818128	0.9185939668898933	176.375	11	1
DD:SE:57070	DD	SE	ENSG00000116001	TIA1	0.244	0.24270545588631642	0.048667522564581386	0.2913729784508978	122.5	3	8
DD:SE:57557	DD	SE	ENSG00000109667	SLC2A9	-0.109	-0.1393727190345243	0.9803447201617648	0.8409720011272405	270	16	3
DD:SE:57572	DD	SE	ENSG00000109667	SLC2A9	-0.128	-0.20402365053447347	0.8292078498073091	0.6251841992728356	277.75	12	13
DD:SE:57616	DD	SE	ENSG00000134326	CMPK2	0.41	0.03955627705627705	0.008928571428571428	0.048484848484848485	17.25	1	6
DD:SE:57627	DD	SE	ENSG00000004534	RBM6	-0.084	-0.22692455712119441	0.8823032730916006	0.6553787159704062	142.25	3	2
DD:SE:57645	DD	SE	ENSG00000004534	RBM6	-0.185	-0.20799769531031231	0.9218775353113213	0.713879840001009	174.5	4	2
DD:SE:57696	DD	SE	ENSG00000147852	VLDLR	-0.203	-0.21566039913701396	0.9874733385720701	0.7718129394350561	122.375	8	4
DD:SE:57735	DD	SE	ENSG00000140943	MBTPS1	-0.129	-0.1286469821539742	0.993880289826068	0.8652333076720938	255	2	1
DD:SE:57745	DD	SE	ENSG00000140943	MBTPS1	-0.116	-0.07993298882210231	0.986331803544138	0.9063988147220357	255	2	1
DD:SE:58137	DD	SE	ENSG00000104613	INTS10	-0.23	-0.2062295148666451	0.993074042314217	0.7868445274475719	544.5	3	1
DD:SE:58177	DD	SE	ENSG00000163029	SMC6	0.117	0.022524807262722022	0.008928571428571428	0.03145337869129345	74.75	1	9
DD:SE:58345	DD	SE	ENSG00000109689	STIM2	-0.12	-0.14629576505612563	0.972807593870586	0.8265118288144604	95	9	2
DD:SE:58401	DD	SE	ENSG00000141378	PTRH2	0.124	0.2808839481395264	0.1753402378181978	0.4562241859577242	928.75	1	1
DD:SE:58460	DD	SE	ENSG00000167535	CACNB3	-0.244	-0.20007881685425055	0.8030653975636035	0.602986580709353	103.625	5	5
DD:SE:58674	DD	SE	ENSG00000128609	NDUFA5	0.076	0.04227976703841593	0.0025326327164223155	0.04481239975483825	3813.25	1	2
DD:SE:58679	DD	SE	ENSG00000128609	NDUFA5	0.05	0.014521428405542386	0.013323152121349312	0.027844580526891698	3813.25	1	2
DD:SE:58781	DD	SE	ENSG00000114982	KANSL3	0.265	0.00477938233184972	0.013888888888888888	0.018668271220738608	33	1	15
DD:SE:58871	DD	SE	ENSG00000029639	TFB1M	0.149	0.0729465963310384	0.003213718465640045	0.07616031479667844	502.75	1	5
DD:SE:58969	DD	SE	ENSG00000095059	DHPS	-0.157	-0.10876071112330732	0.9220180400576292	0.8132573289343219	756.75	4	1
DD:SE:59070	DD	SE	ENSG00000162923	WDR26	0.053	0.008493506493506494	0.005681818181818182	0.014175324675324676	86.375	1	6
DD:SE:59171	DD	SE	ENSG00000130813	SHFL	0.076	0.12346901242978173	0.02396655550053884	0.14743556793032056	119.25	3	4
DD:SE:59396	DD	SE	ENSG00000126107	HECTD3	-0.391	-0.4635225976240528	0.9571351545650612	0.49361255694100836	142.125	3	1
DD:SE:59459	DD	SE	ENSG00000058799	YIPF1	0.14	0.031565975055176575	0.0030381041536647942	0.03460407920884137	439.375	1	4
DD:SE:59500	DD	SE	ENSG00000184432	COPB2	-0.121	-0.1112052728505607	0.9965409525421988	0.8853356796916381	1091.875	2	1
DD:SE:59782	DD	SE	ENSG00000087338	GMCL1	-0.098	-0.06463918668531232	0.9920139791344568	0.9273747924491444	197.875	3	1
DD:SE:59871	DD	SE	ENSG00000173726	TOMM20	0.193	0.21817819554405535	0.00852808562457521	0.22670628116863056	840.375	1	1
DD:SE:59887	DD	SE	ENSG00000128185	DGCR6L	-0.066	-0.04967360072787086	0.96415551449668	0.9144819137688092	567.875	1	1
DD:SE:60085	DD	SE	ENSG00000147475	ERLIN2	-0.156	-0.04108185712092416	0.9928724324744864	0.9517905753535623	152.375	6	1
DD:SE:60100	DD	SE	ENSG00000129451	KLK10	-0.095	-0.06759963640944755	0.9934375144438801	0.9258378780344325	11814.375	6	1
DD:SE:60101	DD	SE	ENSG00000135778	NTPCR	-0.103	-0.10562125290524493	0.9656246640895347	0.8600034111842898	1056.375	3	1
DD:SE:60797	DD	SE	ENSG00000183955	KMT5A	0.259	0.34901960784313724	0.08333333333333334	0.4323529411764706	5.375	1	2
DD:SE:61066	DD	SE	ENSG00000198408	OGA	-0.229	-0.33869784163259825	0.6840277777777778	0.34532993614517954	66	1	1
DD:SE:61075	DD	SE	ENSG00000198408	OGA	-0.208	-0.20262139847518057	0.9826041254271674	0.7799827269519868	316.125	1	1
DD:SE:61157	DD	SE	ENSG00000134072	CAMK1	-0.54	-0.4576288631862455	0.980361956103196	0.5227330929169505	81.5	7	5
DD:SE:61263	DD	SE	ENSG00000164024	METAP1	0.102	0.06165329546592291	0.01854655135380145	0.08019984681972436	643.25	2	5
DD:SE:61326	DD	SE	ENSG00000162302	RPS6KA4	-0.065	-0.0338841269706609	0.9859466799993649	0.952062553028704	305.625	12	1
DD:SE:61567	DD	SE	ENSG00000115275	MOGS	-0.057	-0.09253724566664612	0.9723725527019775	0.8798353070353314	301.25	2	1
DD:SE:61602	DD	SE	ENSG00000163322	ABRAXAS1	-0.128	-0.0463157894736842	1	0.9536842105263158	16.875	10	1
DD:SE:61627	DD	SE	ENSG00000117682	DHDDS	-0.185	0.34845364854863636	0.33333333333333337	0.6817869818819697	32.125	2	1
DD:SE:61631	DD	SE	ENSG00000117682	DHDDS	-0.16	-0.08279323548366768	0.9970850421990984	0.9142918067154308	204.625	9	1
DD:SE:61823	DD	SE	ENSG00000132912	DCTN4	-0.171	-0.1640159123299455	0.9942743303398818	0.8302584180099363	182.625	5	1
DD:SE:61824	DD	SE	ENSG00000132912	DCTN4	0.065	0.05161222898865635	0.0026491365777080063	0.05426136556636435	175.625	1	4
DD:SE:61885	DD	SE	ENSG00000143507	DUSP10	-0.313	-0.3780150082951451	0.9072142965104841	0.529199288215339	197.375	2	1
DD:SE:61912	DD	SE	ENSG00000168522	FNTA	-0.122	-0.1106247774172171	0.9750301419162966	0.8644053644990795	2666	4	1
DD:SE:62000	DD	SE	ENSG00000143353	LYPLAL1	-0.184	-0.1472127024509048	0.9697868936367777	0.8225741911858729	596.875	5	2
DD:SE:62004	DD	SE	ENSG00000143353	LYPLAL1	-0.249	-0.4185895949690608	0.861147964073496	0.44255836910443525	159.625	2	2
DD:SE:62042	DD	SE	ENSG00000116752	BCAS2	-0.068	-0.08391810199593153	0.9936773100065688	0.9097592080106373	1819	1	1
DD:SE:62080	DD	SE	ENSG00000206562	METTL6	0.252	0.3372077058321442	0.06890953089152818	0.4061172367236724	226.875	1	3
DD:SE:62233	DD	SE	ENSG00000168255	POLR2J3	0.082	0.007744947038478167	0	0.007744947038478167	199	1	4
DD:SE:62339	DD	SE	ENSG00000158863	FHIP2B	0.071	-0.025453236850295675	0.038846093993152815	0.01339285714285714	43.625	1	8
DD:SE:62501	DD	SE	ENSG00000110046	ATG2A	-0.185	-0.10096153846153844	1	0.8990384615384616	6.25	4	1
DD:SE:62534	DD	SE	ENSG00000076258	FMO4	-0.279	-0.16636904761904758	0.75	0.5836309523809524	10.25	1	2
DD:SE:62537	DD	SE	ENSG00000076258	FMO4	0.338	0.4888157894736842	0.025	0.5138157894736842	14	2	2
DD:SE:62583	DD	SE	ENSG00000013441	CLK1	-0.056	-0.02984840991659299	0.9920815294097599	0.9622331194931669	576.75	5	1
DD:SE:62587	DD	SE	ENSG00000013441	CLK1	-0.329	-0.44005840322179496	0.8463989252343126	0.40634052201251764	488.125	1	2
DD:SE:62598	DD	SE	ENSG00000048740	CELF2	-0.308	-0.17739605355884425	0.9926287375415282	0.815232683982684	76.375	14	2
DD:SE:62638	DD	SE	ENSG00000166233	ARIH1	0.173	0.08264919847034236	0.008471513605442177	0.09112071207578454	138.625	1	4
DD:SE:62724	DD	SE	ENSG00000117595	IRF6	0.109	0.09655537181392473	7.045306400354299e-4	0.09725990245396017	2150.5	1	7
DD:SE:62859	DD	SE	ENSG00000163517	HDAC11	-0.081	-0.08128298958397207	0.9927871148459384	0.9115041252619663	141.75	5	1
DD:SE:62974	DD	SE	ENSG00000163249	CCNYL1	-0.113	-0.09050153565366836	0.8129233846726241	0.7224218490189558	71.75	6	3
DD:SE:62998	DD	SE	ENSG00000114670	NEK11	-0.182	-0.11904761904761907	1	0.8809523809523809	5.125	18	3
DD:SE:63129	DD	SE	ENSG00000109184	DCUN1D4	0.076	0.07171217541739996	0.001329787234042553	0.07304196265144251	279	1	6
DD:SE:63212	DD	SE	ENSG00000100600	LGMN	-0.079	-0.049404984233912375	0.9973579453956073	0.9479529611616949	853.375	5	1
DD:SE:63403	DD	SE	ENSG00000145476	CYP4V2	-0.199	-0.09769759448068271	0.9725796568627451	0.8748820623820623	37.5	6	2
DD:SE:63477	DD	SE	ENSG00000164961	WASHC5	-0.157	-0.1014349704030002	0.9969295953411975	0.8954946249381973	114.25	3	1
DD:SE:63557	DD	SE	ENSG00000167522	ANKRD11	0.091	0.031529136289971935	0.029311464485221865	0.0608406007751938	59.625	1	4
DD:SE:63665	DD	SE	ENSG00000143842	SOX13	-0.084	-0.14390142021720975	1	0.8560985797827902	10.25	9	1
DD:SE:63741	DD	SE	ENSG00000133627	ACTR3B	0.128	0.18526223728099225	0.037513842821363295	0.22277608010235556	96.75	7	8
DD:SE:63811	DD	SE	ENSG00000116062	MSH6	-0.081	-0.173493100248309	0.9940698656215898	0.8205767653732808	150.375	5	2
DD:SE:64024	DD	SE	ENSG00000163444	TMEM183A	0.348	0.19204983284056013	0.010933679923498635	0.20298351276405877	3012.25	1	3
DD:SE:64056	DD	SE	ENSG00000122335	SERAC1	-0.359	-0.38267578541627456	0.8838018676673568	0.5011260822510822	116.25	6	4
DD:SE:64312	DD	SE	ENSG00000176393	RNPEP	-0.1	-0.07439953748882278	0.997738979921498	0.9233394424326752	2362.875	1	1
DD:SE:64450	DD	SE	ENSG00000176896	TCEANC	0.17	-0.17866161616161613	0.8106060606060606	0.6319444444444444	6	3	3
DD:SE:64458	DD	SE	ENSG00000118564	FBXL5	-0.112	-0.13375557423954765	0.9931664409083996	0.8594108666688519	666.5	3	1
DD:SE:64525	DD	SE	ENSG00000133739	LRRCC1	-0.224	0.05555555555555558	0.9444444444444444	1	5.75	11	2
DD:SE:64551	DD	SE	ENSG00000162104	ADCY9	-0.196	-0.09375	1	0.90625	7.125	10	1
DD:SE:64662	DD	SE	ENSG00000117625	RCOR3	0.183	0.04855688047390637	0	0.04855688047390637	85.875	1	8
DD:SE:64684	DD	SE	ENSG00000117625	RCOR3	0.374	0.42182694388239084	0.05547267502473314	0.47729961890712397	71.75	3	4
DD:SE:64688	DD	SE	ENSG00000117625	RCOR3	0.179	-0.014971499972947666	0.5841562825816433	0.5691847826086956	33.75	2	2
DD:SE:65037	DD	SE	ENSG00000112984	KIF20A	-0.358	-0.283434603344082	0.9680015171328453	0.6845669137887633	244.875	10	5
DD:SE:65089	DD	SE	ENSG00000166224	SGPL1	-0.133	-0.5665266106442577	0.875	0.3084733893557423	5.375	1	1
DD:SE:65093	DD	SE	ENSG00000166224	SGPL1	-0.082	-0.10758928571428572	0.9928571428571429	0.8852678571428572	53.875	10	1
DD:SE:65337	DD	SE	ENSG00000185808	PIGP	0.107	0.18406972410659075	0.17783096457499856	0.3619006886815893	207.875	3	5
DD:SE:65756	DD	SE	ENSG00000187838	PLSCR3	0.076	0.021469029441718024	0.9247876846133467	0.9462567140550647	573.875	5	2
DD:SE:65797	DD	SE	ENSG00000162885	B3GALNT2	-0.153	-0.1973474347096027	0.9636432250694182	0.7662957903598155	173	10	2
DD:SE:66029	DD	SE	ENSG00000075213	SEMA3A	-0.178	-0.11366575150531011	0.9924289891395155	0.8787632376342054	209.75	6	1
DD:SE:66081	DD	SE	ENSG00000198860	TSEN15	-0.361	-0.5833333333333334	0.75	0.16666666666666666	1.125	1	1
DD:SE:66177	DD	SE	ENSG00000025156	HSF2	-0.099	-0.0865906023800761	1	0.9134093976199239	55.75	4	2
DD:SE:66257	DD	SE	ENSG00000120662	MTRF1	0.086	0	0	0	66.875	1	34
DD:SE:66283	DD	SE	ENSG00000155229	MMS19	-0.159	-0.05789590455376714	0.9945652173913043	0.9366693128375372	76.875	12	1
DD:SE:66389	DD	SE	ENSG00000171055	FEZ2	-0.183	-0.15913924301643445	0.8221184805308264	0.6629792375143919	813.5	2	2
DD:SE:66544	DD	SE	ENSG00000068120	COASY	-0.213	-0.2671204069112335	0.9808659768924752	0.7137455699812417	858.75	4	2
DD:SE:66613	DD	SE	ENSG00000141013	GAS8	-0.29	-0.43020821261752806	0.9565151515151515	0.5263069388976235	105.375	9	4
DD:SE:66967	DD	SE	ENSG00000134684	YARS1	0.214	0.1752063994024225	0.0055083272998011955	0.1807147267022237	1323.125	1	1
DD:SE:66993	DD	SE	ENSG00000117620	SLC35A3	-0.157	-0.1239680965536476	0.9365039705750089	0.8125358740213613	383.25	8	4
DD:SE:67009	DD	SE	ENSG00000283761	ENSG00000283761	-0.274	-0.15584415584415584	0.3333333333333333	0.17748917748917747	9.5	1	2
DD:SE:67369	DD	SE	ENSG00000128654	MTX2	-0.087	-0.07500016113904573	0.9933750089102125	0.9183748477711667	1557.875	3	1
DD:SE:67397	DD	SE	ENSG00000183814	LIN9	-0.184	-0.24293880662020906	0.9721798780487805	0.7292410714285714	22.125	17	4
DD:SE:67962	DD	SE	ENSG00000136628	EPRS1	-0.181	-0.10558342325304204	0.9938984164670226	0.8883149932139806	768.875	4	1
DD:SE:68108	DD	SE	ENSG00000137814	HAUS2	0.423	0.380558726139193	0.15157092819387513	0.5321296543330681	214.625	3	4
DD:SE:68124	DD	SE	ENSG00000182795	C1orf116	0.05	0.054262666358918965	0.610275349863845	0.664538016222764	825	1	1
DD:SE:68274	DD	SE	ENSG00000149823	VPS51	-0.085	-0.08256523476863897	0.9980159655504772	0.9154507307818383	379.625	2	1
DD:SE:68317	DD	SE	ENSG00000163393	SLC22A15	-0.073	0	1	1	31	34	1
DD:SE:68447	DD	SE	ENSG00000166747	AP1G1	-0.087	-0.09431140699523055	1	0.9056885930047694	72.625	4	2
DD:SE:68536	DD	SE	ENSG00000074356	NCBP3	-0.144	-0.06902266274190838	0.997868778280543	0.9288461155386346	252.625	6	1
DD:SE:68560	DD	SE	ENSG00000135776	ABCB10	-0.085	-0.09819142710847784	1	0.9018085728915222	47.375	6	1
DD:SE:68662	DD	SE	ENSG00000055130	CUL1	-0.084	-0.08546878081500531	0.9971945033472173	0.911725722532212	764.375	3	1
DD:SE:68693	DD	SE	ENSG00000136522	MRPL47	-0.111	-0.05208390465108148	0.9869056487328036	0.9348217440817221	963.75	2	1
DD:SE:69100	DD	SE	ENSG00000099992	TBC1D10A	0.074	0.07049421905553589	0.006772690650099567	0.07726690970563546	680	1	2
DD:SE:69111	DD	SE	ENSG00000099992	TBC1D10A	-0.092	-0.17362107713725705	0.9691817511836858	0.7955606740464287	693.875	3	1
DD:SE:69117	DD	SE	ENSG00000197937	ZNF347	-0.075	-0.07102272727272729	0.9772727272727273	0.90625	8.75	6	1
DD:SE:69372	DD	SE	ENSG00000180098	TRNAU1AP	0.423	0.4380434836721964	0.018996346773774507	0.4570398304459709	423.375	1	2
DD:SE:69429	DD	SE	ENSG00000070785	EIF2B3	-0.09	-0.0571191745037114	0.9968609635710746	0.9397417890673632	1024.125	5	1
DD:SE:69440	DD	SE	ENSG00000070785	EIF2B3	0.163	0.08008889292025166	0.0013151983005171679	0.08140409122076883	1024.125	1	5
DD:SE:69455	DD	SE	ENSG00000160688	FLAD1	-0.126	-0.14099311676732318	0.9709570924813145	0.8299639757139913	1233	4	1
DD:SE:69570	DD	SE	ENSG00000169398	PTK2	-0.085	-0.08589317695557963	0.8102609709131448	0.7243677939575651	103.875	4	2
DD:SE:70153	DD	SE	ENSG00000118965	WDR35	0.237	0.11648841354723705	0.5405844155844156	0.6570728291316527	13.5	5	3
DD:SE:70331	DD	SE	ENSG00000115484	CCT4	-0.056	-0.05536552452859467	0.998675205409473	0.9433096808808783	3563.25	1	1
DD:SE:70424	DD	SE	ENSG00000136636	KCTD3	0.066	0.03236104602728314	0.0014204545454545455	0.03378150057273768	124.375	1	9
DD:SE:70459	DD	SE	ENSG00000173535	TNFRSF10C	-0.094	-0.04395101588639527	0.9409766512939325	0.8970256354075372	239.5	2	1
DD:SE:70524	DD	SE	ENSG00000109674	NEIL3	-0.234	-0.21757047300525567	0.9629120879120879	0.7453416149068323	17.375	18	6
DD:SE:70547	DD	SE	ENSG00000169756	LIMS1	-0.097	-0.02779507928078051	0.9956804450338933	0.9678853657531128	139.75	5	1
DD:SE:70569	DD	SE	ENSG00000072849	DERL2	-0.066	-0.06369986788602033	0.966894635114529	0.9031947672285087	3865.75	3	1
DD:SE:70711	DD	SE	ENSG00000143374	TARS2	-0.28	-0.2382607686298054	0.9909797372322355	0.7527189686024301	279.25	5	2
DD:SE:70748	DD	SE	ENSG00000157625	TAB3	-0.21	-0.10663045631076318	0.9740740740740741	0.8674436177633109	22	13	2
DD:SE:70902	DD	SE	ENSG00000115145	STAM2	-0.092	-0.08707625616556858	0.9897717018715841	0.9026954457060156	229.125	5	1
DD:SE:71356	DD	SE	ENSG00000078618	NRDC	0.068	0.06837027061728135	0.001760952192763242	0.0701312228100446	267.25	1	3
DD:SE:71358	DD	SE	ENSG00000078618	NRDC	-0.376	-0.43010523370144094	0.9682539682539683	0.5381487345525273	27.625	1	1
DD:SE:71614	DD	SE	ENSG00000133731	IMPA1	-0.237	0.21323974062403236	0.16666666666666666	0.379906407290699	22.25	1	1
DD:SE:71620	DD	SE	ENSG00000133731	IMPA1	-0.104	-0.12250196433478133	0.9969616294793779	0.8744596651445966	232	4	1
DD:SE:71695	DD	SE	ENSG00000081985	IL12RB2	-0.152	-0.08820346320346317	1	0.9117965367965368	14.25	12	2
DD:SE:72194	DD	SE	ENSG00000187187	ZNF546	-0.179	0	0	0	1.25	1	3
DD:SE:72199	DD	SE	ENSG00000038002	AGA	-0.168	-0.13769295921394076	0.9920068812995179	0.8543139220855771	570	1	1
DD:SE:72785	DD	SE	ENSG00000119596	YLPM1	-0.172	-0.13395796349308065	0.9743935532978125	0.8404355898047319	67.125	5	1
DD:SE:72815	DD	SE	ENSG00000213079	SCAF8	-0.094	-0.08147778460278454	1	0.9185222153972155	54.75	11	1
DD:SE:72886	DD	SE	ENSG00000132780	NASP	0.069	0.0617017687099836	8.445945945945946e-4	0.06254636330457819	160.5	1	2
DD:SE:72889	DD	SE	ENSG00000132780	NASP	0.117	0.11079653780598714	0.03551832154054802	0.14631485934653515	169.375	1	2
DD:SE:72947	DD	SE	ENSG00000197008	ZNF138	0.418	0.2285287081339713	0.2589712918660287	0.4875	10.625	1	3
DD:SE:72953	DD	SE	ENSG00000197008	ZNF138	0.43	0.02876180836707154	0.34623819163292846	0.375	10.5	1	3
DD:SE:73089	DD	SE	ENSG00000167721	TSR1	-0.141	-0.14219887167259215	0.9780967127749152	0.835897841102323	637.5	1	1
DD:SE:73097	DD	SE	ENSG00000160803	UBQLN4	-0.073	-0.026470724758505093	0.9965502474305291	0.970079522672024	163.5	7	1
DD:SE:73112	DD	SE	ENSG00000109805	NCAPG	-0.053	-0.053464405241996804	0.998898678414097	0.9454342731721002	112.875	8	1
DD:SE:73251	DD	SE	ENSG00000179091	CYC1	-0.055	-0.03492595656158082	0.9974134782950511	0.9624875217334703	9184.25	1	1
DD:SE:73541	DD	SE	ENSG00000167700	MFSD3	-0.072	-0.13236430645405806	0.8827510967421428	0.7503867902880847	435.75	4	1
DD:SE:73556	DD	SE	ENSG00000188807	TMEM201	0.155	0.19120197837589142	0.039388083735909823	0.23059006211180125	24.125	1	7
DD:SE:73705	DD	SE	ENSG00000154102	C16orf74	0.072	0.08715304483731656	0.7472037052613871	0.8343567500987037	298.25	1	1
DD:SE:73741	DD	SE	ENSG00000086189	DIMT1	-0.126	-0.10396305289951835	0.9883119929995956	0.8843489401000773	1354.5	4	1
DD:SE:73750	DD	SE	ENSG00000086189	DIMT1	-0.125	-0.09307372917288481	0.9939527373464102	0.9008790081735254	1286	3	1
DD:SE:73772	DD	SE	ENSG00000125864	BFSP1	0.119	0.01846590909090906	0.9659090909090909	0.984375	14.125	14	5
DD:SE:73872	DD	SE	ENSG00000096717	SIRT1	0.259	0.24042889009994273	0.03696741854636591	0.27739630864630865	28.625	3	6
DD:SE:73937	DD	SE	ENSG00000184203	PPP1R2	-0.214	-0.24908406387692583	0.9821764571227121	0.7330923932457862	756.75	2	1
DD:SE:74004	DD	SE	ENSG00000004866	ST7	-0.07	-0.07328776652348779	0.9648142761535817	0.8915265096300939	464.5	8	4
DD:SE:74029	DD	SE	ENSG00000004866	ST7	0.121	0.09873429177890548	0.004499706773661459	0.10323399855256694	464.5	4	9
DD:SE:74287	DD	SE	ENSG00000121578	B4GALT4	0.13	0.4112683204999814	0.549577675645038	0.9608459961450194	107	5	1
DD:SE:74368	DD	SE	ENSG00000171793	CTPS1	-0.242	-0.258697909578251	0.9783560541249308	0.7196581445466798	410.625	6	1
DD:SE:74464	DD	SE	ENSG00000167965	MLST8	-0.067	-0.04212421976380287	0.9724865728363408	0.9303623530725379	652.625	6	2
DD:SE:74477	DD	SE	ENSG00000124608	AARS2	-0.273	-0.21349900702986768	0.9880952380952381	0.7745962310653705	45.25	9	1
DD:SE:74480	DD	SE	ENSG00000124608	AARS2	-0.091	-0.03387175616762039	0.9939024390243902	0.9600306828567698	40.125	9	1
DD:SE:74524	DD	SE	ENSG00000164180	TMEM161B	-0.136	-0.0335723918754105	0.9031060606060606	0.8695336687306501	18.75	33	9
DD:SE:74571	DD	SE	ENSG00000119004	CYP20A1	-0.412	-0.40096544384165433	0.9783320004759485	0.5773665566342941	466.5	7	4
DD:SE:74706	DD	SE	ENSG00000225190	PLEKHM1	-0.208	-0.32009177023962276	0.978419384057971	0.6583276138183483	51	2	1
DD:SE:74932	DD	SE	ENSG00000162736	NCSTN	0.074	0.04756561416076269	0.0012638583602069707	0.048829472520969655	954.75	1	2
DD:SE:75222	DD	SE	ENSG00000110931	CAMKK2	-0.073	-0.0742597959919532	1	0.9257402040080468	129.875	12	1
DD:SE:75233	DD	SE	ENSG00000110931	CAMKK2	-0.095	-0.16261221902938494	0.9929428668018931	0.8303306477725082	129.875	11	2
DD:SE:75312	DD	SE	ENSG00000115919	KYNU	-0.059	-0.038141518796541374	0.9944111951776617	0.9562696763811204	1585.375	6	1
DD:SE:75708	DD	SE	ENSG00000056050	HPF1	-0.086	-0.07204256452683944	0.9763117075778126	0.9042691430509732	632.625	2	1
DD:SE:75731	DD	SE	ENSG00000171928	TVP23B	-0.068	-0.11608523393737069	0.9699502197522017	0.8538649858148311	2703.375	2	1
DD:SE:75938	DD	SE	ENSG00000139437	TCHP	-0.112	-0.14501416505334652	0.9887243911616476	0.843710226108301	142.75	7	1
DD:SE:76336	DD	SE	ENSG00000144029	MRPS5	-0.256	-0.2700287460995501	0.9740639810423214	0.7040352349427713	1759.375	2	2
DD:SE:76385	DD	SE	ENSG00000166197	NOLC1	-0.124	-0.1076527456886095	0.9986235986235986	0.8909708529349891	462.125	3	1
DD:SE:76529	DD	SE	ENSG00000134574	DDB2	-0.299	-0.46081534160247073	0.9615682885725725	0.5007529469701018	234.375	4	3
DD:SE:76799	DD	SE	ENSG00000156931	VPS8	0.138	0.06675724637681159	0	0.06675724637681159	37.375	1	8
DD:SE:76860	DD	SE	ENSG00000004455	AK2	-0.05	-0.06266672092959302	0.9614085593983059	0.8987418384687129	3382.875	3	2
DD:SE:76940	DD	SE	ENSG00000139684	ESD	0.095	0.08592950465915657	0.003167055139098884	0.08909655979825545	956.375	1	3
DD:SE:77399	DD	SE	ENSG00000185000	DGAT1	-0.063	-0.05120925128818965	0.9908663629817476	0.9396571116935579	163.5	4	1
DD:SE:77436	DD	SE	ENSG00000142327	RNPEPL1	-0.107	-0.08912436582825523	0.9933427318295739	0.9042183660013187	74.75	4	1
DD:SE:77473	DD	SE	ENSG00000132581	SDF2	0.056	0.08288625954465342	0.021080830256295598	0.10396708980094903	965.625	1	2
DD:SE:77557	DD	SE	ENSG00000171853	TRAPPC12	-0.066	-0.0796306547284431	0.9434479827219293	0.8638173279934862	313.875	5	2
DD:SE:77658	DD	SE	ENSG00000169087	HSPBAP1	0.247	0.18584198761437565	0.04086538461538462	0.22670737222976028	28.625	2	11
DD:SE:77716	DD	SE	ENSG00000117533	VAMP4	0.073	0.2136891178587953	0.7505244903301306	0.9642136081889259	279	3	1
DD:SE:77898	DD	SE	ENSG00000058085	LAMC2	-0.061	-0.03114864367968817	0.9996764811780001	0.968527837498312	4185.75	6	1
DD:SE:77922	DD	SE	ENSG00000151413	NUBPL	0.204	0.05203754909446084	0	0.05203754909446084	65.5	1	5
DD:SE:77966	DD	SE	ENSG00000142910	TINAGL1	-0.065	-0.0664606575030785	0.9208235811315504	0.8543629236284719	1533.625	3	2
DD:SE:77988	DD	SE	ENSG00000142910	TINAGL1	-0.064	-0.06492404956084252	0.9164769407116934	0.8515528911508509	1640	6	2
DD:SE:78090	DD	SE	ENSG00000059588	TARBP1	-0.142	-0.045293499603844434	0.8151098901098901	0.7698163905060457	18.25	8	2
DD:SE:78180	DD	SE	ENSG00000198799	LRIG2	0.318	0.22040238344586172	0.015669515669515667	0.23607189911537738	34.125	2	4
DD:SE:78259	DD	SE	ENSG00000168066	SF1	-0.371	-0.3149365460098048	0.9941775608746146	0.6792410148648098	691.375	4	2
DD:SE:78431	DD	SE	ENSG00000177192	PUS1	0.151	0.08783670765277571	0.004328041269205968	0.09216474892198168	214.25	1	3
DD:SE:78434	DD	SE	ENSG00000177192	PUS1	-0.096	-0.15587781904083842	0.9405630553006702	0.7846852362598318	235.125	3	2
DD:SE:78521	DD	SE	ENSG00000116406	EDEM3	-0.068	-0.028977961086233184	0.9839920060300534	0.9550140449438203	96.5	10	2
DD:SE:78522	DD	SE	ENSG00000284691	ENSG00000284691	0.182	0.06830679175262033	0.7253800463102789	0.7936868380628992	35.375	1	1
DD:SE:78598	DD	SE	ENSG00000133226	SRRM1	0.532	0.5332761341682037	0.025303282925380217	0.5585794170935839	580.5	3	10
DD:SE:78649	DD	SE	ENSG00000136045	PWP1	-0.194	-0.14140020628483263	0.9943656060790228	0.8529653997941902	589.5	2	1
DD:SE:78741	DD	SE	ENSG00000145088	EAF2	-0.46	-0.369176827793654	0.9416703626911695	0.5724935348975155	168.75	4	1
DD:SE:78755	DD	SE	ENSG00000205571	SMN2	0.104	0.1576215412422309	0.0033783783783783786	0.16099991962060928	51.75	1	4
DD:SE:78860	DD	SE	ENSG00000183431	SF3A3	-0.104	-0.11077555064802536	0.9970757110637645	0.8863001604157391	1759.5	1	1
DD:SE:79171	DD	SE	ENSG00000151552	QDPR	-0.214	-0.15931782914950743	0.7957041918231542	0.6363863626736468	948.75	2	1
DD:SE:79304	DD	SE	ENSG00000130958	SLC35D2	-0.086	-0.1374124757589319	1	0.8625875242410681	54.375	7	1
DD:SE:79467	DD	SE	ENSG00000029363	BCLAF1	0.418	0.21027625695856567	0.008252089602546583	0.21852834656111225	193.25	1	4
DD:SE:79582	DD	SE	ENSG00000168883	USP39	0.144	0.10468065167925095	0.00963439792753952	0.11431504960679047	1058.375	2	7
DD:SE:79608	DD	SE	ENSG00000117448	AKR1A1	-0.093	-0.06927619625870851	0.9755513734934116	0.9062751772347031	4185.25	3	2
DD:SE:79636	DD	SE	ENSG00000140455	USP3	0.34	0.30922120393657043	0.041769839953478397	0.3509910438900488	472.875	2	3
DD:SE:79732	DD	SE	ENSG00000115486	GGCX	-0.249	-0.20305455591303767	0.9966452245037063	0.7935906685906686	164.5	3	2
DD:SE:79821	DD	SE	ENSG00000111237	VPS29	0.198	0.17999639152164248	0.06763099373533484	0.2476273852569773	1105.75	1	1
DD:SE:80160	DD	SE	ENSG00000117676	RPS6KA1	-0.082	-0.05864570703903449	1	0.9413542929609655	322.375	9	1
DD:SE:80228	DD	SE	ENSG00000155100	OTUD6B	0.183	0.20147917523150183	0.029264077779026638	0.23074325301052848	176.5	8	17
DD:SE:80258	DD	SE	ENSG00000158062	UBXN11	0.068	0.15330086580086577	0.688961038961039	0.8422619047619048	9.125	1	1
DD:SE:80321	DD	SE	ENSG00000188739	RBM34	-0.171	-0.21351802339154324	0.937061157364155	0.7235431339726117	1892.125	3	1
DD:SE:80491	DD	SE	ENSG00000169762	TAPT1	-0.214	-0.35561800866305826	0.9683643389540567	0.6127463302909985	57.625	12	5
DD:SE:80508	DD	SE	ENSG00000169762	TAPT1	-0.131	-0.1948808816455876	0.9533075856605269	0.7584267040149393	43.125	8	2
DD:SE:80559	DD	SE	ENSG00000114520	SNX4	-0.097	-0.10163826901225015	0.9959153503002527	0.8942770812880025	485.5	2	1
DD:SE:80611	DD	SE	ENSG00000089195	TRMT6	-0.158	-0.15636506620286716	0.990471080120453	0.8341060139175859	682.75	3	2
DD:SE:80735	DD	SE	ENSG00000188672	RHCE	-0.266	-0.17027349043771178	0.9241363211951448	0.753862830757433	19.25	22	4
DD:SE:80840	DD	SE	ENSG00000197785	ATAD3A	-0.087	-0.09716044213987507	0.9949699565848409	0.8978095144449658	284.5	9	1
DD:SE:80894	DD	SE	ENSG00000131653	TRAF7	-0.096	-0.08201410562613642	0.9972416680884806	0.9152275624623442	354.875	4	1
DD:SE:81061	DD	SE	ENSG00000078124	ACER3	-0.13	-0.09334097588788814	0.9816053833915578	0.8882644075036696	286.625	4	1
DD:SE:81091	DD	SE	ENSG00000078124	ACER3	0.168	0.10659879734363707	0.004375454452106003	0.11097425179574308	286.625	1	4
DD:SE:81486	DD	SE	ENSG00000035141	FAM136A	0.122	0.1259234474932731	0.031604123138903054	0.15752757063217618	1839.125	1	1
DD:SE:81567	DD	SE	ENSG00000137992	DBT	-0.06	-0.04110453697412286	0.9923302107728338	0.9512256737987109	66.125	13	1
DD:SE:81980	DD	SE	ENSG00000057663	ATG5	-0.056	-0.04542266327734157	0.7812815374751692	0.7358588741978276	1289.375	3	1
DD:SE:81991	DD	SE	ENSG00000121152	NCAPH	-0.156	-0.07674501424501423	1	0.9232549857549858	28.375	20	1
DD:SE:82163	DD	SE	ENSG00000156787	TBC1D31	-0.091	-0.08004882114789236	1	0.9199511788521076	27.125	29	2
DD:SE:82318	DD	SE	ENSG00000196655	TRAPPC4	-0.168	-0.1319749931130496	0.9747166863289297	0.8427416932158801	1812.75	1	1
DD:SE:82350	DD	SE	ENSG00000096070	BRPF3	-0.063	-0.11388888888888893	0.9305555555555556	0.8166666666666667	9.125	14	2
DD:SE:82399	DD	SE	ENSG00000103066	PLA2G15	0.169	0.07621126778724208	0.002577319587628866	0.07878858737487095	249	1	3
DD:SE:82627	DD	SE	ENSG00000146476	ARMT1	-0.081	-0.09157702849193727	0.993492370342326	0.9019153418503887	964.375	2	1
DD:SE:82747	DD	SE	ENSG00000162604	TM2D1	0.132	0.07764873512656265	0.13898089477025338	0.21662962989681603	2044.75	1	4
DD:SE:82784	DD	SE	ENSG00000176915	ANKLE2	0.21	0.2117870935108713	0.023436668958102945	0.23522376246897425	565.75	1	3
DD:SE:82814	DD	SE	ENSG00000172590	MRPL52	0.085	0.05779606788858452	0.024926663571410126	0.08272273145999465	140.75	2	6
DD:SE:82930	DD	SE	ENSG00000107130	NCS1	-0.113	-0.08622929343040786	0.9667354617903499	0.880506168359942	84.625	6	1
DD:SE:83044	DD	SE	ENSG00000116473	RAP1A	0.068	0.05123401838544237	0.0024210425914362407	0.05365506097687861	774.375	1	5
DD:SE:83073	DD	SE	ENSG00000183255	PTTG1IP	-0.074	-0.07743623610489025	0.9979215128393103	0.92048527673442	2526.375	1	1
DD:SE:83123	DD	SE	ENSG00000163002	NUP35	-0.308	-0.3587299530720871	0.9860163223028084	0.6272863692307213	554.375	4	2
DD:SE:83160	DD	SE	ENSG00000114861	FOXP1	-0.108	-0.048153612989014216	0.9926234443998394	0.9444698314108252	73.375	11	1
DD:SE:83548	DD	SE	ENSG00000143756	FBXO28	-0.114	-0.15249260892021888	0.9927032785066565	0.8402106695864376	305.125	3	1
DD:SE:83750	DD	SE	ENSG00000115657	ABCB6	-0.148	-0.13737731884881133	0.9902779941652818	0.8529006753164705	275.5	5	3
DD:SE:83753	DD	SE	ENSG00000115657	ABCB6	-0.2	-0.14723432439525885	0.9937508851437473	0.8465165607484885	251.25	2	2
DD:SE:83777	DD	SE	ENSG00000178386	ZNF223	0.332	0.2507347132283998	0.02855392156862745	0.27928863479702726	45.125	1	3
DD:SE:83860	DD	SE	ENSG00000095261	PSMD5	-0.083	-0.04827693363456986	0.9956049615476452	0.9473280279130754	690.5	3	1
DD:SE:83892	DD	SE	ENSG00000095261	PSMD5	-0.234	-0.27929231436547475	0.9884118513962031	0.7091195370307284	657.875	2	1
DD:SE:83975	DD	SE	ENSG00000162408	NOL9	-0.157	-0.12217470126958929	0.988404916596406	0.8662302153268167	82.75	4	1
DD:SE:83977	DD	SE	ENSG00000162408	NOL9	-0.342	0.16750776397515527	0	0.16750776397515527	23.75	1	1
DD:SE:84076	DD	SE	ENSG00000204371	EHMT2	0.251	0.3688997837910882	0.03462121212121212	0.4035209959123003	23.25	2	4
DD:SE:84201	DD	SE	ENSG00000172244	C5orf34	-0.215	-0.2129751461988304	0.9486111111111111	0.7356359649122807	26.875	5	3
DD:SE:84388	DD	SE	ENSG00000141699	RETREG3	-0.077	-0.06707633600446916	0.9742697085329219	0.9071933725284528	132.75	4	1
DD:SE:84465	DD	SE	ENSG00000165650	PDZD8	0.102	0.06735223545857616	0.013068358759355558	0.08042059421793171	193.75	1	3
DD:SE:84605	DD	SE	ENSG00000166199	ALKBH3	-0.412	-0.44415474178701775	0.9610548840089866	0.5169001422219689	527	3	1
DD:SE:84651	DD	SE	ENSG00000135655	USP15	0.218	0.21900036714177049	0.004437444522876638	0.22343781166464713	533.25	2	2
DD:SE:84751	DD	SE	ENSG00000162419	GMEB1	-0.089	-0.10160107886652936	0.9963235294117647	0.8947224505452354	72.375	15	1
DD:SE:84764	DD	SE	ENSG00000155970	MICU3	-0.367	NA	1	NA	0.125	4	1
DD:SE:84905	DD	SE	ENSG00000151576	QTRT2	-0.213	-0.05593163727902051	0.9938503440366973	0.9379187067576767	241.5	11	1
DD:SE:84944	DD	SE	ENSG00000043514	TRIT1	-0.215	-0.3321856568884707	0.9175455575488622	0.5853599006603916	94.625	3	2
DD:SE:84961	DD	SE	ENSG00000117751	PPP1R8	-0.102	-0.14276564786992407	0.9766535616882845	0.8338879138183605	376.5	1	1
DD:SE:85295	DD	SE	ENSG00000111845	PAK1IP1	-0.112	-0.11422480967652959	0.9959070995965336	0.881682289920004	1225.75	5	1
DD:SE:85319	DD	SE	ENSG00000105647	PIK3R2	-0.112	-0.1660583558216986	0.9890574650912997	0.8229991092696011	76.125	3	1
DD:SE:85482	DD	SE	ENSG00000123213	NLN	-0.151	-0.1794690499508077	0.9956287375908873	0.8161596876400796	255.875	6	1
DD:SE:85557	DD	SE	ENSG00000170477	KRT4	-0.057	-0.04553985085636569	0.9984193154876032	0.9528794646312375	1418.875	1	1
DD:SE:85651	DD	SE	ENSG00000117758	STX12	-0.096	-0.08056539785397598	0.9950209258146858	0.9144555279607098	626.625	3	1
DD:SE:85660	DD	SE	ENSG00000085491	SLC25A24	0.182	0.13330618165011937	0.003093683571211661	0.13639986522133105	278.625	1	8
DD:SE:85872	DD	SE	ENSG00000162642	C1orf52	0.31	0.3196688261035735	0.295208083385775	0.6148769094893485	963.625	1	1
DD:SE:86212	DD	SE	ENSG00000147419	CCDC25	-0.238	-0.2997961898961713	0.9229633438941326	0.6231671539979613	421	4	3
DD:SE:86222	DD	SE	ENSG00000147419	CCDC25	-0.111	-0.11411784789548962	0.8971335111486276	0.783015663253138	448.625	5	3
DD:SE:86704	DD	SE	ENSG00000079277	MKNK1	-0.269	-0.37047077551054464	0.8978246105874468	0.5273538350769021	323.125	4	4
DD:SE:86751	DD	SE	ENSG00000111711	GOLT1B	0.079	0.05001790726525656	0.02423559200673283	0.07425349927198939	1247.125	1	1
DD:SE:87339	DD	SE	ENSG00000118482	PHF3	0.169	0.11770541549953313	0.027777777777777776	0.1454831932773109	11	3	6
DD:SE:87410	DD	SE	ENSG00000118420	UBE3D	0.192	0.17997189465844052	0.01035421888053467	0.1903261135389752	84.5	6	8
DD:SE:87779	DD	SE	ENSG00000151353	TMEM18	0.406	0.4283272283272284	0.29945054945054944	0.7277777777777779	18.75	1	1
DD:SE:87780	DD	SE	ENSG00000151353	TMEM18	0.221	0.2864122350883463	0.07390007402524601	0.3603123091135923	347.375	2	2
DD:SE:87892	DD	SE	ENSG00000142675	CNKSR1	-0.185	-0.18500250821560027	0.9911607340209175	0.8061582258053173	323.75	4	1
DD:SE:88406	DD	SE	ENSG00000114331	ACAP2	-0.079	-0.08029358029358025	1	0.9197064197064198	42.25	5	1
DD:SE:88494	DD	SE	ENSG00000065559	MAP2K4	-0.055	-0.043290838843977664	0.9343365822819294	0.8910457434379517	188.625	3	1
DD:SE:88501	DD	SE	ENSG00000065559	MAP2K4	-0.106	-0.16129415255984647	0.9315974207964044	0.7703032682365579	201.25	3	1
DD:SE:88551	DD	SE	ENSG00000057935	MTA3	0.085	0.15500147074491477	0.004925750788120126	0.1599272215330349	166.125	1	1
DD:SE:88656	DD	SE	ENSG00000134759	ELP2	-0.129	-0.07711917756832554	0.9948639242036061	0.9177447466352806	207.125	6	1
DD:SE:88779	DD	SE	ENSG00000164169	PRMT9	-0.161	-0.18505100614907488	0.926349521663504	0.7412985155144292	227.125	2	3
DD:SE:88961	DD	SE	ENSG00000116809	ZBTB17	-0.115	-0.07139132333111842	0.9927845528455285	0.92139322951441	88	10	1
DD:SE:89155	DD	SE	ENSG00000144048	DUSP11	-0.076	-0.060626319719078836	0.9671294833608606	0.9065031636417817	2087	2	1
DD:SE:89237	DD	SE	ENSG00000120029	ARMH3	-0.088	-0.055448111154632884	0.9939042303172738	0.9384561191626409	66.625	6	1
DD:SE:89265	DD	SE	ENSG00000120029	ARMH3	-0.118	-0.06550027355407262	0.9882511212218639	0.9227508476677913	70	7	1
DD:SE:89494	DD	SE	ENSG00000138101	DTNB	-0.22	-0.1612488471950958	0.9862793574649678	0.825030510269872	117.875	11	3
DD:SE:89682	DD	SE	ENSG00000122643	NT5C3A	0.414	0.4182277857237981	0.261767082042833	0.6799948677666311	1419.625	1	1
DD:SE:89829	DD	SE	ENSG00000033800	PIAS1	0.1	0.05825252070665731	0.0035967020379368184	0.06184922274459413	460.25	1	2
DD:SE:89919	DD	SE	ENSG00000146282	RARS2	-0.107	-0.1436371374721621	0.9557917837062186	0.8121546462340565	668.875	2	2
DD:SE:89969	DD	SE	ENSG00000169660	HEXD	0.473	0.4444444444444444	0	0.4444444444444444	1.25	1	3
DD:SE:89970	DD	SE	ENSG00000169660	HEXD	0.116	-0.01080128205128205	0.020416666666666666	0.009615384615384616	18.125	1	17
DD:SE:90136	DD	SE	ENSG00000134757	DSG3	-0.179	-0.11177421105186147	0.9964973844638749	0.8847231734120135	540.125	2	1
DD:SE:90258	DD	SE	ENSG00000125686	MED1	-0.122	-0.03608296829920421	0.9944212388048468	0.9583382705056426	176.75	5	1
DD:SE:90275	DD	SE	ENSG00000125686	MED1	-0.173	-0.0349109451369215	0.995454171466184	0.9605432263292625	176.75	5	1
DD:SE:90360	DD	SE	ENSG00000108883	EFTUD2	-0.131	-0.13576619365372422	0.9851027968103614	0.8493366031566372	533.5	3	1
DD:SE:90484	DD	SE	ENSG00000142623	PADI1	-0.186	-0.39029047867220856	0.9372549019607843	0.5469644232885758	40.625	8	5
DD:SE:90677	DD	SE	ENSG00000138867	GUCD1	0.057	0.09118373764600174	0.5570788106165465	0.6482625482625483	41.125	1	1
DD:SE:90793	DD	SE	ENSG00000135829	DHX9	0.604	0.5142415246289591	0.020567826021105993	0.5348093506500651	219.75	1	2
DD:SE:91013	DD	SE	ENSG00000120688	WBP4	-0.098	-0.07807702163003816	0.993126036822496	0.9150490151924578	206.75	4	1
DD:SE:91019	DD	SE	ENSG00000120688	WBP4	-0.129	-0.15373269088644603	0.9858323019639376	0.8320996110774915	204.625	3	1
DD:SE:91065	DD	SE	ENSG00000117481	NSUN4	0.235	0.20526902249244075	0.05088085331803319	0.25614987581047394	373.375	2	4
DD:SE:91266	DD	SE	ENSG00000145439	CBR4	0.172	0.07605425297276563	0.0015151515151515152	0.07756940448791715	214.75	1	8
DD:SE:91462	DD	SE	ENSG00000011376	LARS2	-0.097	-0.07538675553381435	1	0.9246132444661856	51	6	1
DD:SE:91471	DD	SE	ENSG00000011376	LARS2	0.103	0.07281093310505075	0	0.07281093310505075	51	1	6
DD:SE:91490	DD	SE	ENSG00000143436	MRPL9	0.056	0.02122187633446109	0.004819904326204951	0.026041780660666043	1056.625	1	3
DD:SE:91733	DD	SE	ENSG00000142765	SYTL1	-0.107	-0.07398595968074195	0.993143225561689	0.919157265880947	472.5	8	1
DD:SE:91833	DD	SE	ENSG00000123505	AMD1	-0.053	-0.062164394745653495	0.9883046613699719	0.9261402666243184	540	3	1
DD:SE:92065	DD	SE	ENSG00000183520	UTP11	-0.12	-0.10690243487138107	0.9925310566401114	0.8856286217687304	3668.25	1	1
DD:SE:92199	DD	SE	ENSG00000163516	ANKZF1	-0.183	-0.2216936632789387	0.9194411769763883	0.6977475136974496	237.625	4	2
DD:SE:92309	DD	SE	ENSG00000117640	MTFR1L	0.13	0.07354426364854058	0.01200199837374174	0.08554626202228233	727.25	1	4
DD:SE:92477	DD	SE	ENSG00000138642	HERC6	-0.201	-0.1666694797282744	0.9930555555555556	0.8263860758272812	71.125	11	4
DD:SE:92516	DD	SE	ENSG00000037474	NSUN2	-0.098	-0.024450085874840988	0.9993193080297675	0.9748692221549266	989.75	6	2
DD:SE:92528	DD	SE	ENSG00000037474	NSUN2	-0.088	-0.01759325518107835	0.9995210727969348	0.9819278176158565	863.125	6	1
DD:SE:92600	DD	SE	ENSG00000151491	EPS8	-0.057	-0.07651202337436058	0.9955098522661214	0.9189978288917608	227.125	4	1
DD:SE:92660	DD	SE	ENSG00000141279	NPEPPS	0.15	0.07923246276433817	0.007936757905261842	0.0871692206696	145.25	1	4
DD:SE:92847	DD	SE	ENSG00000182179	UBA7	-0.183	-0.071160627647741	1	0.928839372352259	29.875	8	2
DD:SE:93035	DD	SE	ENSG00000033030	ZCCHC8	-0.24	-0.2628212171239259	0.9950409179861235	0.7322197008621976	176.5	4	2
DD:SE:93129	DD	SE	ENSG00000035687	ADSS2	-0.077	-0.07771912495084421	0.9867169165762386	0.9089977916253944	647.375	2	1
DD:SE:93167	DD	SE	ENSG00000122591	HYCC1	-0.064	-0.11222714595964745	0.9519152438343934	0.839688097874746	288.375	2	2
DD:SE:93351	DD	SE	ENSG00000134255	CEPT1	0.099	0.08209519924136333	0.01530122034667189	0.09739641958803522	317.125	2	7
DD:SE:93408	DD	SE	ENSG00000076928	ARHGEF1	0.089	0.09718214154060367	0.7718751405297409	0.8690572820703446	250.75	9	2
DD:SE:93499	DD	SE	ENSG00000016602	CLCA4	-0.055	0.2223057113419561	0.5096153846153846	0.7319210959573407	125.5	1	1
DD:SE:93505	DD	SE	ENSG00000016602	CLCA4	-0.088	0.0035801708359852746	0.6741071428571428	0.6776873136931281	103.875	1	1
DD:SE:93508	DD	SE	ENSG00000016602	CLCA4	-0.085	-0.08978502702477709	0.9984026561533045	0.9086176291285274	1855.875	2	1
DD:SE:93583	DD	SE	ENSG00000123297	TSFM	0.182	0.14539510925881693	0.009766369467028918	0.15516147872584585	923.75	2	8
DD:SE:93590	DD	SE	ENSG00000123297	TSFM	-0.13	-0.14415013435993973	0.9657674631798165	0.8216173288198768	903	3	2
DD:SE:93790	DD	SE	ENSG00000008130	NADK	0.175	0.06952186705538434	0.007841430353344147	0.07736329740872848	480.5	1	7
DD:SE:93922	DD	SE	ENSG00000176853	FAM91A1	-0.09	-0.06315858833744914	0.99875	0.9355914116625509	178.5	3	1
DD:SE:94159	DD	SE	ENSG00000104812	GYS1	-0.068	-0.10764519051153865	0.97013866621793865	0.8624934757064	132.25	2	1
DD:SE:94193	DD	SE	ENSG00000165996	HACD1	-0.068	-0.1394816079346488	0.9506269689618836	0.8111453610272348	359.75	2	1
DD:SE:94231	DD	SE	ENSG00000013561	RNF14	-0.249	-0.2834175269224837	0.8028413585501548	0.5194238316276711	652.25	3	3
DD:SE:94303	DD	SE	ENSG00000136937	NCBP1	-0.148	-0.10201303987540944	0.9930750416997359	0.8910620018243265	389.75	3	1
DD:SE:94481	DD	SE	ENSG00000178425	NT5DC1	0.099	0.0726825889066807	0.0017582541836273177	0.07444084309030802	250	1	1
DD:SE:94492	DD	SE	ENSG00000143742	SRP9	0.069	0.05763621500870954	0.07696275526939002	0.13459897027809956	9131.25	1	1
DD:SE:94701	DD	SE	ENSG00000115761	NOL10	-0.158	-0.1497134688510633	0.9954208575253641	0.8457073886743008	249.25	6	1
DD:SE:94721	DD	SE	ENSG00000115761	NOL10	0.051	0.024673066236098436	0	0.024673066236098436	249.25	1	6
DD:SE:94787	DD	SE	ENSG00000145782	ATG12	0.274	0.3307734029009771	0.015348712318838777	0.3461221152198159	623.125	1	2
DD:SE:94916	DD	SE	ENSG00000185722	ANKFY1	-0.126	-0.17846525455221107	1	0.8215347454477889	21.75	6	1
DD:SE:94917	DD	SE	ENSG00000185722	ANKFY1	-0.17	-0.35149572649572647	1	0.6485042735042735	6.375	1	1
DD:SE:95109	DD	SE	ENSG00000184178	SCFD2	-0.071	-0.02923076923076917	1	0.9707692307692308	16	15	2
DD:SE:95334	DD	SE	ENSG00000173273	TNKS	-0.157	-0.148989898989899	1	0.851010101010101	14	6	1
DD:SE:95563	DD	SE	ENSG00000144635	DYNC1LI1	-0.06	-0.0639798261464255	0.9982190002608797	0.9342391741144542	746.125	3	1
DD:SE:95666	DD	SE	ENSG00000144559	TAMM41	0.189	0.11563447660870345	0.003966428754905103	0.11960090536360855	419.875	1	7
DD:SE:95672	DD	SE	ENSG00000144559	TAMM41	0.243	0.13954053361286367	0.010769853487012163	0.15031038709987582	419.875	1	7
DD:SE:95675	DD	SE	ENSG00000144559	TAMM41	0.151	0.08339298854597171	0.019072761163422672	0.10246574970939439	419.875	1	7
DD:SE:95774	DD	SE	ENSG00000186522	SEPTIN10	-0.107	-0.08254156598778994	0.9945236021237763	0.9119820361359864	239.25	4	1
DD:SE:95787	DD	SE	ENSG00000186522	SEPTIN10	-0.225	-0.20261137690337894	0.9963227370689656	0.7937113601655866	246	7	1
DD:SE:95896	DD	SE	ENSG00000156976	EIF4A2	-0.319	-0.3663402113000498	0.8972945347093311	0.5309543234092813	5392.5	5	3
DD:SE:95912	DD	SE	ENSG00000156976	EIF4A2	0.335	0.18472959414900672	0.06980882970149613	0.25453842385050285	3334.5	1	4
DD:SE:96026	DD	SE	ENSG00000068745	IP6K2	0.346	0.35156007073629947	0.3383012954499006	0.6898613661862001	290.5	2	1
DD:SE:96364	DD	SE	ENSG00000137944	KYAT3	-0.121	-0.11303695970552141	0.995750814939875	0.8827138552343536	499.75	4	2
DD:SE:96786	DD	SE	ENSG00000169288	MRPL1	0.228	0.18841948332063882	0.007604519930800514	0.19602400325143934	874.75	2	4
DD:SE:96789	DD	SE	ENSG00000169288	MRPL1	-0.059	-0.045190712071730976	0.9760992555318216	0.9309085434600907	827.875	3	1
DD:SE:96825	DD	SE	ENSG00000137343	ATAT1	-0.273	-0.29493609051065994	0.7632882698696652	0.4683521793590053	230.625	4	4
DD:SE:97003	DD	SE	ENSG00000066027	PPP2R5A	-0.139	-0.11525056374402354	0.9644620085796556	0.849211444835632	262.625	2	1
DD:SE:97237	DD	SE	ENSG00000214706	IFRD2	-0.156	-0.1492867649159828	0.9544778579583051	0.8051910930423223	2690.375	2	1
DD:SE:97433	DD	SE	ENSG00000163138	PACRGL	-0.23	-0.19047619047619047	0.19047619047619047	0	4.125	1	1
DD:SE:97496	DD	SE	ENSG00000164073	MFSD8	-0.358	-0.4830369042103503	0.9526337909783025	0.4695968867679522	198.25	8	4
DD:SE:97696	DD	SE	ENSG00000153214	TMEM87B	-0.124	-0.09959193326963134	0.9946968709256845	0.8951049376560531	408.5	3	1
DD:SE:97724	DD	SE	ENSG00000164291	ARSK	-0.156	-0.18085931545513867	0.9717708333333334	0.7909115178781947	32.25	4	2
DD:SE:97731	DD	SE	ENSG00000214193	SH3D21	0.11	0.5208333333333333	0.08333333333333334	0.6041666666666666	2.625	4	7
DD:SE:98084	DD	SE	ENSG00000143643	TTC13	0.408	0.15461731668380238	0.005102040816326531	0.15971935750012892	51.125	3	5
DD:SE:98181	DD	SE	ENSG00000132300	PTCD3	0.304	0.3342766856209177	0.012434658466717565	0.34671134408763526	502.125	2	3
DD:SE:98189	DD	SE	ENSG00000132300	PTCD3	-0.201	-0.1438299408127981	0.9924643534676347	0.8486344126548366	502.125	4	1
DD:SE:98425	DD	SE	ENSG00000169599	NFU1	-0.303	-0.25396552402526673	0.9850239085533203	0.7310583845280536	209.625	1	1
DD:SE:98457	DD	SE	ENSG00000003509	NDUFAF7	0.219	0.461033810460254	0.26998473211578705	0.731018542576041	152.375	3	2
DD:SE:98580	DD	SE	ENSG00000164815	ORC5	-0.168	-0.1474287088333206	0.9745219984812035	0.8270932896478829	960.625	3	2
DD:SE:98590	DD	SE	ENSG00000164815	ORC5	-0.452	0.011961133884732439	0.1715686274509804	0.18352976133571283	213.875	1	2
DD:SE:98593	DD	SE	ENSG00000164815	ORC5	-0.118	-0.10064986844320378	0.9972256454008279	0.8965757769576241	802.125	4	1
DD:SE:98619	DD	SE	ENSG00000055483	USP36	-0.062	-0.04053974487945178	0.989040348964013	0.9485006040845613	138.125	8	1
DD:SE:98624	DD	SE	ENSG00000055483	USP36	0.168	0.14467262357398947	0.003703703703703704	0.14837632727769318	144.25	1	9
DD:SE:98646	DD	SE	ENSG00000116221	MRPL37	-0.065	-0.05399339636529721	0.9883959269515217	0.9344025305862245	3370.625	2	1
DD:SE:98796	DD	SE	ENSG00000143367	TUFT1	-0.07	-0.030053732954676393	0.9918681004530061	0.9618143674983297	164.75	9	1
DD:SE:98843	DD	SE	ENSG00000168495	POLR3D	-0.117	-0.1206341482950587	0.9788059347487678	0.8581717864537091	287.5	2	2
DD:SE:99165	DD	SE	ENSG00000157181	ODR4	0.237	0.18862889741745356	0.008987898125972083	0.19761679554342565	441	1	4
DD:SE:99358	DD	SE	ENSG00000092096	SLC22A17	0.538	0.27083333333333326	0.08333333333333334	0.35416666666666663	3.375	2	3
DD:SE:99360	DD	SE	ENSG00000092096	SLC22A17	0.319	0.11249999999999999	0.2375	0.35	3.875	2	3
DD:SE:99380	DD	SE	ENSG00000151657	KIN	-0.279	-0.22553445836234098	0.9789009894862251	0.7533665311238841	168.625	6	1
DD:SE:99408	DD	SE	ENSG00000032389	EIPR1	-0.248	-0.2764381763831354	0.962470038974811	0.6860318625916756	406.125	1	1
DD:SE:99666	DD	SE	ENSG00000101911	PRPS2	-0.114	-0.08696074471718229	0.9906341207811796	0.9036733760639973	205.5	3	1
DD:SE:99734	DD	SE	ENSG00000131778	CHD1L	-0.355	-0.2395873984363247	0.9814443466138382	0.7418569481775135	140.75	3	1
DD:SE:99846	DD	SE	ENSG00000173226	IQCB1	-0.279	-0.4289059394826159	0.9578256301558886	0.5289196906732727	367.5	7	2
DD:SE:99878	DD	SE	ENSG00000173226	IQCB1	-0.172	-0.2078166112642147	0.9202724737200771	0.7124558624558625	377.75	10	2
DD:SE:100116	DD	SE	ENSG00000121897	LIAS	-0.178	-0.10574287088324641	0.9963483476914794	0.890605476808233	263	6	1
DD:SE:100374	DD	SE	ENSG00000154889	MPPE1	0.105	0.13644085583885268	0.7752252900009586	0.9116661458398113	149.875	7	1
DD:SE:100486	DD	SE	ENSG00000113048	MRPS27	0.132	0.12103556521884105	0.0017086328617948914	0.12274419808063594	562.5	1	2
DD:SE:101102	DD	SE	ENSG00000265491	RNF115	-0.137	-0.12280828811476663	0.9900023398668144	0.8671940517520478	322.625	4	1
DD:SE:101482	DD	SE	ENSG00000172954	LCLAT1	0.162	0.09916880389438693	0.019899068322981366	0.1190678722173683	39.5	3	14
DD:SE:101770	DD	SE	ENSG00000156453	PCDH1	0.056	0.03413462148844542	9.433962264150943e-4	0.035078017714860514	763.875	1	4
DD:SE:101925	DD	SE	ENSG00000115661	STK16	-0.233	-0.2681644639443317	0.9390918814813599	0.6709274175370282	700.625	5	2
DD:SE:102068	DD	SE	ENSG00000169359	SLC33A1	-0.123	-0.22128883723995274	0.9850059633408174	0.7637171261008646	291.5	3	2
DD:SE:102080	DD	SE	ENSG00000137054	POLR1E	0.188	0.19380906002667964	0.007602157990836484	0.20141121801751613	290.375	1	1
DD:SE:102115	DD	SE	ENSG00000026652	AGPAT4	0.386	0.3517113095238095	0.013764880952380952	0.36547619047619045	44.75	2	5
DD:SE:102162	DD	SE	ENSG00000163785	RYK	-0.213	-0.1227457807811968	0.9924908424908425	0.8697450617096457	66.375	11	2
DD:SE:102674	DD	SE	ENSG00000162714	ZNF496	-0.052	-0.06944444444444442	1	0.9305555555555556	11.875	26	1
DD:SE:102703	DD	SE	ENSG00000172594	SMPDL3A	-0.132	-0.10558259553423699	0.6992032295944435	0.5936206340602065	162.25	7	5
DD:SE:102905	DD	SE	ENSG00000153094	BCL2L11	0.146	0.2538130850630851	0.049107142857142856	0.30292022792022794	18.5	6	10
DD:SE:102940	DD	SE	ENSG00000122085	MTERF4	-0.22	-0.13592694345025763	0.17964572192513367	0.04371877847487604	32.75	1	4
DD:SE:103167	DD	SE	ENSG00000089818	NECAP1	-0.19	-0.18825543571123216	0.9719343921857397	0.7836789564745076	719.5	1	1
DD:SE:103205	DD	SE	ENSG00000113569	NUP155	-0.21	-0.1509076906280854	0.9924242424242424	0.841516551796157	38.625	15	2
DD:SE:103219	DD	SE	ENSG00000113569	NUP155	-0.085	-0.027915402763734387	1	0.9720845972362656	37.875	17	1
DD:SE:103323	DD	SE	ENSG00000120451	SNX19	-0.127	-0.04021840185602499	0.9638563047767663	0.9236379029207413	137.25	10	2
DD:SE:103495	DD	SE	ENSG00000038210	PI4K2B	-0.096	-0.13478544189568287	0.9902604292990541	0.8554749874033712	210.25	4	1
DD:SE:103579	DD	SE	ENSG00000085511	MAP3K4	0.072	0.008680555555555556	0.006944444444444444	0.015625	37.625	2	15
DD:SE:103601	DD	SE	ENSG00000162851	TFB2M	-0.111	-0.11501921862776077	0.9126978138392887	0.797678595211528	431.125	4	1
DD:SE:103611	DD	SE	ENSG00000102317	RBM3	0.406	0.35898532604329075	0.008059245525934554	0.3670445715692253	3072.875	2	3
DD:SE:103818	DD	SE	ENSG00000121858	TNFSF10	-0.185	-0.19666614626588752	0.95407946927254	0.7574133230066524	333.625	2	1
DD:SE:103918	DD	SE	ENSG00000118762	PKD2	-0.223	-0.12452147525676938	0.9319444444444445	0.8074229691876751	12.375	3	1
DD:SE:104265	DD	SE	ENSG00000160049	DFFA	-0.08	0.016275229779649347	0.939591794648605	0.9558670244282543	599.375	2	1
DD:SE:104410	DD	SE	ENSG00000143748	NVL	-0.151	-0.1723057838638169	0.9581553853539321	0.7858496014901152	111.375	8	3
DD:SE:104427	DD	SE	ENSG00000118960	HS1BP3	-0.15	-0.13273985594799664	0.9353899409944937	0.802650085046497	68.125	5	1
DD:SE:104434	DD	SE	ENSG00000106100	NOD1	0.069	0.009999999999999998	0	0.009999999999999998	16.375	2	39
DD:SE:104542	DD	SE	ENSG00000143437	ARNT	-0.078	-0.03528610123190712	0.9972826086956521	0.961996507463745	71.125	9	1
DD:SE:104663	DD	SE	ENSG00000132664	POLR3F	0.161	0.11859668944141333	0.0016129032258064518	0.12020959266721978	160.5	1	8
DD:SE:104719	DD	SE	ENSG00000076321	KLHL20	-0.144	-0.11553189272630238	0.9796230734382115	0.8640911807119092	116.5	4	2
DD:SE:105746	DD	SE	ENSG00000155906	RMND1	0.131	0.09337071535393356	0.003836836848148797	0.09720755220208235	392.125	2	7
DD:SE:106095	DD	SE	ENSG00000134480	CCNH	-0.183	-0.18770477171816924	0.9893934940607672	0.8016887223425979	965.125	9	1
DD:SE:106112	DD	SE	ENSG00000089289	IGBP1	-0.068	-0.07639261033841738	0.9934780351626387	0.9170854248242213	635.75	4	1
DD:SE:106364	DD	SE	ENSG00000068078	FGFR3	-0.118	-0.11612364243943196	1	0.883876357560568	13.125	10	1
DD:SE:106374	DD	SE	ENSG00000068078	FGFR3	0.217	0.37388167388167387	0.008333333333333333	0.38221500721500723	14.25	2	11
DD:SE:106475	DD	SE	ENSG00000203965	EFCAB7	-0.151	-0.09627329192546574	0.9891304347826086	0.8928571428571429	18.625	11	1
DD:SE:106538	DD	SE	ENSG00000134709	HOOK1	0.255	0.1639157462381284	0	0.1639157462381284	67	1	2
DD:SE:106860	DD	SE	ENSG00000144681	STAC	-0.169	-0.20432229767968313	0.925	0.7206777023203169	28.375	7	3
DD:SE:106935	DD	SE	ENSG00000164548	TRA2A	0.372	0.11752446935195768	0.003913888672603522	0.1214383580245612	282.25	1	1
DD:SE:107044	DD	SE	ENSG00000143553	SNAPIN	-0.121	-0.09594486024604443	0.9432444766359638	0.8472996163899194	879.875	1	1
DD:SE:107200	DD	SE	ENSG00000239713	APOBEC3G	-0.189	-0.1930778032036613	0.9916666666666667	0.7985888634630054	46.625	5	2
DD:SE:107354	DD	SE	ENSG00000117500	TMED5	0.1	0.09965126254240529	0.02079952641918631	0.1204507889615916	666.625	1	3
DD:SE:107388	DD	SE	ENSG00000163510	CWC22	-0.05	-0.06181799578753533	0.9981891578901367	0.9363711621026014	380.375	2	1
DD:SE:107412	DD	SE	ENSG00000137936	BCAR3	0.122	0.09205410239773365	0.0023402124695228142	0.09439431486725647	294.75	1	6
DD:SE:107674	DD	SE	ENSG00000108469	RECQL5	-0.345	-0.6903409090909091	0.9166666666666666	0.22632575757575757	5.75	1	1
DD:SE:107846	DD	SE	ENSG00000164535	DAGLB	-0.188	-0.18028353682563092	0.9257206444750148	0.7454371076493839	154.75	3	2
DD:SE:107949	DD	SE	ENSG00000172939	OXSR1	0.229	0.13745722422652656	0	0.13745722422652656	278.375	1	10
DD:SE:108000	DD	SE	ENSG00000083223	TUT7	0.19	0.1666635784982928	0.006200396825396825	0.17286397532368963	134.875	2	6
DD:SE:108195	DD	SE	ENSG00000156170	NDUFAF6	0.172	0.1064736914440253	0.02576411858202351	0.1322378100260488	350.125	2	4
DD:SE:108200	DD	SE	ENSG00000156170	NDUFAF6	0.162	0.058713969950208965	0.011665341935965976	0.07037931188617494	334.5	1	4
DD:SE:108208	DD	SE	ENSG00000156170	NDUFAF6	0.11	0.032960541423810885	0.004193640101478435	0.03715418152528932	366.75	1	6
DD:SE:108263	DD	SE	ENSG00000163931	TKT	0.129	0.08980013940754031	0.002524270772193575	0.09232441017973389	1805.75	1	1
DD:SE:108347	DD	SE	ENSG00000196923	PDLIM7	-0.078	-0.10234174001343221	0.9975119787174779	0.8951702387040457	1791.25	1	1
DD:SE:108650	DD	SE	ENSG00000049246	PER3	-0.211	0	1	1	9.875	18	1
DD:SE:108652	DD	SE	ENSG00000049246	PER3	0.286	0.13990721288515406	0.18449754901960785	0.3244047619047619	12.5	3	18
DD:SE:108936	DD	SE	ENSG00000204394	VARS1	-0.247	-0.17737285981425488	0.9847250128149004	0.8073521530006456	87.125	3	1
DD:SE:108971	DD	SE	ENSG00000169764	UGP2	0.07	0.05315373034015258	0.004891289511805328	0.05804501985195791	3241.375	1	2
DD:SE:109026	DD	SE	ENSG00000122912	SLC25A16	-0.118	-0.04137463457590318	0.9889646189264509	0.9475899843505478	87.25	8	1
DD:SE:109030	DD	SE	ENSG00000122912	SLC25A16	-0.056	-0.03793547547224019	0.9882173382173383	0.9502818627450981	85.125	7	1
DD:SE:109144	DD	SE	ENSG00000065802	ASB1	-0.062	-0.24511682067463003	0.8593402878392736	0.6142234671646436	22.875	1	1
DD:SE:109191	DD	SE	ENSG00000152683	SLC30A6	-0.188	-0.06722713716294781	0.9664121854611218	0.899185048298174	69	15	6
DD:SE:109258	DD	SE	ENSG00000134215	VAV3	-0.173	-0.13658193537829189	0.8544390782354347	0.7178571428571429	49.5	7	4
DD:SE:109452	DD	SE	ENSG00000116266	STXBP3	-0.11	-0.24684126527739125	0.9891536386148875	0.7423123733374962	338.375	1	1
DD:SE:109540	DD	SE	ENSG00000076513	ANKRD13A	-0.093	-0.0741104838876332	0.998015873015873	0.9239053891282398	92	6	1
DD:SE:109615	DD	SE	ENSG00000056097	ZFR	-0.119	-0.13251171852229426	0.9902670013857449	0.8577552828634506	399.125	1	2
DD:SE:109880	DD	SE	ENSG00000168710	AHCYL1	-0.147	-0.0931631789797901	0.9971175571504518	0.9039543781706617	284.75	5	1
DD:SE:110106	DD	SE	ENSG00000154144	TBRG1	-0.287	-0.3483135644272798	0.620374326072008	0.27206076164472826	820.375	1	1
DD:SE:110177	DD	SE	ENSG00000084072	PPIE	-0.078	-0.052468781151692956	0.9975627035124587	0.9450939223607657	2901	3	1
DD:SE:110179	DD	SE	ENSG00000084072	PPIE	-0.169	-0.5438210508352082	0.9658201523947861	0.421999101559578	241.25	1	1
DD:SE:110194	DD	SE	ENSG00000154710	RABGEF1	-0.335	-0.44148507090614975	0.9377939964489619	0.49630892554281214	550.375	2	3
DD:SE:110354	DD	SE	ENSG00000196878	LAMB3	-0.097	-0.10723023218812033	0.998793168931676	0.8915629367435557	7387.375	13	1
DD:SE:110427	DD	SE	ENSG00000113790	EHHADH	-0.068	-0.8333333333333333	1	0.16666666666666669	1.75	1	1
DD:SE:110428	DD	SE	ENSG00000113790	EHHADH	-0.371	-0.2918167613985876	0.9836956521739131	0.6918788907753255	36.75	3	1
DD:SE:110605	DD	SE	ENSG00000136933	RABEPK	0.154	0.1940735996845328	0.0104656302113905	0.2045392298959233	601.125	2	4
DD:SE:110656	DD	SE	ENSG00000177479	ARIH2	0.359	0.44544884968204496	0.11096946077423558	0.5564183104562805	551.125	2	2
DD:SE:110755	DD	SE	ENSG00000138050	THUMPD2	0.492	0.6389703551928669	0.18579485688803116	0.8247652120808981	740.375	5	5
DD:SE:110773	DD	SE	ENSG00000138050	THUMPD2	0.134	0.13538734024701968	0.03208345024195755	0.16747079048897723	617	2	5
DD:SE:110915	DD	SE	ENSG00000275700	AATF	-0.15	-0.12193239521407728	0.9976080567336697	0.8756756615195924	1627.125	2	1
DD:SE:111115	DD	SE	ENSG00000169188	APEX2	-0.056	-0.020599000903583242	0.931153431148326	0.9105544302447428	577.5	1	1
DD:SE:111136	DD	SE	ENSG00000076067	RBMS2	0.123	0.028934300993124523	0	0.028934300993124523	47	1	10
DD:SE:111147	DD	SE	ENSG00000076067	RBMS2	-0.122	-0.02629190909169199	1	0.973708090908308	51	12	1
DD:SE:111292	DD	SE	ENSG00000122971	ACADS	-0.168	-0.09409142128057557	0.9988738738738738	0.9047824525932983	228.625	1	1
DD:SE:111297	DD	SE	ENSG00000005486	RHBDD2	0.389	0.3454271579104854	0.16810145162912163	0.513528609539607	1941.75	1	1
DD:SE:111502	DD	SE	ENSG00000136450	SRSF1	-0.306	-0.1135534228356333	0.4295415043068089	0.3159880814711756	498.5	1	1
DD:SE:111566	DD	SE	ENSG00000160783	PMF1	0.058	0.05769657574688448	0.0020588555075315936	0.05975543125441607	563.625	1	2
DD:SE:111740	DD	SE	ENSG00000174227	PIGG	-0.196	-0.11363144317177676	0.9667062461831007	0.853074803011324	319.125	5	1
DD:SE:111881	DD	SE	ENSG00000126653	NSRP1	0.131	0.11605592834945369	0.006181439731567192	0.12223736808102088	925.375	1	4
DD:SE:111955	DD	SE	ENSG00000115204	MPV17	-0.056	-0.052467081763850065	0.9487300999107398	0.8962630181468897	636.625	3	1
DD:SE:111969	DD	SE	ENSG00000115204	MPV17	0.093	0.07630762269046983	0.003501021068988712	0.07980864375945854	603.875	1	3
DD:SE:111994	DD	SE	ENSG00000072571	HMMR	-0.11	-0.12021501782531197	0.9860795454545455	0.8658645276292335	99.125	7	2
DD:SE:112058	DD	SE	ENSG00000150403	TMCO3	-0.151	-0.11441420428885363	0.9932821254258318	0.8788679211369782	263	4	1
DD:SE:112250	DD	SE	ENSG00000173692	PSMD1	0.203	0.14273432298939534	0.005915105511534214	0.14864942850092955	860.25	1	3
DD:SE:112323	DD	SE	ENSG00000213699	SLC35F6	-0.055	-0.029884982360073975	0.964478862553975	0.934593880193901	190.875	4	1
DD:SE:112386	DD	SE	ENSG00000144566	RAB5A	0.201	0.167735888417405	0.005313502319525941	0.17304939073693093	1923.875	1	2
DD:SE:112600	DD	SE	ENSG00000080819	CPOX	0.158	0.1278519832993517	0.0023148148148148147	0.13016679811416654	116.75	1	3
DD:SE:112984	DD	SE	ENSG00000161265	U2AF1L4	0.184	0.3090943191967551	0.34759615384615383	0.656690473042909	54.625	8	8
DD:SE:113044	DD	SE	ENSG00000166557	TMED3	0.142	0.11668926049806422	0.02618573032116917	0.14287499081923338	2438.75	1	1
DD:SE:113070	DD	SE	ENSG00000171608	PIK3CD	-0.153	-0.05238095238095242	1	0.9476190476190476	8	22	1
DD:SE:113099	DD	SE	ENSG00000164008	C1orf50	-0.245	-0.31720491719197785	0.9559011550917235	0.6386962378997456	198.625	2	1
DD:SE:113184	DD	SE	ENSG00000131781	FMO5	-0.155	-0.0626550868486353	1	0.9373449131513647	36.375	13	2
DD:SE:113378	DD	SE	ENSG00000144908	ALDH1L1	-0.261	-0.1027614803550364	1	0.8972385196449636	37.5	6	1
DD:SE:113607	DD	SE	ENSG00000150540	HNMT	0.189	0.07447703396978758	0.02210144927536232	0.09657848324514991	49.125	2	3
DD:SE:113609	DD	SE	ENSG00000150540	HNMT	-0.081	-0.031647598976366154	0.9821428571428572	0.950495258166491	47	2	1
DD:SE:113655	DD	SE	ENSG00000143179	UCK2	-0.08	-0.05048239770733898	0.9704356097773533	0.9199532120700143	501.375	2	1
DD:SE:113703	DD	SE	ENSG00000145545	SRD5A1	0.168	0.13036403822740983	0.018220721604968775	0.1485847598323786	680.5	1	1
DD:SE:113916	DD	SE	ENSG00000173933	RBM4	0.077	0.06932852579971009	0.008259842466860299	0.0775883682665704	1185.875	1	5
DD:SE:114044	DD	SE	ENSG00000164241	C5orf63	0.249	0.3046216774226997	0.27584038216122114	0.5804620595839208	204.75	4	5
DD:SE:114264	DD	SE	ENSG00000143499	SMYD2	-0.199	-0.1536807212636334	0.9575540923022925	0.8038733710386591	362.875	3	1
DD:SE:114335	DD	SE	ENSG00000138641	HERC3	-0.064	-0.04976851851851849	1	0.9502314814814815	17.625	17	1
DD:SE:114348	DD	SE	ENSG00000138641	HERC3	-0.122	-0.1725898692810457	1	0.8274101307189543	17.25	14	2
DD:SE:114529	DD	SE	ENSG00000163374	YY1AP1	-0.218	-0.3166775232853196	0.9553178930428712	0.6386403697575516	256.5	5	1
DD:SE:114532	DD	SE	ENSG00000163374	YY1AP1	-0.211	-0.26161759607013735	0.9619495447731377	0.7003319487030003	306.5	5	1
DD:SE:114624	DD	SE	ENSG00000183576	SETD3	-0.083	-0.10317276317876822	0.9735944018502032	0.870421638671435	200.5	6	1
DD:SE:114721	DD	SE	ENSG00000112210	RAB23	-0.091	-0.06818305369575994	0.9920329071191707	0.9238498534234107	120.625	7	1
DD:SE:114949	DD	SE	ENSG00000115825	PRKD3	-0.218	-0.11080586080586075	0.9737179487179487	0.862912087912088	32.125	9	2
DD:SE:115029	DD	SE	ENSG00000144827	ABHD10	-0.13	-0.14301547330284703	0.9839128593553617	0.8408973860525146	142.125	2	1
DD:SE:115426	DD	SE	ENSG00000136504	KAT7	-0.059	-0.12446530399829747	1	0.8755346960017025	92.25	4	1
DD:SE:115608	DD	SE	ENSG00000118898	PPL	-0.117	-0.04212962962962963	1	0.9578703703703704	34.5	6	1
DD:SE:115632	DD	SE	ENSG00000148335	NTMT1	0.146	0.30379531402648496	0.6177866653894051	0.92158197941589	432.5	2	1
DD:SE:115649	DD	SE	ENSG00000176974	SHMT1	-0.117	-0.0735270595824854	0.9966784172720916	0.9231513576896062	310.5	4	1
DD:SE:115670	DD	SE	ENSG00000161202	DVL3	-0.089	0.43535575048732944	0	0.43535575048732944	10.125	1	1
DD:SE:115671	DD	SE	ENSG00000161202	DVL3	-0.053	-0.09181241502666349	0.9946043165467626	0.9027919015200991	118.125	3	1
DD:SE:115707	DD	SE	ENSG00000154845	PPP4R1	0.332	0.25532601819700523	0.015408073171463577	0.2707340913684688	397.125	2	7
DD:SE:115750	DD	SE	ENSG00000074964	ARHGEF10L	-0.143	-0.018750000000000044	0.96875	0.95	4.625	6	1
DD:SE:115816	DD	SE	ENSG00000072756	TRNT1	-0.077	-0.10987895211878151	0.9906619964000396	0.8807830442812581	861.125	4	1
DD:SE:115953	DD	SE	ENSG00000143321	HDGF	0.266	0.25834696138370855	0.007543788876306128	0.2658907502600147	1276.375	1	5
DD:SE:115973	DD	SE	ENSG00000143401	ANP32E	-0.1	-0.061427244897577005	0.9946020892001709	0.9331748443025939	397.5	4	1
DD:SE:116352	DD	SE	ENSG00000113649	TCERG1	0.324	0.3183215562960029	0.037586815812622264	0.35590837210862514	207.25	4	9
DD:SE:116387	DD	SE	ENSG00000113649	TCERG1	0.205	0.1424293722188469	0.011137786053118565	0.1535671582719655	272.125	2	12
DD:SE:116438	DD	SE	ENSG00000144228	SPOPL	0.171	0.22871840089582027	0.109028874351455	0.33774727524727527	32.375	4	7
DD:SE:116493	DD	SE	ENSG00000071282	LMCD1	-0.085	-0.20157657657657657	0.9932432432432432	0.7916666666666666	13.875	5	2
DD:SE:116523	DD	SE	ENSG00000115307	AUP1	-0.152	-0.1075981091444923	0.9782106678983565	0.8706125587538642	5293.125	2	1
DD:SE:116673	DD	SE	ENSG00000125124	BBS2	-0.117	-0.08186610987511644	1	0.9181338901248836	181.125	7	1
DD:SE:116736	DD	SE	ENSG00000108423	TUBD1	-0.203	-0.09943025755941037	0.9484027632283446	0.8489725056689342	96.375	5	2
DD:SE:116887	DD	SE	ENSG00000106462	EZH2	0.193	0.119980078151662	0.006475667189952903	0.1264557453416149	100.625	1	10
DD:SE:116899	DD	SE	ENSG00000106462	EZH2	0.13	0.08027045344076808	0	0.08027045344076808	62.375	1	3
DD:SE:117064	DD	SE	ENSG00000126858	RHOT1	0.096	0.06178803969777086	0.009208682982047467	0.07099672267981832	128.125	1	9
DD:SE:117128	DD	SE	ENSG00000114988	LMAN2L	-0.205	-0.2517645221993814	0.9816992541120357	0.7299347319126543	826.75	2	2
DD:SE:117141	DD	SE	ENSG00000288683	ENSG00000288683	0.388	0.9041666666666667	0	0.9041666666666667	5.5	2	1
DD:SE:117280	DD	SE	ENSG00000182973	CNOT10	-0.088	-0.07723490947934386	0.9990671641791045	0.9218322546997606	290.25	6	1
DD:SE:117587	DD	SE	ENSG00000157470	FAM81A	0.103	0.02777777777777779	0.9472222222222222	0.975	8.75	8	1
DD:SE:117615	DD	SE	ENSG00000143674	MAP3K21	-0.217	-0.2910954350033017	0.9758064516129032	0.6847110166096015	29.875	8	4
DD:SE:117662	DD	SE	ENSG00000132953	XPO4	-0.2	-0.11073522264746982	1	0.8892647773525302	53.875	9	1
DD:SE:117671	DD	SE	ENSG00000132953	XPO4	0.196	0.1906964371752657	0.06282761419786087	0.25352405137312656	67.375	3	13
DD:SE:117873	DD	SE	ENSG00000114857	NKTR	0.538	0.4510876780152321	0.3498663101604278	0.8009539881756599	92.375	6	5
DD:SE:117971	DD	SE	ENSG00000069998	HDHD5	-0.091	-0.11017331656438245	0.9624282177380508	0.8522549011736683	712.75	4	1
DD:SE:118065	DD	SE	ENSG00000164338	UTP15	-0.079	-0.10968881600334657	0.99535614781735	0.8856673318140035	291.875	4	1
DD:SE:118073	DD	SE	ENSG00000114956	DGUOK	-0.06	-0.21936510083651095	0.513668871477371	0.29430377064086	1713.625	2	4
DD:SE:118095	DD	SE	ENSG00000114956	DGUOK	-0.227	-0.11986761527198375	0.9940560048963022	0.8741883896243184	1179.75	3	1
DD:SE:118102	DD	SE	ENSG00000114956	DGUOK	0.137	0.24800908638185443	0.013392683322787247	0.2614017697046417	587.375	1	2
DD:SE:118103	DD	SE	ENSG00000114956	DGUOK	-0.123	-0.14336656163685457	0.9771979603822187	0.8338313987453642	1226.75	3	1
DD:SE:118388	DD	SE	ENSG00000115598	IL1RL2	-0.348	-0.3403118078626799	0.825595238095238	0.48528343023255816	32.5	26	15
DD:SE:118579	DD	SE	ENSG00000166377	ATP9B	-0.203	-0.20383928571428567	0.99	0.7861607142857143	44.375	7	1
DD:SE:119112	DD	SE	ENSG00000145919	BOD1	-0.071	-0.07958872712070864	0.978686051255525	0.8990973241348164	535	1	1
DD:SE:119140	DD	SE	ENSG00000144848	ATG3	-0.064	-0.05831533362275054	0.9857756365709919	0.9274603029482413	2113.25	2	1
DD:SE:119365	DD	SE	ENSG00000105819	PMPCB	-0.359	-0.3301671188524179	0.9801887367327653	0.6500216178803474	728.75	4	1
DD:SE:119389	DD	SE	ENSG00000085831	TTC39A	-0.089	-0.053495960561178	1	0.946504039438822	64	15	1
DD:SE:119431	DD	SE	ENSG00000067836	ROGDI	-0.114	-0.10937651241564772	0.9841314900590312	0.8747549776433835	1079.125	3	1
DD:SE:119866	DD	SE	ENSG00000132591	ERAL1	-0.091	-0.081731912732532	0.9849929893884166	0.9032610766558846	1140.25	3	1
DD:SE:120039	DD	SE	ENSG00000078142	PIK3C3	-0.258	-0.22193628867394766	0.9918134582077106	0.769877169533763	143.125	8	2
DD:SE:120152	DD	SE	ENSG00000144136	SLC20A1	0.397	0.15625682979872263	0	0.15625682979872263	87.25	1	5
DD:SE:120176	DD	SE	ENSG00000204304	PBX2	-0.078	-0.09919685577580317	1	0.9008031442241968	10.5	3	2
DD:SE:120200	DD	SE	ENSG00000113648	MACROH2A1	-0.453	-0.5536567658110442	0.8715119456198385	0.3178551798087943	994.375	2	2
DD:SE:120204	DD	SE	ENSG00000113648	MACROH2A1	-0.279	-0.30401958098782644	0.9687278659319036	0.6647082849440772	2737.875	2	2
DD:SE:120297	DD	SE	ENSG00000136682	ZNG1B	0.355	0.3712659386684508	0.07693363670465922	0.44819957537311	917	4	6
DD:SE:120425	DD	SE	ENSG00000144134	RABL2A	0.289	0.36757961912774845	0.028391569182149502	0.39597118830989797	36.25	1	2
DD:SE:120427	DD	SE	ENSG00000144134	RABL2A	-0.336	-0.4166896238203538	0.961784501576522	0.5450948777561682	29.875	5	1
DD:SE:120806	DD	SE	ENSG00000272886	DCP1A	0.111	0.08857564362059439	0.016563598894310395	0.10513924251490478	340.5	1	3
DD:SE:120870	DD	SE	ENSG00000144118	RALB	-0.069	-0.06772614615046291	0.9960344860820245	0.9283083399315616	2712.125	2	1
DD:SE:120878	DD	SE	ENSG00000163933	RFT1	-0.121	-0.11838939010426908	0.9739939812632654	0.8556045911589963	553.625	3	1
DD:SE:120898	DD	SE	ENSG00000163933	RFT1	-0.056	-0.055593019681334566	0.9651978975696368	0.9096048778883022	599.625	6	1
DD:SE:121059	DD	SE	ENSG00000104783	KCNN4	-0.073	-0.08488295928691914	0.9868761305803344	0.9019931712934153	752.875	9	1
DD:SE:121078	DD	SE	ENSG00000165669	FAM204A	-0.139	-0.07429497667808238	0.9925118577176181	0.9182168810395357	668.5	2	1
DD:SE:121088	DD	SE	ENSG00000242372	EIF6	-0.143	-0.09057159021153571	0.9773356580520476	0.8867640678405119	5365.875	2	1
DD:SE:121097	DD	SE	ENSG00000155438	NIFK	-0.064	-0.055027088952063874	0.9913437655476975	0.9363166765956337	2295.125	2	1
DD:SE:121112	DD	SE	ENSG00000125954	CHURC1-FNTB	-0.051	-0.5159451659451659	0.9097222222222222	0.3937770562770563	11.125	1	1
DD:SE:121167	DD	SE	ENSG00000162341	TPCN2	-0.269	-0.28051563175506544	0.94553798811545	0.6650223563603845	53.75	9	6
DD:SE:121233	DD	SE	ENSG00000137198	GMPR	-0.091	0	1	1	40	7	1
DD:SE:121237	DD	SE	ENSG00000163166	IWS1	-0.077	-0.0728484265191297	0.9944088491295938	0.9215604226104641	190.875	7	1
DD:SE:121239	DD	SE	ENSG00000163166	IWS1	-0.211	-0.20058370987978813	0.987390350877193	0.7868066409974048	153.25	4	1
DD:SE:121448	DD	SE	ENSG00000141012	GALNS	-0.414	-0.4767635054029369	0.9615477903646704	0.48478428496173354	297	1	3
DD:SE:121694	DD	SE	ENSG00000107164	FUBP3	0.177	0.09157963368311295	0.0043595676170141194	0.09593920130012706	350.875	1	7
DD:SE:121709	DD	SE	ENSG00000176894	PXMP2	-0.119	-0.05290004784262303	0.9823364743846695	0.9294364265420465	282.5	3	1
DD:SE:121873	DD	SE	ENSG00000114021	NIT2	-0.15	-0.046846611317521214	0.9944457242141711	0.9475991128966499	608.375	3	1
DD:SE:122195	DD	SE	ENSG00000058804	NDC1	-0.071	-0.06839405066718596	0.9974043715846994	0.9290103209175135	311.125	6	1
DD:SE:122248	DD	SE	ENSG00000151806	GUF1	-0.425	-0.4075829124953525	0.8528135876281981	0.44523067513284564	295.5	5	3
DD:SE:122293	DD	SE	ENSG00000125703	ATG4C	-0.247	-0.18745459294518096	0.9806141194383775	0.7931595264931965	173.125	8	2
DD:SE:122395	DD	SE	ENSG00000077238	IL4R	-0.084	-0.07922348104770394	0.9879659815874717	0.9087425005397678	210.875	13	1
DD:SE:122405	DD	SE	ENSG00000143889	HNRNPLL	0.538	0.5116659105898352	0.016913248288666523	0.5285791588785017	1062.75	3	3
DD:SE:122558	DD	SE	ENSG00000071462	BUD23	-0.11	-0.12168000706503856	0.9951702059083074	0.8734901988432688	1997.625	1	1
DD:SE:122559	DD	SE	ENSG00000071462	BUD23	-0.219	-0.13244094981705623	0.6386904761904761	0.5062495263734199	254.5	1	1
DD:SE:122562	DD	SE	ENSG00000071462	BUD23	-0.275	-0.21938110864848898	0.7130183413078149	0.49363723265932596	247.625	1	1
DD:SE:122563	DD	SE	ENSG00000071462	BUD23	-0.151	-0.12793640095947334	0.9961716828433195	0.8682352818838461	2004.5	1	1
DD:SE:122587	DD	SE	ENSG00000189195	BTBD8	-0.456	-0.12529137529137535	1	0.8747086247086246	7.125	13	4
DD:SE:122974	DD	SE	ENSG00000149292	TTC12	0.195	0.14599734630694383	0	0.14599734630694383	54.5	2	17
DD:SE:123271	DD	SE	ENSG00000168890	TMEM150A	-0.159	-0.17103183973022662	0.9150943485229601	0.7440625087927335	275	5	2
DD:SE:123272	DD	SE	ENSG00000168890	TMEM150A	0.065	0.02612467046359143	0	0.02612467046359143	232.375	1	5
DD:SE:123449	DD	SE	ENSG00000134186	PRPF38B	0.188	0.14748844848881798	0.009074033041500902	0.15656248153031888	825.75	2	4
DD:SE:123632	DD	SE	ENSG00000047056	WDR37	0.218	0.08063325816299607	0.01941498460485802	0.1000482427678541	59.625	3	13
DD:SE:123685	DD	SE	ENSG00000198874	TYW1	-0.225	-0.12223929532826783	1	0.8777607046717322	99.375	3	1
DD:SE:123723	DD	SE	ENSG00000133393	CEP20	-0.081	-0.0838896106221072	0.9717360043854935	0.8878463937633863	981.875	1	1
DD:SE:123844	DD	SE	ENSG00000073605	GSDMB	-0.259	0.04761904761904767	0.9166666666666666	0.9642857142857143	5.625	7	2
DD:SE:123918	DD	SE	ENSG00000176809	LRRC37A3	-0.131	0	1	1	13.125	29	1
DD:SE:123953	DD	SE	ENSG00000100038	TOP3B	0.105	0.6636689475399152	0.2236111111111111	0.8872800586510263	18.625	1	1
DD:SE:123959	DD	SE	ENSG00000100038	TOP3B	0.423	0.6006919169086001	0.08607554216489345	0.6867674590734936	77	4	9
DD:SE:124042	DD	SE	ENSG00000133835	HSD17B4	0.098	0.05808612780987681	0.010683035739967156	0.06876916354984397	303.125	1	3
DD:SE:124272	DD	SE	ENSG00000137806	NDUFAF1	0.276	0.145739626349097	0.004885971377776969	0.15062559772687398	979	2	5
DD:SE:124274	DD	SE	ENSG00000137806	NDUFAF1	0.306	0.23245555524873762	0.018728394229846082	0.2511839494785837	1047.625	2	5
DD:SE:124556	DD	SE	ENSG00000119912	IDE	0.172	0.09153225106210777	0.0017605633802816902	0.09329281444238946	147.75	1	6
DD:SE:124593	DD	SE	ENSG00000214253	FIS1	-0.157	0.1949631831123849	0.19345238095238096	0.38841556406476585	105.5	1	1
DD:SE:124704	DD	SE	ENSG00000143156	NME7	-0.273	-0.17440803379378722	0.9930879055713664	0.8186798717775792	180.75	5	1
DD:SE:125132	DD	SE	ENSG00000164300	SERINC5	-0.183	-0.12982380990712317	0.9958333333333333	0.8660095234262102	102.375	16	1
DD:SE:125379	DD	SE	ENSG00000041802	LSG1	-0.055	-0.05946239860645153	0.9968578984093511	0.9373954998028996	314.25	3	1
DD:SE:125411	DD	SE	ENSG00000115840	SLC25A12	0.082	0.07190889476516149	0.007009756028489303	0.07891865079365079	125.5	1	5
DD:SE:125479	DD	SE	ENSG00000152256	PDK1	-0.502	-0.5482340320685489	0.9209027648003911	0.3726687327318422	162.625	7	4
DD:SE:125488	DD	SE	ENSG00000163159	VPS72	-0.081	-0.04884054169817609	0.9905176815870023	0.9416771398888262	1260	2	1
DD:SE:125545	DD	SE	ENSG00000091436	MAP3K20	-0.12	-0.10601991579104264	0.9840291750503019	0.8780092592592592	74.25	2	2
DD:SE:125625	DD	SE	ENSG00000172456	FGGY	-0.148	-0.03265542328042326	1	0.9673445767195767	58.125	21	1
DD:SE:125656	DD	SE	ENSG00000015153	YAF2	0.438	0.5558798370038571	0.3402777777777778	0.8961576147816349	30.25	4	1
DD:SE:125866	DD	SE	ENSG00000009765	IYD	-0.08	-0.033547008547008546	0.05277777777777778	0.019230769230769232	11.375	1	2
DD:SE:125946	DD	SE	ENSG00000164088	PPM1M	-0.185	-0.011706349206349165	0.8125	0.8007936507936508	6.375	14	3
DD:SE:125954	DD	SE	ENSG00000159202	UBE2Z	-0.224	-0.22956812670427185	0.9416960974440449	0.7121279707397731	293.75	2	1
DD:SE:126000	DD	SE	ENSG00000122484	RPAP2	-0.114	-0.12604088109602818	0.9934640522875817	0.8674231711915535	126.375	5	2
DD:SE:126019	DD	SE	ENSG00000115966	ATF2	0.288	0.26168451092240025	0.022454323216433848	0.2841388341388341	88.875	2	6
DD:SE:126143	DD	SE	ENSG00000118873	RAB3GAP2	-0.117	-0.12717344682345033	0.9945652173913043	0.867391770567854	56.25	4	1
DD:SE:126196	DD	SE	ENSG00000104824	HNRNPL	0.579	0.47748206966026696	0.02047016777451591	0.4979522374347829	927.5	1	2
DD:SE:126211	DD	SE	ENSG00000037042	TUBG2	-0.335	-0.27426890198489573	0.8995677089381554	0.6252988069532597	186.25	4	5
DD:SE:126383	DD	SE	ENSG00000018510	AGPS	-0.117	-0.09274321999305568	0.9947955777766899	0.9020523577836342	151	4	1
DD:SE:126443	DD	SE	ENSG00000132541	RIDA	-0.115	0.26648367438909853	0.049019607843137254	0.3155032822322358	30.875	1	1
DD:SE:126445	DD	SE	ENSG00000132541	RIDA	-0.059	-0.046379340126986524	0.9552885090990162	0.9089091689720297	393	1	1
DD:SE:126575	DD	SE	ENSG00000180228	PRKRA	-0.127	-0.14975925799639733	0.9819419758390637	0.8321827178426664	1744.375	4	2
DD:SE:126605	DD	SE	ENSG00000180228	PRKRA	0.338	0.31255890691838195	0.015145916810101679	0.32770482372848364	1754.875	3	5
DD:SE:126856	DD	SE	ENSG00000161542	PRPSAP1	-0.081	-0.07134976269310733	0.9972651802821835	0.9259154175890761	912	2	1
DD:SE:126872	DD	SE	ENSG00000122068	FYTTD1	0.121	0.09280611549758057	0.0035191820003917977	0.09632529749797236	1054	1	4
DD:SE:126978	DD	SE	ENSG00000065548	ZC3H15	0.11	0.05125048434148397	0.001545195610287342	0.05279567995177131	1116	1	4
DD:SE:127110	DD	SE	ENSG00000064419	TNPO3	0.132	0.11040413550878814	0.0179080515361178	0.12831218704490593	308.5	1	2
DD:SE:127123	DD	SE	ENSG00000186501	TMEM222	0.05	0.05589054593816357	0.0599355218828063	0.11582606782096987	1491.5	2	2
DD:SE:127352	DD	SE	ENSG00000173559	NABP1	0.298	0.26237593165796796	0.1455448566296646	0.40792078828763256	463.375	3	4
DD:SE:127390	DD	SE	ENSG00000183696	UPP1	-0.156	-0.0766813609144501	0.9868834987633904	0.9102021378489403	4129.5	6	1
DD:SE:127397	DD	SE	ENSG00000183696	UPP1	0.391	0.310585453161216	0.04097341907122887	0.35155887223244486	1188.75	1	1
DD:SE:127408	DD	SE	ENSG00000183696	UPP1	-0.514	0.0747796332653305	0.09267132373475657	0.16745095700008708	1708.875	1	2
DD:SE:127410	DD	SE	ENSG00000183696	UPP1	-0.436	-0.4462716333664092	0.9786197198304446	0.5323480864640354	2420.625	3	1
DD:SE:127517	DD	SE	ENSG00000068912	ERLEC1	-0.07	-0.07564377902714248	0.997520516433046	0.9218767374059035	627.625	2	1
DD:SE:127624	DD	SE	ENSG00000115524	SF3B1	0.369	0.2619492029393535	0.004268757558231242	0.2662179604975847	874.125	1	3
DD:SE:127634	DD	SE	ENSG00000115421	PAPOLG	-0.214	-0.17324283161725162	0.966468587434974	0.7932257558177224	90.375	6	2
DD:SE:127808	DD	SE	ENSG00000116459	ATP5PB	-0.12	-0.0808056363279892	0.9795307506032788	0.8987251142752896	7578.5	1	1
DD:SE:127871	DD	SE	ENSG00000169251	NMD3	-0.105	-0.06858355911896663	0.995239706607315	0.9266561474883483	1223.5	4	1
DD:SE:127892	DD	SE	ENSG00000171469	ZNF561	0.07	-0.023293869905721687	0.8587961005506326	0.8355022306449109	137.375	3	1
DD:SE:127894	DD	SE	ENSG00000171469	ZNF561	0.113	0.060844858540547664	0.4562532995459825	0.5170981580865301	40	1	1
DD:SE:128173	DD	SE	ENSG00000240344	PPIL3	0.084	0.058415880206008144	0.0014880537994588446	0.05990393400546699	509.5	2	16
DD:SE:128191	DD	SE	ENSG00000240344	PPIL3	0.129	-0.038765993462659076	0.5776105651105651	0.538844571647906	108.875	3	1
DD:SE:128193	DD	SE	ENSG00000240344	PPIL3	0.175	0.24052478553100365	0.04747813708240427	0.28800292261340793	402.5	3	10
DD:SE:128276	DD	SE	ENSG00000102967	DHODH	0.186	0.14399205428660836	0.0053049643958734865	0.14929701868248185	324.25	2	4
DD:SE:128283	DD	SE	ENSG00000102967	DHODH	-0.336	-0.37272371928093107	0.963073075706026	0.5903493564250949	276.75	2	2
DD:SE:128342	DD	SE	ENSG00000064012	CASP8	-0.232	-0.4178571428571428	0.9444444444444444	0.5265873015873016	8.375	10	2
DD:SE:128755	DD	SE	ENSG00000127419	TMEM175	0.16	0.026672639253933705	0.5445970001026168	0.5712696393565505	216.125	5	4
DD:SE:128878	DD	SE	ENSG00000138443	ABI2	-0.157	-0.2680776665125497	0.9706151778329197	0.70253751132037	87.375	8	4
DD:SE:128953	DD	SE	ENSG00000114423	CBLB	-0.187	-0.23540627869896158	1	0.7645937213010384	65.25	6	3
DD:SE:128974	DD	SE	ENSG00000146223	RPL7L1	-0.078	-0.078994838445123	0.9232859264699342	0.8442910880248112	1988.75	2	1
DD:SE:129278	DD	SE	ENSG00000164062	APEH	-0.115	-0.05415738535221426	0.9883162120727079	0.9341588267204937	1009.25	4	1
DD:SE:129284	DD	SE	ENSG00000164062	APEH	-0.202	-0.15530599991670213	0.9944296068221377	0.8391236069054355	947.375	3	1
DD:SE:129333	DD	SE	ENSG00000197713	RPE	0.1	0.11285260368072683	0.0034230075703730644	0.11627561125109989	704.5	1	2
DD:SE:129339	DD	SE	ENSG00000197713	RPE	-0.126	-0.16236466310502173	0.9859083632992294	0.8235437001942076	734	2	1
DD:SE:129396	DD	SE	ENSG00000127452	FBXL12	0.091	0.05716392816703926	0.005210665001610078	0.06237459316864934	169	1	3
DD:SE:129459	DD	SE	ENSG00000085433	WDR47	-0.107	-0.039883496669024465	0.9951894423158791	0.9553059456468547	116.5	8	1
DD:SE:129557	DD	SE	ENSG00000138376	BARD1	-0.174	-0.238880301102121	0.9682920658080034	0.7294117647058824	89.125	6	1
DD:SE:129808	DD	SE	ENSG00000164465	DCBLD1	-0.13	-0.08912697984332074	0.9889124622180888	0.8997854823747681	102	8	1
DD:SE:129879	DD	SE	ENSG00000151445	VIPAS39	-0.199	-0.164194164467663	0.9978813559322034	0.8336871914645404	118	5	1
DD:SE:129953	DD	SE	ENSG00000197121	PGAP1	-0.308	-0.20669563279857395	0.9123774509803921	0.7056818181818182	19.25	19	12
DD:SE:130028	DD	SE	ENSG00000057019	DCBLD2	-0.098	-0.05132709638426869	0.9914234250753526	0.940096328691084	339.25	5	1
DD:SE:130664	DD	SE	ENSG00000116120	FARSB	-0.081	-0.06923908393854084	0.9969690623625942	0.9277299784240534	2318.875	2	1
DD:SE:130720	DD	SE	ENSG00000162735	PEX19	-0.138	-0.09306565435353498	0.9567994146412768	0.8637337602877418	767.25	1	1
DD:SE:131015	DD	SE	ENSG00000028203	VEZT	0.183	0.1545053040249369	0.5183110412714039	0.6728163452963408	192.125	5	3
DD:SE:131178	DD	SE	ENSG00000147854	UHRF2	-0.102	-0.09884083380323982	0.9773391812865497	0.8784983474833099	61.125	6	1
DD:SE:131257	DD	SE	ENSG00000156795	NTAQ1	0.226	0.2601047193829124	0.05098383564266679	0.3110885550255792	207.875	2	3
DD:SE:131412	DD	SE	ENSG00000135503	ACVR1B	-0.157	-0.1743858051281728	0.9513583718659507	0.7769725667377779	68	4	2
DD:SE:131496	DD	SE	ENSG00000187091	PLCD1	-0.215	-0.07607979425200961	0.9975247524752475	0.9214449582232379	131	7	1
DD:SE:131615	DD	SE	ENSG00000137965	IFI44	-0.173	-0.1978181298167313	0.9172684324744655	0.7194503026577342	223.375	5	4
DD:SE:131620	DD	SE	ENSG00000137965	IFI44	0.132	0.3642228846033194	0.16985852311939267	0.5340814077227121	113.625	4	2
DD:SE:132082	DD	SE	ENSG00000123485	HJURP	-0.392	-0.5405269592993927	0.9829305715381664	0.4424036122387738	260.875	2	2
DD:SE:132086	DD	SE	ENSG00000123485	HJURP	0.08	0.7518718133718134	0.21043771043771042	0.9623095238095238	96.5	1	1
DD:SE:132135	DD	SE	ENSG00000117419	ERI3	-0.075	-0.1086055976423872	0.9940340699751924	0.8854284723328052	448.125	4	1
DD:SE:132159	DD	SE	ENSG00000164124	TMEM144	-0.105	-0.043749999999999956	1	0.95625	35.375	16	1
DD:SE:132164	DD	SE	ENSG00000164124	TMEM144	-0.159	-0.10521730062388168	1	0.8947826993761183	33.5	14	1
DD:SE:132329	DD	SE	ENSG00000132330	SCLY	0.23	0.22453446583438447	0.0206533320996211	0.24518779793400555	96.625	3	9
DD:SE:132402	DD	SE	ENSG00000125450	NUP85	-0.134	-0.15641535889356872	0.9942504655705252	0.8378351066769565	381.625	3	1
DD:SE:132421	DD	SE	ENSG00000125450	NUP85	0.126	0.10334867855293278	8.169934640522876e-4	0.10416567201698507	424.25	1	4
DD:SE:132653	DD	SE	ENSG00000177302	TOP3A	-0.171	-0.1672698073845995	0.9963768115942029	0.8291070042096034	67.75	8	1
DD:SE:132830	DD	SE	ENSG00000046651	OFD1	0.052	0.039059383623237964	0.020826776242932915	0.05988615986617088	125.625	1	10
DD:SE:133094	DD	SE	ENSG00000062598	ELMO2	-0.179	-0.07990515360080586	0.9945945945945946	0.9146894409937888	194.625	6	1
DD:SE:133096	DD	SE	ENSG00000062598	ELMO2	-0.159	-0.05301081355854653	0.9852313104529564	0.9322204968944099	194.625	6	1
DD:SE:133540	DD	SE	ENSG00000117543	DPH5	0.084	0.09865918459526568	0.7374139652248684	0.836073149820134	555	7	2
DD:SE:133718	DD	SE	ENSG00000085999	RAD54L	-0.183	0.0526175213675214	0.926266339869281	0.9788838612368024	23.25	21	1
DD:SE:133738	DD	SE	ENSG00000288701	PRRC2B	-0.229	-0.010164141414141459	0.65	0.6398358585858586	6.625	5	3
DD:SE:133897	DD	SE	ENSG00000134109	EDEM1	-0.23	-0.08145698373665333	0.9142166465742415	0.8327596628375882	61.375	7	3
DD:SE:133961	DD	SE	ENSG00000132698	RAB25	-0.168	-0.12545125592507134	0.9449946812790881	0.8195434253540168	580.375	1	1
DD:SE:134140	DD	SE	ENSG00000156983	BRPF1	0.18	0.02685185185185185	0	0.02685185185185185	22.375	1	8
DD:SE:134373	DD	SE	ENSG00000204568	MRPS18B	-0.177	-0.14090276245273348	0.8982684295797312	0.7573656671269977	2030.125	1	1
DD:SE:134512	DD	SE	ENSG00000188313	PLSCR1	-0.199	-0.2736599170249482	0.9727333153361805	0.6990733983112323	1101.25	3	1
DD:SE:134569	DD	SE	ENSG00000060971	ACAA1	-0.232	-0.21807418450991645	0.9892401856995783	0.7711660011896618	2270.375	3	2
DD:SE:134615	DD	SE	ENSG00000115827	DCAF17	0.096	0.03975391047308856	0	0.03975391047308856	65.375	2	21
DD:SE:134843	DD	SE	ENSG00000154767	XPC	-0.086	-0.0660823058001212	0.9954937252488698	0.9294114194487486	218.5	8	1
DD:SE:134993	DD	SE	ENSG00000132589	FLOT2	-0.094	-0.08753659601859975	0.9895736064565415	0.9020370104379417	683.25	1	1
DD:SE:134996	DD	SE	ENSG00000132589	FLOT2	-0.285	-0.5104108107021386	0.8882102272727272	0.37779941657058874	76	1	1
DD:SE:134998	DD	SE	ENSG00000132589	FLOT2	0.088	0.05681805556839984	0.005170438162332572	0.06198849373073241	672.25	1	1
DD:SE:135063	DD	SE	ENSG00000168404	MLKL	0.277	0.24567441463236	0.0018802013045434098	0.24755461593690342	351.625	3	7
DD:SE:135191	DD	SE	ENSG00000142330	CAPN10	-0.168	-0.11004598272171706	0.9891462703962703	0.8791002876745533	97.875	8	1
DD:SE:135280	DD	SE	ENSG00000131373	HACL1	-0.178	-0.18032108051208018	0.9988207547169812	0.818499674204901	190.625	8	3
DD:SE:135296	DD	SE	ENSG00000131373	HACL1	-0.308	-0.2147388634299653	0.9712798582107702	0.7565409947808049	154.875	4	2
DD:SE:135385	DD	SE	ENSG00000198912	C1orf174	0.134	0.10586595844963376	0.009064498871056561	0.11493045732069032	436.625	1	1
DD:SE:135726	DD	SE	ENSG00000152763	DNAI4	-0.44	-0.14583333333333337	1	0.8541666666666666	2.25	10	1
DD:SE:135776	DD	SE	ENSG00000198270	TMEM116	0.136	0.00938233865767056	0.0592791800038481	0.06866151866151866	49.625	2	12
DD:SE:135936	DD	SE	ENSG00000137760	ALKBH8	-0.203	-0.332182556360188	0.9170504385964913	0.5848678822363033	21.875	7	4
DD:SE:135942	DD	SE	ENSG00000137760	ALKBH8	-0.311	-0.42453723714433633	0.94389338731444	0.5193561501701036	26	14	8
DD:SE:136025	DD	SE	ENSG00000077097	TOP2B	-0.263	-0.18822016618192483	0.9848484848484849	0.79662831866656	61.375	7	2
DD:SE:136120	DD	SE	ENSG00000033867	SLC4A7	-0.398	-0.31835781563444177	0.9647357723577236	0.6463779567232818	62.375	10	3
DD:SE:136228	DD	SE	ENSG00000163512	AZI2	-0.103	-0.08234361376453714	0.9847800615399759	0.9024364477754387	491.375	4	1
DD:SE:136264	DD	SE	ENSG00000160201	U2AF1	0.446	0.5313748820645697	0.08534448731697211	0.6167193693815418	1119	1	1
DD:SE:136328	DD	SE	ENSG00000126698	DNAJC8	-0.152	-0.18679306516543703	0.9874323584594837	0.8006392932940467	3541.75	2	1
DD:SE:136340	DD	SE	ENSG00000126698	DNAJC8	0.083	0.057806187945287225	0.006518867350426291	0.06432505529571352	3541.75	1	2
DD:SE:136369	DD	SE	ENSG00000155252	PI4K2A	-0.11	-0.137113305593341	0.9884361038044414	0.8513227982111004	457.5	3	1
DD:SE:136524	DD	SE	ENSG00000170954	ZNF415	0.288	0.28283787966376683	0.047550853401917226	0.33038873306568406	55.125	4	7
DD:SE:136578	DD	SE	ENSG00000121680	PEX16	-0.092	-0.09037057402256443	0.9961994885292974	0.905828914506733	487.875	6	1
DD:SE:136716	DD	SE	ENSG00000124155	PIGT	-0.262	-0.1341381711903843	0.965702692238629	0.8315645210482447	1191.625	1	1
DD:SE:136854	DD	SE	ENSG00000153560	UBP1	0.102	0.00983226140370236	0.001893939393939394	0.011726200797641754	101.625	1	9
DD:SE:136997	DD	SE	ENSG00000006695	COX10	-0.09	-0.11660370601492387	0.9799509340817101	0.8633472280667862	523.125	2	1
DD:SE:137018	DD	SE	ENSG00000065833	ME1	-0.054	-0.07957763443443244	0.9868969131102924	0.9073192786758599	326.75	3	1
DD:SE:137027	DD	SE	ENSG00000168818	STX18	-0.15	-0.1610270970316251	0.986750693853241	0.8257235968216159	439.625	2	1
DD:SE:137133	DD	SE	ENSG00000093167	LRRFIP2	-0.222	-0.1761961773002667	0.9934326086107966	0.8172364313105299	362	6	2
DD:SE:137441	DD	SE	ENSG00000082458	DLG3	-0.073	-0.055085958103199495	1	0.9449140418968005	61.75	9	1
DD:SE:137479	DD	SE	ENSG00000114573	ATP6V1A	0.081	0.054182792003872056	7.08215297450425e-4	0.05489100730132248	261.25	1	6
DD:SE:137720	DD	SE	ENSG00000100889	PCK2	0.068	0.04446959825230249	0	0.04446959825230249	100.25	1	7
DD:SE:137894	DD	SE	ENSG00000011198	ABHD5	-0.1	-0.046386772162399725	0.986468302364023	0.9400815302016233	308.25	6	1
DD:SE:137956	DD	SE	ENSG00000186448	ZNF197	0.346	0.195855343047966	0.008727990285367335	0.20458333333333334	70.375	4	8
DD:SE:138048	DD	SE	ENSG00000115419	GLS	0.151	0.08685947204968944	0	0.08685947204968944	61.625	2	6
DD:SE:138050	DD	SE	ENSG00000115419	GLS	0.064	0.01646447399952073	0	0.01646447399952073	59.125	1	6
DD:SE:138078	DD	SE	ENSG00000163820	FYCO1	-0.234	-0.29804692211812955	0.975	0.6769530778818704	13.75	8	2
DD:SE:138163	DD	SE	ENSG00000065243	PKN2	-0.216	-0.2057767439354068	0.996875	0.7910982560645932	92.5	4	1
DD:SE:138340	DD	SE	ENSG00000114650	SCAP	0.056	-0.004734848484848508	0.3380681818181818	0.3333333333333333	6	1	1
DD:SE:138446	DD	SE	ENSG00000129595	EPB41L4A	-0.263	-0.3675115104096791	0.9755357142857143	0.6080242038760352	37.125	3	1
DD:SE:138573	DD	SE	ENSG00000087842	PIR	-0.059	-0.0465843474876424	0.9873232562953302	0.9407389088076878	729.625	4	1
DD:SE:138595	DD	SE	ENSG00000138780	GSTCD	-0.192	-0.24842658650035154	0.9737709576584257	0.7253443711580742	32.5	4	1
DD:SE:138858	DD	SE	ENSG00000129657	SEC14L1	-0.106	-0.09256778248533659	1	0.9074322175146634	110.875	11	1
DD:SE:138883	DD	SE	ENSG00000185507	IRF7	-0.318	-0.3239938975156451	0.687078415630304	0.3630845181146589	364.5	2	3
DD:SE:138955	DD	SE	ENSG00000101266	CSNK2A1	0.08	0.06123409145710124	0.0015407689522356554	0.0627748604093369	835.375	1	4
DD:SE:139093	DD	SE	ENSG00000003756	RBM5	-0.234	-0.24283309616020066	0.9877059727711901	0.7448728766109894	259.375	3	1
DD:SE:139096	DD	SE	ENSG00000003756	RBM5	-0.142	-0.16623337804554383	0.9875809727711902	0.8213475947256463	259.375	3	1
DD:SE:139528	DD	SE	ENSG00000164830	OXR1	-0.146	-0.1822241561967507	0.9801145200672852	0.7978903638705345	124.25	7	1
DD:SE:139659	DD	SE	ENSG00000092094	OSGEP	0.388	0.2822811441581391	0.016992332426416026	0.2992734765845551	213.25	2	2
DD:SE:139761	DD	SE	ENSG00000104320	NBN	-0.115	-0.05247335612498771	0.9949201388637412	0.9424467827387535	187.875	7	1
DD:SE:140171	DD	SE	ENSG00000159579	RSPRY1	-0.111	-0.10612999004966739	0.9813801216424318	0.8752501315927644	372.375	6	1
DD:SE:140323	DD	SE	ENSG00000112584	FAM120B	-0.126	-0.1569243024383975	0.989977721631947	0.8330534191935495	506.5	6	1
DD:SE:140660	DD	SE	ENSG00000114120	SLC25A36	0.201	0.16131011031606007	0.026692738287335142	0.18800284860339522	264.875	1	1
DD:SE:140873	DD	SE	ENSG00000205323	SARNP	-0.094	-0.04061915786149817	0.9984017455580559	0.9577825876965578	2433	4	1
DD:SE:140975	DD	SE	ENSG00000144741	SLC25A26	0.129	0.08146734537260275	0.0021797371633296876	0.08364708253593243	306.75	1	3
DD:SE:141564	DD	SE	ENSG00000077782	FGFR1	0.202	0.4111111111111111	0	0.4111111111111111	3	2	3
DD:SE:141658	DD	SE	ENSG00000100033	PRODH	0.104	-0.1288665038665039	0.9791666666666666	0.8503001628001627	17.875	6	4
DD:SE:141746	DD	SE	ENSG00000145982	FARS2	-0.191	-0.16306543561281983	0.9874699663697237	0.8244045307569039	221.125	4	1
DD:SE:141968	DD	SE	ENSG00000050748	MAPK9	0.266	0.16708333333333333	0.020833333333333336	0.18791666666666668	17.875	4	11
DD:SE:141988	DD	SE	ENSG00000104689	TNFRSF10A	-0.113	-0.11550198855998994	0.9626365029060454	0.8471345143460555	705.875	1	1
DD:SE:142249	DD	SE	ENSG00000166669	ATF7IP2	-0.441	-0.2503968253968254	0.925	0.6746031746031746	9.125	15	6
DD:SE:142274	DD	SE	ENSG00000136710	CCDC115	0.14	0.1291004727214789	0.08377086330893276	0.21287133603041167	1690.375	1	2
DD:SE:142523	DD	SE	ENSG00000134070	IRAK2	-0.099	-0.057624113475177374	1	0.9423758865248226	25.875	13	1
DD:SE:142782	DD	SE	ENSG00000172366	MCRIP2	0.321	0.320121776007783	0.2860077343592524	0.6061295103670354	280.625	3	3
DD:SE:142783	DD	SE	ENSG00000172366	MCRIP2	0.148	0.08918231926546849	0.7308040691192865	0.819986388384755	18	2	1
DD:SE:142814	DD	SE	ENSG00000119403	PHF19	-0.28	0.5	0.5	1	0.5	1	1
DD:SE:142912	DD	SE	ENSG00000111647	BLTP3B	-0.051	-0.01575963718820861	1	0.9842403628117914	38.75	19	1
DD:SE:142921	DD	SE	ENSG00000168393	DTYMK	-0.223	-0.19206007648372658	0.8715660419127114	0.6795059654289848	1153.875	1	1
DD:SE:142962	DD	SE	ENSG00000119977	TCTN3	-0.103	-0.07141822834999811	0.9912044364190638	0.9197862080690656	732.375	5	1
DD:SE:142975	DD	SE	ENSG00000136930	PSMB7	-0.066	-0.0435562550048868	0.996843979494267	0.9532877244893802	3430	2	1
DD:SE:143018	DD	SE	ENSG00000138073	PREB	-0.082	-0.05562205767244999	0.9965545815294075	0.9409325238569575	1229.375	4	1
DD:SE:143067	DD	SE	ENSG00000144824	PHLDB2	-0.145	-0.15982475857475853	0.8712121212121212	0.7113873626373627	40.875	5	2
DD:SE:143141	DD	SE	ENSG00000085982	USP40	-0.096	-0.13778915830546268	0.9807692307692308	0.8429800724637682	12.125	8	1
DD:SE:143194	DD	SE	ENSG00000176783	RUFY1	0.231	0.11857726074691874	0.006075766402839043	0.12465302714975778	452.25	1	7
DD:SE:143238	DD	SE	ENSG00000148606	POLR3A	-0.063	-0.13558201058201058	1	0.8644179894179894	59.625	7	1
DD:SE:143316	DD	SE	ENSG00000163607	GTPBP8	-0.357	-0.3466577133531584	0.865265132887172	0.5186074195340136	303.875	2	1
DD:SE:143324	DD	SE	ENSG00000163608	NEPRO	-0.192	-0.18678027805438546	0.9816605471245543	0.7948802690701688	161.125	6	2
DD:SE:143349	DD	SE	ENSG00000163608	NEPRO	0.106	0.07655064394784772	0.5094558562117322	0.5860065001595799	134.875	3	4
DD:SE:143401	DD	SE	ENSG00000139370	SLC15A4	-0.389	-0.5413994850087465	0.8479267983543879	0.30652731334564143	171.5	2	2
DD:SE:143639	DD	SE	ENSG00000186566	GPATCH8	-0.379	-0.3005404144418896	0.9715358536593026	0.670995439217413	382.25	2	1
DD:SE:143936	DD	SE	ENSG00000183020	AP2A2	-0.22	-0.05368076894899432	0.9947879767805806	0.9411072078315863	248.125	8	1
DD:SE:144080	DD	SE	ENSG00000180353	HCLS1	-0.055	-0.056956743494443685	0.9968324219640009	0.9398756784695572	391.875	5	1
DD:SE:144317	DD	SE	ENSG00000144909	OSBPL11	-0.089	-0.1365526048189195	0.9956896551724138	0.8591370503534943	74.375	4	1
DD:SE:144390	DD	SE	ENSG00000159685	CHCHD6	-0.157	-0.04643818477471506	0.9970588235294118	0.9506206387546967	110.375	7	1
DD:SE:144392	DD	SE	ENSG00000159685	CHCHD6	0.304	0.1624584403811507	0.027410963595174122	0.18986940397632482	99.625	2	5
DD:SE:144996	DD	SE	ENSG00000055044	NOP58	0.166	0.09038816427950885	0.0022321533469173926	0.09262031762642625	1691.5	1	4
DD:SE:145018	DD	SE	ENSG00000055044	NOP58	-0.105	-0.0758039666181145	0.9974927727026128	0.9216888060844983	1691.5	4	1
DD:SE:145119	DD	SE	ENSG00000118007	STAG1	-0.122	-0.13664045063063934	0.9497041512882073	0.813063700657568	55.875	11	1
DD:SE:145215	DD	SE	ENSG00000129515	SNX6	-0.119	-0.0878316971969374	0.9981785486491779	0.9103468514522405	1716.5	3	1
DD:SE:145243	DD	SE	ENSG00000131899	LLGL1	-0.075	0.010011220397249776	0.9692095588235294	0.9792207792207792	28.25	14	1
DD:SE:145244	DD	SE	ENSG00000131899	LLGL1	-0.103	-0.09854983660130712	0.9631331699346405	0.8645833333333334	29.125	12	3
DD:SE:145435	DD	SE	ENSG00000117054	ACADM	-0.11	-0.09620069579332258	0.9018667301195895	0.8056660343262669	712.875	2	2
DD:SE:145450	DD	SE	ENSG00000117054	ACADM	-0.072	-0.07073331177393627	0.9816833272218325	0.9109500154478962	712.875	2	2
DD:SE:145489	DD	SE	ENSG00000211456	SACM1L	0.098	0.0749768845993388	0.01474162822032939	0.08971851281966818	696.25	1	8
DD:SE:145496	DD	SE	ENSG00000211456	SACM1L	-0.102	-0.024652873435757505	0.963621964767778	0.9389690913320204	669.625	5	1
DD:SE:145517	DD	SE	ENSG00000211456	SACM1L	-0.132	-0.13365556489661157	0.9904147063016824	0.8567591414050708	658.125	3	1
DD:SE:145804	DD	SE	ENSG00000163714	U2SURP	-0.48	-0.27320296409501355	0.9930453068205631	0.7198423427255496	230.25	4	1
DD:SE:145847	DD	SE	ENSG00000181804	SLC9A9	-0.071	-0.035951558379219706	0.9927184466019418	0.956766888222722	68.125	16	1
DD:SE:145920	DD	SE	ENSG00000176273	SLC35G1	0.071	0.06313512725664427	0.8674051438757321	0.9305402711323764	35.125	1	1
DD:SE:145921	DD	SE	ENSG00000176273	SLC35G1	0.097	-0.13446969696969696	0.3428030303030303	0.20833333333333331	5.875	1	1
DD:SE:146044	DD	SE	ENSG00000133805	AMPD3	-0.095	-0.0693594523767549	0.9904149925812313	0.9210555402044764	90.625	17	4
DD:SE:146378	DD	SE	ENSG00000196428	TSC22D2	0.133	0.1419523535201949	0.02554505916574882	0.1674974126859437	142.75	1	1
DD:SE:146464	DD	SE	ENSG00000100372	SLC25A17	-0.163	-0.13992507698348733	0.9846250056985487	0.8446999287150614	546.375	3	1
DD:SE:146488	DD	SE	ENSG00000100372	SLC25A17	0.057	0.03926811525464423	0.019566346550768766	0.058834461805413	531.875	1	2
DD:SE:146509	DD	SE	ENSG00000198467	TPM2	0.191	0.2031038307019909	0.039458115756439	0.2425619464584299	158.875	3	2
DD:SE:146535	DD	SE	ENSG00000163655	GMPS	-0.081	-0.06461148940966588	0.9969188054405678	0.9323073160309019	519	2	1
DD:SE:146748	DD	SE	ENSG00000078070	MCCC1	-0.262	-0.2576261565200464	0.9841368284951946	0.7265106719751482	285.25	6	3
DD:SE:146858	DD	SE	ENSG00000118855	MFSD1	-0.083	-0.04534811128937699	0.9666824910957137	0.9213343798063367	1184.5	2	1
DD:SE:146869	DD	SE	ENSG00000118855	MFSD1	0.066	0.032002247607702955	4.074123090416988e-4	0.03240965991674465	1184.5	1	2
DD:SE:146878	DD	SE	ENSG00000081087	OSTM1	0.077	0.07262638246362987	0.024114168857227093	0.09674055132085696	435.875	1	3
DD:SE:146909	DD	SE	ENSG00000106638	TBL2	0.193	0.11820611900989117	0.0030088034205039025	0.12121492243039507	1118	1	4
DD:SE:146960	DD	SE	ENSG00000042429	MED17	-0.199	-0.16481497756964558	0.985530669105333	0.8207156915356875	449.5	3	1
DD:SE:147012	DD	SE	ENSG00000165630	PRPF18	0.062	0.030393730480657924	0.07352242749986296	0.10391615798052088	278.25	1	4
DD:SE:147393	DD	SE	ENSG00000116863	ADPRS	-0.291	-0.3045814641113178	0.9810948440676301	0.6765133799563123	1982.875	1	1
DD:SE:147406	DD	SE	ENSG00000084652	TXLNA	-0.067	-0.049529697952802154	0.9945652173913043	0.9450355194385022	100.25	11	1
DD:SE:147467	DD	SE	ENSG00000198554	WDHD1	-0.088	-0.04557405497667477	0.9681822369633315	0.9226081819866567	40.5	12	1
DD:SE:147545	DD	SE	ENSG00000183684	ALYREF	0.068	0.09938007971265328	0.026102756892230575	0.12548283660488385	67.875	3	6
DD:SE:147677	DD	SE	ENSG00000156398	SFXN2	-0.287	-0.16168226507846484	0.8810492801771872	0.7193670150987224	31.75	13	6
DD:SE:147873	DD	SE	ENSG00000063761	ADCK1	0.165	0.14000182208261475	0.011600378787878788	0.15160220087049353	56.5	2	8
DD:SE:147918	DD	SE	ENSG00000171109	MFN1	-0.14	-0.10675069123697234	0.9945054945054945	0.8877548032685222	113.125	6	1
DD:SE:148387	DD	SE	ENSG00000081026	MAGI3	-0.15	-0.16666666666666663	1	0.8333333333333334	2.25	7	1
DD:SE:148628	DD	SE	ENSG00000104635	SLC39A14	0.115	0.06138430884001259	0.00102880658436214	0.062413115424374735	201.5	1	3
DD:SE:148851	DD	SE	ENSG00000050426	LETMD1	-0.084	-0.16292564496980697	0.25288370253509046	0.0899580575652835	213.875	1	4
DD:SE:148892	DD	SE	ENSG00000050426	LETMD1	0.091	0.08957225094979404	0.857132011626295	0.9467042625760891	351.25	12	1
DD:SE:148937	DD	SE	ENSG00000172053	QARS1	-0.149	-0.11687030791595165	0.9947763407752281	0.8779060328592765	412.375	4	1
DD:SE:149161	DD	SE	ENSG00000127249	ATP13A4	-0.382	-0.4144736842105263	1	0.5855263157894737	12.75	4	3
DD:SE:149285	DD	SE	ENSG00000167113	COQ4	-0.225	-0.242687928310528	0.975894976974814	0.733207048664286	503.75	3	2
DD:SE:149291	DD	SE	ENSG00000167113	COQ4	-0.106	-0.14383562335422684	0.9836508919855393	0.8398152686313125	527.25	4	2
DD:SE:149313	DD	SE	ENSG00000127980	PEX1	-0.332	-0.37318245973254305	0.9819805194805195	0.6087980597479764	45.625	2	2
DD:SE:149378	DD	SE	ENSG00000132334	PTPRE	-0.095	-0.1282745526171709	0.9938235294117648	0.8655489767945939	186.75	16	1
DD:SE:149498	DD	SE	ENSG00000107625	DDX50	0.322	0.26913528300979994	0.035853199983676066	0.30498848299347603	281	1	2
DD:SE:149720	DD	SE	ENSG00000148426	PROSER2	0.172	0.13322450256539803	0.041993087557603684	0.1752175901230017	59.75	2	11
DD:SE:150093	DD	SE	ENSG00000164031	DNAJB14	0.163	0.1079794569406213	0.005117878485383069	0.11309733542600438	444.125	1	5
DD:SE:150117	DD	SE	ENSG00000164031	DNAJB14	0.172	0.1013399735641583	0.001324643129563038	0.10266461669372134	387.875	1	4
DD:SE:150186	DD	SE	ENSG00000168152	THAP9	0.329	0.46618762789366547	0.05204216073781291	0.5182297886314784	58.625	4	5
DD:SE:150202	DD	SE	ENSG00000189306	RRP7A	-0.12	-0.13411890408166927	0.990466085194134	0.8563471811124648	2771.375	1	1
DD:SE:150204	DD	SE	ENSG00000189306	RRP7A	0.061	0.06443391537139703	0.006243658010040796	0.07067757338143783	2641	1	1
DD:SE:150231	DD	SE	ENSG00000090316	MAEA	-0.086	-0.09933054193377955	0.9366722728480402	0.8373417309142607	1408.875	2	1
DD:SE:150379	DD	SE	ENSG00000100151	PICK1	-0.112	-0.08096076678840314	0.9982993197278911	0.917338552939488	163.875	6	1
DD:SE:150404	DD	SE	ENSG00000087266	SH3BP2	0.098	0.030353083410906097	0.030051357902954108	0.060404441313860205	151.875	1	17
DD:SE:150501	DD	SE	ENSG00000214078	CPNE1	-0.251	-0.07016640810996755	0.9969732958364663	0.9268068877264988	821.75	7	1
DD:SE:150605	DD	SE	ENSG00000071994	PDCD2	-0.206	-0.18877457875649306	0.9699028103898418	0.7811282316333488	733	4	2
DD:SE:150696	DD	SE	ENSG00000165629	ATP5F1C	-0.054	-0.04970506580433787	0.9930789150407359	0.943373849236398	8121.125	4	1
DD:SE:150740	DD	SE	ENSG00000141127	PRPSAP2	-0.252	-0.22643285094706722	0.9414400112432522	0.7150071602961849	371	6	2
DD:SE:150900	DD	SE	ENSG00000004478	FKBP4	-0.205	-0.18726510037638489	0.9950281594540682	0.8077630590776833	1133	1	1
DD:SE:151144	DD	SE	ENSG00000104856	RELB	-0.121	-0.14775656331513365	0.9930887825624668	0.8453322192473331	77	4	1
DD:SE:151259	DD	SE	ENSG00000103051	COG4	0.117	0.08045157533234068	0.0034391115208435366	0.08389068685318422	577.625	1	4
DD:SE:151320	DD	SE	ENSG00000111300	NAA25	-0.076	-0.10486829456965252	0.981781875627473	0.8769135810578205	185	5	2
DD:SE:151537	DD	SE	ENSG00000171720	HDAC3	-0.117	-0.15989583704757404	0.884599421515295	0.724703584467721	1100.125	2	2
DD:SE:151723	DD	SE	ENSG00000154124	OTULIN	-0.077	-0.06903287001412217	0.9182150784604481	0.849182208446326	134.875	4	2
DD:SE:151900	DD	SE	ENSG00000115602	IL1RL1	-0.212	-0.21269201034175766	0.9897042597730084	0.7770122494312507	4962.75	7	3
DD:SE:151902	DD	SE	ENSG00000115602	IL1RL1	0.094	0.08762759652451411	0.0021898440345492235	0.08981744055906334	4429.25	3	7
DD:SE:151984	DD	SE	ENSG00000115234	SNX17	-0.16	-0.1918264720894305	0.9790320628566638	0.7872055907672333	1526.125	1	1
DD:SE:151989	DD	SE	ENSG00000115234	SNX17	0.233	0.1355630992146618	0.003625187350810223	0.13918828656547202	1452.25	1	1
DD:SE:152059	DD	SE	ENSG00000169299	PGM2	0.118	0.055232006633891065	0.004118741076458086	0.05935074771034915	878.625	1	3
DD:SE:152068	DD	SE	ENSG00000169299	PGM2	-0.144	-0.07936786779298288	0.9936333548519296	0.9142654870589467	878.625	3	1
DD:SE:152072	DD	SE	ENSG00000169299	PGM2	-0.087	-0.058629439805087835	0.9979667179625769	0.939337278157489	878.625	3	1
DD:SE:152130	DD	SE	ENSG00000136877	FPGS	-0.101	-0.048067036052202194	0.9792837280057898	0.9312166919535876	815	6	1
DD:SE:152152	DD	SE	ENSG00000167720	SRR	-0.114	-0.11822970975861702	0.988012728543575	0.869783018784958	171.5	2	1
DD:SE:152318	DD	SE	ENSG00000129071	MBD4	-0.138	-0.34219617077257924	0.9632647330358517	0.62106856226327245	92.375	1	1
DD:SE:152320	DD	SE	ENSG00000129071	MBD4	-0.111	-0.22470167228930327	0.9742063492063492	0.7495046769170459	141	1	1
DD:SE:152364	DD	SE	ENSG00000014824	SLC30A9	-0.175	-0.17838270954352542	0.9801585362774901	0.8017758267339646	357.5	3	2
DD:SE:152804	DD	SE	ENSG00000196262	PPIA	0.089	0.10778704723983198	0.01425335579555614	0.12204040303538813	3652.75	1	1
DD:SE:152807	DD	SE	ENSG00000196262	PPIA	0.067	0.09574645348870206	0.025391067377322128	0.1211375208660242	3640.625	1	1
DD:SE:152838	DD	SE	ENSG00000117408	IPO13	-0.091	-0.07881058257597495	0.9546007706565213	0.8757901880805463	84.125	3	1
DD:SE:152858	DD	SE	ENSG00000117408	IPO13	-0.224	-0.11873630645200317	0.9849433544458195	0.8662070479938163	103.75	7	1
DD:SE:153254	DD	SE	ENSG00000101577	LPIN2	-0.244	-0.16666666666666674	1	0.8333333333333333	1.625	2	1
DD:SE:153530	DD	SE	ENSG00000158019	BABAM2	-0.145	-0.09038893076176613	0.9843861806237136	0.8939972498619475	875.25	6	1
DD:SE:153626	DD	SE	ENSG00000107854	TNKS2	-0.063	-0.06815191930227082	0.9897400820793434	0.9215881627770726	90.75	3	1
DD:SE:153755	DD	SE	ENSG00000155827	RNF20	-0.227	-0.14961948249619483	1	0.8503805175038052	55.5	5	1
DD:SE:154130	DD	SE	ENSG00000138744	NAAA	-0.205	-0.1233642485557449	0.8337623100853556	0.7103980615296107	108.75	3	3
DD:SE:154174	DD	SE	ENSG00000138750	NUP54	-0.17	-0.12295881913714546	0.9924071294988491	0.8694483103617037	356.25	6	1
DD:SE:154208	DD	SE	ENSG00000138750	NUP54	-0.081	-0.10286688750588802	0.9154076973094705	0.8125408098035825	326.75	4	1
DD:SE:154269	DD	SE	ENSG00000138760	SCARB2	-0.076	-0.06481431947204064	0.9981689693349503	0.9333546498629096	849.5	1	1
DD:SE:154345	DD	SE	ENSG00000136152	COG3	-0.167	-0.24564894076380694	0.9814892344497608	0.7358402936859538	62.75	7	2
DD:SE:154427	DD	SE	ENSG00000015532	XYLT2	-0.12	-0.11354866318449974	0.9362411496618492	0.8226924864773495	73.375	5	2
DD:SE:154774	DD	SE	ENSG00000119899	SLC17A5	-0.082	-0.06173216954979244	0.9826440635866865	0.9209118940368941	69.25	9	1
DD:SE:154907	DD	SE	ENSG00000141101	NOB1	-0.052	-0.04293841828695766	0.965085547058371	0.9221471287714134	1501	2	1
DD:SE:154920	DD	SE	ENSG00000065457	ADAT1	-0.192	-0.055792888019765785	0.978865182436611	0.9230722944168452	82.5	4	1
DD:SE:154922	DD	SE	ENSG00000065457	ADAT1	-0.272	-0.07366767219708392	0.5416666666666666	0.4679989944695827	7.625	2	1
DD:SE:155094	DD	SE	ENSG00000179988	PSTK	-0.417	-0.3538625612243771	0.9748562940280655	0.6209937328036884	449.625	7	2
DD:SE:155129	DD	SE	ENSG00000170502	NUDT9	-0.166	-0.13278609639936634	0.9955442526104936	0.8627581562111273	1492.625	3	1
DD:SE:155165	DD	SE	ENSG00000225830	ERCC6	-0.066	-0.05119880119880116	0.8863636363636364	0.8351648351648352	9.75	5	1
DD:SE:155168	DD	SE	ENSG00000225830	ERCC6	-0.224	-0.1452004584155614	0.9859968664316491	0.8407964080160877	69.625	12	2
DD:SE:155302	DD	SE	ENSG00000105321	CCDC9	-0.065	-0.1007329263908211	1	0.8992670736091789	46.5	10	1
DD:SE:155540	DD	SE	ENSG00000184792	OSBP2	0.091	0.02777777777777779	0.7916666666666666	0.8194444444444444	3.25	5	1
DD:SE:155550	DD	SE	ENSG00000284770	TBCE	-0.387	-0.33260380557184543	0.9753777552626866	0.6427739496908411	287.375	6	4
DD:SE:155560	DD	SE	ENSG00000284770	TBCE	-0.202	0.18596468929736615	0.2708333333333333	0.45679802263069946	59.875	2	2
DD:SE:155562	DD	SE	ENSG00000284770	TBCE	-0.166	-0.1898587544459589	0.990011035656218	0.800152281210259	253.25	5	2
DD:SE:155582	DD	SE	ENSG00000284770	TBCE	0.221	0.11778991445491165	0.008258988467928625	0.12604890292284027	287.375	2	8
DD:SE:155761	DD	SE	ENSG00000047188	YTHDC2	-0.243	-0.1407393231396401	0.9475465966429821	0.806807273503342	95.5	5	2
DD:SE:156057	DD	SE	ENSG00000066557	LRRC40	-0.278	-0.18631904872097083	0.9901963472322755	0.8038772985113046	196.875	6	1
DD:SE:156252	DD	SE	ENSG00000138658	ZGRF1	-0.188	-0.6666666666666666	1	0.33333333333333337	2	9	1
DD:SE:156421	DD	SE	ENSG00000106524	ANKMY2	0.054	0.03072076069749123	0.012008281573498966	0.0427290422709902	103.875	1	8
DD:SE:156431	DD	SE	ENSG00000106524	ANKMY2	0.237	0.191764464817531	0.01889064389064389	0.21065510870817492	99.75	1	6
DD:SE:156498	DD	SE	ENSG00000170085	SIMC1	0.192	0.18434535322833195	0.014247720364741642	0.1985930735930736	20	1	5
DD:SE:156519	DD	SE	ENSG00000173848	NET1	-0.082	-0.06565331105217176	0.9984091894250835	0.9327558783729117	533.125	9	1
DD:SE:156690	DD	SE	ENSG00000198690	FAN1	-0.246	-0.16718997811315317	0.9951852531181218	0.8279952750049686	102.5	9	1
DD:SE:156807	DD	SE	ENSG00000145293	ENOPH1	-0.086	-0.083934233015872	0.8339496851475298	0.7500154521316578	1024.625	2	2
DD:SE:156840	DD	SE	ENSG00000185359	HGS	-0.072	-0.10397951543590667	0.9976570660113202	0.8936775505754135	978.25	2	1
DD:SE:156995	DD	SE	ENSG00000165501	LRR1	0.101	0.03682040249366619	0.09136785554372978	0.12818825803739597	211.75	1	4
DD:SE:157154	DD	SE	ENSG00000152457	DCLRE1C	0.16	0.08320235347169119	0.2746063748079877	0.3578087282796789	191.75	3	10
DD:SE:157194	DD	SE	ENSG00000152457	DCLRE1C	0.147	0.09187284822606584	0.11036283367984451	0.20223568190591035	185.875	4	8
DD:SE:157233	DD	SE	ENSG00000152465	NMT2	0.124	0.06997205663582043	0.20481954727812388	0.2747916039139443	78.75	3	6
DD:SE:157249	DD	SE	ENSG00000148481	MINDY3	-0.197	-0.16461564291935182	0.9678435683620015	0.8032279254426496	206.625	7	2
DD:SE:157266	DD	SE	ENSG00000148481	MINDY3	-0.19	-0.09586011571427111	0.994478597449909	0.8986184817356379	191.625	6	1
DD:SE:157295	DD	SE	ENSG00000148481	MINDY3	-0.161	-0.15695062183300268	0.9444750111316327	0.78752438929863	198	6	2
DD:SE:157798	DD	SE	ENSG00000123352	SPATS2	0.262	0.28121930008602486	0.018923611111111113	0.300142911197136	69.125	2	2
DD:SE:158074	DD	SE	ENSG00000103429	BFAR	-0.248	-0.2621968976404895	0.9783707766177702	0.7161738789772807	190.125	2	1
DD:SE:158177	DD	SE	ENSG00000138463	SLC49A4	-0.056	-0.048502593687753004	0.9956597007569887	0.9471571070692357	280.875	1	1
DD:SE:158319	DD	SE	ENSG00000090674	MCOLN1	-0.164	-0.08219298518264817	0.9976103377971431	0.915417352614495	402.375	3	1
DD:SE:158455	DD	SE	ENSG00000108100	CCNY	-0.065	-0.05150801776518088	0.9912095126933178	0.9397014949281369	80	4	1
DD:SE:158467	DD	SE	ENSG00000108100	CCNY	-0.077	-0.04967174827088627	0.990909090909091	0.9412373426382047	75.375	3	1
DD:SE:158468	DD	SE	ENSG00000108100	CCNY	-0.098	-0.3715909090909091	0.8465909090909091	0.475	7.875	1	1
DD:SE:158521	DD	SE	ENSG00000162390	ACOT11	-0.17	-0.1380785388191994	0.9935897435897436	0.8555112047705442	61.375	15	2
DD:SE:159241	DD	SE	ENSG00000264230	ANXA8L1	0.066	0.3260014427482839	0.13261072523233522	0.4586121679806191	155.5	1	1
DD:SE:159244	DD	SE	ENSG00000264230	ANXA8L1	-0.245	-0.0218325373928836	0.9941408574502661	0.9723083200573825	2898.125	5	1
DD:SE:159355	DD	SE	ENSG00000132004	FBXW9	-0.199	-0.16754244410427843	0.9861053056263173	0.8185628615220388	278.125	2	2
DD:SE:159361	DD	SE	ENSG00000132004	FBXW9	-0.198	-0.22977763234267679	0.9711968053415939	0.7414191729989171	278.125	2	2
DD:SE:159511	DD	SE	ENSG00000204152	TIMM23B	0.187	0.34701215103850563	0.15602941097458106	0.5030415620130867	196.125	2	2
DD:SE:159666	DD	SE	ENSG00000129518	EAPP	-0.054	-0.07073288579104409	0.9414636741840234	0.8707307883929793	2043	2	1
DD:SE:159684	DD	SE	ENSG00000122958	VPS26A	-0.058	-0.06528779612723667	0.9820765445808899	0.9167887484536532	4298	1	1
DD:SE:159699	DD	SE	ENSG00000108064	TFAM	0.077	0.04790752728357343	0.004324753205055996	0.05223228048862942	375.375	1	3
DD:SE:160150	DD	SE	ENSG00000096746	HNRNPH3	-0.554	-0.5567915581590472	0.9531941233146586	0.39640256515561134	1372.25	5	4
DD:SE:160155	DD	SE	ENSG00000096746	HNRNPH3	0.248	0.7050978967572048	0.22186093952934627	0.9269588362865511	349.125	2	1
DD:SE:160160	DD	SE	ENSG00000096746	HNRNPH3	0.163	0.6215983725579174	0.3040294777641779	0.9256278503220953	336.75	2	1
DD:SE:160276	DD	SE	ENSG00000111358	GTF2H3	-0.064	-0.02658654991851883	0.9630764946187867	0.9364899447002679	153.625	6	1
DD:SE:160282	DD	SE	ENSG00000111358	GTF2H3	-0.066	-0.03360753889004375	0.9884937552281938	0.9548862163381501	153.625	6	1
DD:SE:160332	DD	SE	ENSG00000060339	CCAR1	-0.108	-0.09729393710864997	0.9912416916506839	0.8939477545420339	335.875	6	2
DD:SE:160418	DD	SE	ENSG00000198954	KIFBP	0.065	0.0551426086598578	0.0014598540145985398	0.056602462674456344	820.375	1	1
DD:SE:160519	DD	SE	ENSG00000156502	SUPV3L1	-0.077	-0.08270623496479201	0.9988095238095238	0.9161032888447318	221.375	3	1
DD:SE:160753	DD	SE	ENSG00000235173	HGH1	-0.133	-0.07392571085134603	0.9971231117218244	0.9231974008704784	377.125	6	1
DD:SE:160970	DD	SE	ENSG00000156026	MCU	0.158	0.064953682906834	0.0022612938046070916	0.06721497671144108	655.5	1	2
DD:SE:160984	DD	SE	ENSG00000156026	MCU	0.267	0.0768631464008217	0.005631834794041134	0.08249498119486283	661.25	1	2
DD:SE:161022	DD	SE	ENSG00000077458	FAM76B	0.25	0.32932759294330927	0.08103583916083916	0.41036343210414844	108.25	5	4
DD:SE:161049	DD	SE	ENSG00000122884	P4HA1	0.305	0.32497355837787517	0.015393513106279063	0.34036707148415424	155.5	1	1
DD:SE:161053	DD	SE	ENSG00000122884	P4HA1	0.206	0.22733729093021515	0.010100405086914907	0.23743769601713005	220.125	1	2
DD:SE:161374	DD	SE	ENSG00000100325	ASCC2	-0.105	-0.1929601877807715	0.822538992058371	0.6295788042775995	265.75	2	1
DD:SE:161450	DD	SE	ENSG00000148660	CAMK2G	-0.087	-0.052175279390848206	0.9902444492547468	0.9380691698638985	97.125	10	1
DD:SE:161568	DD	SE	ENSG00000156671	SAMD8	-0.071	-0.06816276810906663	0.9890564818813483	0.9208937137722817	292.5	2	2
DD:SE:161577	DD	SE	ENSG00000165637	VDAC2	0.165	0.14824525241173273	0.005414091223744332	0.15365934363547706	8203	1	1
DD:SE:161630	DD	SE	ENSG00000173409	ARV1	-0.064	-0.03799635351895192	0.9829098261926013	0.9449134726736493	1313	2	1
DD:SE:161662	DD	SE	ENSG00000133131	MORC4	-0.139	-0.1753801385196735	0.9554233635628985	0.780043225043225	53.625	7	2
DD:SE:161931	DD	SE	ENSG00000110811	P3H3	-0.121	-0.14930555555555558	0.96875	0.8194444444444444	5.875	8	1
DD:SE:162098	DD	SE	ENSG00000138138	ATAD1	-0.065	-0.05716191481040256	0.9958222197462403	0.9386603049358377	628.75	5	1
DD:SE:162144	DD	SE	ENSG00000171862	PTEN	-0.067	-0.06110524388332683	0.9906822359704843	0.9295769920871575	188.375	5	1
DD:SE:162162	DD	SE	ENSG00000135678	CPM	-0.084	-0.08080828451221089	0.9459165980373521	0.8651083135251412	1005.75	5	1
DD:SE:162211	DD	SE	ENSG00000138134	STAMBPL1	-0.228	-0.2449783232639996	0.9763913938935979	0.7314130706295983	102.5	7	2
DD:SE:162227	DD	SE	ENSG00000151715	TMEM45B	-0.067	-0.07041639037936065	0.9966750305074521	0.9262586401280914	2165.25	6	2
DD:SE:162356	DD	SE	ENSG00000112039	FANCE	-0.183	-0.16637532054861537	0.9633940976276094	0.797018777078994	83.25	10	4
DD:SE:162563	DD	SE	ENSG00000164332	UBLCP1	-0.127	-0.1445513335876195	0.9988944323368157	0.8543430987491962	446.25	1	1
DD:SE:162573	DD	SE	ENSG00000132646	PCNA	-0.057	-0.049480399889459514	0.9979496919012437	0.9484692920117842	1967	2	1
DD:SE:162847	DD	SE	ENSG00000148690	FRA10AC1	-0.363	-0.2627689796904341	0.9828635949176108	0.7200946152271767	329	8	2
DD:SE:162917	DD	SE	ENSG00000108239	TBC1D12	-0.077	-0.09482358649609701	0.9919354838709677	0.8971118973748707	30.5	14	3
DD:SE:162936	DD	SE	ENSG00000108239	TBC1D12	-0.114	-0.06942307692307692	1	0.9305769230769231	33.125	16	2
DD:SE:162992	DD	SE	ENSG00000108242	CYP2C18	-0.081	-0.003885398113331995	1	0.996114601886668	282.25	5	1
DD:SE:163076	DD	SE	ENSG00000107438	PDLIM1	-0.05	-0.06673679411265665	0.9761365406052696	0.9093997464926129	4277.375	1	1
DD:SE:163566	DD	SE	ENSG00000120053	GOT1	-0.254	-0.2682744315831066	0.9833279295601414	0.7150534979770348	960.625	1	1
DD:SE:163622	DD	SE	ENSG00000175105	ZNF654	-0.263	-0.2822760259854469	0.8341109411421912	0.5518349151567443	73.625	6	2
DD:SE:163656	DD	SE	ENSG00000119929	CUTC	-0.378	-0.42612326402068806	0.6553405560686556	0.22921729204796754	645.875	3	3
DD:SE:163658	DD	SE	ENSG00000119929	CUTC	0.057	0.11489049965829401	0.8453757705544573	0.9602662702127513	406.625	2	1
DD:SE:163702	DD	SE	ENSG00000106290	TAF6	-0.185	-0.13634780322533935	0.9852774558633561	0.8489296526380168	374.875	5	1
DD:SE:163972	DD	SE	ENSG00000166135	HIF1AN	-0.106	-0.09051137758223704	0.9947381312146272	0.9042267536323901	498.25	1	1
DD:SE:164213	DD	SE	ENSG00000166171	DPCD	0.206	0.24833382329600429	0.04996680587302965	0.29830062916903394	221	2	2
DD:SE:164305	DD	SE	ENSG00000126775	ATG14	-0.103	0	1	1	14.5	24	1
DD:SE:164502	DD	SE	ENSG00000156374	PCGF6	0.105	0.38339438339438336	0.5288461538461539	0.9122405372405372	13.125	1	1
DD:SE:164510	DD	SE	ENSG00000156374	PCGF6	-0.2	-0.20601090244121045	0.9855607493494802	0.7795498469082698	122.125	4	2
DD:SE:164525	DD	SE	ENSG00000091732	ZC3HC1	-0.192	-0.6484101837508109	0.90832304949952	0.25991286574870914	65.875	1	1
DD:SE:164526	DD	SE	ENSG00000091732	ZC3HC1	-0.103	-0.08249968009645725	0.9949741551407059	0.9124744750442486	767	3	1
DD:SE:164619	DD	SE	ENSG00000107960	STN1	0.22	0.1993659244265254	0.0486155996914842	0.24798152411800958	933.25	2	2
DD:SE:164704	DD	SE	ENSG00000186866	POFUT2	0.15	0.06852440974443358	0.011947384806973847	0.08047179455140742	129.75	2	9
DD:SE:164706	DD	SE	ENSG00000186866	POFUT2	0.059	0.035847892400255876	0.9337435578483213	0.9695914502485772	127.125	9	1
DD:SE:164778	DD	SE	ENSG00000162086	ZNF75A	-0.158	-0.36362896858558763	0.7825785214638709	0.4189495528782832	170.125	3	2
DD:SE:164858	DD	SE	ENSG00000148700	ADD3	-0.188	-0.15381050715965572	0.9874311519906486	0.8336206448309929	173.375	5	2
DD:SE:164933	DD	SE	ENSG00000103544	VPS35L	0.058	0.029419809248144694	0.003488424264178033	0.03290823351232273	176.625	1	5
DD:SE:165197	DD	SE	ENSG00000057757	PITHD1	-0.281	-0.25215360512704665	0.9626066176273166	0.7104530125002699	1656.125	1	1
DD:SE:165216	DD	SE	ENSG00000071243	ING3	-0.56	-0.6566705964117582	0.9331388677677225	0.2764682713559643	412.75	2	2
DD:SE:165509	DD	SE	ENSG00000149016	TUT1	-0.24	-0.27080239983125	0.9785054973594328	0.7077030975281828	245.25	3	1
DD:SE:165598	DD	SE	ENSG00000151923	TIAL1	0.115	0.0433772790916931	0.002000659500464838	0.04537793859215794	617.75	1	5
DD:SE:165864	DD	SE	ENSG00000196954	CASP4	-0.095	-0.08742019413196755	0.9898530794464403	0.9024328853144727	1221.375	2	1
DD:SE:165905	DD	SE	ENSG00000196177	ACADSB	-0.114	-0.10992092412240717	0.9963744922264814	0.8864535681040743	652.75	1	1
DD:SE:166115	DD	SE	ENSG00000053372	MRTO4	-0.058	-0.055456931877470694	0.9904126039136795	0.9349556720362088	1225.875	2	1
DD:SE:166308	DD	SE	ENSG00000166535	A2ML1	-0.055	-0.06335789247808865	1	0.9366421075219113	234	5	2
DD:SE:166444	DD	SE	ENSG00000139613	SMARCC2	-0.096	-0.04098259298580875	0.9914909713638527	0.9505083783780439	338.75	10	1
DD:SE:166520	DD	SE	ENSG00000175470	PPP2R2D	0.211	0.17073905807290843	0.04115861568465474	0.21189767375756316	289.25	1	5
DD:SE:166653	DD	SE	ENSG00000113593	PPWD1	0.094	0.06495563352572291	0.0037389203764420535	0.06869455390216496	521.75	1	8
DD:SE:166663	DD	SE	ENSG00000113593	PPWD1	-0.171	-0.15762089958488257	0.9916873652499604	0.8340664656650778	520.625	7	1
DD:SE:166670	DD	SE	ENSG00000106785	TRIM14	-0.051	-0.08309974165134038	0.9645483044675885	0.8814485628162482	251.125	3	1
DD:SE:166736	DD	SE	ENSG00000148832	PAOX	-0.196	-0.2696828120963687	0.8031681139968492	0.5334853019004805	47.25	5	5
DD:SE:166824	DD	SE	ENSG00000185627	PSMD13	-0.07	-0.07461348599137152	0.9965318125345763	0.9219183265432048	2016.5	3	1
DD:SE:166830	DD	SE	ENSG00000185627	PSMD13	-0.06	-0.06424990224502514	0.9813135860826245	0.9170636838375994	1948.375	2	1
DD:SE:166911	DD	SE	ENSG00000040275	SPDL1	0.1	0.05252506231189485	0.017483465593752683	0.07000852790564753	401.875	1	6
DD:SE:166933	DD	SE	ENSG00000174775	HRAS	0.356	0.43352320649898535	0.21684512460631963	0.650368331105305	1029.75	4	3
DD:SE:166995	DD	SE	ENSG00000177225	GATD1	0.26	-0.07769607843137255	0.24375	0.16605392156862744	10.375	1	3
DD:SE:167210	DD	SE	ENSG00000244242	IFITM10	0.144	0.10203633602293335	0.10662747293766331	0.20866380896059666	114.375	1	1
DD:SE:167337	DD	SE	ENSG00000089775	ZBTB25	-0.244	-0.02433393265773126	0.28683393265773127	0.2625	12.75	2	5
DD:SE:167477	DD	SE	ENSG00000223501	VPS52	-0.097	-0.05840296257553956	0.9975885004875129	0.9391855379119733	297.625	3	1
DD:SE:167660	DD	SE	ENSG00000101413	RPRD1B	-0.148	-0.19523249139004317	0.9880969447894021	0.792864453399359	193.375	4	1
DD:SE:167690	DD	SE	ENSG00000005801	ZNF195	0.341	0.28929386584335703	0.022483336891292487	0.31177720273464954	41	1	3
DD:SE:167724	DD	SE	ENSG00000005801	ZNF195	0.299	0.13278795293759993	0.11103522053982884	0.24382317347742877	53.75	1	3
DD:SE:168032	DD	SE	ENSG00000196510	ANAPC7	-0.13	-0.14100123100657846	0.9960811380648337	0.8550799070582552	336.375	2	1
DD:SE:168035	DD	SE	ENSG00000196510	ANAPC7	-0.235	-0.28468760325535836	0.984580447193762	0.6998928439384037	372.25	2	2
DD:SE:168224	DD	SE	ENSG00000182446	NPLOC4	-0.099	-0.0844241885247653	0.9982142857142857	0.9137900971895204	115.875	1	1
DD:SE:168407	DD	SE	ENSG00000215126	ZNG1F	0.438	0.6008270796506018	0.30098170720431894	0.9018087868549207	560.5	6	3
DD:SE:168458	DD	SE	ENSG00000166333	ILK	-0.114	-0.09313220956265089	0.979006870771891	0.8858746612092401	1978	5	2
DD:SE:168464	DD	SE	ENSG00000166333	ILK	-0.13	-0.14102019971465396	0.9969159664492131	0.8558957667345591	1978	5	2
DD:SE:168490	DD	SE	ENSG00000130529	TRPM4	-0.21	-0.25692917159931505	0.9917304537998907	0.7348012822005756	89	3	2
DD:SE:168553	DD	SE	ENSG00000139324	TMTC3	-0.122	-0.05538253777980584	0.9984276729559749	0.9430451351761691	142.375	4	1
DD:SE:168595	DD	SE	ENSG00000166394	CYB5R2	0.072	0.03331030662511704	0.03675022119211603	0.07006052781723307	192.875	2	11
DD:SE:168622	DD	SE	ENSG00000132294	EFR3A	0.119	0.03571428571428571	0	0.03571428571428571	8.25	1	4
DD:SE:168836	DD	SE	ENSG00000166478	ZNF143	0.143	0.09328326092387985	0	0.09328326092387985	171.125	1	3
DD:SE:168845	DD	SE	ENSG00000166478	ZNF143	-0.075	-0.04624361239629193	1	0.9537563876037081	181.125	4	1
DD:SE:168889	DD	SE	ENSG00000102858	MGRN1	-0.097	-0.2124612506396043	0.9530614837398373	0.740600233100233	42.875	2	1
DD:SE:169017	DD	SE	ENSG00000198276	UCKL1	-0.214	-0.15063684736867167	0.9943609022556391	0.8437240548869674	141.125	11	2
DD:SE:169125	DD	SE	ENSG00000110328	GALNT18	-0.12	-0.10221942637326176	0.9969956140350877	0.894776187661826	198.625	5	1
DD:SE:169140	DD	SE	ENSG00000110328	GALNT18	-0.078	0	1	1	215.625	14	1
DD:SE:169308	DD	SE	ENSG00000197702	PARVA	-0.075	-0.05469218853386326	1	0.9453078114661367	203.625	4	1
DD:SE:169469	DD	SE	ENSG00000197601	FAR1	-0.105	-0.10436302483087867	0.9963687358437947	0.892005711012916	369.375	2	1
DD:SE:169730	DD	SE	ENSG00000143207	COP1	-0.116	-0.053500578842420876	0.989076814860779	0.9355762360183582	370.375	4	1
DD:SE:169833	DD	SE	ENSG00000110756	HPS5	-0.242	-0.13237018129064382	0.958000956480153	0.8256307751895092	42.125	14	2
DD:SE:170176	DD	SE	ENSG00000185238	PRMT3	-0.193	-0.11732743581226324	0.983113676497227	0.8657862406849638	330.375	6	1
DD:SE:170503	DD	SE	ENSG00000148950	IMMP1L	0.18	0.43194444444444446	0.5125	0.9444444444444444	3.75	2	1
DD:SE:170632	DD	SE	ENSG00000121690	DEPDC7	-0.179	-0.1850927871148459	0.9909926470588235	0.8058998599439776	90.75	3	1
DD:SE:170634	DD	SE	ENSG00000121690	DEPDC7	-0.15	-0.04658448804831539	0.9950501824817518	0.9484656944334364	94.625	5	1
DD:SE:170886	DD	SE	ENSG00000110435	PDHX	-0.055	-0.06091023340465063	0.9991754766422698	0.9382652432376192	620.875	2	1
DD:SE:170928	DD	SE	ENSG00000124275	MTRR	-0.39	-0.43863834071759256	0.906444397562943	0.4678060568453505	308.625	7	5
DD:SE:170934	DD	SE	ENSG00000124275	MTRR	-0.065	-0.04697505734959906	0.9791661178073241	0.932191060457725	332.75	12	1
DD:SE:171333	DD	SE	ENSG00000121671	CRY2	-0.161	-0.19929663992259827	0.9738132201043187	0.7745165801817204	50.375	5	1
DD:SE:171459	DD	SE	ENSG00000165097	KDM1B	-0.239	-0.23562030047355054	0.9846713682411958	0.7490510677676453	88.875	7	2
DD:SE:171463	DD	SE	ENSG00000165097	KDM1B	0.086	0.6769995063416117	0.1773989898989899	0.8543984962406015	17.75	2	1
DD:SE:171834	DD	SE	ENSG00000089050	RBBP9	-0.193	-0.17442578305988776	0.8528550988421447	0.678429315782257	71.125	5	4
DD:SE:172211	DD	SE	ENSG00000001497	LAS1L	-0.217	-0.16024994978723817	0.9950213045712679	0.8347713547840298	667.5	5	1
DD:SE:172252	DD	SE	ENSG00000100416	TRMU	-0.087	-0.1181091833580693	0.8388679473326506	0.7207587639745813	1300.75	4	3
DD:SE:172334	DD	SE	ENSG00000153066	TXNDC11	-0.083	-0.12999471134646223	0.9714230097397322	0.8414282983932699	710.625	4	3
DD:SE:172343	DD	SE	ENSG00000153066	TXNDC11	-0.272	-0.29002237340958714	0.9152323284531585	0.6252099550435714	697.5	4	4
DD:SE:172366	DD	SE	ENSG00000153066	TXNDC11	-0.286	-0.400072396738658	0.8106530274444507	0.41058063070579265	699	6	4
DD:SE:172397	DD	SE	ENSG00000083720	OXCT1	-0.254	-0.14562495828039446	0.980440882646765	0.8348159243663705	109.5	2	1
DD:SE:172439	DD	SE	ENSG00000168487	BMP1	-0.114	-0.11713617230402029	1	0.8828638276959797	134.25	5	1
DD:SE:172598	DD	SE	ENSG00000213593	TMX2	0.076	0.25996877917962674	0.040603216871631556	0.3005719960512583	924.75	1	1
DD:SE:172711	DD	SE	ENSG00000141084	RANBP10	-0.074	-0.019650674528723266	1	0.9803493254712767	36	10	1
DD:SE:172725	DD	SE	ENSG00000141084	RANBP10	0.109	0.02782070579403744	0	0.02782070579403744	41.375	1	12
DD:SE:172737	DD	SE	ENSG00000141084	RANBP10	-0.172	-0.04225290697674422	1	0.9577470930232558	41.75	11	2
DD:SE:172748	DD	SE	ENSG00000126790	L3HYPDH	0.167	0.10966770474364827	0.027134747962268183	0.13680245270591646	266	2	4
DD:SE:173137	DD	SE	ENSG00000149476	TKFC	0.139	0.04488057872461279	0.010605521981277403	0.05548610070589019	87.75	1	6
DD:SE:173193	DD	SE	ENSG00000167985	SDHAF2	0.065	0.07943159308496928	0.026459783572209055	0.10589137665717833	796.875	1	1
DD:SE:173528	DD	SE	ENSG00000162222	TTC9C	0.339	0.3540689105292433	0.08427365441043252	0.4383425649396758	256	3	7
DD:SE:173873	DD	SE	ENSG00000164674	SYTL3	0.317	0.23431372549019608	0.4583333333333333	0.6926470588235294	7.875	2	3
DD:SE:173912	DD	SE	ENSG00000084112	SSH1	-0.286	-0.15900960031347966	0.8344444444444444	0.6754348441309648	28.375	5	3
DD:SE:174092	DD	SE	ENSG00000149761	NUDT22	-0.085	-0.04857068354391203	0.9917485779223175	0.9431778943784055	418.75	3	1
DD:SE:174110	DD	SE	ENSG00000137996	RTCA	-0.162	-0.13832607557963628	0.9717961872488565	0.8334701116692202	847.125	4	2
DD:SE:174406	DD	SE	ENSG00000162300	ZFPL1	-0.127	-0.09782964301822084	0.9958800103200014	0.8980503673017806	952.875	3	1
DD:SE:174558	DD	SE	ENSG00000142186	SCYL1	-0.078	-0.05732204231024307	0.9945413438061733	0.9372193014959302	378.5	6	1
DD:SE:174586	DD	SE	ENSG00000173039	RELA	-0.057	-0.06413802936545954	0.988602190447847	0.9244641610823875	661	3	1
DD:SE:174746	DD	SE	ENSG00000172500	FIBP	-0.129	-0.0481748824202225	0.990069249767202	0.9418943673469795	986.875	5	1
DD:SE:174748	DD	SE	ENSG00000175592	FOSL1	0.074	0.10867223816883392	0.2174828221459124	0.32615506031474634	771	1	1
DD:SE:174778	DD	SE	ENSG00000120256	LRP11	-0.079	-0.047207635215314236	0.9804945200113494	0.9332868847960352	138	8	2
DD:SE:174808	DD	SE	ENSG00000174851	YIF1A	-0.072	-0.0735508018748472	0.995805717367048	0.9222549154922008	1956.25	1	1
DD:SE:175185	DD	SE	ENSG00000175634	RPS6KB2	0.079	0.05308969720955539	0.007955618472702765	0.061045315682258156	1147	2	3
DD:SE:175193	DD	SE	ENSG00000175634	RPS6KB2	-0.125	-0.11839076142672067	0.9846525514963289	0.8662617900696082	1008.625	2	1
DD:SE:175311	DD	SE	ENSG00000006534	ALDH3B1	-0.208	-0.1454177424753358	0.9856711038968236	0.8402533614214878	695.875	5	1
DD:SE:175631	DD	SE	ENSG00000067365	METTL22	-0.39	-0.491814648330131	0.59319082195048	0.10137617362034904	285.75	3	6
DD:SE:175634	DD	SE	ENSG00000067365	METTL22	0.104	0.28608636675086485	0.6903330868130617	0.9764194535639266	249.875	6	1
DD:SE:175918	DD	SE	ENSG00000137478	FCHSD2	-0.106	-0.11882586367880488	0.9852941176470589	0.866468253968254	18.375	9	1
DD:SE:176019	DD	SE	ENSG00000175575	PAAF1	-0.097	-0.058568983756952075	0.9964292907486585	0.9378603069917064	930.5	3	1
DD:SE:176043	DD	SE	ENSG00000188761	BCL2L15	-0.163	-0.16809480512830732	0.9844832678736788	0.8163884627453715	49.25	9	3
DD:SE:176107	DD	SE	ENSG00000077514	POLD3	-0.174	-0.16180859848666662	0.9908417087128493	0.8290331102261826	132.125	3	1
DD:SE:176179	DD	SE	ENSG00000162139	NEU3	0.127	0.03560606060606061	0.06439393939393939	0.1	6.75	1	5
DD:SE:176220	DD	SE	ENSG00000149243	KLHL35	-0.361	-0.3334001782531194	0.4375	0.10409982174688057	7.875	2	2
DD:SE:176632	DD	SE	ENSG00000053501	USE1	-0.075	-0.04323617009372627	0.993960849208535	0.9507246791148087	291.375	5	1
DD:SE:176829	DD	SE	ENSG00000171204	TMEM126B	0.242	0.1961266406155992	0.23546844854057786	0.43159508915617706	738.25	1	1
DD:SE:176832	DD	SE	ENSG00000171204	TMEM126B	0.195	0.22676297064432116	0.2876295895943034	0.5143925602386246	73.625	1	1
DD:SE:176866	DD	SE	ENSG00000149196	HIKESHI	0.117	0.10075741533672854	0.010754647746082643	0.11151206308281118	844.375	1	4
DD:SE:176903	DD	SE	ENSG00000166575	TMEM135	-0.12	-0.06611822967730907	0.9752688172043011	0.9091505875269921	70.5	8	1
DD:SE:176920	DD	SE	ENSG00000166575	TMEM135	-0.073	-0.0457210573817568	1	0.9542789426182432	74	11	1
DD:SE:176947	DD	SE	ENSG00000127507	ADGRE2	-0.439	-0.96875	1	0.03125	2.375	3	2
DD:SE:176948	DD	SE	ENSG00000127507	ADGRE2	-0.535	-0.9166666666666666	1	0.08333333333333334	3.75	1	5
DD:SE:176949	DD	SE	ENSG00000127507	ADGRE2	-0.43	-0.5658653846153846	1	0.4341346153846154	6.25	7	2
DD:SE:177246	DD	SE	ENSG00000020922	MRE11	-0.078	-0.05512265512265513	1	0.9448773448773449	71.75	9	1
DD:SE:177450	DD	SE	ENSG00000136100	VPS36	-0.169	-0.1974355062258092	0.9884590357050416	0.7910235294792324	498.875	3	2
DD:SE:177494	DD	SE	ENSG00000083814	ZNF671	-0.127	-0.16249254621347642	1	0.8375074537865236	36.625	1	1
DD:SE:177495	DD	SE	ENSG00000083814	ZNF671	0.35	0.008333333333333333	0	0.008333333333333333	38.625	1	3
DD:SE:177502	DD	SE	ENSG00000125354	SEPTIN6	-0.18	-0.00576923076923086	0.9807692307692308	0.975	17.125	13	1
DD:SE:177668	DD	SE	ENSG00000166855	CLPX	-0.219	-0.2797581970891674	0.8761160714285714	0.596357874339404	95.125	2	1
DD:SE:177670	DD	SE	ENSG00000166855	CLPX	-0.175	-0.1476617342165688	0.9907505290128379	0.8430887947962691	413.125	5	1
DD:SE:177702	DD	SE	ENSG00000137692	DCUN1D5	-0.106	-0.12650145857836137	0.922114917984537	0.7956134594061757	2404.375	2	1
DD:SE:177819	DD	SE	ENSG00000149313	AASDHPPT	-0.135	-0.10323166957550989	0.9951747563149937	0.8919430867394839	1100.125	1	1
DD:SE:177936	DD	SE	ENSG00000110660	SLC35F2	-0.074	-0.0869252106100743	0.9895692769028016	0.9026440662927273	483.375	3	1
DD:SE:178178	DD	SE	ENSG00000101146	RAE1	-0.08	-0.06319442378462248	0.9953540684867264	0.9321596447021039	1894.5	2	1
DD:SE:178188	DD	SE	ENSG00000101811	CSTF2	-0.066	-0.085163113263384	0.9962799675603705	0.9111168542969865	853.125	1	1
DD:SE:178332	DD	SE	ENSG00000150779	TIMM8B	0.18	0.2086360565651184	0.6315909090909091	0.8402269656560275	50.25	1	1
DD:SE:178426	DD	SE	ENSG00000107614	TRDMT1	0.255	0.11408257547792432	0.004545454545454545	0.11862803002337886	42.75	3	9
DD:SE:178439	DD	SE	ENSG00000150782	IL18	0.1	0.010351907986024422	0.011022286821705425	0.021374194807729847	69	1	1
DD:SE:178632	DD	SE	ENSG00000083535	PIBF1	-0.289	-0.21389792984220224	0.9137967152673034	0.6998987854251012	30.875	12	2
DD:SE:178681	DD	SE	ENSG00000125630	POLR1B	-0.077	-0.09087432918304705	0.9934468047675595	0.9025724755845125	322.75	11	1
DD:SE:178689	DD	SE	ENSG00000125630	POLR1B	0.125	0.1031413301741414	0.0026041666666666665	0.10574549684080807	288.375	1	9
DD:SE:178695	DD	SE	ENSG00000125630	POLR1B	-0.17	-0.13761361504796443	0.9964851710134729	0.8588715559655085	293.125	9	1
DD:SE:178745	DD	SE	ENSG00000197323	TRIM33	-0.149	-0.05170722268735761	0.9758928571428571	0.9241856344554995	23.625	5	1
DD:SE:178887	DD	SE	ENSG00000143797	MBOAT2	0.084	0.06756294896203774	0.007225063872646455	0.0747880128346842	2892.875	1	4
DD:SE:178892	DD	SE	ENSG00000143797	MBOAT2	-0.107	-0.09784688646198114	0.9866868636134526	0.8888399771514714	2959	4	1
DD:SE:179128	DD	SE	ENSG00000110344	UBE4A	-0.121	-0.2385116410157948	0.8657766712861299	0.6272650302703351	58.875	2	2
DD:SE:179325	DD	SE	ENSG00000278259	MYO19	-0.122	-0.08746921636446292	0.9864135864135865	0.8989443700491235	74.25	9	1
DD:SE:179533	DD	SE	ENSG00000160695	VPS11	-0.088	-0.05863111359271389	0.9970238095238095	0.9383926959310956	112.5	8	1
DD:SE:179721	DD	SE	ENSG00000102921	N4BP1	-0.194	-0.18751271015129534	0.9867887438376161	0.7992760336863207	152.5	4	2
DD:SE:179777	DD	SE	ENSG00000105641	SLC5A5	-0.1	0.003981585168595259	0.9722222222222222	0.9762038073908175	31.625	8	1
DD:SE:179893	DD	SE	ENSG00000154114	TBCEL	-0.2	-0.26496343926684485	0.9868421052631579	0.721878665996313	26	14	3
DD:SE:180262	DD	SE	ENSG00000198718	TOGARAM1	-0.168	-0.007986111111111027	0.75	0.742013888888889	6.25	7	2
DD:SE:180329	DD	SE	ENSG00000144233	AMMECR1L	-0.07	-0.029166666666666674	1	0.9708333333333333	12	7	1
DD:SE:180482	DD	SE	ENSG00000182934	SRPRA	-0.058	-0.057925841527673105	0.9977337756438359	0.9398079341161628	702.625	7	1
DD:SE:180523	DD	SE	ENSG00000110074	FOXRED1	-0.206	-0.23467508680054816	0.9800700565470923	0.7453949697465442	325.125	4	2
DD:SE:180778	DD	SE	ENSG00000096060	FKBP5	-0.122	-0.1220840389169986	0.9971643741700893	0.8750803352530907	2962.875	2	1
DD:SE:180813	DD	SE	ENSG00000135597	REPS1	-0.077	-0.043540610603526764	0.9966069664562127	0.953066355852686	146.375	10	1
DD:SE:180903	DD	SE	ENSG00000014164	ZC3H3	-0.064	-0.07106518371061232	0.9816484724496388	0.9105832887390265	199.5	2	1
DD:SE:181041	DD	SE	ENSG00000135297	MTO1	0.123	0.06664990503615591	0.005881952365549294	0.0725318574017052	310.625	1	7
DD:SE:181045	DD	SE	ENSG00000135297	MTO1	-0.15	-0.12769324206231003	0.9895711187780935	0.8618778767157834	326.5	7	2
DD:SE:181064	DD	SE	ENSG00000135297	MTO1	0.163	0.15822256551745867	0.011484751741596036	0.1697073172590547	327.875	2	7
DD:SE:181319	DD	SE	ENSG00000011105	TSPAN9	0.069	0.05800278454308588	0.005704365079365079	0.06370714962245096	90.875	1	4
DD:SE:181409	DD	SE	ENSG00000047621	C12orf4	-0.254	-0.13803964203979435	0.9903448681244417	0.8523052260846473	214.625	4	1
DD:SE:181422	DD	SE	ENSG00000111247	RAD51AP1	0.627	0.3464015151515152	0.00625	0.35265151515151516	15.125	1	2
DD:SE:181431	DD	SE	ENSG00000111247	RAD51AP1	-0.219	-0.2512036090308438	0.9598331581713084	0.7086295491404646	87.5	5	2
DD:SE:181460	DD	SE	ENSG00000011243	AKAP8L	0.209	0.1627426775394533	0.014376551370462958	0.17711922890991624	639.875	1	4
DD:SE:181483	DD	SE	ENSG00000011243	AKAP8L	-0.15	-0.43617763930901843	0.9371475586046898	0.5009699192956714	77.25	1	1
DD:SE:181613	DD	SE	ENSG00000111321	LTBR	0.155	0.1013317197582273	0.007250532006782169	0.10858225176500946	465.25	1	2
DD:SE:181627	DD	SE	ENSG00000111321	LTBR	-0.203	-0.2455480810336349	0.8932856279254766	0.6477375468918417	105.75	1	1
DD:SE:181650	DD	SE	ENSG00000180488	MIGA1	-0.367	-0.12833867521367526	0.9807692307692308	0.8524305555555556	14.875	20	5
DD:SE:181788	DD	SE	ENSG00000111653	ING4	-0.221	-0.12931154053391836	0.9627033533994155	0.8333918128654971	215.125	5	2
DD:SE:181814	DD	SE	ENSG00000111652	COPS7A	-0.133	-0.07301034911515258	0.9547090914966964	0.8816987423815438	1384.5	5	1
DD:SE:181937	DD	SE	ENSG00000182054	IDH2	-0.055	-0.05002258344457733	0.99827548675048	0.9482529033059026	2057	1	1
DD:SE:182009	DD	SE	ENSG00000125877	ITPA	0.105	0.5752922998088013	0.3663133741258741	0.9416056739346753	194	1	1
DD:SE:182020	DD	SE	ENSG00000125877	ITPA	-0.276	-0.27339801368808203	0.9784071520056019	0.7050091383175199	937.75	2	1
DD:SE:182045	DD	SE	ENSG00000174606	ANGEL2	-0.189	-0.2017230661292485	0.9145208888302012	0.7127978227009527	165.375	5	3
DD:SE:182149	DD	SE	ENSG00000156599	ZDHHC5	-0.051	-0.03520767084318499	0.9715473979807028	0.9363397271375178	203.625	4	1
DD:SE:182173	DD	SE	ENSG00000172296	SPTLC3	-0.17	-0.030834914611005737	1	0.9691650853889943	27.5	8	1
DD:SE:182189	DD	SE	ENSG00000108784	NAGLU	-0.351	-0.4390606799404036	0.7940217391304347	0.3549610591900311	41.375	4	3
DD:SE:182380	DD	SE	ENSG00000182827	ACBD3	-0.108	-0.08952882342370705	0.9908170280253525	0.9012882046016455	197.375	3	1
DD:SE:182472	DD	SE	ENSG00000172243	CLEC7A	0.365	0.1224025974025974	0.6071428571428571	0.7295454545454545	7	6	4
DD:SE:182499	DD	SE	ENSG00000111196	MAGOHB	0.365	0.49374158103693044	0.05356164604442972	0.5473032270813601	661.25	3	3
DD:SE:182732	DD	SE	ENSG00000150961	SEC24D	0.162	0.09497715461387839	0	0.09497715461387839	164.375	1	2
DD:SE:183151	DD	SE	ENSG00000139154	AEBP2	-0.159	-0.09858313813533037	0.9914035087719298	0.8928203706365995	66	5	2
DD:SE:183227	DD	SE	ENSG00000121350	PYROXD1	-0.509	-0.45770003785710744	0.9879350918119459	0.5302350539548385	228	3	2
DD:SE:183284	DD	SE	ENSG00000111726	CMAS	-0.232	-0.20373597356671447	0.9829877099738118	0.7792517364070973	4817.5	1	1
DD:SE:183339	DD	SE	ENSG00000139163	ETNK1	0.082	0.059771840799337575	7.122507122507124e-4	0.06048409151158829	340.75	1	1
DD:SE:183427	DD	SE	ENSG00000007392	LUC7L	0.244	0.23947431091127	0.018365702563268728	0.2578400134745387	676.625	4	8
DD:SE:183436	DD	SE	ENSG00000007392	LUC7L	0.612	0.6153355414801345	0.03018409860128323	0.6455196400814177	647.75	4	3
DD:SE:183514	DD	SE	ENSG00000065491	TBC1D22B	-0.216	-0.1280277494205393	0.9804725855735228	0.8524448361529835	151.125	4	1
DD:SE:183649	DD	SE	ENSG00000133687	TMTC1	-0.054	-0.06818181818181812	1	0.9318181818181819	10	16	1
DD:SE:183872	DD	SE	ENSG00000123983	ACSL3	-0.158	-0.1312459341944997	0.9896900678679138	0.8584441336734141	3735	6	2
DD:SE:184549	DD	SE	ENSG00000151239	TWF1	0.058	0.04607280575774703	0.011871063713014983	0.057943869470762015	957	1	2
DD:SE:184704	DD	SE	ENSG00000005175	RPAP3	0.075	0.03893648357435838	0.0029608162886460006	0.04189729986300438	329.125	1	4
DD:SE:184801	DD	SE	ENSG00000177981	ASB8	0.108	0.09861179977662443	0.023183968988541893	0.12179576876516633	141.875	2	5
DD:SE:184854	DD	SE	ENSG00000134452	FBH1	-0.126	-0.09604055587951776	0.9924675413596254	0.8964269854801077	243.875	8	1
DD:SE:184937	DD	SE	ENSG00000139620	KANSL2	0.278	0.21730065054641412	0.027713419924593558	0.24501407047100768	770.875	3	9
DD:SE:184941	DD	SE	ENSG00000139620	KANSL2	-0.357	-0.4524232669589693	0.9529371194410668	0.5005138524820976	813.75	12	4
DD:SE:184976	DD	SE	ENSG00000174243	DDX23	-0.134	-0.1252383700672971	0.9960357000512441	0.870797329983947	187.75	1	1
DD:SE:185418	DD	SE	ENSG00000135457	TFCP2	-0.215	-0.07177876824682494	0.9871974408807436	0.9154186726339186	181.875	9	1
DD:SE:185441	DD	SE	ENSG00000139629	GALNT6	-0.201	-0.24811022311022313	0.9784798534798534	0.7303696303696303	22.25	9	4
DD:SE:185513	DD	SE	ENSG00000179526	SHARPIN	-0.134	-0.19544881945286663	0.878000782150117	0.6825519626972504	582.375	2	1
DD:SE:186063	DD	SE	ENSG00000159210	SNF8	0.062	0.062367561516695244	0.0014949828010828194	0.06386254431777806	862.625	1	2
DD:SE:186081	DD	SE	ENSG00000273611	ZNHIT3	-0.055	-0.04462638115741291	0.9630215249212272	0.9183951437638143	779.5	2	1
DD:SE:186140	DD	SE	ENSG00000042429	MED17	0.147	0.11627141133385639	0.008489229798505912	0.12476064113236231	449.5	1	3
DD:SE:186198	DD	SE	ENSG00000129315	CCNT1	-0.245	-0.27676565970394884	0.8518221750618225	0.5750565153578736	61.875	2	1
DD:SE:186293	DD	SE	ENSG00000121104	FAM117A	-0.299	-0.08333333333333337	1	0.9166666666666666	1.625	1	1
DD:SE:186519	DD	SE	ENSG00000166881	NEMP1	-0.127	-0.11873255915206604	0.9522378962034135	0.8335053370513474	45.875	10	3
DD:SE:186595	DD	SE	ENSG00000182199	SHMT2	-0.2	-0.17254313733143856	0.978528740675815	0.8059856033443764	894.5	5	3
DD:SE:186634	DD	SE	ENSG00000179912	R3HDM2	-0.116	-0.08333333333333337	1	0.9166666666666666	3.25	11	1
DD:SE:186635	DD	SE	ENSG00000179912	R3HDM2	-0.259	-0.65	1	0.35	1.625	6	2
DD:SE:186657	DD	SE	ENSG00000110921	MVK	0.174	0.13605373432368253	0.009537702713785835	0.14559143703746838	826.375	1	2
DD:SE:186661	DD	SE	ENSG00000110921	MVK	-0.078	-0.1040984121688362	0.9685419642944559	0.8644435521256197	764.75	1	1
DD:SE:186662	DD	SE	ENSG00000110921	MVK	-0.177	-0.3843185169025727	0.6306007574646385	0.2462822405620658	166.5	1	1
DD:SE:186706	DD	SE	ENSG00000175203	DCTN2	-0.078	-0.06285984415977663	0.9715615964985107	0.9087017523387341	868.5	6	1
DD:SE:186733	DD	SE	ENSG00000175203	DCTN2	0.053	0.045172573559830564	0	0.045172573559830564	728.125	1	2
DD:SE:186925	DD	SE	ENSG00000079785	DDX1	-0.125	-0.11820450912316027	0.9965960168858745	0.8783915077627142	1966.75	1	1
DD:SE:187065	DD	SE	ENSG00000072364	AFF4	-0.051	-0.02083333333333337	0.9821428571428572	0.9613095238095238	17.625	12	1
DD:SE:187187	DD	SE	ENSG00000183258	DDX41	-0.056	-0.05060354075936013	0.9968081652768435	0.9462046245174833	654.625	3	1
DD:SE:187414	DD	SE	ENSG00000124193	SRSF6	0.646	0.5929406200049077	0.03611797388181957	0.6290585938867272	305.25	3	6
DD:SE:187517	DD	SE	ENSG00000176953	NFATC2IP	-0.178	-0.22759680688292472	0.9900823224487151	0.7624855155657904	219.875	2	1
DD:SE:187533	DD	SE	ENSG00000176953	NFATC2IP	-0.218	-0.4970608553513314	0.8748466418833147	0.37778578653198336	104	1	1
DD:SE:187588	DD	SE	ENSG00000033627	ATP6V0A1	-0.069	-0.03560528066771418	0.9990196078431373	0.9634143271754231	303.875	5	1
DD:SE:187622	DD	SE	ENSG00000033627	ATP6V0A1	0.15	0.03169024814773811	6.887052341597796e-4	0.03237895338189789	297.375	1	6
DD:SE:187653	DD	SE	ENSG00000166226	CCT2	-0.056	-0.05190145223794573	0.99964938372037	0.9477479314824243	3018	3	1
DD:SE:187756	DD	SE	ENSG00000111596	CNOT2	0.102	0.08701885471118204	7.225433526011559e-4	0.0877413980637832	288.375	1	5
DD:SE:187955	DD	SE	ENSG00000121749	TBC1D15	-0.225	-0.3159362744066705	0.9815042516245236	0.6655679772178531	153.875	5	2
DD:SE:187960	DD	SE	ENSG00000121749	TBC1D15	0.231	0.17308328344264737	0.001893939393939394	0.17497722283658676	161.375	2	6
DD:SE:188107	DD	SE	ENSG00000129534	MIS18BP1	-0.166	-0.14838704551233162	0.9833333333333334	0.8349462878210018	37.375	6	1
DD:SE:188183	DD	SE	ENSG00000186908	ZDHHC17	0.255	0.318742440617548	0.02039983680130559	0.33914227741885355	55	6	16
DD:SE:188219	DD	SE	ENSG00000087301	TXNDC16	-0.298	NA	NA	0.6666666666666666	0.5	2	1
DD:SE:188309	DD	SE	ENSG00000085721	RRN3	-0.166	-0.14845493453717418	0.9981524446415777	0.8496975101044035	604.25	3	2
DD:SE:188405	DD	SE	ENSG00000127720	METTL25	-0.217	-0.0459105118924652	0.9868991144845034	0.9409886025920382	55.375	11	2
DD:SE:188513	DD	SE	ENSG00000133641	RLIG1	-0.309	-0.34774722368490674	0.7445394869757511	0.3967922632908444	1450	3	2
DD:SE:188536	DD	SE	ENSG00000136492	BRIP1	-0.433	-0.09999999999999998	1	0.9	2.75	16	2
DD:SE:188639	DD	SE	ENSG00000164258	NDUFS4	0.144	0.3070460990363183	0.08544180467350035	0.3924879037098186	775.625	1	1
DD:SE:188928	DD	SE	ENSG00000118046	STK11	0.072	0.06416886292937013	0.005857575358694221	0.07002643828806435	91.25	1	7
DD:SE:188965	DD	SE	ENSG00000257218	GATC	0.156	0.14966955704589244	0.006274873855194377	0.1559444309010868	360.875	2	6
DD:SE:188975	DD	SE	ENSG00000089682	RBM41	-0.234	-0.44694785134026616	0.9703525641025641	0.5234047127622979	20.625	3	1
DD:SE:188985	DD	SE	ENSG00000089682	RBM41	0.133	0.03016794848911426	0.014164991267838777	0.04433293975695304	136.625	3	15
DD:SE:189196	DD	SE	ENSG00000120860	WASHC3	0.134	0.07973350870290676	0.02646867229306933	0.10620218099597609	397.375	1	3
DD:SE:189219	DD	SE	ENSG00000075188	NUP37	0.069	0.06416207264582809	0.00288998449352274	0.06705205713935082	1069.5	1	4
DD:SE:189309	DD	SE	ENSG00000139372	TDG	-0.146	-0.1454903420952045	0.9926840042893639	0.8471936621941594	570.625	2	1
DD:SE:189327	DD	SE	ENSG00000111727	HCFC2	-0.05	-0.05231413591048262	0.9964715297313027	0.9441573938208201	166.625	6	1
DD:SE:189557	DD	SE	ENSG00000075856	SART3	0.215	0.16910537648585894	0.01674768569663509	0.18585306218249403	237	2	5
DD:SE:189708	DD	SE	ENSG00000047579	DTNBP1	0.091	0.09573041349773684	0.01594355142949759	0.11167396492723443	256	1	4
DD:SE:189725	DD	SE	ENSG00000111199	TRPV4	-0.115	-0.40724681020733655	1	0.5927531897926634	10.125	2	1
DD:SE:189737	DD	SE	ENSG00000006194	ZNF263	-0.119	-0.11789175983349842	0.9635283090827972	0.8456365492492988	63.25	2	1
DD:SE:189738	DD	SE	ENSG00000006194	ZNF263	0.232	0.43130103243091394	0.04027429685324422	0.4715753292841582	37.875	1	1
DD:SE:189739	DD	SE	ENSG00000006194	ZNF263	0.278	0.23651124585748798	0.06801606506688176	0.30452731092436974	32.75	1	1
DD:SE:189742	DD	SE	ENSG00000006194	ZNF263	0.16	-0.029326501295560498	0.18943147942711058	0.16010497813155009	150	1	1
DD:SE:189857	DD	SE	ENSG00000111231	GPN3	-0.103	-0.08045671761346174	0.9910063096853688	0.9105495920719071	675.875	3	1
DD:SE:189862	DD	SE	ENSG00000177082	WDR73	0.279	0.2914473446899196	0.046000512336466876	0.33744785702638647	307.875	2	3
DD:SE:189876	DD	SE	ENSG00000151164	RAD9B	-0.357	-0.33364898989898994	0.6454545454545455	0.31180555555555556	5.75	10	12
DD:SE:190079	DD	SE	ENSG00000111271	ACAD10	-0.174	-0.15777310924369747	1	0.8422268907563025	17.75	11	1
DD:SE:190122	DD	SE	ENSG00000089248	ERP29	-0.132	-0.10640655445746183	0.9597117620870748	0.8533052076296129	3137.25	1	1
DD:SE:190235	DD	SE	ENSG00000178691	SUZ12	-0.222	-0.13225413214090875	0.9883637740980986	0.8561096419571899	162.5	4	1
DD:SE:190297	DD	SE	ENSG00000186815	TPCN1	0.198	0.12459551475046841	0.003623188405797101	0.12821870315626552	73.625	3	11
DD:SE:190319	DD	SE	ENSG00000011295	TTC19	0.158	0.14349931873849095	0.00891380763293725	0.1524131263714282	1097.625	2	3
DD:SE:190569	DD	SE	ENSG00000123130	ACOT9	-0.141	-0.060485458571537976	0.9983412659083244	0.9378558073367864	711.5	4	1
DD:SE:190594	DD	SE	ENSG00000111412	SPRING1	0.054	0.0633416643975051	0.6680179847253018	0.7313596491228069	39.375	1	1
DD:SE:190611	DD	SE	ENSG00000174989	FBXW8	-0.307	-0.3759619218500797	0.9638780901116427	0.587916168261563	44.75	12	6
DD:SE:190626	DD	SE	ENSG00000174989	FBXW8	-0.159	-0.05453225964552977	0.9755208333333334	0.9209885736878036	31.125	6	1
DD:SE:190648	DD	SE	ENSG00000135108	FBXO21	0.158	0.10192922958798153	0.006986889833605162	0.1089161194215867	327.25	1	7
DD:SE:190669	DD	SE	ENSG00000111445	RFC5	0.072	0.03954059985167155	0.014065330325277275	0.05360593017694883	199	1	6
DD:SE:190671	DD	SE	ENSG00000111445	RFC5	0.091	0.05876629586159787	0.0026683087027914616	0.06143460456438934	198.125	1	6
DD:SE:190986	DD	SE	ENSG00000022840	RNF10	0.061	0.034874445389890804	0.02038548774210295	0.05525993313199375	949.25	1	3
DD:SE:191059	DD	SE	ENSG00000022840	RNF10	-0.108	-0.06847631731145387	0.9680345159135555	0.8995581986021016	1169.5	7	1
DD:SE:191283	DD	SE	ENSG00000110801	PSMD9	-0.067	-0.04486804970634106	0.9974980550722189	0.9526300053658778	2002.625	2	1
DD:SE:191287	DD	SE	ENSG00000110801	PSMD9	-0.1	0.0384759798530655	0.591765873015873	0.6302418528689385	139.125	1	1
DD:SE:191571	DD	SE	ENSG00000150977	RILPL2	-0.126	-0.18472970583274295	0.838696641627645	0.6539669357949021	260.75	3	2
DD:SE:191577	DD	SE	ENSG00000185344	ATP6V0A2	-0.075	-0.10148065448297605	0.9911373417457068	0.8896566872627307	221.875	4	1
DD:SE:191687	DD	SE	ENSG00000163935	SFMBT1	-0.134	-0.1868405838994074	1	0.8131594161005926	36	11	1
DD:SE:191918	DD	SE	ENSG00000073060	SCARB1	-0.101	-0.06450951722127318	0.9919332596782845	0.9274237424570113	166.75	6	1
DD:SE:191935	DD	SE	ENSG00000107833	NPM3	-0.213	-0.18197253450689554	0.9742206131589803	0.7922480786520848	919.875	1	1
DD:SE:191991	DD	SE	ENSG00000187778	MCRS1	-0.084	-0.06972059987718882	0.9961731783053365	0.9264525784281477	960.25	3	1
DD:SE:192103	DD	SE	ENSG00000122008	POLK	-0.112	-0.07913703943115702	1	0.920862960568843	50.5	5	1
DD:SE:192111	DD	SE	ENSG00000122008	POLK	-0.117	-0.052620595839364515	0.9373593586370719	0.8847387627977074	53.25	5	1
DD:SE:192167	DD	SE	ENSG00000183765	CHEK2	-0.24	-0.23592700596407756	0.9806098149851219	0.7446828090210443	116.625	12	4
DD:SE:192302	DD	SE	ENSG00000184967	NOC4L	-0.121	-0.09269311826621085	0.9977810650887574	0.9050879468225466	303.125	3	1
DD:SE:192319	DD	SE	ENSG00000184967	NOC4L	-0.103	-0.084319895985815907	0.9707293878790759	0.88640949189326	303.125	3	1
DD:SE:192508	DD	SE	ENSG00000196387	ZNF140	0.113	0.08911830795844833	0.509848406472247	0.5989667144306954	271.5	3	3
DD:SE:192727	DD	SE	ENSG00000150456	EEF1AKMT1	-0.168	-0.14860435488748114	0.7922485279963737	0.6436441731088925	339.875	4	1
DD:SE:192747	DD	SE	ENSG00000165487	MICU2	-0.076	-0.06684330068219346	0.9920804625660014	0.9252371618838079	476.375	4	1
DD:SE:192759	DD	SE	ENSG00000165487	MICU2	-0.094	-0.07307833403085451	0.9962827031310555	0.923204369100201	470.875	6	1
DD:SE:192992	DD	SE	ENSG00000151849	CENPJ	0.255	0.0125	0	0.0125	12.875	1	10
DD:SE:192998	DD	SE	ENSG00000151849	CENPJ	-0.074	-0.03492063492063491	1	0.9650793650793651	18.75	20	1
DD:SE:193031	DD	SE	ENSG00000132964	CDK8	-0.104	-0.10878885148890793	0.94556584982251	0.8367769983336021	313.5	8	2
DD:SE:193059	DD	SE	ENSG00000132970	WASF3	-0.349	-0.3826321248196248	0.8188740079365079	0.4362418831168831	29.875	3	1
DD:SE:193060	DD	SE	ENSG00000132970	WASF3	-0.376	-0.535802946909758	0.6806372549019608	0.14483430799220273	17.625	3	1
DD:SE:193149	DD	SE	ENSG00000161526	SAP30BP	-0.098	-0.09818719306088575	0.9923200986144851	0.8941329055535994	1945.75	4	1
DD:SE:193154	DD	SE	ENSG00000161526	SAP30BP	0.086	0.08542021491182991	0.03098010833970079	0.1164003232515307	1945.75	1	4
DD:SE:193208	DD	SE	ENSG00000182944	EWSR1	-0.403	-0.46485237971700677	0.9799901531215838	0.515137773404577	3522.5	1	1
DD:SE:193215	DD	SE	ENSG00000182944	EWSR1	-0.409	-0.4769554094534171	0.9791625197728507	0.5022071103194337	3417	1	1
DD:SE:193295	DD	SE	ENSG00000163521	GLB1L	-0.491	-0.29515212609970676	1	0.7048478739002932	16.375	7	5
DD:SE:193408	DD	SE	ENSG00000187676	B3GLCT	-0.097	-0.06740362811791378	1	0.9325963718820862	46.75	9	1
DD:SE:193576	DD	SE	ENSG00000244754	N4BP2L2	-0.093	-0.1295743353013038	0.9486648825453464	0.8190905472440426	53.25	2	2
DD:SE:193646	DD	SE	ENSG00000118894	EEF2KMT	0.117	0.11782009275839844	0.04417870270549484	0.16199879546389329	239.75	2	4
DD:SE:193681	DD	SE	ENSG00000011638	LDAF1	0.061	0.07700284336224027	0.019107999779480023	0.09611084314172029	288.375	2	3
DD:SE:193790	DD	SE	ENSG00000133103	COG6	-0.154	-0.08624594991195023	0.9928127902997115	0.9065668403877613	124.625	3	1
DD:SE:194056	DD	SE	ENSG00000172766	NAA16	0.427	0.5639844904550787	0.10277059541765424	0.6667550858727329	55.375	3	2
DD:SE:194270	DD	SE	ENSG00000083635	NUFIP1	-0.244	-0.27003878983534335	0.9838836840124026	0.7138448941770592	187.25	5	2
DD:SE:194280	DD	SE	ENSG00000083635	NUFIP1	-0.199	-0.26950097134777984	0.9776209537628865	0.7081199824151067	188.625	6	2
DD:SE:194719	DD	SE	ENSG00000136147	PHF11	-0.139	-0.17415455095168741	0.9392793814668815	0.7651248305151941	365.875	3	2
DD:SE:194786	DD	SE	ENSG00000141867	BRD4	0.162	0.0996962683120692	0.024618673881024265	0.12431494219309346	257.5	2	3
DD:SE:194794	DD	SE	ENSG00000164985	PSIP1	-0.088	-0.11524572470408645	0.980719904240766	0.8654741795366796	66.625	5	2
DD:SE:194860	DD	SE	ENSG00000102786	INTS6	-0.089	-0.10117010513374314	0.9958346787213432	0.8946645735876001	171.75	7	1
DD:SE:194887	DD	SE	ENSG00000102786	INTS6	-0.194	-0.2591036147029937	0.9828199127154236	0.7237162980124299	138	4	1
DD:SE:194901	DD	SE	ENSG00000102786	INTS6	0.214	0.13574765232509411	0.023235257674382163	0.15898290999947629	127.625	1	4
DD:SE:195147	DD	SE	ENSG00000163328	GPR155	-0.179	-0.09058441558441555	1	0.9094155844155845	10.25	8	1
DD:SE:195263	DD	SE	ENSG00000121775	TMEM39B	-0.217	-0.12633304254880207	0.8596311251773436	0.7332980826285416	70.875	8	1
DD:SE:195267	DD	SE	ENSG00000121775	TMEM39B	0.207	0.1333243397889083	0.027484174194700513	0.16080851398360882	169	2	13
DD:SE:195320	DD	SE	ENSG00000136122	BORA	0.225	0.38617842241519973	0.2794745357377584	0.6656529581529581	58.5	1	2
DD:SE:195324	DD	SE	ENSG00000136122	BORA	-0.388	-0.3261051169458634	0.8648929260575324	0.538787809111669	97	2	1
DD:SE:195356	DD	SE	ENSG00000083520	DIS3	0.195	0.6025210563747885	0.05680634776596664	0.6593274041407551	108.375	1	1
DD:SE:195357	DD	SE	ENSG00000083520	DIS3	-0.262	-0.323175628628964	0.9652353827486317	0.6420597541196678	137	1	1
DD:SE:195358	DD	SE	ENSG00000083520	DIS3	-0.311	-0.4378360620915448	0.9296683182397667	0.4918322561482219	84.5	1	1
DD:SE:195359	DD	SE	ENSG00000083520	DIS3	0.404	0.4829802237922392	0.027710402342755285	0.5106906261349945	160.875	1	1
DD:SE:195424	DD	SE	ENSG00000134909	ARHGAP32	-0.183	-0.22619047619047616	1	0.7738095238095238	4.5	9	1
DD:SE:195729	DD	SE	ENSG00000102471	NDFIP2	0.072	0.05155493796009886	9.567969956199372e-4	0.05251173495571879	2457.5	1	2
DD:SE:195794	DD	SE	ENSG00000156253	RWDD2B	-0.433	-0.4260686325342402	0.7932935890502031	0.3672249565159629	334.75	2	2
DD:SE:196011	DD	SE	ENSG00000185761	ADAMTSL5	0.138	0.20404792700125163	0.7262693544164346	0.9303172814176862	99.625	19	5
DD:SE:196087	DD	SE	ENSG00000088451	TGDS	-0.211	-0.2347955518911501	0.9357347740487386	0.7009392221575885	341.875	6	3
DD:SE:196565	DD	SE	ENSG00000177663	IL17RA	-0.153	-0.10247445721583648	1	0.8975255427841635	156.875	7	1
DD:SE:196587	DD	SE	ENSG00000134901	POGLUT2	0.28	0.24532591045595306	0.009241854636591478	0.25456776509254453	63	1	6
DD:SE:196618	DD	SE	ENSG00000134897	BIVM	-0.106	-0.13836219435408226	0.9703066769652491	0.8319444826111668	130.75	10	3
DD:SE:196692	DD	SE	ENSG00000185404	SP140L	0.339	0.3800068120612616	0.01164021164021164	0.3916470237014732	89.125	4	5
DD:SE:196731	DD	SE	ENSG00000108848	LUC7L3	0.132	0.22481709815824352	0.019183186094950802	0.2440002842531943	166.625	1	7
DD:SE:196814	DD	SE	ENSG00000088448	ANKRD10	0.232	0.20410022153602986	0.06145556901669959	0.26555579055272943	220.5	2	3
DD:SE:196888	DD	SE	ENSG00000126216	TUBGCP3	0.162	0.15814018799176874	0.004886798469387756	0.1630269864611565	165.75	1	2
DD:SE:196993	DD	SE	ENSG00000150401	DCUN1D2	0.237	0.40465775945669236	0.44969654528478054	0.8543543047414729	128.375	11	5
DD:SE:197077	DD	SE	ENSG00000185989	RASA3	-0.153	0	1	1	6.125	14	2
DD:SE:197081	DD	SE	ENSG00000130177	CDC16	-0.067	-0.0927805193500687	0.9320596393687077	0.839279120018639	579.75	3	2
DD:SE:197115	DD	SE	ENSG00000130177	CDC16	-0.14	-0.07177255921500447	0.9967697915256937	0.9249972323106892	613	5	1
DD:SE:197137	DD	SE	ENSG00000175198	PCCA	-0.054	-0.012177387295384201	1	0.9878226127046158	130	4	1
DD:SE:197204	DD	SE	ENSG00000100227	POLDIP3	0.223	0.1440644665099896	0.005087828426391433	0.14915229493638105	502	1	4
DD:SE:197309	DD	SE	ENSG00000100814	CCNB1IP1	0.103	0.0872893717802469	0.016146370250847863	0.10343574203109476	308.125	1	8
DD:SE:197311	DD	SE	ENSG00000100814	CCNB1IP1	0.081	0.055242368763899485	0.01069293764683957	0.06593530641073905	299.625	1	8
DD:SE:197562	DD	SE	ENSG00000054611	TBC1D22A	-0.138	-0.09593680820304473	0.9936840906702169	0.8977472824671722	205.875	7	1
DD:SE:197603	DD	SE	ENSG00000177706	FAM20C	-0.078	0	1	1	4.75	8	1
DD:SE:197754	DD	SE	ENSG00000159593	NAE1	0.058	0.04973184961788735	0.042039159800529274	0.09177100941841662	1050.75	1	2
DD:SE:198064	DD	SE	ENSG00000187630	DHRS4L2	0.445	0.3066468253968254	0.35238095238095235	0.6590277777777778	19.375	2	1
DD:SE:198066	DD	SE	ENSG00000187630	DHRS4L2	0.138	0.03187878093769863	0.04506224451876626	0.07694102545646489	118.625	1	3
DD:SE:198117	DD	SE	ENSG00000143093	STRIP1	-0.143	-0.16668100865247315	0.989636462289745	0.8229554536372718	139.375	2	1
DD:SE:198297	DD	SE	ENSG00000067369	TP53BP1	0.184	0.1255050505050505	0	0.1255050505050505	11	1	2
DD:SE:198312	DD	SE	ENSG00000157379	DHRS1	-0.064	-0.028663443397969557	0.9491933034743744	0.9205298600764048	1389.75	7	1
DD:SE:198319	DD	SE	ENSG00000157379	DHRS1	-0.081	-0.07573044450144462	0.9951637991918659	0.9194333546904213	1262.25	4	1
DD:SE:198394	DD	SE	ENSG00000141295	SCRN2	-0.107	-0.035641681422265536	0.9946182144773836	0.9589765330551181	452.125	4	1
DD:SE:198453	DD	SE	ENSG00000092108	SCFD1	0.133	0.06142112899417103	0	0.06142112899417103	670.75	1	9
DD:SE:198505	DD	SE	ENSG00000196792	STRN3	-0.072	-0.3291666666666666	1	0.6708333333333334	4.75	1	1
DD:SE:198667	DD	SE	ENSG00000103148	NPRL3	0.215	0.014691110013118125	0.015130090497737558	0.029821200510855683	109.75	1	14
DD:SE:198766	DD	SE	ENSG00000100883	SRP54	-0.119	-0.1029174560446271	0.99804510072219	0.8951276446775629	1339.375	2	1
DD:SE:198866	DD	SE	ENSG00000161395	PGAP3	0.121	0.15694674858297017	0.0061181532198371575	0.16306490180280733	214.125	1	2
DD:SE:198884	DD	SE	ENSG00000092020	PPP2R3C	-0.195	-0.19554757142350354	0.9618244152440611	0.7662768438205576	323.875	4	2
DD:SE:198921	DD	SE	ENSG00000092020	PPP2R3C	-0.1	-0.01681767894926811	0.914160902693747	0.8973432237444788	323.875	4	2
DD:SE:198962	DD	SE	ENSG00000100916	BRMS1L	0.139	0.07587445377326338	0.017614269788182833	0.0934887235614462	226.75	1	8
DD:SE:198971	DD	SE	ENSG00000100916	BRMS1L	-0.218	-0.1468539968097241	0.996387695285397	0.8495336984756728	228.75	9	1
DD:SE:199146	DD	SE	ENSG00000151498	ACAD8	-0.084	-0.09603687883098266	0.9979166666666667	0.901879787835684	187.25	3	1
DD:SE:199291	DD	SE	ENSG00000185246	PRPF39	0.418	0.4558931734613443	0.022286094998545593	0.4781792684598899	211	4	8
DD:SE:199294	DD	SE	ENSG00000185246	PRPF39	0.423	0.23340971897658375	0.008285934130140147	0.2416956531067239	163.75	2	8
DD:SE:199303	DD	SE	ENSG00000185246	PRPF39	0.283	0.3778244043764691	0.025272612011831723	0.4030970163883008	234.875	6	8
DD:SE:199337	DD	SE	ENSG00000079134	THOC1	-0.088	-0.05309272609064797	0.9956746972966912	0.9425819712060433	404.375	6	1
DD:SE:199365	DD	SE	ENSG00000104218	CSPP1	0.122	0.06845238095238095	0	0.06845238095238095	15.5	2	13
DD:SE:199534	DD	SE	ENSG00000143476	DTL	-0.084	-0.05260094311818453	1	0.9473990568818155	117.625	12	1
DD:SE:199537	DD	SE	ENSG00000143476	DTL	-0.113	-0.10702210726187711	0.9981617647058824	0.8911396574440053	111.125	8	1
DD:SE:199542	DD	SE	ENSG00000197776	KLHDC1	-0.513	-0.39583333333333337	1	0.6041666666666666	2.875	8	5
DD:SE:199664	DD	SE	ENSG00000125375	DMAC2L	0.089	5.415529808135977e-4	0.8896018072617371	0.8901433602425507	179.5	2	2
DD:SE:199959	DD	SE	ENSG00000198252	STYX	-0.164	-0.14018740970868093	0.9734150730592951	0.8332276633506142	197.125	4	1
DD:SE:199990	DD	SE	ENSG00000100528	CNIH1	-0.059	-0.05591871072286181	0.9763596201764871	0.9204409094536253	4379.875	1	1
DD:SE:200009	DD	SE	ENSG00000131981	LGALS3	-0.076	-0.0731283910002507	0.9877043328435604	0.9145759418433097	4801.875	1	1
DD:SE:200024	DD	SE	ENSG00000126787	DLGAP5	-0.198	-0.17352543632793405	0.9990275273112061	0.8255020909832721	218.625	6	2
DD:SE:200086	DD	SE	ENSG00000070269	TMEM260	-0.236	-0.20528374537071703	0.8774720403709766	0.6721882950002596	91.625	12	4
DD:SE:200099	DD	SE	ENSG00000070269	TMEM260	-0.329	-0.5985952695399603	0.8613225010283834	0.262727231488423	82	7	6
DD:SE:200161	DD	SE	ENSG00000053770	AP5M1	-0.135	-0.1812376980265782	0.9682717730287722	0.787034075002194	677.625	1	1
DD:SE:200431	DD	SE	ENSG00000112031	MTRF1L	0.21	0.37011992449362174	0.13938777352316822	0.50950769801679	283	2	3
DD:SE:200461	DD	SE	ENSG00000020426	MNAT1	-0.061	-0.0389070155993525	0.9973973619950032	0.9584903463956507	254.5	8	1
DD:SE:200575	DD	SE	ENSG00000154001	PPP2R5E	-0.187	-0.17189823287327177	0.9781708810123289	0.8062726481390571	297.875	5	2
DD:SE:200619	DD	SE	ENSG00000120913	PDLIM2	-0.267	-0.29915499594078976	0.896010389383439	0.5968553934426493	2230.875	6	2
DD:SE:200833	DD	SE	ENSG00000125952	MAX	0.107	0.07982196502818502	0.021255117926160513	0.10107708295434553	2688.125	2	2
DD:SE:201338	DD	SE	ENSG00000129219	PLD2	-0.115	-0.10714324819921062	0.9810897435897435	0.8739464953905329	48.5	12	1
DD:SE:201429	DD	SE	ENSG00000165861	ZFYVE1	-0.139	-0.11045634824412787	0.9923659673659674	0.8819096191218395	72.625	5	1
DD:SE:201453	DD	SE	ENSG00000119707	RBM25	0.428	0.3017823144698375	0.009606101791460172	0.31138841626129765	136	1	3
DD:SE:201659	DD	SE	ENSG00000144535	DIS3L2	0.162	0.1595238095238095	0	0.1595238095238095	13.75	1	3
DD:SE:201714	DD	SE	ENSG00000119723	COQ6	-0.169	-0.12076788216609968	0.9716546681800466	0.850886786013947	678.625	11	3
DD:SE:201910	DD	SE	ENSG00000006744	ELAC2	-0.067	-0.06469476447775979	0.9978730738862415	0.9331783094084817	835.125	4	1
DD:SE:202080	DD	SE	ENSG00000100591	AHSA1	-0.083	-0.07657593970213528	0.9983167157301551	0.9217407760280198	2857.125	2	1
DD:SE:202109	DD	SE	ENSG00000100601	ALKBH1	-0.235	-0.2598483840853485	0.9619711149707417	0.7021227308853932	412	2	2
DD:SE:202125	DD	SE	ENSG00000100603	SNW1	-0.091	-0.08577583303575365	0.9351479497659753	0.8493721167302216	1784.375	1	1
DD:SE:202199	DD	SE	ENSG00000166387	PPFIBP2	-0.124	-0.09267576165773406	1	0.9073242383422659	36.375	21	2
DD:SE:202242	DD	SE	ENSG00000117305	HMGCL	-0.091	-0.08263468824712761	0.9966980051858532	0.9140633169387256	1189.25	1	1
DD:SE:202482	DD	SE	ENSG00000143549	TPM3	-0.095	-0.0897290075303373	0.9963877254560876	0.9066587179257503	11348.75	1	1
DD:SE:202642	DD	SE	ENSG00000137513	NARS2	-0.124	-0.06790742351254642	0.9939247319001374	0.926017308387591	282.875	7	1
DD:SE:202653	DD	SE	ENSG00000137513	NARS2	-0.139	-0.12210743194686402	0.9641065265173623	0.8419990945704983	282.875	6	2
DD:SE:202750	DD	SE	ENSG00000012963	UBR7	-0.081	-0.07323673502422046	0.9972236937745382	0.9239869587503178	400.25	4	1
DD:SE:202802	DD	SE	ENSG00000119698	PPP4R4	0.566	0.3205128205128205	0.027777777777777776	0.3482905982905983	5.125	1	4
DD:SE:202948	DD	SE	ENSG00000167608	TMC4	-0.075	-0.003551337036471258	0.9987742902528456	0.9952229532163743	393.375	10	1
DD:SE:202960	DD	SE	ENSG00000167608	TMC4	-0.112	-0.10807332585165741	0.9951639607415015	0.8870906348898441	306.25	4	1
DD:SE:203143	DD	SE	ENSG00000090061	CCNK	-0.08	-0.06943129818085614	0.9886687692309898	0.9192374710501336	687.75	2	1
DD:SE:203164	DD	SE	ENSG00000088833	NSFL1C	0.118	0.07866363766179253	0.005323722378899648	0.08398736004069218	2880.625	1	2
DD:SE:203166	DD	SE	ENSG00000088833	NSFL1C	-0.114	-0.13097959879976329	0.9913650513748131	0.8603854525750498	2969.875	2	1
DD:SE:203353	DD	SE	ENSG00000084073	ZMPSTE24	0.154	0.12687369946457056	0.0028854025468664857	0.12975910201143703	2332.875	1	3
DD:SE:203516	DD	SE	ENSG00000080823	MOK	-0.334	-0.45934376081434913	0.8443362193362194	0.38499245852187025	16.625	5	5
DD:SE:203651	DD	SE	ENSG00000075413	MARK3	-0.095	-0.056593678732426156	0.9655788747998754	0.9089851960674492	533	7	1
DD:SE:204176	DD	SE	ENSG00000152952	PLOD2	0.103	0.03156303550226064	0.008472443586947404	0.04003547908920804	97.375	1	6
DD:SE:204358	DD	SE	ENSG00000136141	LRCH1	-0.056	-0.032058823529411806	0.9919354838709677	0.9598766603415559	23.25	9	2
DD:SE:204602	DD	SE	ENSG00000105176	URI1	-0.148	-0.11483250384417265	0.7228669399819856	0.6080344361378129	463.375	2	2
DD:SE:204932	DD	SE	ENSG00000129347	KRI1	-0.053	-0.055333215616933606	0.9963810892664647	0.9410478736495311	178.125	6	1
DD:SE:204947	DD	SE	ENSG00000129347	KRI1	-0.219	-0.16742655061229939	0.9710212240464857	0.8035946734341863	165	4	1
DD:SE:204948	DD	SE	ENSG00000153774	CFDP1	0.127	0.08460224893974677	0.01656325789847055	0.10116550683821732	677.75	2	5
DD:SE:204963	DD	SE	ENSG00000153774	CFDP1	-0.101	-0.059807239496898035	0.9862680646092625	0.9264608251123645	684.125	6	1
DD:SE:205002	DD	SE	ENSG00000104047	DTWD1	0.165	0.1775645869581826	0.02963663735574655	0.20720122431392918	544.75	1	5
DD:SE:205613	DD	SE	ENSG00000162601	MYSM1	-0.295	-0.429481901556812	0.9334933903899421	0.5040114888331301	43.625	8	3
DD:SE:205681	DD	SE	ENSG00000119812	FAM98A	-0.155	-0.14827283290670668	0.993519865867965	0.8452470329612584	729.125	1	1
DD:SE:205788	DD	SE	ENSG00000176454	LPCAT4	-0.173	-0.22129629629629632	0.5296296296296297	0.30833333333333335	7.625	1	2
DD:SE:205892	DD	SE	ENSG00000131591	C1orf159	0.114	0.13397992979264256	0.05278389451292095	0.18676382430556351	176.25	2	7
DD:SE:205978	DD	SE	ENSG00000123600	METTL8	-0.122	-0.0932810697083285	0.7227305605786618	0.6294494908703333	67.625	2	1
DD:SE:206007	DD	SE	ENSG00000186073	CDIN1	-0.249	-0.2030486401252426	0.980989380989381	0.7779407408641384	107.75	9	2
DD:SE:206109	DD	SE	ENSG00000156970	BUB1B	-0.108	-0.048908730158730096	1	0.9510912698412699	52.875	9	1
DD:SE:206387	DD	SE	ENSG00000137815	RTF1	-0.141	-0.05484318938422039	0.9980916030534351	0.9432484136692147	179.5	2	1
DD:SE:206422	DD	SE	ENSG00000092445	TYRO3	-0.086	-0.08399035734543392	1	0.9160096426545661	32.75	8	1
DD:SE:206621	DD	SE	ENSG00000103978	TMEM87A	-0.056	-0.03434579114512548	0.9725741611871089	0.9382283700419835	768.5	3	1
DD:SE:206649	DD	SE	ENSG00000170260	ZNF212	0.258	0.3031660786933427	0.01832950154867963	0.32149558024202235	84.375	3	4
DD:SE:206730	DD	SE	ENSG00000166946	CCNDBP1	-0.219	-0.18171343688348274	0.988538963707081	0.8068255268235983	1742.875	3	2
DD:SE:206741	DD	SE	ENSG00000166946	CCNDBP1	-0.209	-0.1649761970457666	0.9710963503269092	0.8061201532811426	1995.375	5	3
DD:SE:206902	DD	SE	ENSG00000176390	CRLF3	-0.093	-0.09949111559330648	0.9795106005136724	0.880019484920366	179.125	4	1
DD:SE:206993	DD	SE	ENSG00000104863	LIN7B	0.221	0.291983087533935	0.14935064935064934	0.4413337368845843	26.125	3	11
DD:SE:207282	DD	SE	ENSG00000141562	NARF	0.131	0.07973730267861252	0.007829249188375204	0.08756655186698772	604.625	1	4
DD:SE:207331	DD	SE	ENSG00000265590	CFAP298-TCP10L	0.148	0.09416519116007606	0.00641025641025641	0.10057544757033247	28.75	1	5
DD:SE:207350	DD	SE	ENSG00000159079	CFAP298	-0.06	-0.06217392132553279	0.9909106500741143	0.9287367287485815	1653.5	3	1
DD:SE:207483	DD	SE	ENSG00000156958	GALK2	0.183	0.09388833906224736	0.0015060240963855422	0.09539436315863291	211.25	2	6
DD:SE:207503	DD	SE	ENSG00000138592	USP8	-0.192	-0.14390314175655905	0.9950914345723534	0.8511882928157943	302.75	10	1
DD:SE:207924	DD	SE	ENSG00000069943	PIGB	0.135	0.11401557649798612	0.007528840966621941	0.12154441746460806	208.5	1	2
DD:SE:207956	DD	SE	ENSG00000069943	PIGB	-0.29	-0.18651083248571687	0.9346589494290145	0.7481481169432976	267.625	3	2
DD:SE:208209	DD	SE	ENSG00000140299	BNIP2	0.083	0.04340859198195958	0.002488554891091649	0.04589714687305123	658.25	1	4
DD:SE:208407	DD	SE	ENSG00000186205	MTARC1	0.869	0.375	0.375	0.75	2.5	1	1
DD:SE:208526	DD	SE	ENSG00000028528	SNX1	-0.094	-0.08838062208314712	0.9966765739568779	0.9082959518737308	1651	2	1
DD:SE:208597	DD	SE	ENSG00000103671	TRIP4	-0.232	-0.24460412830814826	0.987517287095041	0.7429131587868928	681.75	3	1
DD:SE:208856	DD	SE	ENSG00000160613	PCSK7	-0.126	-0.08070501819695364	0.9800525415444771	0.8993475233475234	198.875	6	1
DD:SE:209034	DD	SE	ENSG00000137764	MAP2K5	-0.129	-0.0557411674347158	0.9791666666666666	0.9234254992319508	29.375	20	2
DD:SE:209335	DD	SE	ENSG00000153187	HNRNPU	-0.067	-0.10488437998612576	0.9973319973781086	0.8924476173919829	2136.25	2	1
DD:SE:209861	DD	SE	ENSG00000090376	IRAK3	-0.168	-0.1735757341213997	1	0.8264242658786003	49.75	12	1
DD:SE:210024	DD	SE	ENSG00000081181	ARG2	-0.126	-0.12224024043263149	0.9931540989415772	0.8709138585089458	327.375	1	1
DD:SE:210184	DD	SE	ENSG00000168904	LRRC28	0.115	0.461904761904762	0.20833333333333331	0.6702380952380953	5.375	1	1
DD:SE:210210	DD	SE	ENSG00000140367	UBE2Q2	-0.133	-0.08926003667347548	0.9967085008939118	0.9074484642204363	874.75	3	1
DD:SE:210250	DD	SE	ENSG00000167196	FBXO22	-0.073	-0.06538404179948742	0.8406378107994513	0.7752537689999639	1216	2	1
DD:SE:210253	DD	SE	ENSG00000167196	FBXO22	0.172	0.1919731276633023	0.03420901807093879	0.22618214573424109	1127.375	1	2
DD:SE:210408	DD	SE	ENSG00000136425	CIB2	0.234	-0.33333333333333337	0.33333333333333337	0	0.75	1	1
DD:SE:210441	DD	SE	ENSG00000166411	IDH3A	-0.085	-0.07770782785349117	0.9840102318488141	0.9063024039953229	1684.75	3	1
DD:SE:210568	DD	SE	ENSG00000128513	POT1	-0.199	-0.15692408072297148	0.9848484848484849	0.8279244041255134	52.5	13	3
DD:SE:210765	DD	SE	ENSG00000103888	CEMIP	-0.089	-0.10231484734681984	1	0.8976851526531802	95.5	6	1
DD:SE:211011	DD	SE	ENSG00000064726	BTBD1	0.317	0.35837546259910946	0.01914497948751027	0.3775204420866197	352.875	2	3
DD:SE:211016	DD	SE	ENSG00000064726	BTBD1	-0.262	-0.2664711453637033	0.9917047670496468	0.7252336216859435	352.875	3	2
DD:SE:211023	DD	SE	ENSG00000173660	UQCRH	0.076	0.22978225263286195	0.37233596894722215	0.6021182215800841	405.875	1	1
DD:SE:211560	DD	SE	ENSG00000157823	AP3S2	0.315	0.28882518256411277	0.03960527480024907	0.3284304573643618	895.625	1	2
DD:SE:211734	DD	SE	ENSG00000174928	C3orf33	0.54	0.4738284186477942	0.08133563036580278	0.555164049013597	126.75	1	3
DD:SE:211917	DD	SE	ENSG00000119689	DLST	-0.105	-0.14354431939953005	0.9906587235309731	0.847114404131443	203.875	1	1
DD:SE:212396	DD	SE	ENSG00000131873	CHSY1	0.121	0.07150151727357609	0.017857142857142856	0.08935866013071896	17	2	8
DD:SE:212411	DD	SE	ENSG00000131876	SNRPA1	-0.379	-0.4370077541249308	0.9367624127584537	0.4997546586335229	2969.375	1	1
DD:SE:212580	DD	SE	ENSG00000242612	DECR2	0.236	0.046383180076991264	0.005629818380818825	0.052012998457810086	208.25	1	4
DD:SE:212583	DD	SE	ENSG00000242612	DECR2	0.242	0.08283594094789076	0.002	0.08483594094789076	210.25	1	4
DD:SE:212629	DD	SE	ENSG00000186111	PIP5K1C	0.05	0.019230769230769232	0	0.019230769230769232	13.125	1	12
DD:SE:212674	DD	SE	ENSG00000130731	METTL26	0.086	0.020324641925772657	0.9246802369596487	0.9450048788854214	186.75	5	2
DD:SE:212812	DD	SE	ENSG00000151575	TEX9	-0.203	0.40476190476190477	0	0.40476190476190477	2	1	1
DD:SE:212871	DD	SE	ENSG00000105618	PRPF31	-0.098	-0.11263447417063455	0.9857593074601634	0.8731248332895288	1083.875	3	1
DD:SE:213163	DD	SE	ENSG00000158161	EYA3	0.399	0.4423570767028711	0.019927536231884056	0.46228461293475515	74.375	4	9
DD:SE:213300	DD	SE	ENSG00000162063	CCNF	-0.236	-0.22424701527991742	0.9794135514018691	0.7551665361219517	74.625	11	2
DD:SE:213411	DD	SE	ENSG00000152348	ATG10	-0.136	-0.06763777981578789	0.9774658234466485	0.9098280436308606	115.625	4	1
DD:SE:213581	DD	SE	ENSG00000103351	CLUAP1	-0.316	-0.2757727332742568	0.9787295172480679	0.7029567839738111	163.25	4	1
DD:SE:213733	DD	SE	ENSG00000153406	NMRAL1	0.196	0.23015223314951844	0.016890521681468332	0.24704275483098675	339.375	3	4
DD:SE:213888	DD	SE	ENSG00000141646	SMAD4	0.189	0.06637307568788633	0.018146929824561404	0.08452000551244775	104.375	3	12
DD:SE:214017	DD	SE	ENSG00000154920	EME1	0.278	0.375	0.041666666666666664	0.4166666666666667	2.875	2	2
DD:SE:214088	DD	SE	ENSG00000158411	MITD1	0.308	0.3973234088323104	0.020395404538627045	0.4177188133709374	394.625	3	7
DD:SE:214108	DD	SE	ENSG00000113240	CLK4	-0.266	-0.36532810184213493	0.8738707542880065	0.5085426524458716	506.5	2	3
DD:SE:214110	DD	SE	ENSG00000113240	CLK4	0.358	0.32368454749322567	0.04735406119218405	0.3710386086854097	508.75	2	3
DD:SE:214134	DD	SE	ENSG00000038532	CLEC16A	-0.097	0.021304296808329015	0.9376656105990784	0.9589699074074074	32.25	17	1
DD:SE:214200	DD	SE	ENSG00000103067	ESRP2	-0.322	-0.35375005773175483	0.9598215994604892	0.6060715417287343	310.875	8	2
DD:SE:214311	DD	SE	ENSG00000166401	SERPINB8	-0.174	-0.09619246171985052	0.9940651458479474	0.8978726841280968	1365.375	7	1
DD:SE:214352	DD	SE	ENSG00000140694	PARN	-0.069	-0.04982586749794238	0.9921844527551344	0.9423585852571921	160.375	7	1
DD:SE:214590	DD	SE	ENSG00000166780	BMERB1	-0.055	-0.024985005247566527	0.9966202329298927	0.9716352276823261	175	3	1
DD:SE:214679	DD	SE	ENSG00000067182	TNFRSF1A	0.051	0.060447118375577646	0.008656564976474377	0.06910368335205203	795.25	1	4
DD:SE:214806	DD	SE	ENSG00000102606	ARHGEF7	-0.215	-0.15990680647021205	0.9585907653956719	0.7986839589254598	99.375	16	2
DD:SE:214955	DD	SE	ENSG00000088766	CRLS1	-0.055	-0.056024733189543374	0.975263029681231	0.9192382964916876	971.75	4	1
DD:SE:214981	DD	SE	ENSG00000088766	CRLS1	-0.067	-0.0717975551905009	0.9813191043097619	0.909521549119261	970.625	4	1
DD:SE:215234	DD	SE	ENSG00000066654	THUMPD1	-0.069	-0.052225429838575255	0.9853445269179057	0.9331190970793305	380.75	3	1
DD:SE:215440	DD	SE	ENSG00000106541	AGR2	-0.065	-0.06811481046417311	0.9886926481966438	0.9205778377324707	2201.75	2	2
DD:SE:215607	DD	SE	ENSG00000083093	PALB2	-0.072	-0.025250392180886094	0.9862868067467124	0.9610364145658263	44.75	4	2
DD:SE:215680	DD	SE	ENSG00000155666	KDM8	0.212	0.5791666666666666	0.14583333333333331	0.725	4.5	2	2
DD:SE:215707	DD	SE	ENSG00000163701	IL17RE	0.157	0.08853785103785106	0.7486111111111111	0.8371489621489622	8.375	8	2
DD:SE:215956	DD	SE	ENSG00000265808	SEC22B	-0.086	-0.053367699421751125	0.9334469115813904	0.8800792121596392	564	3	1
DD:SE:215986	DD	SE	ENSG00000029725	RABEP1	-0.101	-0.07355153118441937	0.9892695956525743	0.915718064468155	186.75	7	1
DD:SE:215991	DD	SE	ENSG00000029725	RABEP1	-0.174	-0.18665763838724458	0.9893783542039356	0.802720715816691	113.625	5	1
DD:SE:216068	DD	SE	ENSG00000149923	PPP4C	-0.056	-0.041049466864199746	0.9160523690276854	0.8750029021634856	7957.75	3	1
DD:SE:216159	DD	SE	ENSG00000156858	PRR14	-0.055	-0.0889174753474068	0.9784101719477933	0.8894926966003865	429.75	5	3
DD:SE:216224	DD	SE	ENSG00000103507	BCKDK	-0.126	-0.056148249407907524	0.9967274533598522	0.9405792039519447	938.375	2	1
DD:SE:216249	DD	SE	ENSG00000138018	SELENOI	-0.266	-0.22068512129391882	0.9840620490620491	0.7633769277681303	100.5	2	1
DD:SE:216330	DD	SE	ENSG00000089280	FUS	-0.27	-0.23476603635689886	0.991040991555182	0.7562749551982831	1398.25	2	2
DD:SE:216361	DD	SE	ENSG00000140688	RUSF1	-0.145	-0.16488162008442808	0.9880989352262644	0.8232173151418363	237.375	1	1
DD:SE:216493	DD	SE	ENSG00000140859	KIFC3	0.194	0.06593623741909081	0.024574604648622073	0.09051084206771288	40.375	2	4
DD:SE:216698	DD	SE	ENSG00000109618	SEPSECS	-0.092	-0.03184373935678497	0.9903846153846154	0.9585408760278304	28.125	10	1
DD:SE:216913	DD	SE	ENSG00000130734	ATG4D	0.114	0.251170366605903	0.3062335791168743	0.5574039457227773	105.375	2	2
DD:SE:217015	DD	SE	ENSG00000166164	BRD7	-0.112	-0.07155533401003056	0.997958040913842	0.9264027069038114	268.125	6	1
DD:SE:217203	DD	SE	ENSG00000159461	AMFR	-0.211	-0.154028630648556	0.9929817138721249	0.8389530832235689	349.875	3	1
DD:SE:217322	DD	SE	ENSG00000102900	NUP93	-0.101	-0.1042440172453124	0.9953309845710865	0.8910869673257741	518.5	1	1
DD:SE:217645	DD	SE	ENSG00000103037	SETD6	-0.147	0.09487262935148144	0.46904761904761905	0.5639202483991005	73.875	2	2
DD:SE:217649	DD	SE	ENSG00000103037	SETD6	-0.143	-0.24907358290021775	0.9795130626038455	0.7304394797036278	215.5	4	2
DD:SE:217880	DD	SE	ENSG00000160953	PWWP3A	0.19	0.17095952170384934	0.07077991452991453	0.24173943623376387	43.5	1	3
DD:SE:217882	DD	SE	ENSG00000160953	PWWP3A	0.192	0.24879316139502033	0.05104484183431551	0.29983800322933585	45.125	1	3
DD:SE:217901	DD	SE	ENSG00000160953	PWWP3A	-0.154	-0.10377857622300313	0.9941860465116279	0.8904074702886248	60.25	5	1
DD:SE:218049	DD	SE	ENSG00000105135	ILVBL	-0.177	-0.09297844288285173	0.9629612131710081	0.8699827702881564	457.5	4	1
DD:SE:218205	DD	SE	ENSG00000124067	SLC12A4	-0.105	-0.11150875962048268	1	0.8884912403795173	122.125	5	1
DD:SE:218211	DD	SE	ENSG00000124067	SLC12A4	0.167	0.1316585296424006	0	0.1316585296424006	122.125	1	5
DD:SE:218242	DD	SE	ENSG00000189077	TMEM120A	-0.108	-0.055542029063679665	0.6629603227158913	0.6074182936522117	477.875	4	2
DD:SE:218385	DD	SE	ENSG00000039068	CDH1	-0.128	-0.1275962221520328	0.9966326705531224	0.8690364484010896	1084.625	2	1
DD:SE:218412	DD	SE	ENSG00000103047	TANGO6	-0.078	-0.013265931372548945	0.9729846014492753	0.9597186700767264	27.125	7	1
DD:SE:218465	DD	SE	ENSG00000141076	UTP4	-0.133	-0.0778066421654785	0.9967465677356758	0.9189399255701973	1460	4	1
DD:SE:218605	DD	SE	ENSG00000090857	PDPR	-0.3	-0.1026785714285714	1	0.8973214285714286	4.75	11	3
DD:SE:218640	DD	SE	ENSG00000090861	AARS1	-0.073	-0.07958592505578055	0.9962912904470334	0.9167053653912528	506.375	7	1
DD:SE:218676	DD	SE	ENSG00000157349	DDX19B	-0.316	-0.3201603507133741	0.9857717006987402	0.6656113499853661	545.25	2	1
DD:SE:218729	DD	SE	ENSG00000168872	DDX19A	0.229	0.23481424320211303	0.012759591666904505	0.24757383486901752	422.875	1	2
DD:SE:218772	DD	SE	ENSG00000125753	VASP	-0.085	-0.07797001921316915	0.9969071865826311	0.918937167369462	994.125	1	1
DD:SE:218880	DD	SE	ENSG00000196911	KPNA5	-0.394	0	1	1	1	3	1
DD:SE:219262	DD	SE	ENSG00000148187	MRRF	0.408	0.28273629007553014	0.014442523817782027	0.2971788138933122	774.5	1	6
DD:SE:219459	DD	SE	ENSG00000065427	KARS1	-0.085	-0.08487514981866284	0.9961113642024829	0.9112362143838201	1569.5	2	1
DD:SE:219784	DD	SE	ENSG00000101199	ARFGAP1	-0.116	-0.1427497682804929	0.9925483376258695	0.8497985693453766	123.25	4	1
DD:SE:219861	DD	SE	ENSG00000128833	MYO5C	-0.066	-0.04067932380902306	0.9916895604395605	0.9510102366305374	89.25	8	1
DD:SE:220383	DD	SE	ENSG00000141002	TCF25	0.194	0.08750847165054176	0.00305145612848994	0.0905599277790317	607.25	1	6
DD:SE:220401	DD	SE	ENSG00000141002	TCF25	-0.158	-0.10179804859943686	0.9966737327142836	0.8948756841148467	591.375	5	1
DD:SE:220498	DD	SE	ENSG00000181031	RPH3AL	-0.219	-0.10472824779889989	0.9707732082732082	0.8660449604743083	56.25	11	3
DD:SE:220824	DD	SE	ENSG00000132376	INPP5K	-0.136	-0.1782765408526934	0.9558094706532111	0.7775329298005177	395.875	3	1
DD:SE:221140	DD	SE	ENSG00000127804	METTL16	-0.162	-0.05936253813758452	0.9926923076923077	0.9333297695547231	91.375	12	1
DD:SE:221360	DD	SE	ENSG00000164576	SAP30L	0.111	0.07506557404782316	0.08202410629767115	0.1570896803454943	54	1	3
DD:SE:221361	DD	SE	ENSG00000164576	SAP30L	0.261	0.1861371003689152	0.1906338139019991	0.3767709142709143	65.25	1	3
DD:SE:221430	DD	SE	ENSG00000025772	TOMM34	-0.51	-0.5434649719896987	0.8889208183924547	0.34545584640275606	3087	1	1
DD:SE:221478	DD	SE	ENSG00000091640	SPAG7	-0.066	-0.04588016089390934	0.9985533416001721	0.9526731807062627	1530.125	2	1
DD:SE:221556	DD	SE	ENSG00000119326	CTNNAL1	-0.174	-0.1320181901423546	0.9962795916421489	0.8642614014997942	227.125	4	1
DD:SE:221558	DD	SE	ENSG00000119326	CTNNAL1	-0.053	-0.04554685762674071	0.9992753623188406	0.9537285046920999	227.125	4	1
DD:SE:221580	DD	SE	ENSG00000119326	CTNNAL1	-0.067	-0.03773206055239664	0.9587538218071859	0.9210217612547893	266.5	4	1
DD:SE:221650	DD	SE	ENSG00000108559	NUP88	-0.336	-0.33858405787422774	0.9816436610615664	0.6430596031873387	256.75	4	2
DD:SE:221665	DD	SE	ENSG00000108559	NUP88	0.21	0.19540911195978355	0.005243392487688318	0.20065250444747187	267	2	6
DD:SE:221701	DD	SE	ENSG00000134716	CYP2J2	0.16	0.0979436391781593	0	0.0979436391781593	101.875	1	2
DD:SE:221819	DD	SE	ENSG00000132530	XAF1	0.493	0.24949252136752134	0.07118055555555555	0.3206730769230769	9.75	7	12
DD:SE:222116	DD	SE	ENSG00000141504	SAT2	-0.071	-0.049923080908412576	0.964831576173578	0.9149084952651654	131.25	2	1
DD:SE:222164	DD	SE	ENSG00000101782	RIOK3	-0.212	-0.2555487164892567	0.9796248966308139	0.7240761801415572	1111.75	3	2
DD:SE:222410	DD	SE	ENSG00000171311	EXOSC1	-0.074	-0.05349325965170715	0.9946458230188362	0.941152563367129	333.375	5	1
DD:SE:222421	DD	SE	ENSG00000171311	EXOSC1	0.088	0.09622492570248511	0.0059853993584777975	0.1022103250609629	314.875	1	3
DD:SE:222433	DD	SE	ENSG00000178999	AURKB	-0.09	-0.05391881524677844	0.9880952380952381	0.9341764228484597	129	8	1
DD:SE:222505	DD	SE	ENSG00000178921	PFAS	-0.164	-0.1775641025641026	1	0.8224358974358974	14.625	15	2
DD:SE:222590	DD	SE	ENSG00000154914	USP43	-0.184	-0.10795454545454541	0.9375	0.8295454545454546	6.875	5	1
DD:SE:222719	DD	SE	ENSG00000159423	ALDH4A1	-0.129	-0.08366356888400506	0.9930513288699534	0.9093877599859483	158.375	3	1
DD:SE:222808	DD	SE	ENSG00000154832	CXXC1	0.138	0.15691976681463357	0.012412072694438534	0.1693318395090721	323.875	1	5
DD:SE:223059	DD	SE	ENSG00000175662	TOM1L2	-0.084	-0.11573305488534302	1	0.884266945114657	52.25	8	1
DD:SE:223084	DD	SE	ENSG00000171953	ATPAF2	0.188	0.1526561554842142	0.002597107952867783	0.15525326343708198	334.5	1	2
DD:SE:223088	DD	SE	ENSG00000171953	ATPAF2	-0.081	-0.09053002308664926	0.9907601514209905	0.9002301283343412	325.75	2	1
DD:SE:223095	DD	SE	ENSG00000171953	ATPAF2	-0.083	-0.06265968033123881	0.9943698901356393	0.9317102098044004	351.5	3	1
DD:SE:223208	DD	SE	ENSG00000177731	FLII	-0.13	-0.04861301241293203	0.9981234775706818	0.9495104651577497	514	12	1
DD:SE:223497	DD	SE	ENSG00000076984	MAP2K7	0.097	0.058431509544331496	0.0011961722488038275	0.05962768179313532	145.125	1	3
DD:SE:223521	DD	SE	ENSG00000108599	AKAP10	-0.235	-0.20297937356760887	1	0.7970206264323911	37.75	10	1
DD:SE:223610	DD	SE	ENSG00000204611	ZNF616	0.267	0.2603719506830187	0.12306481189012024	0.38343676257313897	158.75	1	2
DD:SE:223633	DD	SE	ENSG00000109016	DHRS7B	-0.131	-0.106617601284695	0.9978912478484994	0.8912736465638044	898.25	2	1
DD:SE:223825	DD	SE	ENSG00000244045	TMEM199	0.08	0.06494428147508598	0.0037000975754905947	0.06864437905057658	737.75	1	2
DD:SE:223830	DD	SE	ENSG00000076351	SLC46A1	0.054	0.02720588235294119	0.945016339869281	0.9722222222222222	10.75	6	1
DD:SE:224331	DD	SE	ENSG00000117859	OSBPL9	-0.341	-0.31832325804626593	0.975661796700594	0.6573385386543281	93	4	2
DD:SE:224490	DD	SE	ENSG00000108587	GOSR1	-0.124	-0.07668509957312664	0.9959899874823923	0.9193048879092657	1152	4	1
DD:SE:224562	DD	SE	ENSG00000099219	ERMP1	-0.17	-0.09008950224701195	0.9851035806529033	0.8950140784058913	226	5	2
DD:SE:224565	DD	SE	ENSG00000099219	ERMP1	0.081	0.22972146432910867	0.041821332857852986	0.27154279718696167	83.125	2	2
DD:SE:224609	DD	SE	ENSG00000115241	PPM1G	-0.084	-0.07678522723300474	0.9989035087719298	0.92211828153892506	684.125	2	1
DD:SE:224694	DD	SE	ENSG00000088280	ASAP3	0.068	NA	NA	NA	0	1	1
DD:SE:224723	DD	SE	ENSG00000108651	UTP6	-0.092	-0.07126677815475158	0.9965017579583897	0.9252349798036381	810.25	5	1
DD:SE:224725	DD	SE	ENSG00000108651	UTP6	-0.149	-0.10470929487810521	0.9952624483998935	0.8905531535217883	810.25	5	1
DD:SE:224730	DD	SE	ENSG00000108651	UTP6	-0.09	-0.08033579675551095	0.9958011557840034	0.9154653590284925	810.25	5	1
DD:SE:224930	DD	SE	ENSG00000081177	EXD2	-0.201	-0.1739782389569755	0.9952082697139022	0.8212300307569267	251.5	9	2
DD:SE:225028	DD	SE	ENSG00000140374	ETFA	-0.072	-0.07712150236559145	0.9941110164654436	0.9169895140998522	2799.625	1	1
DD:SE:225139	DD	SE	ENSG00000185379	RAD51D	0.27	0.2551365615881745	0.0347985347985348	0.2899350963867093	30.625	2	2
DD:SE:225185	DD	SE	ENSG00000139687	RB1	-0.087	-0.06518963506719422	0.9976415094339622	0.932451874366768	98.75	11	1
DD:SE:225479	DD	SE	ENSG00000276234	TADA2A	-0.179	-0.2519065647528793	0.9788653431049413	0.726958778352062	92.25	8	3
DD:SE:225950	DD	SE	ENSG00000108349	CASC3	-0.055	-0.03542856452292331	1	0.9645714354770767	148.875	4	1
DD:SE:225957	DD	SE	ENSG00000100226	GTPBP1	-0.361	-0.4741952753615746	0.9783607350096712	0.5041654596480967	63.5	2	2
DD:SE:226001	DD	SE	ENSG00000073584	SMARCE1	0.08	0.07762287663683151	0.12638805375859716	0.20401093039542867	2034.75	1	1
DD:SE:226131	DD	SE	ENSG00000141696	P3H4	-0.124	-0.15508414532389658	0.9857930408364254	0.8307088955125288	124.25	5	2
DD:SE:226133	DD	SE	ENSG00000141696	P3H4	-0.085	-0.8125	0.90625	0.09375	6.125	1	1
DD:SE:226161	DD	SE	ENSG00000141698	NT5C3B	-0.087	-0.05034281598078583	0.9525650231186102	0.9022222071378244	927.375	6	1
DD:SE:226189	DD	SE	ENSG00000168259	DNAJC7	0.18	0.18284949838107717	0.004271286532786416	0.18712078491386358	1676.375	1	3
DD:SE:226218	DD	SE	ENSG00000168259	DNAJC7	0.077	0.04376836072766821	0.003269765242198952	0.04703812596986716	1717	1	3
DD:SE:226282	DD	SE	ENSG00000093144	ECHDC1	0.122	0.09018774352694081	0.009821383118024982	0.10000912664496579	848.75	1	4
DD:SE:226439	DD	SE	ENSG00000266967	AARSD1	-0.273	-0.3482240648052659	0.8731126581348169	0.524888593329551	666.25	2	2
DD:SE:227213	DD	SE	ENSG00000136448	NMT1	0.077	0.09799018287806208	0.010548051494634371	0.10853823437269644	116.125	1	3
DD:SE:227562	DD	SE	ENSG00000185480	PARPBP	0.369	-0.07731712731712731	0.42817460317460315	0.35085747585747584	32.375	3	2
DD:SE:227904	DD	SE	ENSG00000167107	ACSF2	0.267	0.24995849901525236	0.1145012881854987	0.36445978720075106	64.625	3	3
DD:SE:228188	DD	SE	ENSG00000011143	MKS1	-0.126	-0.09519251926074912	0.966490368751745	0.8712978494909959	111.375	7	2
DD:SE:228267	DD	SE	ENSG00000108384	RAD51C	-0.083	-0.08273996571492082	0.9924797619223975	0.9097397962074767	214.125	6	1
DD:SE:228271	DD	SE	ENSG00000108384	RAD51C	0.137	0.12538203062292969	0.03043632737566088	0.15581835799859056	230.5	2	7
DD:SE:228583	DD	SE	ENSG00000128708	HAT1	-0.11	-0.08465818935106018	0.9961370858924616	0.9114788965414015	1155.375	3	1
DD:SE:228677	DD	SE	ENSG00000108443	RPS6KB1	0.211	0.09753966012502838	0.015104653880303801	0.11264431400533217	377.125	1	10
DD:SE:228718	DD	SE	ENSG00000189050	RNFT1	-0.37	-0.3802142718545414	0.8925187433286446	0.5123044714741032	259.25	2	2
DD:SE:228719	DD	SE	ENSG00000189050	RNFT1	-0.291	-0.06807847685353632	0.128125	0.060046523146463665	26.125	1	2
DD:SE:228820	DD	SE	ENSG00000170836	PPM1D	-0.06	-0.09364401646425358	0.9949525237381309	0.9013085072738773	80.875	1	1
DD:SE:228825	DD	SE	ENSG00000170836	PPM1D	-0.132	-0.15943166876836667	0.9956140350877193	0.8361823663193526	83.5	1	1
DD:SE:228993	DD	SE	ENSG00000198231	DDX42	-0.29	-0.26676580957799445	0.9705856942712815	0.703819884693287	256.5	5	1
DD:SE:229004	DD	SE	ENSG00000108592	FTSJ3	-0.163	-0.1430195160659049	0.9971101091857244	0.8540905931198195	427.625	3	2
DD:SE:229111	DD	SE	ENSG00000136478	TEX2	-0.167	-0.18108066703135384	0.989589319445553	0.8085086524141991	157.125	4	1
DD:SE:229174	DD	SE	ENSG00000165113	GKAP1	0.489	0.16666666666666669	0	0.16666666666666669	1	2	7
DD:SE:229385	DD	SE	ENSG00000076003	MCM6	-0.108	-0.06510532245480982	0.9971242820368122	0.9320189595820024	223	3	1
DD:SE:229753	DD	SE	ENSG00000167862	MRPL58	0.05	0.047471022283423626	0.0053646447180615234	0.05283566700148515	583.625	1	2
DD:SE:229789	DD	SE	ENSG00000124523	SIRT5	-0.223	-0.22738285395874325	0.9865272316764854	0.7591443777177421	169	8	2
DD:SE:229824	DD	SE	ENSG00000125458	NT5C	-0.17	-0.17462408718479183	0.9880349122171526	0.8134108250323607	281.75	3	1
DD:SE:229835	DD	SE	ENSG00000137269	LRRC1	-0.112	-0.1364337565705087	0.9556847767058523	0.8192510201353436	294.75	3	3
DD:SE:230113	DD	SE	ENSG00000186625	KATNA1	-0.093	-0.08187244370333358	0.9948821529463152	0.9130097092429816	339	4	1
DD:SE:230174	DD	SE	ENSG00000161533	ACOX1	-0.306	-0.357091500418769	0.9801767267989551	0.623085226380186	187.375	2	1
DD:SE:230176	DD	SE	ENSG00000161533	ACOX1	-0.419	-0.6387362356256918	0.9349881796690307	0.2962519440433389	76.25	1	1
DD:SE:230177	DD	SE	ENSG00000161533	ACOX1	0.136	0.09822055137844611	0.0062878787878787885	0.1045084301663249	154.625	1	2
DD:SE:230200	DD	SE	ENSG00000167881	SRP68	-0.105	-0.0769748008541975	0.9979833782937402	0.9210085774395427	2268.375	1	1
DD:SE:230243	DD	SE	ENSG00000178053	MLF1	-0.101	-0.09750873470703192	0.9878440461112675	0.8903353114042356	166.25	1	1
DD:SE:230298	DD	SE	ENSG00000070526	ST6GALNAC1	-0.25	-0.1649039848041035	0.9490545307917511	0.7841505459876476	511.125	2	1
DD:SE:230306	DD	SE	ENSG00000070526	ST6GALNAC1	0.097	0.05917982846919069	0.007919712542038661	0.06709954101122935	511.125	1	2
DD:SE:230331	DD	SE	ENSG00000070495	JMJD6	0.29	0.10751509370100554	0.011564774723480114	0.11907986842448565	904.375	1	2
DD:SE:230332	DD	SE	ENSG00000070495	JMJD6	0.38	0.43866677279229704	0.08942265236272753	0.52808942515502455	1404.375	1	2
DD:SE:230464	DD	SE	ENSG00000141524	TMC6	-0.189	-0.13267644788728428	0.9869174071970758	0.8542409593097915	88.625	8	2
DD:SE:230506	DD	SE	ENSG00000183077	AFMID	-0.232	-0.24771825396825403	0.7366071428571429	0.4888888888888889	9.375	1	1
DD:SE:231082	DD	SE	ENSG00000164053	ATRIP	0.097	0.04848296024766613	0.0022522522522522527	0.05073521249991838	74.125	1	12
DD:SE:231086	DD	SE	ENSG00000164053	ATRIP	-0.082	-0.03988972628678511	0.9961538461538462	0.9562641198670611	74.125	12	1
DD:SE:231152	DD	SE	ENSG00000171456	ASXL1	0.304	0.34705500955500956	0.09564393939393939	0.44269894894894896	13.875	5	8
DD:SE:231153	DD	SE	ENSG00000171456	ASXL1	0.139	0.09722222222222221	0	0.09722222222222221	7	1	9
DD:SE:231459	DD	SE	ENSG00000112983	BRD8	-0.154	-0.09625680390933944	0.9938585905341291	0.8976017866247896	183.625	10	2
DD:SE:231545	DD	SE	ENSG00000129354	AP1M2	-0.208	-0.2060134414269752	0.9912155449732301	0.7852021035462549	988.125	1	1
DD:SE:231547	DD	SE	ENSG00000129354	AP1M2	-0.288	-0.4727555922705331	0.9659568887527158	0.4932012964821827	341.125	1	1
DD:SE:231654	DD	SE	ENSG00000163689	CFAP20DC	-0.138	-0.1985988400630344	0.8813131313131313	0.6827142912500969	19.5	5	2
DD:SE:231745	DD	SE	ENSG00000141385	AFG3L2	-0.139	-0.14979079877594959	0.9952274534860762	0.8454366547101266	729.25	4	1
DD:SE:231807	DD	SE	ENSG00000159140	SON	0.217	0.20146331142115717	0.020860661976445576	0.22232397339760274	349.625	2	4
DD:SE:231861	DD	SE	ENSG00000101624	CEP76	-0.14	-0.18746459849104402	0.9907407407407407	0.8032761422496967	55.125	4	2
DD:SE:231987	DD	SE	ENSG00000177150	FAM210A	0.097	0.1403317866136432	0.09690679961641609	0.23723858623005928	316.875	1	2
DD:SE:231989	DD	SE	ENSG00000177150	FAM210A	-0.107	-0.18418227186883462	0.9459310318253151	0.7617487599564805	310	2	1
DD:SE:232145	DD	SE	ENSG00000141446	ESCO1	0.267	0.13040151015409282	0.03411467946351667	0.1645161896176095	46.375	1	2
DD:SE:232173	DD	SE	ENSG00000158201	ABHD3	-0.111	-0.08067298185924554	0.9910245262192865	0.910351544360041	721.875	4	3
DD:SE:232305	DD	SE	ENSG00000075234	TTC38	0.148	0.10889890408435787	0	0.10889890408435787	126.125	2	5
DD:SE:232309	DD	SE	ENSG00000075234	TTC38	0.128	0.06816356836974326	0	0.06816356836974326	126.125	2	5
DD:SE:232388	DD	SE	ENSG00000141380	SS18	0.059	0.057969572950599915	0.004479750208911184	0.0624493231595111	721.875	1	3
DD:SE:232593	DD	SE	ENSG00000153339	TRAPPC8	-0.134	-0.13262745958598499	0.9944444444444445	0.8618169848584595	34.25	10	1
DD:SE:232939	DD	SE	ENSG00000204604	ZNF468	0.14	0.04134973060010876	0.016815422643084783	0.058165153243193546	342.875	1	3
DD:SE:233031	DD	SE	ENSG00000104774	MAN2B1	-0.078	-0.03967922409053859	1	0.9603207759094614	126.75	2	1
DD:SE:233129	DD	SE	ENSG00000082212	ME2	-0.179	-0.17026584176936976	0.996010413734872	0.8257445719655022	212	1	1
DD:SE:233213	DD	SE	ENSG00000134046	MBD2	0.143	0.0998420888043902	0.005935492462408307	0.10577758126679851	211.75	1	3
DD:SE:233698	DD	SE	ENSG00000164307	ERAP1	-0.09	-0.01771113608475039	0.9525283797729618	0.9348172436882114	41.375	8	1
DD:SE:233740	DD	SE	ENSG00000134444	RELCH	-0.156	-0.1003761656393235	0.9812280701754386	0.8808519045361151	38.5	8	2
DD:SE:233765	DD	SE	ENSG00000134444	RELCH	-0.272	-0.3613401996554171	0.78125	0.4199098003445829	13.625	1	3
DD:SE:233770	DD	SE	ENSG00000134444	RELCH	-0.325	-0.6172390109890109	0.85625	0.23901098901098902	13.5	1	3
DD:SE:233838	DD	SE	ENSG00000119844	AFTPH	-0.177	-0.15948895937765084	0.9398635700719034	0.7803746106942525	210.75	3	1
DD:SE:233962	DD	SE	ENSG00000128573	FOXP2	-0.433	-0.2777777777777778	1	0.7222222222222222	2.25	19	2
DD:SE:233991	DD	SE	ENSG00000034677	RNF19A	-0.118	-0.22647374396303532	0.9962686567164178	0.7697949127533825	88.375	3	1
DD:SE:234011	DD	SE	ENSG00000166479	TMX3	-0.515	-0.6093406593406593	0.7535714285714286	0.14423076923076925	7.625	1	1
DD:SE:234013	DD	SE	ENSG00000166479	TMX3	-0.316	-0.1691829501998081	0.9865345528455285	0.8173516026457204	75	5	1
DD:SE:234180	DD	SE	ENSG00000167904	TMEM68	-0.087	-0.07858552704564192	0.962209834250845	0.8836243072052031	188.125	3	1
DD:SE:234252	DD	SE	ENSG00000141759	TXNL4A	0.146	0.1778638963118013	0.08144985501409188	0.2593137513258932	878	2	2
DD:SE:234268	DD	SE	ENSG00000141759	TXNL4A	0.227	0.253867996525685	0.12305820744280416	0.37692620396848914	878	2	2
DD:SE:234385	DD	SE	ENSG00000011304	PTBP1	-0.3	-0.24739343113136736	0.9873605303697468	0.7399670992383794	725	5	2
DD:SE:234403	DD	SE	ENSG00000175221	MED16	-0.094	-0.0746276666878164	0.9636029570266079	0.8889752903387915	324.875	6	1
DD:SE:234538	DD	SE	ENSG00000099817	POLR2E	-0.125	-0.08869661196649226	0.9891659369008717	0.9004693249343795	5678.75	2	1
DD:SE:234602	DD	SE	ENSG00000071626	DAZAP1	-0.368	-0.3828443954313915	0.982172047063225	0.5993276516318335	715.125	3	1
DD:SE:235136	DD	SE	ENSG00000142002	DPP9	-0.06	0.011592247866454963	0.9610361070012969	0.9726283548677519	100.375	7	1
DD:SE:235225	DD	SE	ENSG00000160633	SAFB	-0.228	-0.1823400659158012	0.993949958425506	0.8116098925097048	794.875	4	2
DD:SE:235313	DD	SE	ENSG00000141994	DUS3L	-0.242	-0.42356889545297416	0.8980544458817881	0.4744855504288139	531.75	2	1
DD:SE:235898	DD	SE	ENSG00000206072	SERPINB11	0.177	0.445974128163687	0.43759137426900585	0.8835655024326928	121.375	3	2
DD:SE:236018	DD	SE	ENSG00000105397	TYK2	-0.164	-0.06705818468391034	0.9808609722853249	0.9138027876014145	55.25	7	1
DD:SE:236073	DD	SE	ENSG00000079999	KEAP1	-0.054	-0.040524501662720924	0.9831427259311731	0.9426182242684522	1222.625	3	1
DD:SE:236173	DD	SE	ENSG00000130164	LDLR	-0.098	-0.1138215401888808	0.9879972121209841	0.8741756719321033	1228.5	2	1
DD:SE:236321	DD	SE	ENSG00000130159	ECSIT	0.158	0.10922831786492182	0.009777124299919665	0.11900544216484149	415.625	1	3
DD:SE:236492	DD	SE	ENSG00000131828	PDHA1	-0.128	-0.5258586316161219	0.9760121521051734	0.45015352048905155	282.25	1	1
DD:SE:236572	DD	SE	ENSG00000198356	GET3	-0.076	-0.05763704849620033	0.9972663778897276	0.9396293293935273	1038.875	1	1
DD:SE:236647	DD	SE	ENSG00000179262	RAD23A	-0.102	-0.05714588012871269	0.9982705509653509	0.9411246708366382	3074.25	2	1
DD:SE:236756	DD	SE	ENSG00000151092	NGLY1	-0.244	-0.1635443553641608	0.9949118020441696	0.8313674466800088	435.375	4	1
DD:SE:236759	DD	SE	ENSG00000151092	NGLY1	-0.486	-0.6760376575179208	0.9199927156177157	0.24395505809979495	62.25	1	1
DD:SE:236782	DD	SE	ENSG00000132003	ZSWIM4	-0.055	-0.01388888888888884	1	0.9861111111111112	15	16	1
DD:SE:236811	DD	SE	ENSG00000065665	SEC61A2	0.18	0.2956038252771266	0.6846543441938179	0.9802581694709445	133.25	4	1
DD:SE:236813	DD	SE	ENSG00000065665	SEC61A2	-0.511	-0.6049054335059574	0.6919402377535528	0.08703480424759541	154.5	1	4
DD:SE:236814	DD	SE	ENSG00000065665	SEC61A2	0.222	0.511313459257995	0.415857686992281	0.927171146250276	146.375	4	1
DD:SE:236928	DD	SE	ENSG00000123146	ADGRE5	-0.068	-0.014983164983164876	0.9907407407407407	0.9757575757575758	46.375	18	1
DD:SE:236935	DD	SE	ENSG00000123136	DDX39A	0.331	0.31974204552906876	0.014158289008930318	0.33390033453799906	1246.75	2	2
DD:SE:236936	DD	SE	ENSG00000123136	DDX39A	0.304	0.2002582136612404	0.005176725016079164	0.20543493867731955	1122.625	1	2
DD:SE:237074	DD	SE	ENSG00000136381	IREB2	-0.067	-0.058286690748795444	0.9939024390243902	0.9356157482755948	40.875	6	1
DD:SE:237175	DD	SE	ENSG00000186529	CYP4F3	-0.073	-0.007983096587049321	0.99822695035461	0.9902438537675606	121.375	9	1
DD:SE:237191	DD	SE	ENSG00000138639	ARHGAP24	-0.086	-0.0625	1	0.9375	3.125	8	1
DD:SE:237241	DD	SE	ENSG00000171903	CYP4F11	-0.267	-0.25955637041646806	0.9909060846560847	0.7313497142396166	161	7	2
DD:SE:237282	DD	SE	ENSG00000127527	EPS15L1	0.18	0.16597971247163812	0.07889320794449814	0.24487292041613626	81.875	1	1
DD:SE:237288	DD	SE	ENSG00000127527	EPS15L1	-0.151	-0.0785456657025948	0.44500270332895653	0.3664570376263617	102.625	3	3
DD:SE:237380	DD	SE	ENSG00000185133	INPP5J	-0.424	-0.27083333333333337	0.5	0.22916666666666666	1.625	1	4
DD:SE:237397	DD	SE	ENSG00000131351	HAUS8	-0.29	-0.2621280923408549	0.9667065289505414	0.7045784366096866	122.375	5	1
DD:SE:237513	DD	SE	ENSG00000130313	PGLS	0.1	0.06872815990737385	0.008706516748690059	0.0774346766560639	232.875	1	2
DD:SE:237561	DD	SE	ENSG00000130309	COLGALT1	0.066	0.042667142921021084	0.003311258278145696	0.04597840119916678	169.625	1	3
DD:SE:237766	DD	SE	ENSG00000105656	ELL	-0.084	-0.07633779108962935	1	0.9236622089103707	85.25	4	1
DD:SE:238113	DD	SE	ENSG00000105705	SUGP1	-0.119	-0.08630507947186794	0.9984446464609192	0.9121395669890513	615.25	3	1
DD:SE:238378	DD	SE	ENSG00000173894	CBX2	0.075	0.18293650793650795	0.817063492063492	1	4.5	11	2
DD:SE:238400	DD	SE	ENSG00000140416	TPM1	0.057	0.007128992153704434	0	0.007128992153704434	1894.625	1	4
DD:SE:238432	DD	SE	ENSG00000113597	TRAPPC13	-0.148	-0.04120129990602528	0.9939619565217391	0.9527606566157139	235	6	1
DD:SE:238654	DD	SE	ENSG00000124160	NCOA5	-0.246	-0.24003189694631744	0.9907326541589824	0.7507007572126649	170.625	2	2
DD:SE:238697	DD	SE	ENSG00000204954	UQCC6	0.18	0.11098646795920614	0.42610551036773975	0.5370919783269459	64.875	4	4
DD:SE:238699	DD	SE	ENSG00000204954	UQCC6	0.275	0.38475140918088757	0.13236279849183075	0.5171142076727183	47.75	3	4
DD:SE:238780	DD	SE	ENSG00000178904	DPY19L3	-0.282	-0.14791666666666659	0.9166666666666666	0.76875	5.75	7	3
DD:SE:238822	DD	SE	ENSG00000115750	TAF1B	-0.301	-0.32230949797658925	0.9760621948538815	0.6537526968772922	82.625	5	2
DD:SE:238881	DD	SE	ENSG00000161955	TNFSF13	-0.108	-0.05408683152891558	0.989507314134852	0.9354204826059365	291.5	7	1
DD:SE:239113	DD	SE	ENSG00000126261	UBA2	0.058	0.037945072309627986	0.045848646691477146	0.08379371900110513	561.625	1	2
DD:SE:239215	DD	SE	ENSG00000171861	MRM3	-0.093	-0.08871802367838	0.9364186700208448	0.8477006463424648	817.125	2	1
DD:SE:239362	DD	SE	ENSG00000181392	SYNE4	-0.15	-0.2892006636022594	0.6775075987841945	0.38830693518193515	85	6	4
DD:SE:239788	DD	SE	ENSG00000198858	R3HDM4	-0.067	-0.06307053399531082	0.9543435203916173	0.8912729863963065	985.25	6	1
DD:SE:239905	DD	SE	ENSG00000171174	RBKS	-0.164	-0.10394137406182757	0.99	0.8860586259381724	45.25	8	2
DD:SE:240031	DD	SE	ENSG00000068903	SIRT2	0.059	0.0042581642497338534	0.21389733631840163	0.21815550056813549	1646.625	1	1
DD:SE:240074	DD	SE	ENSG00000105197	TIMM50	-0.062	-0.06420013628063914	0.9684122466934781	0.904212110412839	1200.875	2	1
DD:SE:240193	DD	SE	ENSG00000160392	C19orf47	0.112	0.06383057814907292	0.016174957118353345	0.08000553526742626	120.375	2	10
DD:SE:240305	DD	SE	ENSG00000151779	NBAS	-0.123	-0.14072802197802203	0.8642857142857143	0.7235576923076923	6	7	1
DD:SE:240445	DD	SE	ENSG00000167600	CYP2S1	-0.091	-0.09502292210661756	0.9930159293930481	0.8979930072864305	1215.625	6	1
DD:SE:240755	DD	SE	ENSG00000105755	ETHE1	-0.303	-0.22542273222352416	0.9601241900804394	0.7347014578569152	554.5	2	2
DD:SE:240913	DD	SE	ENSG00000174791	RIN1	-0.077	-0.07563925069615596	0.9791134035770568	0.9034741528809008	426.25	6	1
DD:SE:240929	DD	SE	ENSG00000142273	CBLC	-0.24	-0.32526483486437907	0.9690807325447687	0.6438158976803896	655.125	6	3
DD:SE:240939	DD	SE	ENSG00000142273	CBLC	0.177	0.3971539492955094	0.015201269425520627	0.41235521872103004	262.75	2	2
DD:SE:241001	DD	SE	ENSG00000034693	PEX3	-0.302	-0.3072723723720041	0.9881912341728699	0.6809188618008658	213.625	3	1
DD:SE:241381	DD	SE	ENSG00000112339	HBS1L	-0.181	-0.1392464986871339	0.966023029160827	0.8267765304736931	821	4	1
DD:SE:241578	DD	SE	ENSG00000087076	HSD17B14	-0.209	-0.21144161394161398	0.9459054834054834	0.7344638694638694	43.625	3	5
DD:SE:241682	DD	SE	ENSG00000104872	PIH1D1	-0.207	-0.1541577266127807	0.982839009055076	0.8286812824422953	938.125	4	2
DD:SE:241939	DD	SE	ENSG00000105053	VRK3	-0.099	-0.12412539243340692	0.9597184778961475	0.8355930854627406	369	7	2
DD:SE:242090	DD	SE	ENSG00000169035	KLK7	-0.09	-0.06058034667821122	0.9706689187330115	0.9100885720548003	1109.875	1	1
DD:SE:242097	DD	SE	ENSG00000129455	KLK8	-0.056	-0.026957436075583874	0.9989837398373984	0.9720263037618145	446.75	2	1
DD:SE:242099	DD	SE	ENSG00000129455	KLK8	-0.066	-0.04072931296673721	0.9985915492957746	0.9578622363290374	315.125	1	1
DD:SE:242152	DD	SE	ENSG00000167703	SLC43A2	-0.195	-0.20848360906134011	0.9620483682983683	0.7535647592370281	60.875	7	2
DD:SE:242489	DD	SE	ENSG00000198346	ZNF813	0.062	-0.002286324786324734	0.9830555555555556	0.9807692307692308	21	10	2
DD:SE:242565	DD	SE	ENSG00000089057	SLC23A2	-0.202	-0.11490683229813659	0.9761904761904762	0.8612836438923396	17.375	16	2
DD:SE:242657	DD	SE	ENSG00000170889	RPS9	0.204	0.5340161974448685	0.09753446585852374	0.6315506633033923	1677.5	3	3
DD:SE:242776	DD	SE	ENSG00000131037	EPS8L1	-0.073	-0.0772411307439409	0.9984181985111953	0.9211770677672544	918.75	4	1
DD:SE:242951	DD	SE	ENSG00000052749	RRP12	-0.103	-0.09296426041884642	0.9981884057971014	0.905224145378255	169.875	3	1
DD:SE:243138	DD	SE	ENSG00000148634	HERC4	0.265	0.1756421683641146	0	0.1756421683641146	84.375	1	5
DD:SE:243174	DD	SE	ENSG00000196867	ZFP28	0.204	0.1983178560333733	0.021120689655172414	0.2194385456885457	45.625	1	8
DD:SE:243280	DD	SE	ENSG00000204514	ZNF814	0.182	0.5	0.5	1	0.5	1	1
DD:SE:243442	DD	SE	ENSG00000125818	PSMF1	-0.062	-0.04761775422368941	0.9959814950785351	0.9483637408548456	1953.125	2	1
DD:SE:243504	DD	SE	ENSG00000125835	SNRPB	0.236	0.3225740182708548	0.011777246118477514	0.3343512643893323	2808.875	2	2
DD:SE:243510	DD	SE	ENSG00000013523	ANGEL1	0.303	0.3495389000670691	0.007936507936507936	0.357475408003577	61.125	2	2
DD:SE:243796	DD	SE	ENSG00000092140	G2E3	-0.249	-0.2725383324355122	0.981059672782001	0.7085213403464888	186	7	2
DD:SE:244054	DD	SE	ENSG00000125772	GPCPD1	-0.374	-0.5725986905226995	0.9276692726350245	0.355070582112325	347.5	5	3
DD:SE:244056	DD	SE	ENSG00000125772	GPCPD1	0.081	0.4077575831146981	0.5560132575757576	0.9637708406904557	181.875	3	1
DD:SE:244176	DD	SE	ENSG00000149346	SLX4IP	-0.123	-0.5694444444444444	0.7916666666666666	0.2222222222222222	3.25	1	1
DD:SE:244220	DD	SE	ENSG00000101247	NDUFAF5	0.508	0.6060140321902262	0.12162158099788085	0.7276356131881071	488.75	3	4
DD:SE:244347	DD	SE	ENSG00000105671	DDX49	0.163	0.11736510085789605	0.00908698308113991	0.12645208393903595	419.125	1	4
DD:SE:244476	DD	SE	ENSG00000089351	GRAMD1A	-0.299	-0.30741473976506895	0.9501955954795711	0.6427808557145022	46.375	5	1
DD:SE:244630	DD	SE	ENSG00000154930	ACSS1	-0.172	-0.116328502415459	0.99	0.873671497584541	23.25	11	2
DD:SE:244662	DD	SE	ENSG00000101003	GINS1	0.336	0.23110929635726316	0.024565508021390375	0.25567480437865353	68.875	3	7
DD:SE:245093	DD	SE	ENSG00000137648	TMPRSS4	-0.242	-0.2689352909397621	0.9065939188767203	0.6376586279369582	5767.125	3	2
DD:SE:245175	DD	SE	ENSG00000101391	CDK5RAP1	-0.122	-0.13526589324829352	0.9984995320879675	0.863233638839674	282.5	5	1
DD:SE:245506	DD	SE	ENSG00000244005	NFS1	0.094	0.03220209553108838	0.0028686019862490452	0.03507069751733743	231.125	1	3
DD:SE:245566	DD	SE	ENSG00000131051	RBM39	0.432	0.4459515237532349	0.08054465786102058	0.5264961816142555	2183.875	4	5
DD:SE:245769	DD	SE	ENSG00000080839	RBL1	0.127	NA	NA	1	0.125	1	1
DD:SE:245833	DD	SE	ENSG00000073792	IGF2BP2	0.068	0.033256567756835366	0.0081318462821353	0.041388414038970665	373.625	1	7
DD:SE:246140	DD	SE	ENSG00000166913	YWHAB	0.092	0.07311551323561377	6.294176639652616e-4	0.07374493089957904	2971.5	1	3
DD:SE:246141	DD	SE	ENSG00000166913	YWHAB	0.086	0.057155239698422684	4.7388086208585147e-4	0.057629120560508534	2947.125	1	3
DD:SE:246173	DD	SE	ENSG00000101104	PABPC1L	-0.374	0.01674407482788917	0.08333333333333334	0.10007740816122251	20.875	1	3
DD:SE:246230	DD	SE	ENSG00000101473	ACOT8	0.108	0.07892838254237618	0.0017006802721088433	0.08062906281448502	253.5	1	4
DD:SE:246753	DD	SE	ENSG00000240849	PEDS1	0.151	0.09332339917840168	0.046481755422531613	0.1398051546009333	983.875	1	2
DD:SE:246766	DD	SE	ENSG00000205670	SMIM11	0.248	0.14566711486899908	0.766504329004329	0.912171443873328	29.5	3	1
DD:SE:246819	DD	SE	ENSG00000000419	DPM1	-0.17	-0.10115546258701857	0.9695361115480956	0.868380648961077	588.125	6	1
DD:SE:246841	DD	SE	ENSG00000117475	BLZF1	-0.135	-0.14296237652790644	0.9957170472412715	0.8527546707133651	1107.875	4	1
DD:SE:246923	DD	SE	ENSG00000124164	VAPB	-0.216	-0.2297148485615106	0.9893783889663157	0.7596635404048051	513.375	1	1
DD:SE:247316	DD	SE	ENSG00000101187	SLCO4A1	-0.23	-0.3501575507608531	0.9198515563550943	0.5696940055942412	593.75	10	8
DD:SE:247410	DD	SE	ENSG00000101246	ARFRP1	-0.064	-0.050907710239537884	0.987828763293277	0.9369210530537391	801	6	1
DD:SE:247463	DD	SE	ENSG00000101152	DNAJC5	0.091	0.07272123519487761	0.19766790232006687	0.2703891375149445	303.625	1	5
DD:SE:247557	DD	SE	ENSG00000170445	HARS1	0.125	0.08278091556301818	0.0033038103352414274	0.0860847258982596	1581.875	1	2
DD:SE:247878	DD	SE	ENSG00000154719	MRPL39	-0.119	-0.09775106294689018	0.9984251968503937	0.9006741339035035	468.375	9	1
DD:SE:248021	DD	SE	ENSG00000166979	EVA1C	-0.099	-0.0952976263944556	0.9163413177549151	0.8210436913604595	337.125	3	3
DD:SE:248027	DD	SE	ENSG00000166979	EVA1C	-0.141	-0.1490508478062752	0.9616217941767753	0.8125709463705001	339.125	5	1
DD:SE:248068	DD	SE	ENSG00000159082	SYNJ1	-0.226	0.018939393939393923	0.9583333333333334	0.9772727272727273	7.25	10	2
DD:SE:248184	DD	SE	ENSG00000142188	TMEM50B	0.064	0.11879009825125246	0.04097238505988447	0.15976248331113693	885.75	1	1
DD:SE:248258	DD	SE	ENSG00000159147	DONSON	0.286	0.5283025699441439	0.14074449410292017	0.669047064047064	72.875	1	2
DD:SE:248262	DD	SE	ENSG00000159147	DONSON	-0.405	-0.36786745737460114	0.9600283760260084	0.5921609186514073	162.5	5	1
DD:SE:248292	DD	SE	ENSG00000205758	CRYZL1	-0.136	-0.15062332752736673	0.9845030169185189	0.8338796893911522	887.75	4	2
DD:SE:248446	DD	SE	ENSG00000081154	PCNP	0.066	0.34305339892748704	0.21777364875988375	0.5608270476873708	516.625	1	1
DD:SE:248450	DD	SE	ENSG00000081154	PCNP	0.069	0.19899690154396565	0.704939657176081	0.9039365587200466	1992.875	1	1
DD:SE:248488	DD	SE	ENSG00000159256	MORC3	-0.159	-0.05222156408611389	0.9927750665483585	0.9405535024622446	113.5	6	1
DD:SE:248741	DD	SE	ENSG00000138756	BMP2K	-0.276	-0.5623973727422004	1	0.43760262725779964	10.875	14	3
DD:SE:248788	DD	SE	ENSG00000157601	MX1	-0.053	-0.010227272727272751	0.9977272727272728	0.9875	80.125	16	1
DD:SE:248890	DD	SE	ENSG00000160214	RRP1	-0.056	-0.06838345096592469	0.9978470084518191	0.9294635574858944	1384.625	2	1
DD:SE:248972	DD	SE	ENSG00000160218	TRAPPC10	0.142	0.029075527140043272	0.009259259259259259	0.03833478639930253	28.875	1	6
DD:SE:249287	DD	SE	ENSG00000099968	BCL2L13	-0.067	-0.07528994184433657	0.9907015527138707	0.9154116108695342	372.5	7	1
DD:SE:249293	DD	SE	ENSG00000099968	BCL2L13	-0.24	-0.2140105989339517	0.8668507903374902	0.65284019140353855	475.75	6	4
DD:SE:249369	DD	SE	ENSG00000184979	USP18	-0.098	-0.04588813963813965	0.9965263494675259	0.9506382098293863	97.875	6	1
DD:SE:249564	DD	SE	ENSG00000183597	TANGO2	-0.084	-0.26006051445080747	0.5679524664699952	0.30789195201918773	189.875	4	7
DD:SE:249571	DD	SE	ENSG00000183597	TANGO2	0.204	0.5704348523671697	0.21421177166518782	0.7846466240323575	109	3	3
DD:SE:249622	DD	SE	ENSG00000099917	MED15	0.082	0.08106434701324727	0.03616755990606508	0.11723190691931236	282.75	2	4
DD:SE:249904	DD	SE	ENSG00000182325	FBXL6	-0.346	-0.3611271327691701	0.8345823295333724	0.47345519676420234	268	5	3
DD:SE:249906	DD	SE	ENSG00000182325	FBXL6	-0.423	-0.2802152101825608	0.31898773773773775	0.03877252755517694	126.375	1	3
DD:SE:249968	DD	SE	ENSG00000073417	PDE8A	-0.09	-0.07313288563288567	1	0.9268671143671143	26	8	1
DD:SE:250050	DD	SE	ENSG00000163811	WDR43	0.169	0.20259512016611786	0.0076123899719656146	0.21020751013808348	390.5	1	1
DD:SE:251080	DD	SE	ENSG00000174915	PTDSS2	-0.175	-0.17808798998979336	0.9936708860759493	0.815582896086156	105.375	5	1
DD:SE:251133	DD	SE	ENSG00000100353	EIF3D	-0.062	-0.0702348263134791	0.9985217382914828	0.9282869119780037	3375.625	1	1
DD:SE:251135	DD	SE	ENSG00000100353	EIF3D	-0.133	-0.031401333817540844	0.6014297385620915	0.5700284047445506	277.5	1	1
DD:SE:251238	DD	SE	ENSG00000128340	RAC2	-0.062	-0.07677915791606049	0.9841825780219954	0.9074034201059349	718.75	3	1
DD:SE:251282	DD	SE	ENSG00000100092	SH3BP1	-0.094	-0.07341864292682687	0.9952689697394428	0.9218503268126159	233.125	6	1
DD:SE:251309	DD	SE	ENSG00000100116	GCAT	-0.27	-0.22393818063835313	0.6667732310315431	0.44283505039318993	26.625	2	1
DD:SE:251312	DD	SE	ENSG00000100116	GCAT	-0.177	-0.05232941036260841	0.9583236178834916	0.9059942075208832	179.375	5	1
DD:SE:251411	DD	SE	ENSG00000100129	EIF3L	-0.091	-0.09515837795661519	0.9946088966015402	0.899450518644925	2654.625	1	1
DD:SE:251538	DD	SE	ENSG00000213923	CSNK1E	0.096	0.09871460597020504	0.25247396581175624	0.3511885717819613	247.25	2	6
DD:SE:251649	DD	SE	ENSG00000148358	GPR107	-0.087	-0.06526716080409645	0.9967532467532467	0.9314860859491503	93.875	4	1
DD:SE:251692	DD	SE	ENSG00000239900	ADSL	-0.1	-0.08310173253915243	0.9978356053747965	0.9147338728356441	2548.125	3	1
DD:SE:251728	DD	SE	ENSG00000196236	XPNPEP3	0.282	0.24816382215279276	0.01661220043572985	0.2647760225885226	31.75	1	6
DD:SE:251862	DD	SE	ENSG00000100413	POLR3H	0.076	0.044121180537620666	0.008170114846458906	0.052291295384079575	1252.5	1	3
DD:SE:252086	DD	SE	ENSG00000184182	UBE2F	-0.164	-0.17750677447665508	0.9254630272336594	0.7479562527570043	1049.5	2	1
DD:SE:252155	DD	SE	ENSG00000093000	NUP50	0.081	0.050212801327672175	0.048321637050468914	0.09853443837814109	663.5	1	3
DD:SE:252245	DD	SE	ENSG00000186951	PPARA	0.064	0.45833333333333337	0.5	0.9583333333333334	2.125	6	2
DD:SE:252563	DD	SE	ENSG00000205593	DENND6B	-0.292	-0.42716600529100535	0.9375	0.5103339947089947	14.25	11	8
DD:SE:252709	DD	SE	ENSG00000079974	RABL2B	-0.179	-0.1221564877724427	0.9943362981617666	0.8721798103893239	131.375	6	1
DD:SE:253382	DD	SE	ENSG00000044446	PHKA2	-0.156	-0.19920634920634916	1	0.8007936507936508	7.625	14	2
DD:SE:253618	DD	SE	ENSG00000130066	SAT1	0.432	0.5078715806563122	0.02785199445201974	0.5357235751083319	43649.375	1	1
DD:SE:253647	DD	SE	ENSG00000101868	POLA1	-0.199	-0.09131944444444451	1	0.9086805555555555	14.375	15	3
DD:SE:253667	DD	SE	ENSG00000101868	POLA1	-0.188	-0.1875	1	0.8125	5.5	10	2
DD:SE:253704	DD	SE	ENSG00000088298	EDEM2	-0.106	-0.1470343393419543	0.986648066127835	0.8396137267858806	187.875	2	1
DD:SE:253814	DD	SE	ENSG00000198947	DMD	-0.289	-0.26804792429792423	0.9381944444444444	0.6701465201465202	15.5	8	3
DD:SE:254285	DD	SE	ENSG00000069509	FUNDC1	-0.069	-0.04037773292390878	0.9928409233013342	0.9524631903774254	629.375	1	1
DD:SE:254293	DD	SE	ENSG00000147121	KRBOX4	0.096	0.0366225118251754	0.9625813098308755	0.9992038216560509	169.875	11	1
DD:SE:254338	DD	SE	ENSG00000137776	SLTM	-0.377	-0.6402818214540377	0.8472824217406261	0.20700060028658843	70.375	2	2
DD:SE:254343	DD	SE	ENSG00000137776	SLTM	-0.299	-0.35597111236914847	0.9780968563548351	0.6221257439856867	180.125	4	2
DD:SE:254384	DD	SE	ENSG00000102225	CDK16	0.086	0.053732475563622	0.05230750220351239	0.10603997776713439	793.75	1	1
DD:SE:254561	DD	SE	ENSG00000164078	MST1R	-0.301	-0.46542523706650596	0.9216938405797102	0.4562686035132042	58.125	5	2
DD:SE:254695	DD	SE	ENSG00000196998	WDR45	0.061	0.04807917673357347	3.961965134706815e-4	0.04847537324704415	685.125	1	8
DD:SE:254799	DD	SE	ENSG00000244509	APOBEC3C	-0.07	-0.045487270901936605	0.9857630398747116	0.940275768972775	3939	1	1
DD:SE:255027	DD	SE	ENSG00000106080	FKBP14	0.394	0.37772801499221875	0.10607925098862706	0.48380726598084584	137.75	2	2
DD:SE:255103	DD	SE	ENSG00000102043	MTMR8	-0.391	-0.4444444444444444	0.9694444444444444	0.525	10.5	13	5
DD:SE:255376	DD	SE	ENSG00000131269	ABCB7	-0.118	-0.06554987088195063	0.9964177622245343	0.9308678913425836	149.125	3	1
DD:SE:255501	DD	SE	ENSG00000075223	SEMA3C	0.093	0.06698959256845496	0.02947696204044473	0.09646655460889969	130	1	13
DD:SE:255603	DD	SE	ENSG00000198039	ZNF273	0.348	0.48961530341797965	0.251857701276856	0.7414730046948357	42	7	3
DD:SE:255853	DD	SE	ENSG00000147231	RADX	-0.324	-0.25	1	0.75	16.25	3	1
DD:SE:256025	DD	SE	ENSG00000139505	MTMR6	-0.126	-0.0843412130236485	0.9963584889349931	0.9120172759113446	238.75	5	1
DD:SE:256081	DD	SE	ENSG00000268104	SLC6A14	-0.071	-0.06190101806380388	0.9974547868132095	0.9355537687494057	6152.875	2	1
DD:SE:256127	DD	SE	ENSG00000074266	EED	-0.061	-0.025102147727021573	0.9965523973202367	0.9714502495932151	841.625	5	1
DD:SE:256146	DD	SE	ENSG00000074266	EED	-0.37	-0.3850498332513369	0.972289935152751	0.5872401019014141	667.75	3	1
DD:SE:256205	DD	SE	ENSG00000175556	LONRF3	-0.25	0.02434716985800578	0.9430898049319102	0.967436974789916	19.375	13	2
DD:SE:256265	DD	SE	ENSG00000018610	STEEP1	-0.052	-0.006850600600600609	1	0.9931493993993994	56.375	12	1
DD:SE:256463	DD	SE	ENSG00000156709	AIFM1	-0.077	-0.03739865970869782	0.9977526735583785	0.9603540138496807	428.5	1	1
DD:SE:256637	DD	SE	ENSG00000198689	SLC9A6	-0.115	-0.0198582588720555	0.9975728155339806	0.9777145566619251	77.625	5	1
DD:A5SS:19	DD	A5SS	ENSG00000130826	DKC1	-0.082	-0.03688409748658117	0.998562263317609	0.9616781658310278	1662	2	1
DD:A5SS:89	DD	A5SS	ENSG00000165684	SNAPC4	-0.241	-0.6111111111111112	1	0.3888888888888889	1.75	5	1
DD:A5SS:149	DD	A5SS	ENSG00000148356	LRSAM1	0.11	0.14774178170211003	0	0.14774178170211003	46.75	1	7
DD:A5SS:190	DD	A5SS	ENSG00000147535	PLPP5	0.122	0.0908900981774529	0.026709986557435447	0.11760008473488835	570.875	2	4
DD:A5SS:215	DD	A5SS	ENSG00000105875	WDR91	0.081	0.08903405241926433	0.013910251600640255	0.10294430401990459	74.25	2	7
DD:A5SS:216	DD	A5SS	ENSG00000138698	RAP1GDS1	0.25	0.12721950539309868	0.001510676965015902	0.12873018235811456	298.375	1	5
DD:A5SS:306	DD	A5SS	ENSG00000116922	AIRIM	-0.08	-0.10157592417888628	0.9844512969298456	0.8828753727509593	696.75	10	2
DD:A5SS:366	DD	A5SS	ENSG00000160408	ST6GALNAC6	-0.116	-0.06657921427497104	0.937704333628623	0.871125119353652	297	8	2
DD:A5SS:398	DD	A5SS	ENSG00000061936	SFSWAP	-0.433	-0.10401376999516809	0.9878241800152555	0.8838104100200874	53.25	6	2
DD:A5SS:421	DD	A5SS	ENSG00000064313	TAF2	-0.094	-0.07530034539895714	0.9916196208213015	0.9163192754223444	155.125	7	2
DD:A5SS:456	DD	A5SS	ENSG00000128805	ARHGAP22	-0.205	-0.0024007920018106477	0.30473152578415735	0.3023307337823467	18.625	12	5
DD:A5SS:473	DD	A5SS	ENSG00000131408	NR1H2	-0.076	-0.11616903655448607	0.9903052920559865	0.8741362555015004	1592.375	2	1
DD:A5SS:502	DD	A5SS	ENSG00000104231	ZFAND1	-0.13	-0.14882400930279183	0.9151862891048632	0.7663622798020714	816.625	3	2
DD:A5SS:506	DD	A5SS	ENSG00000114745	GORASP1	0.236	0.11209855535570246	0.82400134112462875	0.9360998964803312	74	1	1
DD:A5SS:508	DD	A5SS	ENSG00000114745	GORASP1	-0.188	-0.17858141446837383	0.9908944237573042	0.8123130092889304	395	3	1
DD:A5SS:518	DD	A5SS	ENSG00000058063	ATP11B	-0.16	-0.15995851655291204	0.976364668124303	0.816406151571391	85.25	3	2
DD:A5SS:593	DD	A5SS	ENSG00000106628	POLD2	0.068	0.045226118435592676	0.0026664762463855015	0.04789259468197818	3425.75	1	2
DD:A5SS:604	DD	A5SS	ENSG00000168701	TMEM208	0.387	0.36938966959057634	0.07219305449249479	0.44158272408307114	542.25	2	3
DD:A5SS:655	DD	A5SS	ENSG00000147687	TATDN1	0.183	0.26481841961678276	0.15378389155593927	0.41860231117272206	609.375	2	5
DD:A5SS:678	DD	A5SS	ENSG00000132950	ZMYM5	0.392	0.38593521843190914	0.5221153846153846	0.9080506030472938	59	3	1
DD:A5SS:715	DD	A5SS	ENSG00000165233	CARD19	0.219	0.24680314608596243	0.44144550748747535	0.6882486535734378	742.5	4	3
DD:A5SS:800	DD	A5SS	ENSG00000122566	HNRNPA2B1	0.286	0.4908168578869847	0.41353163551261685	0.9043484933996015	767.375	3	1
DD:A5SS:818	DD	A5SS	ENSG00000120697	ALG5	-0.193	-0.0957330918642002	0.9937542379916251	0.8980211461274249	2212.75	3	1
DD:A5SS:845	DD	A5SS	ENSG00000091127	PUS7	-0.37	-0.36551278148634536	0.9897968608456363	0.624284079359291	180.875	8	3
DD:A5SS:855	DD	A5SS	ENSG00000106397	PLOD3	-0.213	-0.18160979668885613	0.9955357142857143	0.8139259175968582	119.875	4	1
DD:A5SS:877	DD	A5SS	ENSG00000221838	AP4M1	0.069	0.12528782952495193	0.008706282898488096	0.13399411242344003	106.125	2	8
DD:A5SS:889	DD	A5SS	ENSG00000197037	ZSCAN25	0.228	0.03835149985801804	0.008473389355742296	0.04682488921376034	56.375	1	28
DD:A5SS:939	DD	A5SS	ENSG00000106077	ABHD11	0.235	0.14571422510573495	0.7379048491116191	0.8836190742173541	705.125	4	1
DD:A5SS:964	DD	A5SS	ENSG00000196233	LCOR	0.128	-0.019030118492535553	0.9538519182224386	0.9348217997299031	181	10	1
DD:A5SS:988	DD	A5SS	ENSG00000134900	TPP2	0.196	0.18316546841137005	0.005952380952380952	0.189117849363751	37.75	2	10
DD:A5SS:1035	DD	A5SS	ENSG00000179335	CLK3	-0.419	-0.39740935961155854	0.9615427350845862	0.5641333754730277	1435.25	2	1
DD:A5SS:1046	DD	A5SS	ENSG00000106086	PLEKHA8	0.154	0.14360024795453583	0.015247252747252749	0.15884750070178857	59.625	3	14
DD:A5SS:1068	DD	A5SS	ENSG00000175048	ZDHHC14	-0.138	-0.09638798701298701	0.984375	0.887987012987013	13	17	4
DD:A5SS:1149	DD	A5SS	ENSG00000289720	ENSG00000289720	0.115	0.07429443921322453	0	0.07429443921322453	79.25	1	7
DD:A5SS:1200	DD	A5SS	ENSG00000112306	RPS12	0.068	0.43892813428921146	0.32857142857142857	0.76749956286064	40.5	4	7
DD:A5SS:1203	DD	A5SS	ENSG00000165275	TRMT10B	0.263	0.465477063784431	0.08919964451879345	0.5546767083032245	103.75	2	4
DD:A5SS:1252	DD	A5SS	ENSG00000122299	ZC3H7A	-0.143	-0.09503039207806085	0.9897093594688822	0.8946789673908213	186.5	5	1
DD:A5SS:1258	DD	A5SS	ENSG00000101158	NELFCD	0.146	0.11871111133130002	0.0031720996059953557	0.12188321093729539	1054.125	2	4
DD:A5SS:1260	DD	A5SS	ENSG00000101158	NELFCD	-0.299	-0.31961497054603105	0.9354711400591722	0.6158561695131411	1021.25	3	2
DD:A5SS:1580	DD	A5SS	ENSG00000161010	MRNIP	0.143	0.3230904057366712	0.03985021152714815	0.3629406172638193	111.625	2	6
DD:A5SS:1610	DD	A5SS	ENSG00000120370	GORAB	0.424	0.6056226386676106	0.16171981613158082	0.7673424547991914	347	6	4
DD:A5SS:1636	DD	A5SS	ENSG00000141499	WRAP53	-0.229	-0.21061258134395766	0.9869044637574702	0.7762918824135125	340.125	5	2
DD:A5SS:1762	DD	A5SS	ENSG00000156873	PHKG2	-0.088	-0.07590326877039	0.9577089723039933	0.8818057035336033	204.125	7	1
DD:A5SS:1777	DD	A5SS	ENSG00000122512	PMS2	-0.152	-0.11375715542697562	0.9871726745735607	0.8734155191465851	86.375	10	1
DD:A5SS:1831	DD	A5SS	ENSG00000095564	BTAF1	-0.182	-0.03993778508702395	0.2521481618231275	0.21221037673610355	61.75	2	4
DD:A5SS:1910	DD	A5SS	ENSG00000015479	MATR3	-0.301	-0.604836523248695	0.7390793232256647	0.1342427999769698	424.125	1	2
DD:A5SS:1912	DD	A5SS	ENSG00000115317	HTRA2	0.057	0.048779680222624355	0.00272680353137509	0.051506483753999445	503.125	1	5
DD:A5SS:1946	DD	A5SS	ENSG00000172262	ZNF131	0.279	0.32683413795263677	0.05791391446120807	0.38474805241384485	113.25	3	4
DD:A5SS:1949	DD	A5SS	ENSG00000197822	OCLN	-0.059	-0.02571307906190956	1	0.9742869209380904	241.125	4	1
DD:A5SS:2061	DD	A5SS	ENSG00000115514	TXNDC9	0.171	0.1652847204074863	0.008422681583437118	0.1737074019909234	2532.625	1	2
DD:A5SS:2125	DD	A5SS	ENSG00000136925	TSTD2	0.074	0.06819161773393045	0	0.06819161773393045	88	1	8
DD:A5SS:2141	DD	A5SS	ENSG00000064703	DDX20	0.052	0.04782453898180253	0	0.04782453898180253	364.25	1	3
DD:A5SS:2142	DD	A5SS	ENSG00000064703	DDX20	-0.106	-0.11083242867437493	0.9975497173051424	0.8867172886307675	384.5	4	1
DD:A5SS:2177	DD	A5SS	ENSG00000172345	STARD5	0.214	0.27311539676923774	0.021548745441150506	0.2946641422103882	107	1	2
DD:A5SS:2189	DD	A5SS	ENSG00000113504	SLC12A7	0.095	0.034482758620689655	0	0.034482758620689655	19.125	1	6
DD:A5SS:2219	DD	A5SS	ENSG00000197024	ZNF398	-0.115	-0.12133656865546372	0.9872715350173751	0.8659349663619114	78.25	6	1
DD:A5SS:2251	DD	A5SS	ENSG00000168538	TRAPPC11	0.109	0.06788452525011611	0.009360923423423425	0.07724544867353954	98.25	1	3
DD:A5SS:2260	DD	A5SS	ENSG00000105677	TMEM147	-0.118	-0.07064781441798329	0.9878936925275333	0.91724587810955	1197	2	1
DD:A5SS:2274	DD	A5SS	ENSG00000073536	NLE1	0.407	0.3594631785081974	0.01691366505113808	0.3763768435593355	306.25	2	4
DD:A5SS:2342	DD	A5SS	ENSG00000137274	BPHL	-0.22	-0.12435852072147024	0.988636602047667	0.8642780813261968	214.5	2	1
DD:A5SS:2437	DD	A5SS	ENSG00000178935	ZNF552	0.118	0.09277354036854582	0.1357177714234561	0.2284913117920019	83.5	2	7
DD:A5SS:2439	DD	A5SS	ENSG00000155066	PROM2	-0.161	-0.06086680914642073	0.9947060875632304	0.9338392784168097	242.375	3	1
DD:A5SS:2447	DD	A5SS	ENSG00000092208	GEMIN2	-0.196	-0.12415266974248496	0.9803071415947852	0.8561544718523002	274.25	6	1
DD:A5SS:2628	DD	A5SS	ENSG00000213983	AP1G2	-0.148	-0.078665538334456	0.997149634201449	0.918484095866993	653.5	18	2
DD:A5SS:2664	DD	A5SS	ENSG00000082258	CCNT2	0.3	0.38360164634243477	0.08391125140971299	0.46751289775214777	328.875	3	3
DD:A5SS:2748	DD	A5SS	ENSG00000169607	CKAP2L	-0.053	-0.0504653451637711	1	0.9495346548362289	193.125	5	1
DD:A5SS:2757	DD	A5SS	ENSG00000115295	CLIP4	0.248	0.22227270004173588	0.010657596371882086	0.23293029641361798	94.5	2	10
DD:A5SS:2803	DD	A5SS	ENSG00000082996	RNF13	0.243	0.25572714415040276	0.04362598427466782	0.2993531284250706	1262.75	1	1
DD:A5SS:2828	DD	A5SS	ENSG00000070010	UFD1	-0.271	-0.30988667077302623	0.9820276734841298	0.6721410027111036	2606.5	1	1
DD:A5SS:2870	DD	A5SS	ENSG00000116001	TIA1	0.193	0.10027139353910242	0.007946994865599518	0.10821838840470194	149.5	1	9
DD:A5SS:2889	DD	A5SS	ENSG00000147852	VLDLR	-0.318	-0.21448292712779138	0.987714999465676	0.7732320723378846	123.75	9	4
DD:A5SS:2985	DD	A5SS	ENSG00000095059	DHPS	0.135	0.08768839592133992	0.003727541381938613	0.09141593730327853	719	1	4
DD:A5SS:2986	DD	A5SS	ENSG00000095059	DHPS	-0.18	0.14510965029059675	0.3392857142857143	0.48439536457631105	82.125	1	1
DD:A5SS:2987	DD	A5SS	ENSG00000095059	DHPS	-0.13	-0.08870568485741415	0.9923617603864925	0.9036560755290783	720.125	4	1
DD:A5SS:3017	DD	A5SS	ENSG00000184432	COPB2	-0.208	-0.1112052728505607	0.9965409525421988	0.8853356796916381	1091.875	2	1
DD:A5SS:3042	DD	A5SS	ENSG00000175193	PARL	0.317	0.24595680995938218	0.01282773304873203	0.2587845430081142	2750.625	2	4
DD:A5SS:3109	DD	A5SS	ENSG00000136631	VPS45	0.147	0.10703134642738586	0.002294139855862056	0.10932548628324792	409.625	1	2
DD:A5SS:3178	DD	A5SS	ENSG00000136271	DDX56	0.09	0.08894762285886326	0.001594175281461982	0.09054179814032524	1952.5	1	3
DD:A5SS:3181	DD	A5SS	ENSG00000136271	DDX56	0.184	0.17176042058309215	0.018488006472473995	0.19024842705556616	1952.5	1	3
DD:A5SS:3253	DD	A5SS	ENSG00000187231	SESTD1	0.19	0.0654114263083716	0.005542635658914729	0.07095406196728633	152.75	1	10
DD:A5SS:3297	DD	A5SS	ENSG00000101052	IFT52	0.143	0.056276581940960926	0	0.056276581940960926	192.625	1	5
DD:A5SS:3316	DD	A5SS	ENSG00000166224	SGPL1	-0.07	-0.030377352724489715	0.9780899608029514	0.9477126080784617	56.625	11	1
DD:A5SS:3325	DD	A5SS	ENSG00000172663	TMEM134	0.176	0.08860076153632088	0.05998563607794247	0.14858639761426334	302.625	1	2
DD:A5SS:3326	DD	A5SS	ENSG00000172663	TMEM134	0.116	0.13743369875888245	0.08583338602405338	0.22326708478293583	962	2	4
DD:A5SS:3340	DD	A5SS	ENSG00000215375	MYL5	0.062	-0.013742690058479536	0.01666666666666667	0.0029239766081871343	45.75	3	26
DD:A5SS:3347	DD	A5SS	ENSG00000213928	IRF9	-0.065	-0.07493096200488603	0.9986559139784946	0.9237249519736086	191.5	5	1
DD:A5SS:3371	DD	A5SS	ENSG00000129465	RIPK3	0.167	0.25742084972468776	0.022201558830799654	0.2796224085554874	93	3	7
DD:A5SS:3378	DD	A5SS	ENSG00000198860	TSEN15	0.067	0.053371886617418096	0.873974929408311	0.9273468160257291	334	2	1
DD:A5SS:3385	DD	A5SS	ENSG00000155229	MMS19	-0.248	-0.0529994279562932	0.9951923076923077	0.9421928797360145	83.875	13	1
DD:A5SS:3388	DD	A5SS	ENSG00000106400	ZNHIT1	0.144	0.14159936158221703	0.003424657534246575	0.1450240191164636	58.5	1	1
DD:A5SS:3407	DD	A5SS	ENSG00000102901	CENPT	-0.058	-0.06167231170456022	0.986685135270041	0.9250128235654808	85.25	24	1
DD:A5SS:3448	DD	A5SS	ENSG00000243335	KCTD7	0.051	-9.108542633179395e-4	0.9642857142857143	0.9633748600223964	27.875	4	1
DD:A5SS:3566	DD	A5SS	ENSG00000171960	PPIH	0.126	0.10869317054681263	0.04408619707630499	0.1527793676231176	147.5	3	12
DD:A5SS:3710	DD	A5SS	ENSG00000086189	DIMT1	0.106	0.10119966721888446	0.0029037484154616554	0.10410341563434611	1289.625	1	3
DD:A5SS:3738	DD	A5SS	ENSG00000121578	B4GALT4	-0.434	-0.4648875492318255	0.9158854340052376	0.45099788477341207	247.375	9	5
DD:A5SS:3759	DD	A5SS	ENSG00000164180	TMEM161B	0.084	0.01666666666666667	0	0.01666666666666667	14.75	1	30
DD:A5SS:3840	DD	A5SS	ENSG00000125459	MSTO1	0.22	0.28325903771336913	0.02671317233850022	0.30997221005186937	511.5	2	6
DD:A5SS:3844	DD	A5SS	ENSG00000125459	MSTO1	0.22	0.03880258722879367	0.0059847695991514325	0.0447873568279451	511.5	1	7
DD:A5SS:3852	DD	A5SS	ENSG00000077152	UBE2T	0.104	0.08043291469794467	0.015472098287547772	0.09590501298549244	319.125	1	4
DD:A5SS:3863	DD	A5SS	ENSG00000104381	GDAP1	-0.596	-0.609258026527135	0.8954484488830994	0.2861904223559643	156.75	4	1
DD:A5SS:3866	DD	A5SS	ENSG00000104381	GDAP1	-0.092	-0.5416666666666666	0.8888888888888888	0.3472222222222222	5.25	1	1
DD:A5SS:3884	DD	A5SS	ENSG00000144029	MRPS5	-0.214	-0.22257903851743865	0.9869422680547224	0.7643632295372838	1759.375	2	2
DD:A5SS:3989	DD	A5SS	ENSG00000142910	TINAGL1	-0.1	-0.0641865966825158	0.9177311477166191	0.8535445510341033	1663.25	7	2
DD:A5SS:4047	DD	A5SS	ENSG00000198836	OPA1	0.176	0.06456014657285328	0.0026277311851688368	0.06718787775802211	206.875	1	12
DD:A5SS:4122	DD	A5SS	ENSG00000089195	TRMT6	0.232	0.22187317319661098	0.0056451586172535	0.2275183318138645	682.75	2	3
DD:A5SS:4142	DD	A5SS	ENSG00000225697	SLC26A6	-0.136	-0.19653173727696016	0.9815078974109004	0.7849761601339402	165.5	8	3
DD:A5SS:4199	DD	A5SS	ENSG00000134910	STT3A	-0.065	-0.05944686329061122	0.999625748502994	0.9401788852123828	930.375	2	1
DD:A5SS:4240	DD	A5SS	ENSG00000196655	TRAPPC4	0.129	0.1315854415978296	0.015485902979414892	0.1470713445772445	1774	1	1
DD:A5SS:4262	DD	A5SS	ENSG00000174720	LARP7	-0.182	-0.15514122572968148	0.9418625124313632	0.7867212867016817	548.5	7	2
DD:A5SS:4388	DD	A5SS	ENSG00000043514	TRIT1	-0.315	-0.030612244897959218	1	0.9693877551020408	115.875	10	1
DD:A5SS:4422	DD	A5SS	ENSG00000070061	ELP1	0.06	0.028414801306348186	0	0.028414801306348186	82.625	1	8
DD:A5SS:4467	DD	A5SS	ENSG00000150756	ATPSCKMT	-0.057	-0.03962882165476189	0.9835391337386018	0.9439103120838399	89.375	5	1
DD:A5SS:4492	DD	A5SS	ENSG00000105146	AURKC	0.198	0.05229341736694679	0.0248015873015873	0.07709500466853408	27.625	1	6
DD:A5SS:4546	DD	A5SS	ENSG00000113522	RAD50	-0.077	-0.04720876232279825	0.9986631016042781	0.9514543392814798	136	9	1
DD:A5SS:4571	DD	A5SS	ENSG00000128604	IRF5	-0.134	-0.05536731489322033	1	0.9446326851067797	81.625	25	3
DD:A5SS:4646	DD	A5SS	ENSG00000117481	NSUN4	-0.13	-0.15084512682439544	0.972477912695304	0.8216327858709086	334	5	1
DD:A5SS:4672	DD	A5SS	ENSG00000143436	MRPL9	0.117	0.08014765049738505	0.003439814366843967	0.08358746486422902	1161.75	1	3
DD:A5SS:4700	DD	A5SS	ENSG00000163516	ANKZF1	-0.256	-0.3357973894504839	0.9777807152996959	0.641983325849212	269	7	3
DD:A5SS:4715	DD	A5SS	ENSG00000124356	STAMBP	0.18	0.05366181426841077	0.0040677344318095325	0.0577295487002203	1313	1	13
DD:A5SS:4716	DD	A5SS	ENSG00000124356	STAMBP	-0.103	-0.050048045450905354	0.9957332296378889	0.9456851841869836	1301.125	12	1
DD:A5SS:4762	DD	A5SS	ENSG00000141349	G6PC3	0.15	0.1131703733876528	0.06664439449339414	0.17981476788104694	854.375	2	2
DD:A5SS:4816	DD	A5SS	ENSG00000105865	DUS4L	0.41	0.3673065840557651	0.0623783998411753	0.42968498389694043	85.75	6	8
DD:A5SS:4843	DD	A5SS	ENSG00000128463	EMC4	0.133	0.12134350760735114	0.03772513108111962	0.15906863868847076	4712.875	1	2
DD:A5SS:5071	DD	A5SS	ENSG00000135249	RINT1	-0.087	-0.1073675680380426	0.9900215620102428	0.8826539939722002	335.125	5	1
DD:A5SS:5095	DD	A5SS	ENSG00000003509	NDUFAF7	-0.158	-0.1994772718854103	0.9176802876424239	0.7182030157570136	250.75	4	3
DD:A5SS:5096	DD	A5SS	ENSG00000003509	NDUFAF7	-0.428	-0.5059122591338872	0.8256436769689129	0.3197314178350258	181	1	3
DD:A5SS:5267	DD	A5SS	ENSG00000197530	MIB2	-0.146	-0.37716450216450215	0.9642857142857143	0.5871212121212122	8.125	10	6
DD:A5SS:5268	DD	A5SS	ENSG00000197530	MIB2	-0.124	-0.375	0.5	0.125	2.625	2	6
DD:A5SS:5335	DD	A5SS	ENSG00000102317	RBM3	0.294	0.35898532604329075	0.008059245525934554	0.3670445715692253	3072.875	2	3
DD:A5SS:5342	DD	A5SS	ENSG00000258315	C17orf49	-0.056	-0.01809939347955214	0.9950995056581236	0.9770001121785714	178.375	6	1
DD:A5SS:5351	DD	A5SS	ENSG00000140521	POLG	0.204	0.4087683646875917	0.10891839671930759	0.5176867614068993	235.25	6	11
DD:A5SS:5386	DD	A5SS	ENSG00000117226	GBP3	0.091	0.06878504959973818	0.013330830703165023	0.0821158803029032	306.375	2	9
DD:A5SS:5400	DD	A5SS	ENSG00000165688	PMPCA	0.08	0.09380124719161914	6.537761951193573e-4	0.0944550233867385	2326.75	1	1
DD:A5SS:5408	DD	A5SS	ENSG00000147955	SIGMAR1	-0.05	-0.03788942441262255	0.976644606799012	0.9387551823863894	2090.125	2	1
DD:A5SS:5442	DD	A5SS	ENSG00000172269	DPAGT1	0.16	0.08356879811036544	0.008058649600030412	0.09162744771039585	777.625	1	2
DD:A5SS:5451	DD	A5SS	ENSG00000155906	RMND1	0.364	0.32359692271023616	0.07940777221053778	0.40300469492077395	390.125	3	5
DD:A5SS:5536	DD	A5SS	ENSG00000122481	RWDD3	0.399	0.25444191851413944	0.05889743250427761	0.31333935101841703	203.625	3	3
DD:A5SS:5541	DD	A5SS	ENSG00000156170	NDUFAF6	0.26	0.3953043104194495	0.17323432539060574	0.5685386358100553	298.625	3	2
DD:A5SS:5606	DD	A5SS	ENSG00000163743	RCHY1	0.092	0.09564722757823506	0.006662155105749982	0.10230938268398504	692.25	1	3
DD:A5SS:5716	DD	A5SS	ENSG00000173040	EVC2	-0.201	-0.16716269841269837	0.9375	0.7703373015873016	7.75	11	3
DD:A5SS:5761	DD	A5SS	ENSG00000090621	PABPC4	0.359	0.1050284198145688	0.0038519068314464737	0.10888032664601527	203.75	1	7
DD:A5SS:5812	DD	A5SS	ENSG00000235098	ANKRD65	-0.156	-0.050138440587267796	0.8321001212123555	0.7819616806250878	140.75	3	2
DD:A5SS:5890	DD	A5SS	ENSG00000143258	USP21	-0.169	-0.1730994296635151	0.9720472705551231	0.798947840891608	370.625	11	2
DD:A5SS:5928	DD	A5SS	ENSG00000148335	NTMT1	-0.429	-0.42205688120958496	0.9068999699513138	0.4848430887417289	971.75	3	3
DD:A5SS:5929	DD	A5SS	ENSG00000161202	DVL3	-0.056	-0.04010417649228215	1	0.9598958235077178	122.25	4	1
DD:A5SS:5969	DD	A5SS	ENSG00000163938	GNL3	0.214	0.23118785042705495	0.006534285597829875	0.23772213602488482	1595.125	1	3
DD:A5SS:6008	DD	A5SS	ENSG00000140326	CDAN1	-0.14	-0.09583333333333333	1	0.9041666666666667	7.75	13	3
DD:A5SS:6058	DD	A5SS	ENSG00000157470	FAM81A	0.116	-0.09844877344877334	0.8944444444444444	0.795995670995671	14.5	13	5
DD:A5SS:6249	DD	A5SS	ENSG00000088179	PTPN4	0.188	0.11082667074927138	0.026190476190476188	0.13701714693974756	26.25	4	5
DD:A5SS:6258	DD	A5SS	ENSG00000104783	KCNN4	0.192	0.1040212379587381	0.002252825871295866	0.10627406383003397	755.875	1	9
DD:A5SS:6319	DD	A5SS	ENSG00000177646	ACAD9	0.203	0.13467705160234783	0.06802071738778138	0.2026977689901292	428.875	1	2
DD:A5SS:6355	DD	A5SS	ENSG00000150768	DLAT	0.075	0.06316381175256883	6.450956450956451e-4	0.06380890739766447	777	1	1
DD:A5SS:6378	DD	A5SS	ENSG00000182240	BACE2	-0.25	-0.21641159264854148	0.9523043743989248	0.7358927817503833	531.75	2	2
DD:A5SS:6513	DD	A5SS	ENSG00000047346	ATOSA	0.198	0.012184229630825723	0.03370325339594164	0.045887483026767366	81.5	1	7
DD:A5SS:6545	DD	A5SS	ENSG00000100532	CGRRF1	0.052	0.0468077078667638	0.01800720256483091	0.06481491043159471	329	1	5
DD:A5SS:6563	DD	A5SS	ENSG00000101182	PSMA7	0.068	0.09256657183943902	0.011675959766131543	0.10424253160557057	6753.5	1	1
DD:A5SS:6660	DD	A5SS	ENSG00000183696	UPP1	-0.206	-0.2085135448562746	0.994366806918489	0.7858532620622144	1802.25	3	1
DD:A5SS:6662	DD	A5SS	ENSG00000183696	UPP1	-0.387	0.1203526694460702	0.2701281614254936	0.3904808308715638	2327.25	1	2
DD:A5SS:6678	DD	A5SS	ENSG00000115524	SF3B1	0.248	0.2619492029393535	0.004268757558231242	0.2662179604975847	874.125	1	3
DD:A5SS:6683	DD	A5SS	ENSG00000169251	NMD3	-0.113	-0.0744307328547632	0.9982598906315361	0.9238291577767729	1223.5	4	1
DD:A5SS:6690	DD	A5SS	ENSG00000162971	TYW5	-0.373	-0.5439678421663029	0.6237408198486757	0.07977297768237282	924.875	1	4
DD:A5SS:6691	DD	A5SS	ENSG00000155729	KCTD18	-0.279	-0.2862225028912999	0.9849332183855026	0.6987107154942027	143.625	6	4
DD:A5SS:6747	DD	A5SS	ENSG00000146223	RPL7L1	0.096	0.06381242172972186	0.03254193173207626	0.09635435346179812	1885.5	1	2
DD:A5SS:6784	DD	A5SS	ENSG00000163481	RNF25	-0.144	-0.1381767934204412	0.9787534544693304	0.8405766610488892	623.75	3	1
DD:A5SS:6793	DD	A5SS	ENSG00000198925	ATG9A	-0.165	-0.05781704674246635	0.9977916820022084	0.939974635259742	215.25	4	1
DD:A5SS:6837	DD	A5SS	ENSG00000187091	PLCD1	-0.313	-0.055547418000089	0.9840498642264628	0.9285024462263738	134.375	8	1
DD:A5SS:6871	DD	A5SS	ENSG00000132323	ILKAP	-0.489	-0.4823856796033578	0.9695492304031783	0.4871635507998205	976.25	2	2
DD:A5SS:6876	DD	A5SS	ENSG00000132323	ILKAP	0.388	0.40554823951028973	0.027951252446759972	0.43349949195704973	980.75	3	3
DD:A5SS:6889	DD	A5SS	ENSG00000177302	TOP3A	0.135	0.0709291865393324	0.0033333333333333335	0.07426251987266573	74.125	1	11
DD:A5SS:6981	DD	A5SS	ENSG00000163703	CRELD1	-0.181	-0.0848938812319332	0.9955960705960706	0.9107021893641374	234.5	8	1
DD:A5SS:7023	DD	A5SS	ENSG00000131368	MRPS25	0.091	0.09737162038245353	0.008308427419691037	0.10568004780214457	1249.375	1	1
DD:A5SS:7025	DD	A5SS	ENSG00000168404	MLKL	0.176	0.14904023379603953	0.033396601086762304	0.18243683488280185	382.625	3	11
DD:A5SS:7101	DD	A5SS	ENSG00000124155	PIGT	-0.351	-0.1341381711903843	0.965702692238629	0.8315645210482447	1191.625	1	1
DD:A5SS:7139	DD	A5SS	ENSG00000126226	PCID2	0.059	0.032922337863232315	0.02031293428612728	0.053235272149359594	552.5	1	5
DD:A5SS:7167	DD	A5SS	ENSG00000100889	PCK2	0.063	0.02173520591973279	0	0.02173520591973279	113.125	1	12
DD:A5SS:7168	DD	A5SS	ENSG00000114812	VIPR1	-0.267	-0.2689709595959596	0.8927083333333333	0.6237373737373737	19.875	12	5
DD:A5SS:7279	DD	A5SS	ENSG00000092094	OSGEP	0.21	0.2552366434646792	0.012380548746657184	0.2676171922113364	233.75	3	3
DD:A5SS:7353	DD	A5SS	ENSG00000145241	CENPC	0.129	0.4127404229359036	0.025168073796122577	0.43790849673202614	29.125	3	3
DD:A5SS:7419	DD	A5SS	ENSG00000145191	EIF2B5	0.076	0.06587640694422581	0.002081070492679023	0.06795747743690483	1004.875	1	3
DD:A5SS:7487	DD	A5SS	ENSG00000135686	KLHL36	-0.37	-0.34330448216642406	0.9170841611597613	0.5737796789933373	84.625	2	1
DD:A5SS:7498	DD	A5SS	ENSG00000089327	FXYD5	0.053	0.06870809296949269	0.0043859649122807015	0.0730940578817734	148	1	8
DD:A5SS:7521	DD	A5SS	ENSG00000163608	NEPRO	0.104	-0.01867160803299156	0.06530785025347291	0.04663624222048135	134.875	1	6
DD:A5SS:7528	DD	A5SS	ENSG00000075089	ACTR6	0.242	0.24281476811888258	0.0287121207485576	0.2715268888674402	523.375	1	2
DD:A5SS:7534	DD	A5SS	ENSG00000163389	POGLUT1	0.108	0.033386920347234075	0.0020408163265306124	0.035427736673764684	240.75	1	5
DD:A5SS:7543	DD	A5SS	ENSG00000132793	LPIN3	-0.198	-0.1651785714285714	1	0.8348214285714286	5	7	2
DD:A5SS:7577	DD	A5SS	ENSG00000033011	ALG1	0.204	0.17617139682668753	0.0038217552747076416	0.1799931521013952	755.875	1	3
DD:A5SS:7620	DD	A5SS	ENSG00000117054	ACADM	-0.131	-0.07073331177393627	0.9816833272218325	0.9109500154478962	712.875	2	2
DD:A5SS:7664	DD	A5SS	ENSG00000135838	NPL	0.145	0.013535892758283534	0.001156041846702659	0.014691934604986193	674.5	1	15
DD:A5SS:7696	DD	A5SS	ENSG00000106638	TBL2	-0.178	-0.1353491420031232	0.9958339273722645	0.8604847853691413	1118	4	1
DD:A5SS:7831	DD	A5SS	ENSG00000127980	PEX1	0.153	0.25967848192112897	0.01521164021164021	0.2748901221327692	82.625	5	5
DD:A5SS:7843	DD	A5SS	ENSG00000170412	GPRC5C	-0.081	-0.04688235142126751	0.9705958705559043	0.9237135191346368	461.25	8	2
DD:A5SS:7966	DD	A5SS	ENSG00000154124	OTULIN	0.204	0.24121608268787467	0.04176354824294818	0.28297963093082285	138.75	3	4
DD:A5SS:8228	DD	A5SS	ENSG00000006634	DBF4	-0.119	-0.10330603615529044	0.835187645356106	0.7318816092008156	217.25	6	3
DD:A5SS:8369	DD	A5SS	ENSG00000162236	STX5	0.071	0.06570581693423945	0.00787943501301169	0.07358525194725114	1283.625	1	4
DD:A5SS:8373	DD	A5SS	ENSG00000170222	ADPRM	0.503	0.5896814861007255	0.16653057014885161	0.7562120562495771	230.5	3	2
DD:A5SS:8399	DD	A5SS	ENSG00000165801	ARHGEF40	-0.165	-0.0714285714285714	1	0.9285714285714286	2	16	1
DD:A5SS:8404	DD	A5SS	ENSG00000096746	HNRNPH3	0.113	0.05785104383774309	0.9006147471164156	0.9584657909541587	813.5	6	1
DD:A5SS:8500	DD	A5SS	ENSG00000185163	DDX51	0.223	0.15990086302586304	0	0.15990086302586304	65.125	2	6
DD:A5SS:8571	DD	A5SS	ENSG00000107521	HPS1	0.282	0.11874074173810005	0.005985102754180984	0.12472584449228104	224.375	1	6
DD:A5SS:8643	DD	A5SS	ENSG00000186866	POFUT2	0.167	0.1619263896167252	0.029061784897025173	0.19098817451375039	95	2	5
DD:A5SS:8693	DD	A5SS	ENSG00000203791	EEF1AKMT2	0.126	0.09426826277783665	0.1995126953105326	0.29378095808836924	352.75	2	4
DD:A5SS:8748	DD	A5SS	ENSG00000196547	MAN2A2	-0.064	-0.031746031746031744	1	0.9682539682539683	10.75	13	1
DD:A5SS:8791	DD	A5SS	ENSG00000177830	CHID1	-0.085	-0.05913945840842083	0.978343679808974	0.9192042214005531	617.125	3	1
DD:A5SS:8830	DD	A5SS	ENSG00000148291	SURF2	0.06	-0.006593961737913989	0.09461154310639475	0.08801758136848076	397.75	1	3
DD:A5SS:8845	DD	A5SS	ENSG00000166311	SMPD1	0.11	0.09384476097587002	0.0033072576910031584	0.09715201866687317	655.375	1	3
DD:A5SS:8854	DD	A5SS	ENSG00000130529	TRPM4	-0.199	-0.2501301358054163	1	0.7498698641945837	89	3	2
DD:A5SS:8981	DD	A5SS	ENSG00000161179	YDJC	0.181	0.21826831889616072	0.5078852160911008	0.7261535349872615	1145.75	2	2
DD:A5SS:9025	DD	A5SS	ENSG00000001497	LAS1L	-0.347	-0.16024994978723817	0.9950213045712679	0.8347713547840298	667.5	5	1
DD:A5SS:9170	DD	A5SS	ENSG00000162300	ZFPL1	-0.218	-0.0970872614397219	0.9959301390447676	0.8988428776050457	961.625	4	1
DD:A5SS:9249	DD	A5SS	ENSG00000197345	MRPL21	0.143	0.20467769747848163	0.07719254683579513	0.28187024431427676	253.375	2	6
DD:A5SS:9338	DD	A5SS	ENSG00000171202	TMEM126A	-0.092	-0.08577360830830572	0.9709028847422592	0.8851292764339534	294.5	4	1
DD:A5SS:9353	DD	A5SS	ENSG00000180773	SLC36A4	-0.228	-0.21731811208207819	0.9704769056867293	0.7531587936046511	239.625	5	2
DD:A5SS:9402	DD	A5SS	ENSG00000166855	CLPX	-0.094	-0.070679796088574	0.9947193827895875	0.9240395867010135	466	5	2
DD:A5SS:9587	DD	A5SS	ENSG00000144233	AMMECR1L	0.181	0.14738005050505049	0.03333333333333334	0.18071338383838384	14.125	3	10
DD:A5SS:9671	DD	A5SS	ENSG00000111247	RAD51AP1	0.528	0.0663690476190476	0.00625	0.07261904761904761	14.25	2	2
DD:A5SS:9672	DD	A5SS	ENSG00000111247	RAD51AP1	0.196	0.20835564726275352	0.02759579630680028	0.2359514435695538	82.125	3	5
DD:A5SS:9674	DD	A5SS	ENSG00000111247	RAD51AP1	-0.23	-0.25731705235124724	0.9888794941548416	0.7315624418035943	109.5	9	4
DD:A5SS:9885	DD	A5SS	ENSG00000167528	ZNF641	0.125	0.004298918981082169	0.01626559714795009	0.02056451612903226	49	1	14
DD:A5SS:9904	DD	A5SS	ENSG00000135451	TROAP	-0.066	-0.04491842464268092	0.9400035014005602	0.8950850767578793	81.375	26	3
DD:A5SS:10008	DD	A5SS	ENSG00000105298	CACTIN	0.226	0.19317224499089253	0.04375	0.23692224499089254	38.875	6	9
DD:A5SS:10067	DD	A5SS	ENSG00000148225	WDR31	0.096	0.16666666666666674	0.8333333333333333	1	4.75	10	2
DD:A5SS:10074	DD	A5SS	ENSG00000184575	XPOT	-0.17	-0.10197386677649833	0.9924028822055138	0.8904290154290154	56.75	9	1
DD:A5SS:10092	DD	A5SS	ENSG00000111530	CAND1	-0.058	-0.09063266953106164	0.996342137418922	0.9057094678878603	579.875	2	1
DD:A5SS:10110	DD	A5SS	ENSG00000102125	TAFAZZIN	0.15	0.1347200760446601	0.01315335333647141	0.14787342938113152	135.75	3	9
DD:A5SS:10133	DD	A5SS	ENSG00000147316	MCPH1	-0.076	-0.08926696938612033	1	0.9107330306138797	27	6	1
DD:A5SS:10134	DD	A5SS	ENSG00000103266	STUB1	0.109	0.08290659051908042	0.036014796446352984	0.1189213869654334	3154	1	2
DD:A5SS:10146	DD	A5SS	ENSG00000140598	EFL1	0.147	0.051198303423235364	0.023910950748518806	0.07510925417175417	122.375	1	6
DD:A5SS:10170	DD	A5SS	ENSG00000177889	UBE2N	-0.052	-0.04841844050272415	0.9927552993759038	0.9443368588731796	6138.75	1	1
DD:A5SS:10200	DD	A5SS	ENSG00000137871	ZNF280D	-0.149	-0.11111111111111116	1	0.8888888888888888	2.125	5	1
DD:A5SS:10204	DD	A5SS	ENSG00000110851	PRDM4	-0.12	-0.1173098440986664	0.9898404257314153	0.8725305816327489	158.125	5	1
DD:A5SS:10219	DD	A5SS	ENSG00000177082	WDR73	0.144	0.2914473446899196	0.046000512336466876	0.33744785702638647	307.875	2	3
DD:A5SS:10225	DD	A5SS	ENSG00000186298	PPP1CC	-0.109	-0.09595385560148117	0.9921784453335616	0.8962245897320804	1405.25	3	1
DD:A5SS:10231	DD	A5SS	ENSG00000204842	ATXN2	0.3	0.26714189401630517	0.007352941176470588	0.27449483519277573	47.5	2	21
DD:A5SS:10241	DD	A5SS	ENSG00000011295	TTC19	0.246	0.23846196178293877	0.0351334726751044	0.2735954344580432	1154.375	2	4
DD:A5SS:10281	DD	A5SS	ENSG00000110801	PSMD9	0.092	0.07484080422486016	0.003612571960967581	0.07845337618582773	2036.75	1	2
DD:A5SS:10361	DD	A5SS	ENSG00000182944	EWSR1	-0.395	-0.3169568737494729	0.9896869727827651	0.6727300990332922	5827.25	2	1
DD:A5SS:10382	DD	A5SS	ENSG00000244754	N4BP2L2	-0.059	0.0034010924895823136	0.9592298045938695	0.9626308970834518	169.625	6	1
DD:A5SS:10472	DD	A5SS	ENSG00000102103	PQBP1	-0.094	-0.07579794160540165	0.9650473182980612	0.8892493766926596	288.125	7	2
DD:A5SS:10495	DD	A5SS	ENSG00000156253	RWDD2B	-0.407	-0.4053445608288319	0.8065302247288129	0.40118566389998095	355.875	3	2
DD:A5SS:10568	DD	A5SS	ENSG00000136319	TTC5	-0.101	-0.04991376439035111	0.9951238539849239	0.9452100895945728	338.875	2	1
DD:A5SS:10585	DD	A5SS	ENSG00000111424	VDR	0.072	0.09002405824809977	0.003731343283582089	0.09375540153168185	57.25	3	13
DD:A5SS:10607	DD	A5SS	ENSG00000092098	RNF31	0.195	0.20530868108267492	0.02786377708978328	0.23317245817245819	33.125	1	5
DD:A5SS:10618	DD	A5SS	ENSG00000254505	CHMP4A	0.129	0.10114573818592117	0.0045735569554073	0.10571929514132847	1048.375	1	3
DD:A5SS:10686	DD	A5SS	ENSG00000162894	FCMR	-0.48	-0.35592320261437904	1	0.644076797385621	7.25	1	1
DD:A5SS:10700	DD	A5SS	ENSG00000165516	KLHDC2	-0.106	-0.06937972550712457	0.9977702142668573	0.9283904887597327	665.75	2	1
DD:A5SS:10704	DD	A5SS	ENSG00000100483	VCPKMT	-0.36	-0.5437394417241339	0.7135110704161332	0.16977162869199922	522.25	2	3
DD:A5SS:10743	DD	A5SS	ENSG00000160193	WDR4	-0.437	-0.564803917334646	0.9571772557317516	0.3923733383971056	638.5	7	3
DD:A5SS:10814	DD	A5SS	ENSG00000119725	ZNF410	-0.078	-0.07088436274240972	0.9557502313919766	0.8848658686495668	620.375	4	1
DD:A5SS:10822	DD	A5SS	ENSG00000167778	SPRYD3	-0.065	-0.04471404910637378	0.9984276729559749	0.9537136238496011	672.125	1	1
DD:A5SS:11023	DD	A5SS	ENSG00000003393	ALS2	0.155	0.24991883116883118	0	0.24991883116883118	8.625	1	4
DD:A5SS:11060	DD	A5SS	ENSG00000159314	ARHGAP27	-0.145	-0.06217381057481164	0.9765580374590386	0.9143842268842269	37.125	5	1
DD:A5SS:11117	DD	A5SS	ENSG00000104129	DNAJC17	0.081	0.0664435112568634	0.006451715063886634	0.07289522632075003	367.125	1	6
DD:A5SS:11160	DD	A5SS	ENSG00000101311	FERMT1	-0.156	-0.10125046113464786	0.9788923308376789	0.877641869703031	2510.375	5	3
DD:A5SS:11257	DD	A5SS	ENSG00000128973	CLN6	0.31	0.3336308980657583	0.03454416684079674	0.36817506490655505	449.75	2	3
DD:A5SS:11366	DD	A5SS	ENSG00000168944	CEP120	0.092	0.09133986928104576	0	0.09133986928104576	21	1	15
DD:A5SS:11576	DD	A5SS	ENSG00000100410	PHF5A	0.073	0.10088233613794362	0.005944736605426162	0.10682707274336978	2095.25	1	1
DD:A5SS:11650	DD	A5SS	ENSG00000213648	SULT1A4	-0.098	-0.015143369175627308	0.9861111111111112	0.9709677419354839	26.875	14	1
DD:A5SS:11734	DD	A5SS	ENSG00000130734	ATG4D	-0.25	-0.2612463518077628	0.8721655317404489	0.6109191799326861	270	2	2
DD:A5SS:11762	DD	A5SS	ENSG00000125124	BBS2	-0.179	-0.07917941083470637	1	0.9208205891652936	187.375	8	1
DD:A5SS:11785	DD	A5SS	ENSG00000102890	ELMO3	-0.073	-0.029827798066732747	0.998015873015873	0.9681880749491403	121.625	4	1
DD:A5SS:11789	DD	A5SS	ENSG00000104731	KLHDC4	-0.194	-0.11212534282356013	1	0.8878746571764399	103	6	1
DD:A5SS:11839	DD	A5SS	ENSG00000105135	ILVBL	-0.223	-0.09297844288285173	0.9629612131710081	0.8699827702881564	457.5	4	1
DD:A5SS:11844	DD	A5SS	ENSG00000102977	ACD	-0.118	-0.05234805907115181	0.9858900638031033	0.9335420047319515	442	5	1
DD:A5SS:11868	DD	A5SS	ENSG00000090861	AARS1	-0.15	-0.07958592505578055	0.9962912904470334	0.9167053653912528	506.375	7	1
DD:A5SS:11902	DD	A5SS	ENSG00000114735	HEMK1	-0.202	-0.17299141797426165	0.9923477564102564	0.8193563384359948	162.375	9	3
DD:A5SS:11908	DD	A5SS	ENSG00000128833	MYO5C	-0.326	-0.27370190968161334	0.9683867702755649	0.6946848605939515	81.125	6	1
DD:A5SS:11943	DD	A5SS	ENSG00000167699	GLOD4	0.114	0.06189574896562609	0.003990860990365247	0.06588660995599134	1600.75	1	1
DD:A5SS:12016	DD	A5SS	ENSG00000187838	PLSCR3	0.091	0.020105673175740635	0.9306220609695343	0.9507277341452749	624.25	6	2
DD:A5SS:12023	DD	A5SS	ENSG00000141504	SAT2	-0.091	-0.031716331110738905	0.9773333731983721	0.9456170420876332	203	5	1
DD:A5SS:12025	DD	A5SS	ENSG00000101782	RIOK3	-0.332	-0.36227567396537363	0.9694965846425114	0.6072209106771378	1111.75	3	2
DD:A5SS:12049	DD	A5SS	ENSG00000178999	AURKB	-0.316	-0.2969491843505001	0.9957435656448814	0.6987943812943813	166	10	3
DD:A5SS:12085	DD	A5SS	ENSG00000108591	DRG2	0.087	0.05652973117959578	0.0016666666666666666	0.058196397846262446	297.625	1	2
DD:A5SS:12116	DD	A5SS	ENSG00000119125	GDA	0.177	0.5946835803895274	0.07892952994402269	0.6736131103335501	158.125	2	2
DD:A5SS:12128	DD	A5SS	ENSG00000130713	EXOSC2	0.32	0.32087604796372504	0.013047985342657288	0.3339240333063823	464.625	1	4
DD:A5SS:12262	DD	A5SS	ENSG00000186166	CENATAC	0.262	0.5267216913242612	0.3475499257876891	0.8742716171119503	278.75	6	5
DD:A5SS:12280	DD	A5SS	ENSG00000131470	PSMC3IP	-0.224	-0.10330879202497789	0.7201364416734436	0.6168276496484657	44.75	2	2
DD:A5SS:12383	DD	A5SS	ENSG00000167107	ACSF2	-0.076	0.0016968325791855143	0.9950980392156863	0.9967948717948718	59.125	4	1
DD:A5SS:12450	DD	A5SS	ENSG00000090686	USP48	0.231	0.1008686900292047	0.025329733962910668	0.12619842399211537	309.375	1	5
DD:A5SS:12467	DD	A5SS	ENSG00000136935	GOLGA1	0.15	0.15565406217345873	0	0.15565406217345873	42.75	2	10
DD:A5SS:12496	DD	A5SS	ENSG00000125458	NT5C	0.312	0.4185147276063372	0.1614240859214568	0.579938813527794	491.125	4	4
DD:A5SS:12498	DD	A5SS	ENSG00000125458	NT5C	-0.259	-0.1617620107534402	0.9883346884124719	0.8265726776590316	296.5	4	1
DD:A5SS:12614	DD	A5SS	ENSG00000152240	HAUS1	0.071	0.052944959266154876	0.013795350217962663	0.06674030948411754	424	1	2
DD:A5SS:12626	DD	A5SS	ENSG00000101751	POLI	0.216	0.25026594550712017	0.01222657059921211	0.2624925161063323	157.125	3	12
DD:A5SS:12692	DD	A5SS	ENSG00000099817	POLR2E	-0.196	-0.08869661196649226	0.9891659369008717	0.9004693249343795	5678.75	2	1
DD:A5SS:12781	DD	A5SS	ENSG00000105397	TYK2	-0.19	-0.05512203724196274	0.9831866197183099	0.9280645824763472	66.25	9	1
DD:A5SS:12802	DD	A5SS	ENSG00000126249	PDCD2L	-0.209	-0.15440458418933067	0.9813081838848953	0.8269035996955646	220.875	4	1
DD:A5SS:12815	DD	A5SS	ENSG00000123154	WDR83	-0.173	-0.14072718474147683	0.9794606910684387	0.8387335063269619	287.25	5	1
DD:A5SS:12823	DD	A5SS	ENSG00000104907	TRMT1	-0.128	-0.2094494624929787	0.9455845073117491	0.7361350448187705	286.375	9	4
DD:A5SS:12839	DD	A5SS	ENSG00000037757	MRI1	-0.14	-0.0500738563238563	1	0.9499261436761437	41.5	24	2
DD:A5SS:12841	DD	A5SS	ENSG00000151092	NGLY1	-0.54	-0.6760376575179208	0.9199927156177157	0.24395505809979495	62.25	1	1
DD:A5SS:12851	DD	A5SS	ENSG00000186204	CYP4F12	-0.268	-0.2019746710828646	0.9967698562640855	0.7947951851812209	244.125	6	3
DD:A5SS:12862	DD	A5SS	ENSG00000127527	EPS15L1	-0.097	-0.04133955985447757	0.9974897285798288	0.9561501687253512	288	10	1
DD:A5SS:12922	DD	A5SS	ENSG00000140416	TPM1	0.524	0.39431582909843776	0	0.39431582909843776	25.25	1	2
DD:A5SS:13019	DD	A5SS	ENSG00000089123	TASP1	-0.215	-0.21491011296455031	0.9850960399592799	0.7701859269947295	215.625	4	1
DD:A5SS:13029	DD	A5SS	ENSG00000198001	IRAK4	-0.103	-0.11926525915710773	0.9071884384384384	0.7879231792813307	52.625	15	4
DD:A5SS:13086	DD	A5SS	ENSG00000104859	CLASRP	-0.13	-0.20578092259050906	0.9771596726464881	0.771378750055979	184.625	9	2
DD:A5SS:13087	DD	A5SS	ENSG00000104859	CLASRP	0.28	0.4232888254673522	0.48440789690789693	0.9076967223752491	184.25	8	1
DD:A5SS:13110	DD	A5SS	ENSG00000142273	CBLC	0.229	0.2510274796247902	0.010703112691236765	0.26173059231602697	687.625	3	7
DD:A5SS:13194	DD	A5SS	ENSG00000167757	KLK11	0.255	0.20936877389793745	0.030229483174002605	0.23959825707194007	1423.25	1	3
DD:A5SS:13197	DD	A5SS	ENSG00000186474	KLK12	0.064	0.09483306529278963	0.006179194999016776	0.1010122602918064	271.625	2	8
DD:A5SS:13198	DD	A5SS	ENSG00000167759	KLK13	0.199	0.11661962324015687	0.011592844867590268	0.12821246810774714	738.875	2	4
DD:A5SS:13250	DD	A5SS	ENSG00000100209	HSCB	0.321	0.32928315236212824	0.11758530142158477	0.44686845378371304	163.375	2	3
DD:A5SS:13276	DD	A5SS	ENSG00000101365	IDH3B	-0.088	-0.04125904042803841	0.9733410292678404	0.932081988839802	2489.5	6	1
DD:A5SS:13288	DD	A5SS	ENSG00000125779	PANK2	-0.515	-0.5328478133531502	0.6887874586313989	0.15593964527824872	1294	1	3
DD:A5SS:13335	DD	A5SS	ENSG00000101294	HM13	0.11	0.07126336874546703	0.0015313985714366534	0.07279476731690368	2497.75	1	2
DD:A5SS:13457	DD	A5SS	ENSG00000000419	DPM1	-0.246	-0.10115546258701857	0.9695361115480956	0.868380648961077	588.125	6	1
DD:A5SS:13518	DD	A5SS	ENSG00000166979	EVA1C	0.261	0.3824852303365165	0.26300235653038073	0.6454875868668972	123.75	3	3
DD:A5SS:13519	DD	A5SS	ENSG00000166979	EVA1C	0.127	0.12661976760923654	0.05139343965438657	0.17801320726362313	517.25	3	9
DD:A5SS:13523	DD	A5SS	ENSG00000159086	PAXBP1	0.279	0.4039297331179836	0.15154338912060256	0.5554731222385861	51.25	5	4
DD:A5SS:13647	DD	A5SS	ENSG00000178026	LRRC75B	0.28	0.11647515918690468	0.2053981348637016	0.3218732940506063	32.75	13	20
DD:A5SS:13668	DD	A5SS	ENSG00000138942	RNF185	0.061	0.04965322044961078	0.006026968156109743	0.05568018860572052	408.75	1	6
DD:A5SS:13762	DD	A5SS	ENSG00000120616	EPC1	0.154	-0.03444443983126848	0.09978534892217757	0.06534090909090909	22	1	2
DD:A5SS:13770	DD	A5SS	ENSG00000165195	PIGA	-0.43	-0.5496744499993643	0.8746135977843295	0.32493914778496513	143.5	1	1
DD:A5SS:13882	DD	A5SS	ENSG00000095066	HOOK2	0.233	0.17745203199663948	0.0050840752875258785	0.18253610728416536	501.875	2	7
DD:A3SS:77	DD	A3SS	ENSG00000102081	FMR1	-0.115	-0.05778241273494433	0.9968354430379747	0.9390530303030303	40.625	13	1
DD:A3SS:163	DD	A3SS	ENSG00000175354	PTPN2	-0.105	-0.10452409740143886	0.9951120243462626	0.8905879269448237	889.5	4	2
DD:A3SS:168	DD	A3SS	ENSG00000148248	SURF4	0.099	0.10860168027200977	0.01418472406892266	0.12278640434093242	3014.625	1	1
DD:A3SS:205	DD	A3SS	ENSG00000171097	KYAT1	0.083	0.026299361588049727	0	0.026299361588049727	59.125	1	5
DD:A3SS:217	DD	A3SS	ENSG00000148334	PTGES2	0.061	0.0432211612889134	0.017791761998756168	0.06101292328766957	1696.375	1	2
DD:A3SS:226	DD	A3SS	ENSG00000106992	AK1	-0.055	-0.06028314839195992	0.9901058639331451	0.9298227155411852	1660.375	2	1
DD:A3SS:270	DD	A3SS	ENSG00000134905	CARS2	0.13	0.14811985985705234	0.02812337421033073	0.17624323406738307	344.125	2	3
DD:A3SS:275	DD	A3SS	ENSG00000006712	PAF1	-0.087	-0.05068469455736391	0.9978856841598241	0.9472009896024602	394.625	2	1
DD:A3SS:298	DD	A3SS	ENSG00000168291	PDHB	0.051	0.05012928658342489	0.001759659269949576	0.05188894585337446	2606.5	1	2
DD:A3SS:662	DD	A3SS	ENSG00000155096	AZIN1	0.171	0.1532015820407341	0.01652491587229743	0.16972649791303154	1665.625	2	3
DD:A3SS:711	DD	A3SS	ENSG00000164941	INTS8	-0.356	-0.36827314191444627	0.9783993783993784	0.6101262364849321	120.5	9	3
DD:A3SS:756	DD	A3SS	ENSG00000114745	GORASP1	0.118	0.6540372709737556	0.14175902244955954	0.7957962934233151	64	1	1
DD:A3SS:757	DD	A3SS	ENSG00000114745	GORASP1	0.133	0.49244852369852377	0.1581196581196581	0.6505681818181819	14.25	1	1
DD:A3SS:913	DD	A3SS	ENSG00000104756	KCTD9	0.199	0.21157834222926064	0.036967134575800795	0.24854547680506145	442	2	5
DD:A3SS:989	DD	A3SS	ENSG00000144591	GMPPA	-0.08	-0.0431053316481933	0.9965208828784715	0.9534155512302782	726	5	1
DD:A3SS:1085	DD	A3SS	ENSG00000123240	OPTN	0.085	0.031678503941185814	0.0029868338759080773	0.03466533781709389	429.75	1	4
DD:A3SS:1160	DD	A3SS	ENSG00000106348	IMPDH1	0.133	0.10719516654277202	0.002556056167497213	0.10975122271026923	462	1	6
DD:A3SS:1197	DD	A3SS	ENSG00000198898	CAPZA2	0.061	0.05673613432660882	0.00679519949497508	0.0635313338215839	4251.75	1	1
DD:A3SS:1233	DD	A3SS	ENSG00000129484	PARP2	-0.278	-0.36912451305326077	0.978614917977753	0.6094904049244922	367.125	4	2
DD:A3SS:1379	DD	A3SS	ENSG00000135164	DMTF1	0.291	0.21151849882757517	0.04304029304029304	0.25455879186786823	37.875	3	10
DD:A3SS:1380	DD	A3SS	ENSG00000135164	DMTF1	0.295	0.3106660236301477	0.03535980148883375	0.3460258251189815	41.625	2	10
DD:A3SS:1419	DD	A3SS	ENSG00000106077	ABHD11	0.385	0.467541881229971	0.06655052809135445	0.5340924093213254	174.625	1	1
DD:A3SS:1508	DD	A3SS	ENSG00000122678	POLM	-0.199	-0.28695251880735745	0.5823412698412698	0.2953887510339123	22.25	3	6
DD:A3SS:1527	DD	A3SS	ENSG00000136840	ST6GALNAC4	0.111	0.10848902146374409	0.04684563950778431	0.1553346609715284	135.375	2	6
DD:A3SS:1566	DD	A3SS	ENSG00000179335	CLK3	-0.412	-0.39740935961155854	0.9615427350845862	0.5641333754730277	1435.25	2	1
DD:A3SS:1607	DD	A3SS	ENSG00000119953	SMNDC1	0.313	0.30878014193810244	0.011893677600543672	0.3206738195386461	597.5	2	5
DD:A3SS:1630	DD	A3SS	ENSG00000136261	BZW2	-0.22	-0.1586522548599293	0.9937976068137649	0.8351453519538357	493.625	3	1
DD:A3SS:1774	DD	A3SS	ENSG00000089127	OAS1	-0.138	-0.10120696882975166	0.9832344823613206	0.8820275135315689	1984.375	4	2
DD:A3SS:1794	DD	A3SS	ENSG00000160345	PIERCE1	0.091	-0.0790444230099403	0.9913793103448276	0.9123348873348873	23.5	3	2
DD:A3SS:1813	DD	A3SS	ENSG00000112357	PEX7	0.301	0.005251683116894859	0.006352239718697447	0.011603922835592306	175.375	1	13
DD:A3SS:1814	DD	A3SS	ENSG00000275835	TUBGCP5	0.172	0.1588233977801647	0.011352040816326531	0.17017543859649123	72.875	2	8
DD:A3SS:1844	DD	A3SS	ENSG00000112319	EYA4	-0.2	-0.06607142857142856	1	0.9339285714285714	17.125	23	1
DD:A3SS:1853	DD	A3SS	ENSG00000126460	PRRG2	0.087	0.03257949462869563	0.01733580040031653	0.04991529502901216	82.625	2	6
DD:A3SS:1901	DD	A3SS	ENSG00000242114	MTFP1	0.088	0.07157437505183067	0.06902891610610093	0.1406032911579316	1006.375	1	1
DD:A3SS:1961	DD	A3SS	ENSG00000102312	PORCN	-0.134	-0.28701151534376507	0.5816626006878385	0.2946510853440734	1051.375	3	5
DD:A3SS:2002	DD	A3SS	ENSG00000130717	UCK1	-0.103	-0.08329818096059638	0.9918022428630082	0.9085040619024118	566	5	1
DD:A3SS:2151	DD	A3SS	ENSG00000096063	SRPK1	0.076	0.048817512044302576	0.013359535786540545	0.06217704783084312	725.5	1	4
DD:A3SS:2209	DD	A3SS	ENSG00000146409	SLC18B1	0.173	0.1525803552480577	0.009973132174624713	0.16255348742268239	173.125	1	4
DD:A3SS:2210	DD	A3SS	ENSG00000234545	FAM133B	-0.571	-0.48332349426119325	0.9640357395410519	0.4807122452798587	315.875	5	2
DD:A3SS:2221	DD	A3SS	ENSG00000151694	ADAM17	0.146	0.162653723047008	0.01799775544168012	0.18065147848868812	153.375	1	4
DD:A3SS:2230	DD	A3SS	ENSG00000109736	MFSD10	-0.212	-0.10179918078461592	0.9897459977723647	0.8879468169877488	811.625	4	1
DD:A3SS:2270	DD	A3SS	ENSG00000109113	RAB34	-0.086	-0.0690639162171165	0.9907258472631304	0.9216619310460139	800.875	6	1
DD:A3SS:2288	DD	A3SS	ENSG00000204386	NEU1	-0.081	-0.07093575753680792	0.9941366099953507	0.9232008524585428	1089	2	1
DD:A3SS:2329	DD	A3SS	ENSG00000137312	FLOT1	-0.258	-0.18166544525437678	0.9838650813630054	0.8021996361086287	435.125	3	1
DD:A3SS:2339	DD	A3SS	ENSG00000166471	TMEM41B	0.169	0.15429394628914272	0.012522144131807769	0.1668160904209505	663.875	2	7
DD:A3SS:2342	DD	A3SS	ENSG00000168118	RAB4A	-0.287	-0.30882781994963704	0.9371870932592057	0.6283592733095686	1462.5	1	2
DD:A3SS:2413	DD	A3SS	ENSG00000171206	TRIM8	0.075	0.018735431235431234	0.038461538461538464	0.0571969696969697	14.625	1	8
DD:A3SS:2500	DD	A3SS	ENSG00000079385	CEACAM1	-0.208	-0.21455664961648746	0.9815697164338701	0.7670130668173827	3051.25	3	3
DD:A3SS:2514	DD	A3SS	ENSG00000168216	LMBRD1	-0.051	-0.060413066739644083	0.995607970101521	0.9351949033618769	1182.5	2	2
DD:A3SS:2516	DD	A3SS	ENSG00000146063	TRIM41	-0.218	-0.13312537767025467	0.9499119200594782	0.8167865423892235	59.375	10	4
DD:A3SS:2590	DD	A3SS	ENSG00000173137	ADCK5	-0.195	-0.15649781126104223	0.9470437848856663	0.7905459736246241	124.875	7	1
DD:A3SS:2594	DD	A3SS	ENSG00000106258	CYP3A5	0.527	0.6869697591015491	0.05795036607178748	0.7449201251733366	1393.625	8	6
DD:A3SS:2612	DD	A3SS	ENSG00000141499	WRAP53	0.194	0.22829732933964694	0.022923237311081337	0.2512205666507283	340.125	3	4
DD:A3SS:2638	DD	A3SS	ENSG00000113272	THG1L	-0.093	-0.06278663689229025	0.9922355618362588	0.9294489249439686	618.875	2	1
DD:A3SS:2655	DD	A3SS	ENSG00000204348	DXO	-0.444	-0.5827900938713008	0.9222813588825094	0.33949126501120863	186.5	4	4
DD:A3SS:2708	DD	A3SS	ENSG00000157800	SLC37A3	0.253	0.2058118363934067	0.009730320699708455	0.21554215709311514	301.125	1	5
DD:A3SS:2798	DD	A3SS	ENSG00000178694	NSUN3	-0.118	-0.16642471987480623	0.9769840839024424	0.8105593640276362	139.5	4	1
DD:A3SS:2883	DD	A3SS	ENSG00000065485	PDIA5	-0.189	-0.1881353394275289	0.9752041178117128	0.7870687783841839	386.625	3	2
DD:A3SS:2912	DD	A3SS	ENSG00000023892	DEF6	0.143	0.19596150395437276	0.009905660377358492	0.20586716433173124	121.25	1	3
DD:A3SS:3026	DD	A3SS	ENSG00000113356	POLR3G	0.224	-0.19166666666666676	0.8583333333333334	0.6666666666666666	4.25	3	1
DD:A3SS:3027	DD	A3SS	ENSG00000092036	HAUS4	0.118	0.028502073948368886	0.0028792025634261013	0.03138127651179499	251	1	11
DD:A3SS:3082	DD	A3SS	ENSG00000140931	CMTM3	0.108	0.10663300004141368	0.03701342447472478	0.14364642451613846	127.625	1	3
DD:A3SS:3269	DD	A3SS	ENSG00000112992	NNT	0.058	-0.00412894696017709	0.018256034466125125	0.014127087505948035	206	1	4
DD:A3SS:3415	DD	A3SS	ENSG00000124279	FASTKD3	0.187	0.24570088479409308	0.17417561100778695	0.41987649580188	219.125	5	5
DD:A3SS:3417	DD	A3SS	ENSG00000000460	FIRRM	-0.261	-0.12008318863896161	0.956103272642117	0.8360200840031554	67.5	15	3
DD:A3SS:3432	DD	A3SS	ENSG00000146918	NCAPG2	-0.114	-0.029027088502895038	0.9883012820512821	0.959274193548387	98.125	12	1
DD:A3SS:3438	DD	A3SS	ENSG00000100335	MIEF1	-0.158	-0.19376671904272263	0.6442471878881757	0.45048046884545306	353.875	2	2
DD:A3SS:3496	DD	A3SS	ENSG00000168538	TRAPPC11	-0.187	-0.12347226574424885	0.9970588235294118	0.8735865577851629	98.25	3	1
DD:A3SS:3694	DD	A3SS	ENSG00000132600	PRMT7	0.295	0.19899315815048613	0.02586720064413389	0.22486035879462002	81.5	2	10
DD:A3SS:3812	DD	A3SS	ENSG00000132906	CASP9	0.164	0.10483588018288365	0.019762565394640053	0.1245984455775237	134.875	1	7
DD:A3SS:3892	DD	A3SS	ENSG00000107959	PITRM1	0.147	0.057667148999700726	0.0013790311596725132	0.05904618015937324	303.75	1	8
DD:A3SS:3900	DD	A3SS	ENSG00000107959	PITRM1	-0.134	-0.0875912154329771	0.9890671381309466	0.9014759226979695	252.75	5	1
DD:A3SS:3910	DD	A3SS	ENSG00000115211	EIF2B4	-0.256	-0.18255827705880057	0.9932973680161369	0.8107390909573363	1224.875	3	1
DD:A3SS:4013	DD	A3SS	ENSG00000124357	NAGK	-0.099	-0.05577754240760868	0.9831879917887804	0.9274104493811717	1018.625	4	1
DD:A3SS:4074	DD	A3SS	ENSG00000143971	ETAA1	-0.08	-0.10336874044096267	0.9385245731607814	0.8351558327198187	143.5	4	1
DD:A3SS:4306	DD	A3SS	ENSG00000070814	TCOF1	-0.199	-0.20785681967013458	0.9918032786885246	0.78394645901839	40.5	10	3
DD:A3SS:4314	DD	A3SS	ENSG00000171566	PLRG1	-0.072	-0.05527361063264491	0.9983055601949128	0.9430319495622679	1200.25	3	1
DD:A3SS:4574	DD	A3SS	ENSG00000147852	VLDLR	-0.138	-0.06250994878030158	1	0.9374900512196984	122.375	10	2
DD:A3SS:4757	DD	A3SS	ENSG00000108654	DDX5	0.097	0.037313825478114286	0.005936304520852581	0.043250129998966866	8103.625	1	1
DD:A3SS:4758	DD	A3SS	ENSG00000108654	DDX5	0.095	0.023414950035724812	0.00901014908577789	0.0324250991215027	8072.5	1	1
DD:A3SS:4848	DD	A3SS	ENSG00000125447	GGA3	0.09	0.09829323408681961	0	0.09829323408681961	108.125	1	5
DD:A3SS:4849	DD	A3SS	ENSG00000169490	TM2D2	0.354	0.33721296153442937	0.06029250579232675	0.3975054673267561	1423.25	1	1
DD:A3SS:4901	DD	A3SS	ENSG00000162302	RPS6KA4	-0.308	-0.24375465734380242	0.9940165247818871	0.7502618674380847	212.875	8	1
DD:A3SS:4932	DD	A3SS	ENSG00000117682	DHDDS	0.236	0.16467649781466265	0.0038860103626943004	0.16856250817735696	216.5	2	9
DD:A3SS:4941	DD	A3SS	ENSG00000111667	USP5	0.158	0.12959124862310772	0.00837033233488576	0.1379615809579935	545.375	1	2
DD:A3SS:4961	DD	A3SS	ENSG00000110619	CARS1	0.172	0.07873618761435035	0.0024676379689138705	0.08120382558326422	645.625	1	6
DD:A3SS:4967	DD	A3SS	ENSG00000110619	CARS1	0.099	0.09237969613467968	0.03833563743280795	0.13071533356748763	671.5	2	6
DD:A3SS:4988	DD	A3SS	ENSG00000013441	CLK1	-0.083	-0.02984840991659299	0.9920815294097599	0.9622331194931669	576.75	5	1
DD:A3SS:5110	DD	A3SS	ENSG00000122335	SERAC1	-0.251	-0.19441636827906994	0.9917956656346749	0.797379297355605	95.125	7	2
DD:A3SS:5117	DD	A3SS	ENSG00000141580	WDR45B	-0.188	-0.20456159547958608	0.9425151408406518	0.7379535453610657	1071.5	3	1
DD:A3SS:5169	DD	A3SS	ENSG00000113812	ACTR8	0.155	0.1657399328307147	0.007313808131478696	0.1730537409621934	258.625	1	5
DD:A3SS:5202	DD	A3SS	ENSG00000172663	TMEM134	0.119	0.17811917148149978	0.19857915213284164	0.3766983236143414	1250.375	3	4
DD:A3SS:5345	DD	A3SS	ENSG00000141013	GAS8	0.33	0.48963712090009265	0.03637491540717347	0.5260120363072661	77.5	3	5
DD:A3SS:5364	DD	A3SS	ENSG00000088836	SLC4A11	-0.061	-0.08436989812065321	0.9983870967741936	0.9140171986535404	169.75	16	1
DD:A3SS:5369	DD	A3SS	ENSG00000001084	GCLC	0.085	0.08682183874702976	0.0014920128751827386	0.08831385162221249	894.5	1	1
DD:A3SS:5408	DD	A3SS	ENSG00000167291	TBC1D16	0.367	0.6845238095238095	0	0.6845238095238095	3	7	3
DD:A3SS:5409	DD	A3SS	ENSG00000167291	TBC1D16	0.272	0.42108585858585856	0	0.42108585858585856	6.125	7	8
DD:A3SS:5432	DD	A3SS	ENSG00000135341	MAP3K7	0.177	0.1568759626682253	0.04929290349601144	0.2061688661642367	459.625	2	3
DD:A3SS:5446	DD	A3SS	ENSG00000157881	PANK4	-0.408	-0.5457819680939562	0.8893600517129929	0.3435780836190367	56.25	7	6
DD:A3SS:5467	DD	A3SS	ENSG00000000457	SCYL3	0.171	0.13624394766895093	0.042100940190237995	0.17834488785918892	134.875	2	8
DD:A3SS:5492	DD	A3SS	ENSG00000247596	TWF2	-0.184	-0.18494284971249175	0.9932630354943639	0.8083201857818721	1006.75	1	1
DD:A3SS:5588	DD	A3SS	ENSG00000018189	RUFY3	0.334	0.43065476190476193	0.06696428571428571	0.4976190476190476	30	4	6
DD:A3SS:5662	DD	A3SS	ENSG00000157625	TAB3	-0.281	-0.08974666391898989	0.9767839687194526	0.8870373048004627	25.25	18	2
DD:A3SS:5691	DD	A3SS	ENSG00000213930	GALT	-0.149	-0.09033888845544968	0.9774831139617441	0.8871442255062945	185.75	5	1
DD:A3SS:5737	DD	A3SS	ENSG00000133731	IMPA1	-0.105	-0.07728113493553412	0.9990157480314961	0.9217346130959619	227	4	1
DD:A3SS:5836	DD	A3SS	ENSG00000162298	SYVN1	-0.061	-0.020467064226875054	0.9978632478632479	0.9773961836363728	351.125	5	1
DD:A3SS:5859	DD	A3SS	ENSG00000109805	NCAPG	-0.084	-0.01835568355683559	1	0.9816443164431644	128.5	12	1
DD:A3SS:5887	DD	A3SS	ENSG00000172613	RAD9A	-0.131	-0.14358907811506483	0.9592016896387237	0.8156126115236588	105	7	1
DD:A3SS:5907	DD	A3SS	ENSG00000154102	C16orf74	-0.053	-0.06237712102401538	0.5816225364735582	0.5192454154495428	554.25	3	3
DD:A3SS:5909	DD	A3SS	ENSG00000086189	DIMT1	-0.198	-0.10396305289951835	0.9883119929995956	0.8843489401000773	1354.5	4	1
DD:A3SS:5921	DD	A3SS	ENSG00000127080	IPPK	-0.307	-0.2774486898173335	0.9644076876550489	0.6869589978377154	291.875	1	1
DD:A3SS:5974	DD	A3SS	ENSG00000164180	TMEM161B	-0.093	-0.04041353383458646	0.9868421052631579	0.9464285714285714	16.875	34	3
DD:A3SS:6067	DD	A3SS	ENSG00000110931	CAMKK2	0.081	0.044044534135753065	0.002403846153846154	0.04644838028959922	129.875	1	12
DD:A3SS:6112	DD	A3SS	ENSG00000160058	BSDC1	-0.115	-0.0844172879506001	0.9896613201943846	0.9052440322437845	300.125	4	1
DD:A3SS:6113	DD	A3SS	ENSG00000160058	BSDC1	-0.248	-0.3366731678439122	0.9323631360777587	0.5956899682338465	58.375	2	1
DD:A3SS:6143	DD	A3SS	ENSG00000144029	MRPS5	-0.388	-0.2700287460995501	0.9740639810423214	0.7040352349427713	1759.375	2	2
DD:A3SS:6183	DD	A3SS	ENSG00000059691	GATB	-0.061	-0.052732500201393306	0.9994553376906318	0.9467228374892385	352.75	3	1
DD:A3SS:6202	DD	A3SS	ENSG00000013375	PGM3	-0.061	-0.05334925121992673	0.9988579653009183	0.9455087140809916	430.375	4	1
DD:A3SS:6219	DD	A3SS	ENSG00000125967	NECAB3	0.071	0.082500735478933	0.013157894736842105	0.0956586302157751	40.875	2	15
DD:A3SS:6437	DD	A3SS	ENSG00000168883	USP39	0.173	0.09357881136059497	0.022518795855079043	0.11609760721567401	1058.375	2	7
DD:A3SS:6446	DD	A3SS	ENSG00000115486	GGCX	-0.388	-0.20305455591303767	0.9966452245037063	0.7935906685906686	164.5	3	2
DD:A3SS:6507	DD	A3SS	ENSG00000163161	ERCC3	-0.136	-0.11182012194039048	0.9974365108575635	0.885616388917173	319	2	1
DD:A3SS:6678	DD	A3SS	ENSG00000103066	PLA2G15	-0.123	-0.10205400940281462	0.8940923323226853	0.7920383229198706	249	3	1
DD:A3SS:6696	DD	A3SS	ENSG00000108819	PPP1R9B	0.072	0.05877616747181964	0	0.05877616747181964	27	1	4
DD:A3SS:6750	DD	A3SS	ENSG00000142528	ZNF473	0.342	0.4120574244473861	0.4298549201032223	0.8419123445506084	220.75	1	1
DD:A3SS:6751	DD	A3SS	ENSG00000086827	ZW10	-0.087	-0.09625304495236287	0.9937585613002743	0.8975055163479114	301.125	4	2
DD:A3SS:6830	DD	A3SS	ENSG00000186141	POLR3C	0.061	0.04213606173899245	0	0.04213606173899245	412.875	1	6
DD:A3SS:6910	DD	A3SS	ENSG00000163798	SLC4A1AP	-0.08	-0.05649381439303558	0.998850822521004	0.9423570081279684	813.125	2	1
DD:A3SS:6961	DD	A3SS	ENSG00000070061	ELP1	-0.158	-0.07697113329020244	0.9966666666666667	0.9196955333764643	75	5	1
DD:A3SS:7337	DD	A3SS	ENSG00000028310	BRD9	0.234	0.1481674297926572	0.0029411764705882353	0.15110860626324543	70.5	1	5
DD:A3SS:7452	DD	A3SS	ENSG00000117640	MTFR1L	-0.152	-0.1338158946344864	0.3050604989255665	0.17124460429108013	161.25	1	1
DD:A3SS:7631	DD	A3SS	ENSG00000172171	TEFM	-0.093	-0.05959359497125172	0.9767993718139902	0.9172057768427385	608.5	4	1
DD:A3SS:7787	DD	A3SS	ENSG00000159348	CYB5R1	0.061	0.053068654107116704	0.0011830686487085222	0.054251722755825224	1735.875	1	2
DD:A3SS:7796	DD	A3SS	ENSG00000087077	TRIP6	-0.121	-0.12693408913717497	0.9940443015392699	0.867110212402095	2269.375	1	1
DD:A3SS:7995	DD	A3SS	ENSG00000156603	MED19	0.072	0.03872239224535568	0.009629020106131323	0.048351412351487	529	1	2
DD:A3SS:8098	DD	A3SS	ENSG00000168894	RNF181	-0.126	-0.06840109085389423	0.9668012330404069	0.8984001421865127	140.25	1	1
DD:A3SS:8180	DD	A3SS	ENSG00000064102	INTS13	-0.239	-0.192683127466883	0.9927286381331122	0.8000455106662292	463.375	3	1
DD:A3SS:8225	DD	A3SS	ENSG00000128059	PPAT	-0.203	-0.15120698700712942	0.9757370687558524	0.824530081748723	394.75	3	1
DD:A3SS:8253	DD	A3SS	ENSG00000089818	NECAP1	-0.292	-0.18825543571123216	0.9719343921857397	0.7836789564745076	719.5	1	1
DD:A3SS:8320	DD	A3SS	ENSG00000168374	ARF4	0.082	0.05691729663506251	0.004948940355840025	0.06186623699090253	6164.625	1	1
DD:A3SS:8359	DD	A3SS	ENSG00000177239	MAN1B1	-0.158	-0.13793180537389205	0.9954706992233855	0.8575388938494934	403.5	2	1
DD:A3SS:8569	DD	A3SS	ENSG00000164548	TRA2A	0.421	0.17418810109172853	0.006007045026363494	0.180195146118092	292	2	1
DD:A3SS:8624	DD	A3SS	ENSG00000196923	PDLIM7	0.197	0.12715520523851595	0.0010557250403929394	0.1282109302789089	1812.75	1	1
DD:A3SS:8712	DD	A3SS	ENSG00000103356	EARS2	0.064	0.039080720353871695	0.007010162963923233	0.04609088331779493	252	1	4
DD:A3SS:8737	DD	A3SS	ENSG00000168710	AHCYL1	-0.105	-0.03683687041078387	1	0.9631631295892161	284.75	5	1
DD:A3SS:8806	DD	A3SS	ENSG00000123473	STIL	-0.138	-0.16666666666666663	1	0.8333333333333334	8.5	24	1
DD:A3SS:8818	DD	A3SS	ENSG00000091140	DLD	0.096	0.07812460959303093	6.069423680897994e-4	0.07873155196112072	2752	1	2
DD:A3SS:8857	DD	A3SS	ENSG00000101452	DHX35	0.246	0.159344020226652	0.12461868068180361	0.2839627009084556	52.375	3	7
DD:A3SS:8898	DD	A3SS	ENSG00000115204	MPV17	-0.068	-0.0596534083593635	0.9482491620050583	0.8885957536456948	634.25	3	1
DD:A3SS:9027	DD	A3SS	ENSG00000125089	SH3TC1	0.066	0.03330812874285981	0.02016489541160594	0.05347302415446575	161.375	1	9
DD:A3SS:9082	DD	A3SS	ENSG00000143499	SMYD2	-0.209	-0.08943180058650912	0.9743422044135257	0.8849104038270166	365.625	3	1
DD:A3SS:9088	DD	A3SS	ENSG00000175467	SART1	0.085	0.08204808133295859	0.0012886597938144332	0.08333674112677301	186.625	1	2
DD:A3SS:9090	DD	A3SS	ENSG00000175467	SART1	0.17	0.12063388636231356	0	0.12063388636231356	186.625	1	2
DD:A3SS:9098	DD	A3SS	ENSG00000123992	DNPEP	-0.092	-0.10707571542467287	0.9086343248544614	0.8015586094297885	1290	3	1
DD:A3SS:9105	DD	A3SS	ENSG00000166986	MARS1	-0.146	-0.11712669808312048	0.9981904560800836	0.8810637579969631	1198	3	1
DD:A3SS:9175	DD	A3SS	ENSG00000161202	DVL3	0.098	0.07634449459359889	0	0.07634449459359889	116.25	1	3
DD:A3SS:9191	DD	A3SS	ENSG00000072756	TRNT1	0.118	0.1086830975840871	0.007781313093210057	0.11646441067729717	832.125	1	3
DD:A3SS:9210	DD	A3SS	ENSG00000169242	EFNA1	-0.07	0.0014872113853113822	0.9219514751979002	0.9234386865832116	832.5	4	1
DD:A3SS:9223	DD	A3SS	ENSG00000082213	C5orf22	-0.297	-0.2794079547532309	0.9819173372217421	0.7025093824685112	370.25	6	1
DD:A3SS:9233	DD	A3SS	ENSG00000115307	AUP1	0.11	0.07619489272561422	0.022381695498663833	0.09857658822427806	5293.125	1	2
DD:A3SS:9493	DD	A3SS	ENSG00000070669	ASNS	0.132	0.06679932739261171	0.0022123893805309734	0.06901171677314269	320.625	1	6
DD:A3SS:9545	DD	A3SS	ENSG00000104783	KCNN4	-0.129	-0.06800098805758492	0.9995412844036697	0.9315402963460848	851.5	11	1
DD:A3SS:9790	DD	A3SS	ENSG00000176261	ZBTB8OS	0.291	0.34449750434086457	0.22123286739317471	0.5657303717340393	175.875	2	2
DD:A3SS:9793	DD	A3SS	ENSG00000119912	IDE	0.092	0.09153225106210777	0.0017605633802816902	0.09329281444238946	147.75	1	6
DD:A3SS:9896	DD	A3SS	ENSG00000015153	YAF2	0.458	0.424941513222328	0.125	0.549941513222328	34.75	3	3
DD:A3SS:9994	DD	A3SS	ENSG00000129197	RPAIN	-0.144	-0.08737580650181764	0.8363066107992513	0.7489308042974336	174.875	7	2
DD:A3SS:10021	DD	A3SS	ENSG00000173559	NABP1	-0.194	0.04360103996596183	0.09881797023105655	0.1424190101970184	172.5	2	3
DD:A3SS:10068	DD	A3SS	ENSG00000079616	KIF22	0.08	0.12312130021865351	0.006582051765337842	0.12970335198399136	587.375	1	1
DD:A3SS:10121	DD	A3SS	ENSG00000156802	ATAD2	-0.071	-0.004208754208754217	0.9814814814814815	0.9772727272727273	32.25	12	1
DD:A3SS:10183	DD	A3SS	ENSG00000103168	TAF1C	0.112	0.17344467034028688	0.7375086880664974	0.9109533584067843	45	9	3
DD:A3SS:10190	DD	A3SS	ENSG00000139044	B4GALNT3	0.109	0.05654761904761904	0	0.05654761904761904	11.5	1	8
DD:A3SS:10193	DD	A3SS	ENSG00000164062	APEH	-0.298	-0.14612527455663282	0.9948150946441088	0.848689820087476	1009.25	4	1
DD:A3SS:10236	DD	A3SS	ENSG00000163481	RNF25	0.075	0.09473730410061888	0.007135695131057471	0.10187299923167635	623.75	1	3
DD:A3SS:10248	DD	A3SS	ENSG00000144567	RETREG2	-0.104	-0.09482444903038045	0.9347952455104303	0.8399707964800498	160.75	2	1
DD:A3SS:10271	DD	A3SS	ENSG00000129946	SHC2	0.142	NA	NA	0.5	0.25	2	1
DD:A3SS:10377	DD	A3SS	ENSG00000087157	PGS1	-0.22	-0.25370276120073254	0.9278826339983244	0.6741798727975918	516.75	4	2
DD:A3SS:10385	DD	A3SS	ENSG00000111665	CDCA3	-0.251	-0.10632785335993922	0.9448005512793842	0.838472697919445	196.375	10	2
DD:A3SS:10486	DD	A3SS	ENSG00000117543	DPH5	-0.204	-0.2278699172499098	0.936964859597659	0.7090949423477492	482.5	5	2
DD:A3SS:10510	DD	A3SS	ENSG00000100650	SRSF5	0.256	0.354264248343685	0.0183035560948493	0.37256780443853427	2348.5	1	3
DD:A3SS:10594	DD	A3SS	ENSG00000142330	CAPN10	0.158	0.18918717152659573	0.0036231884057971015	0.19281035993239282	92.75	2	7
DD:A3SS:10596	DD	A3SS	ENSG00000142330	CAPN10	-0.12	-0.08300420843524292	1	0.9169957915647571	94.5	8	1
DD:A3SS:10615	DD	A3SS	ENSG00000250571	GLI4	-0.192	-0.1469161967297462	0.9206168199289642	0.773700623199218	80.875	14	4
DD:A3SS:10628	DD	A3SS	ENSG00000148343	MIGA2	0.056	0.09523809523809523	0	0.09523809523809523	54.625	1	4
DD:A3SS:10671	DD	A3SS	ENSG00000170954	ZNF415	0.452	0.34391882483987746	0.5660714285714286	0.909990253411306	14.5	6	3
DD:A3SS:10726	DD	A3SS	ENSG00000026950	BTN3A1	0.099	0.08333333333333326	0.9166666666666667	1	6.375	13	3
DD:A3SS:10739	DD	A3SS	ENSG00000112855	HARS2	0.144	0.10964859268307142	0.0156973791660922	0.12534597184916363	420.5	1	4
DD:A3SS:10794	DD	A3SS	ENSG00000049860	HEXB	-0.065	-0.04246774402834341	0.980928306568506	0.9384605625401626	3201.75	2	1
DD:A3SS:10865	DD	A3SS	ENSG00000003756	RBM5	-0.34	-0.24283309616020066	0.9877059727711901	0.7448728766109894	259.375	3	1
DD:A3SS:10908	DD	A3SS	ENSG00000214087	ARL16	0.238	0.38900633912475074	0.25262525294764077	0.6416315920723915	781.125	4	1
DD:A3SS:10910	DD	A3SS	ENSG00000092094	OSGEP	0.166	0.19348826176605607	0.009785878078561006	0.2032741398446171	199.875	2	2
DD:A3SS:11066	DD	A3SS	ENSG00000145191	EIF2B5	0.075	0.05840753206751983	0.003917801540307832	0.06232533360782766	1004.875	1	3
DD:A3SS:11204	DD	A3SS	ENSG00000163608	NEPRO	-0.119	-0.12281573446928018	0.9108467682204227	0.7880310337511425	134.875	5	2
DD:A3SS:11212	DD	A3SS	ENSG00000139370	SLC15A4	-0.382	-0.4311979215229892	0.9387208421788433	0.5075229206558541	116.125	2	2
DD:A3SS:11213	DD	A3SS	ENSG00000146826	TRAPPC14	0.17	0.054613095238095224	0.010416666666666668	0.0650297619047619	22.375	1	8
DD:A3SS:11224	DD	A3SS	ENSG00000163389	POGLUT1	0.301	0.13025739711620515	0.0029171486408328512	0.133174545757038	222.5	1	4
DD:A3SS:11374	DD	A3SS	ENSG00000221829	FANCG	-0.204	-0.07263598929488646	0.9827580007191657	0.9101220114242793	63.875	14	1
DD:A3SS:11411	DD	A3SS	ENSG00000119402	FBXW2	-0.3	-0.3069381934357679	0.7885246196060787	0.4815864261703108	593.625	3	3
DD:A3SS:11449	DD	A3SS	ENSG00000169972	PUSL1	-0.104	-0.10943976837997238	0.9582122221704951	0.8487724537905227	203.75	5	2
DD:A3SS:11550	DD	A3SS	ENSG00000114770	ABCC5	0.157	0.2006332069198206	0.028830622354237646	0.22946382927405823	751	2	3
DD:A3SS:11779	DD	A3SS	ENSG00000062485	CS	-0.072	-0.047985773924151154	0.9966696969206208	0.9486839229964696	1129.5	2	1
DD:A3SS:11796	DD	A3SS	ENSG00000155275	TRMT44	-0.463	-0.5191013574059159	0.8030709736818482	0.2839696162759323	139.75	5	3
DD:A3SS:11814	DD	A3SS	ENSG00000103051	COG4	-0.093	-0.07085413901963511	0.9976465026026902	0.9267923635830551	564.75	3	1
DD:A3SS:11837	DD	A3SS	ENSG00000137522	RNF121	-0.07	-0.06837147542284261	0.9935740176888502	0.9252025422660076	349.75	3	1
DD:A3SS:11850	DD	A3SS	ENSG00000126602	TRAP1	0.074	0.05420639585284514	0.002014168796321756	0.056220564649166894	1706.375	1	2
DD:A3SS:11871	DD	A3SS	ENSG00000136877	FPGS	-0.146	-0.10506992736381482	0.9955913297645393	0.8905214024007245	815	6	1
DD:A3SS:12062	DD	A3SS	ENSG00000117360	PRPF3	0.052	0.061421444324270984	0.001436690999101329	0.06285813532337231	493.75	2	5
DD:A3SS:12065	DD	A3SS	ENSG00000130640	TUBGCP2	-0.098	-0.06908471494674584	0.9984709480122325	0.9293862330654866	420.25	9	1
DD:A3SS:12101	DD	A3SS	ENSG00000140983	RHOT2	-0.093	-0.08714570945127831	0.9733861390733715	0.8862404296220932	928.125	8	1
DD:A3SS:12104	DD	A3SS	ENSG00000140983	RHOT2	-0.13	-0.08506676239739674	0.9957841463889415	0.9107173839915448	890.5	7	1
DD:A3SS:12166	DD	A3SS	ENSG00000138821	SLC39A8	-0.056	-0.00594470866450747	0.9879792577256346	0.9820345490611271	117.125	6	2
DD:A3SS:12176	DD	A3SS	ENSG00000284770	TBCE	0.211	0.16731020069889105	0.006487045419072889	0.17379724611796393	247.875	2	5
DD:A3SS:12199	DD	A3SS	ENSG00000147576	ADHFE1	0.177	0.3624126562588315	0.28839240483427414	0.6508050610931057	122.5	13	13
DD:A3SS:12216	DD	A3SS	ENSG00000140987	ZSCAN32	0.257	0.3076615741025244	0.21694468725718724	0.5246062613597117	117.5	3	8
DD:A3SS:12486	DD	A3SS	ENSG00000182979	MTA1	-0.194	-0.34191857912889856	0.961288230472811	0.6193696513439124	107.375	6	2
DD:A3SS:12672	DD	A3SS	ENSG00000106290	TAF6	-0.258	-0.13634780322533935	0.9852774558633561	0.8489296526380168	374.875	5	1
DD:A3SS:12680	DD	A3SS	ENSG00000095485	CWF19L1	-0.242	-0.2033639926270263	0.9853800764995997	0.7820160838725734	113.25	10	3
DD:A3SS:12706	DD	A3SS	ENSG00000107819	SFXN3	0.146	0.14239456716331184	0	0.14239456716331184	153	1	4
DD:A3SS:12707	DD	A3SS	ENSG00000107819	SFXN3	0.152	0.11033977531325226	0	0.11033977531325226	162	1	6
DD:A3SS:12733	DD	A3SS	ENSG00000156374	PCGF6	0.104	0.06888361747318288	0.020137305419563486	0.08902092289274637	114.75	1	4
DD:A3SS:12757	DD	A3SS	ENSG00000186866	POFUT2	0.103	0.03730346885213898	0.934639233330463	0.9719427021826019	135.125	11	1
DD:A3SS:12766	DD	A3SS	ENSG00000125733	TRIP10	-0.394	-0.3528809448209822	0.9752774474947004	0.6223965026737182	430.125	1	1
DD:A3SS:12848	DD	A3SS	ENSG00000073111	MCM2	0.135	0.10100373482726424	0	0.10100373482726424	78.75	1	5
DD:A3SS:12859	DD	A3SS	ENSG00000196954	CASP4	0.097	0.0906272029973155	0.011376238993232911	0.10200344199054841	1229	1	2
DD:A3SS:12899	DD	A3SS	ENSG00000175470	PPP2R2D	-0.11	-0.11542618491325951	0.9716926288095198	0.8562664438962603	374.75	5	2
DD:A3SS:12944	DD	A3SS	ENSG00000148824	MTG1	-0.259	-0.15420946633517574	0.9873840981326338	0.8331746317974581	725.375	3	1
DD:A3SS:12965	DD	A3SS	ENSG00000196547	MAN2A2	0.216	0.2638888888888889	0	0.2638888888888889	6	1	10
DD:A3SS:12986	DD	A3SS	ENSG00000174775	HRAS	0.054	0.07599527423166874	0.9073383299973203	0.9833336042289891	553.25	4	1
DD:A3SS:13162	DD	A3SS	ENSG00000166788	SAAL1	0.328	0.2658573416878622	0.006910734149195426	0.2727680758370576	579.875	1	3
DD:A3SS:13207	DD	A3SS	ENSG00000111581	NUP107	0.083	0.05869795465862899	0.004421871770804629	0.06311982642943362	290.625	1	7
DD:A3SS:13317	DD	A3SS	ENSG00000100416	TRMU	-0.39	-0.5811392729797935	0.9333389232487828	0.35219965026898925	1259.125	3	3
DD:A3SS:13319	DD	A3SS	ENSG00000100416	TRMU	0.283	0.26252133636811015	0.6861648651410779	0.948686201509188	656.625	3	1
DD:A3SS:13333	DD	A3SS	ENSG00000168487	BMP1	0.332	0.3279446033954244	0.02012352972105294	0.34806813311647733	228.375	3	2
DD:A3SS:13337	DD	A3SS	ENSG00000168487	BMP1	-0.126	-0.10142297997342331	0.6073290893708343	0.505906109397411	252.25	3	5
DD:A3SS:13361	DD	A3SS	ENSG00000213593	TMX2	0.141	0.11554290209971838	0.01391807065360829	0.12946097275332666	2392.625	1	1
DD:A3SS:13449	DD	A3SS	ENSG00000104946	TBC1D17	0.21	0.1899812237055728	0.048641312517851504	0.2386225362234243	269.375	2	2
DD:A3SS:13452	DD	A3SS	ENSG00000162191	UBXN1	-0.051	-0.02602337829784962	0.97471018789721	0.9486868095993604	1205.5	3	1
DD:A3SS:13603	DD	A3SS	ENSG00000172732	MUS81	-0.185	-0.14469916974643182	0.982109278468016	0.8374101087215842	267.75	8	1
DD:A3SS:13651	DD	A3SS	ENSG00000173992	CCS	0.101	0.10527909005883729	0.03853987934032275	0.14381896939916003	128.625	3	7
DD:A3SS:13656	DD	A3SS	ENSG00000173653	RCE1	-0.203	-0.23189016177117427	0.8973203795454752	0.6654302177743009	1463.875	3	2
DD:A3SS:13657	DD	A3SS	ENSG00000173599	PC	-0.151	-0.10848648820328255	1	0.8915135117967175	103	4	1
DD:A3SS:13665	DD	A3SS	ENSG00000172830	SSH3	-0.185	-0.22389907136182008	0.9402697636318132	0.7163706922699932	504.25	8	2
DD:A3SS:13671	DD	A3SS	ENSG00000175634	RPS6KB2	-0.151	-0.09272823180449341	0.9850315054459595	0.8923032736414661	1147	4	1
DD:A3SS:13710	DD	A3SS	ENSG00000161618	ALDH16A1	-0.229	-0.07565517384031828	0.9875772251632913	0.911922051322973	101	4	1
DD:A3SS:13755	DD	A3SS	ENSG00000175575	PAAF1	-0.272	-0.18455147876438227	0.9926619137666577	0.8081104350022754	930.5	3	1
DD:A3SS:13781	DD	A3SS	ENSG00000139546	TARBP2	0.1	0.10576210875628675	0.018722283284887696	0.12448439204117444	306.875	2	7
DD:A3SS:13788	DD	A3SS	ENSG00000159063	ALG8	-0.284	-0.17117650806855533	0.9942023811337382	0.8230258730651828	906.875	3	1
DD:A3SS:13916	DD	A3SS	ENSG00000132680	KHDC4	-0.358	-0.4298927077232356	0.738056442299557	0.3081637345763214	292.75	4	5
DD:A3SS:13938	DD	A3SS	ENSG00000111364	DDX55	-0.182	-0.263904853175034	0.9740449739600432	0.7101401207850092	581.625	8	2
DD:A3SS:14078	DD	A3SS	ENSG00000154114	TBCEL	-0.129	-0.07496948698690775	0.9358160478334686	0.8608465608465609	26.875	15	4
DD:A3SS:14192	DD	A3SS	ENSG00000110074	FOXRED1	-0.281	-0.23467508680054816	0.9800700565470923	0.7453949697465442	325.125	4	2
DD:A3SS:14261	DD	A3SS	ENSG00000135297	MTO1	-0.477	-0.717227442837199	0.8435638435638436	0.12633640072664462	46.625	1	2
DD:A3SS:14263	DD	A3SS	ENSG00000135297	MTO1	0.297	0.2569721822656307	0.017406639719817703	0.2743788219854484	339.375	3	7
DD:A3SS:14300	DD	A3SS	ENSG00000011243	AKAP8L	0.111	0.1627426775394533	0.014376551370462958	0.17711922890991624	639.875	1	4
DD:A3SS:14310	DD	A3SS	ENSG00000011243	AKAP8L	-0.068	-0.07295018460669178	0.9943455158567776	0.9213953312500858	625.5	5	1
DD:A3SS:14337	DD	A3SS	ENSG00000111653	ING4	-0.091	-0.04292249657213876	0.9889219711106504	0.9459994745385116	223.625	7	1
DD:A3SS:14378	DD	A3SS	ENSG00000157764	BRAF	-0.128	-0.03873100270816654	1	0.9612689972918335	61	6	1
DD:A3SS:14592	DD	A3SS	ENSG00000065029	ZNF76	0.183	0.09796855696848071	0.0023148148148148147	0.10028337178329552	131	1	6
DD:A3SS:14797	DD	A3SS	ENSG00000182199	SHMT2	0.14	0.13939873585055676	0.014087476839091144	0.1534862126896479	894.5	3	5
DD:A3SS:14944	DD	A3SS	ENSG00000033627	ATP6V0A1	0.101	0.04382471218763683	0.002131202131202131	0.04595591431883896	299.625	2	6
DD:A3SS:14982	DD	A3SS	ENSG00000186908	ZDHHC17	-0.294	-0.271512163274524	0.9486665924854419	0.677154429210918	55	15	7
DD:A3SS:15020	DD	A3SS	ENSG00000112365	ZBTB24	-0.22	-0.2527885085344763	0.9575889164598842	0.7048004079254079	28.125	9	1
DD:A3SS:15085	DD	A3SS	ENSG00000110906	KCTD10	0.117	0.087177080397845	0.004317804860460085	0.09149488525830508	370.5	1	1
DD:A3SS:15103	DD	A3SS	ENSG00000064961	HMG20B	0.078	0.050723691625762415	0.0010150186826231057	0.05173871030838552	1055.75	1	3
DD:A3SS:15208	DD	A3SS	ENSG00000150967	ABCB9	-0.192	-0.19790755160054385	0.9521428571428572	0.7542353055423133	31	9	3
DD:A3SS:15218	DD	A3SS	ENSG00000111325	OGFOD2	0.169	0.11681390396338631	0.1725658558888904	0.2893797598522767	155.875	3	5
DD:A3SS:15325	DD	A3SS	ENSG00000184056	VPS33B	0.076	0.03281947337924568	0.002688172043010753	0.03550764542225643	116.625	1	2
DD:A3SS:15326	DD	A3SS	ENSG00000161526	SAP30BP	0.059	0.08542021491182991	0.03098010833970079	0.1164003232515307	1945.75	1	4
DD:A3SS:15370	DD	A3SS	ENSG00000120699	EXOSC8	-0.213	-0.21237619571207	0.9856149711183498	0.7732387754062798	2576.375	4	2
DD:A3SS:15398	DD	A3SS	ENSG00000119392	GLE1	-0.12	-0.10093553425263535	0.9962387662366013	0.895303231983966	227	4	1
DD:A3SS:15456	DD	A3SS	ENSG00000253710	ALG11	-0.112	-0.0719835140859374	0.9645820845368188	0.8925985704508814	239.875	2	1
DD:A3SS:15628	DD	A3SS	ENSG00000150401	DCUN1D2	-0.236	-0.03845084410663124	0.35828482328482325	0.319833979178192	106.75	4	6
DD:A3SS:15664	DD	A3SS	ENSG00000165792	METTL17	0.353	0.4418696776403497	0.10875375865736858	0.5506234362977183	430.5	8	7
DD:A3SS:15745	DD	A3SS	ENSG00000100908	EMC9	0.571	0.6383128976911054	0.2671366181636399	0.9054495158547453	477.5	4	2
DD:A3SS:15746	DD	A3SS	ENSG00000100908	EMC9	0.533	0.41531225767167257	0.030433205292360224	0.4457454629640328	122	2	2
DD:A3SS:15753	DD	A3SS	ENSG00000100911	PSME2	0.059	0.08711453382255481	0.03557678441378817	0.12269131823634298	2064.25	1	1
DD:A3SS:15790	DD	A3SS	ENSG00000157379	DHRS1	-0.112	-0.08309981777164999	0.9980958106940878	0.9149959929224378	1340.125	7	1
DD:A3SS:15842	DD	A3SS	ENSG00000079134	THOC1	-0.091	-0.06656249764296007	0.9976679887517838	0.9311054911088237	404.375	6	1
DD:A3SS:15897	DD	A3SS	ENSG00000112031	MTRF1L	0.218	0.20511640033371786	0.07023818051329085	0.2753545808470087	538.125	2	3
DD:A3SS:15898	DD	A3SS	ENSG00000112031	MTRF1L	-0.43	-0.39998402877960626	0.7458363386810773	0.3458523099014711	702.5	5	3
DD:A3SS:15948	DD	A3SS	ENSG00000242802	AP5Z1	0.079	0.0836711258427934	0.009935778907116742	0.09360690474991015	162.125	1	7
DD:A3SS:15957	DD	A3SS	ENSG00000102710	SUPT20H	0.15	0.3211859863047032	0.25524410829171007	0.5764300945964133	123.5	4	6
DD:A3SS:15958	DD	A3SS	ENSG00000102710	SUPT20H	0.161	0.16246088065673336	0.6792904966864795	0.8417513773432128	65.25	4	1
DD:A3SS:15967	DD	A3SS	ENSG00000129219	PLD2	-0.176	-0.10730350460946703	0.98125	0.8739464953905329	48.75	13	1
DD:A3SS:16009	DD	A3SS	ENSG00000119725	ZNF410	-0.072	-0.055926387895256946	0.9801555484507756	0.9242291605555186	620.375	4	1
DD:A3SS:16043	DD	A3SS	ENSG00000100601	ALKBH1	-0.29	-0.36090166457757555	0.9618478532378226	0.6009461886602471	430.125	4	4
DD:A3SS:16069	DD	A3SS	ENSG00000100784	RPS6KA5	0.091	0.029001024760197815	0	0.029001024760197815	62.5	1	9
DD:A3SS:16133	DD	A3SS	ENSG00000088833	NSFL1C	-0.096	-0.08575386514676864	0.9857616486664571	0.9000077835196885	3087.25	3	1
DD:A3SS:16200	DD	A3SS	ENSG00000100711	ZFYVE21	0.059	0.05736347888101995	0.02533840187748733	0.08270188075850728	3352.75	1	1
DD:A3SS:16222	DD	A3SS	ENSG00000185347	TEDC1	-0.147	-0.21858881030074007	0.9336278066477106	0.7150389963469705	116.625	16	5
DD:A3SS:16252	DD	A3SS	ENSG00000100897	DCAF11	-0.104	-0.03278747274454563	0.9984137238013207	0.965626251056775	312.375	4	1
DD:A3SS:16375	DD	A3SS	ENSG00000123600	METTL8	-0.104	-0.07813811945172844	0.9972868707310903	0.9191487512793619	249.25	8	1
DD:A3SS:16388	DD	A3SS	ENSG00000128944	KNSTRN	-0.105	-0.09585910289392141	0.9898906306298145	0.8940315277358931	589	2	1
DD:A3SS:16390	DD	A3SS	ENSG00000128944	KNSTRN	0.058	0.05282532174802999	0.006023211504410715	0.0588485332524407	608.625	1	3
DD:A3SS:16398	DD	A3SS	ENSG00000104129	DNAJC17	0.156	0.1278392399003687	0.004910218375767878	0.13274945827613657	374.375	1	7
DD:A3SS:16461	DD	A3SS	ENSG00000099622	CIRBP	0.107	0.04280789467977068	0.022325333687279864	0.06513322836705054	1800.375	1	3
DD:A3SS:16559	DD	A3SS	ENSG00000128915	ICE2	-0.238	-0.3576039631036044	0.734519827348415	0.3769158642448106	170.25	3	5
DD:A3SS:16723	DD	A3SS	ENSG00000140403	DNAJA4	-0.103	-0.017229730246128727	1	0.9827702697538713	207.375	11	1
DD:A3SS:16778	DD	A3SS	ENSG00000116874	WARS2	0.094	0.08309938890309397	0.0362377784386551	0.11933716734174907	289	1	5
DD:A3SS:16801	DD	A3SS	ENSG00000120533	ENY2	-0.087	-0.07882134448507083	0.9653260489576877	0.8865047044726169	261.375	3	1
DD:A3SS:16830	DD	A3SS	ENSG00000140519	RHCG	-0.238	-0.1780242698729767	0.9734853229343936	0.7954610530614169	2001.75	6	5
DD:A3SS:16836	DD	A3SS	ENSG00000100722	ZC3H14	0.084	0.013873873256801028	0.001139675756412783	0.015013549013213811	511	1	8
DD:A3SS:16902	DD	A3SS	ENSG00000171163	ZNF692	-0.222	-0.3370898853851301	0.9501209574738987	0.6130310720887686	98.125	10	3
DD:A3SS:16915	DD	A3SS	ENSG00000130731	METTL26	0.122	0.16677441107102386	0.2590291226592345	0.42580353373025837	95.125	1	2
DD:A3SS:17003	DD	A3SS	ENSG00000085644	ZNF213	0.346	0.3094854378658969	0.15399796282149222	0.4634834006873891	54.125	6	10
DD:A3SS:17024	DD	A3SS	ENSG00000217930	PAM16	-0.164	-0.004921497584541079	0.8583333333333334	0.8534118357487923	25.125	4	2
DD:A3SS:17090	DD	A3SS	ENSG00000239382	ALKBH6	0.075	0.14552916784097608	0.1258936291136868	0.27142279695466287	249.5	2	6
DD:A3SS:17107	DD	A3SS	ENSG00000005189	REXO5	-0.263	-0.20815421626987285	0.9159163665466186	0.7077621502767457	50.125	19	8
DD:A3SS:17137	DD	A3SS	ENSG00000181929	PRKAG1	0.094	0.08714400567889384	0.006535410574018759	0.0936794162529126	1862	1	2
DD:A3SS:17164	DD	A3SS	ENSG00000261740	BOLA2-SMG1P6	0.288	0.20092635272286224	0.47445462249109066	0.6753809752139529	969.625	2	2
DD:A3SS:17173	DD	A3SS	ENSG00000149923	PPP4C	0.062	0.051200876017637925	0.02588636045452805	0.07708723647216598	7516.375	1	3
DD:A3SS:17235	DD	A3SS	ENSG00000141030	COPS3	0.15	0.12541848171720582	0.004261398294297811	0.12967988001150363	2004.375	1	4
DD:A3SS:17275	DD	A3SS	ENSG00000125124	BBS2	0.185	0.14969352866962346	0.00806203925368597	0.15775556792330944	180	2	6
DD:A3SS:17276	DD	A3SS	ENSG00000125124	BBS2	0.174	0.07722696326289055	0.0035871119281045754	0.08081407519099512	172.125	1	6
DD:A3SS:17279	DD	A3SS	ENSG00000125124	BBS2	-0.213	-0.08186610987511644	1	0.9181338901248836	181.125	7	1
DD:A3SS:17322	DD	A3SS	ENSG00000103037	SETD6	0.265	0.3111513757143286	0.01159956363081363	0.3227509393451422	223.875	2	4
DD:A3SS:17323	DD	A3SS	ENSG00000103037	SETD6	-0.243	0.17552094891921144	0.25	0.42552094891921144	99.5	2	2
DD:A3SS:17324	DD	A3SS	ENSG00000103037	SETD6	-0.23	-0.3603877042371414	0.967784895670227	0.6073971914330856	241.125	4	2
DD:A3SS:17407	DD	A3SS	ENSG00000102977	ACD	0.133	0.1313520153183821	0.01597459077118556	0.14732660608956766	442	1	5
DD:A3SS:17408	DD	A3SS	ENSG00000102977	ACD	-0.102	-0.05234805907115181	0.9858900638031033	0.9335420047319515	442	5	1
DD:A3SS:17428	DD	A3SS	ENSG00000168807	SNTB2	-0.066	-0.03797702728193897	0.998945147679325	0.960968120397386	172.75	4	1
DD:A3SS:17429	DD	A3SS	ENSG00000132604	TERF2	0.191	0.17342908333163257	0.008577712609970674	0.18200679594160324	48.5	2	9
DD:A3SS:17435	DD	A3SS	ENSG00000090857	PDPR	0.211	0.11944444444444444	0	0.11944444444444444	5.875	6	12
DD:A3SS:17437	DD	A3SS	ENSG00000090861	AARS1	-0.109	-0.07958592505578055	0.9962912904470334	0.9167053653912528	506.375	7	1
DD:A3SS:17637	DD	A3SS	ENSG00000108509	CAMTA2	0.129	0.19823097145036506	0.048660714285714286	0.24689168573607934	51	1	3
DD:A3SS:17678	DD	A3SS	ENSG00000108839	ALOX12	-0.17	-0.18125000000000002	1	0.81875	10.125	3	1
DD:A3SS:17771	DD	A3SS	ENSG00000154832	CXXC1	-0.05	-0.054612556620882935	0.9961476415416564	0.9415350849207734	323.875	5	1
DD:A3SS:17813	DD	A3SS	ENSG00000076984	MAP2K7	-0.077	-0.07101625017658819	0.9974451900420038	0.9264289398654156	156.625	4	1
DD:A3SS:17859	DD	A3SS	ENSG00000004139	SARM1	0.667	0.26369047619047614	0.6291666666666667	0.8928571428571428	4.25	7	2
DD:A3SS:17895	DD	A3SS	ENSG00000154222	CC2D1B	-0.159	-0.07302101480836232	1	0.9269789851916377	35.5	14	1
DD:A3SS:17926	DD	A3SS	ENSG00000163584	RPL22L1	0.396	0.11896711214371769	0.7698412698412698	0.8888083819849875	31.625	7	3
DD:A3SS:17966	DD	A3SS	ENSG00000081177	EXD2	-0.111	-0.05578360899173096	0.9981378915202445	0.9423542825285135	236.5	9	1
DD:A3SS:17996	DD	A3SS	ENSG00000127311	HELB	0.402	-0.08333333333333333	0.08333333333333333	0	2.75	1	9
DD:A3SS:18084	DD	A3SS	ENSG00000173757	STAT5B	-0.052	-0.05009057971014497	1	0.949909420289855	28.875	11	1
DD:A3SS:18209	DD	A3SS	ENSG00000121073	SLC35B1	-0.261	-0.33577362661280047	0.7183386700148284	0.38256504340202796	1095.75	2	2
DD:A3SS:18218	DD	A3SS	ENSG00000166260	COX11	-0.244	-0.07762772426265152	0.9692479000661085	0.891620175803457	589	1	3
DD:A3SS:18256	DD	A3SS	ENSG00000148459	PDSS1	0.228	0.27752216717344114	0.021649439216192237	0.29917160638963336	325.125	3	8
DD:A3SS:18293	DD	A3SS	ENSG00000165046	LETM2	-0.36	-0.4220074306281204	0.8823232323232324	0.460315801695112	17.75	6	2
DD:A3SS:18347	DD	A3SS	ENSG00000138448	ITGAV	0.079	0	0	0	19.5	1	10
DD:A3SS:18458	DD	A3SS	ENSG00000185813	PCYT2	0.065	0.0314449721638322	0.01191449371797371	0.04335946588180591	413.25	1	5
DD:A3SS:18466	DD	A3SS	ENSG00000141551	CSNK1D	-0.07	-0.06966821845227544	0.9959774080204006	0.9263091895681251	2543.125	3	1
DD:A3SS:18516	DD	A3SS	ENSG00000101624	CEP76	-0.286	-0.4030513678983031	0.971288801760737	0.5682374338624339	59.5	6	3
DD:A3SS:18607	DD	A3SS	ENSG00000124784	RIOK1	0.23	0.23696415721675407	0.042607434985828654	0.2795715922025827	516.75	1	2
DD:A3SS:18677	DD	A3SS	ENSG00000176225	RTTN	0.073	-0.014755297280202417	0.9950980392156863	0.9803427419354839	35.125	15	1
DD:A3SS:18692	DD	A3SS	ENSG00000100124	ANKRD54	-0.245	-0.05622715422271085	0.998766632456472	0.9425394782337612	399.125	2	1
DD:A3SS:18744	DD	A3SS	ENSG00000099625	CBARP	-0.329	-0.2777777777777778	1	0.7222222222222222	2	6	7
DD:A3SS:18745	DD	A3SS	ENSG00000099625	CBARP	0.415	0.3333333333333333	0	0.3333333333333333	1.75	2	8
DD:A3SS:18788	DD	A3SS	ENSG00000130332	LSM7	-0.139	0.053486997635933786	0.8472222222222222	0.900709219858156	9.125	3	1
DD:A3SS:18813	DD	A3SS	ENSG00000077463	SIRT6	0.06	0.020048261378441956	0.8856821050377945	0.9057303664162365	596.625	6	1
DD:A3SS:18862	DD	A3SS	ENSG00000141994	DUS3L	0.285	0.460389370376998	0.036851931039990626	0.49724130141698863	498	1	2
DD:A3SS:18895	DD	A3SS	ENSG00000167775	CD320	-0.086	-0.06542890996223805	0.9926370633930883	0.9272081534308503	774.75	1	1
DD:A3SS:18946	DD	A3SS	ENSG00000039650	PNKP	0.132	0.12312088186075384	0.0905775501546599	0.21369843201541375	212.75	4	6
DD:A3SS:18975	DD	A3SS	ENSG00000179262	RAD23A	-0.13	-0.12040674027761189	0.9951152724182799	0.874708532140668	3176.625	2	2
DD:A3SS:19040	DD	A3SS	ENSG00000130479	MAP1S	-0.066	-0.0504639388778948	0.9909577024753665	0.9404937635974717	116	3	1
DD:A3SS:19133	DD	A3SS	ENSG00000105705	SUGP1	0.232	0.20297679347804698	0.0066332242188091575	0.20961001769685614	596.125	1	2
DD:A3SS:19134	DD	A3SS	ENSG00000105705	SUGP1	0.149	0.06477035586693725	0.0062338472624239236	0.07100420312936116	553.25	1	2
DD:A3SS:19135	DD	A3SS	ENSG00000105705	SUGP1	-0.366	-0.28719253604749795	0.5152777777777778	0.2280852417302799	81.125	1	1
DD:A3SS:19148	DD	A3SS	ENSG00000105726	ATP13A1	-0.308	-0.2858257827115184	0.9882278151208349	0.7024020324093165	496.625	2	1
DD:A3SS:19422	DD	A3SS	ENSG00000011478	QPCTL	-0.237	0	1	1	3.5	9	1
DD:A3SS:19504	DD	A3SS	ENSG00000104872	PIH1D1	0.1	0.0883698196773672	0.01764746209446849	0.1060172817718357	945.625	2	6
DD:A3SS:19590	DD	A3SS	ENSG00000088038	CNOT3	0.408	0.7000612745098039	0	0.7000612745098039	10.5	1	1
DD:A3SS:19591	DD	A3SS	ENSG00000088038	CNOT3	0.167	0.12799643378425715	0	0.12799643378425715	79.5	1	7
DD:A3SS:19599	DD	A3SS	ENSG00000170889	RPS9	0.13	0.5340161974448685	0.09753446585852374	0.6315506633033923	1677.5	3	3
DD:A3SS:19650	DD	A3SS	ENSG00000164466	SFXN1	-0.057	-0.05723290276742343	0.9824852190068233	0.9252523162393999	790.625	4	1
DD:A3SS:19677	DD	A3SS	ENSG00000125835	SNRPB	0.119	0.3225740182708548	0.011777246118477514	0.3343512643893323	2808.875	2	2
DD:A3SS:19731	DD	A3SS	ENSG00000101247	NDUFAF5	0.136	0.08753780109805703	0.19317962403311367	0.2807174251311707	492.125	3	5
DD:A3SS:19867	DD	A3SS	ENSG00000138231	DBR1	-0.065	-0.06316873933237743	0.9942512664249531	0.9310825270925757	214.875	4	1
DD:A3SS:19970	DD	A3SS	ENSG00000000419	DPM1	0.076	0.0526346130641749	0.008366079831980015	0.061000692896154916	495.875	1	4
DD:A3SS:20024	DD	A3SS	ENSG00000203896	LIME1	-0.151	-0.13612597955986683	0.5344012829650748	0.398275303405208	39.75	2	4
DD:A3SS:20033	DD	A3SS	ENSG00000116815	CD58	0.114	0.17668176206338582	0.08883684681752718	0.265518608880913	1515.625	1	1
DD:A3SS:20097	DD	A3SS	ENSG00000205758	CRYZL1	0.328	0.2940234376656053	0.014014817559564536	0.3080382552251698	924.5	2	5
DD:A3SS:20116	DD	A3SS	ENSG00000100284	TOM1	0.131	0.07652572168802808	0.002045015537079029	0.07857073722510712	501.625	1	3
DD:A3SS:20246	DD	A3SS	ENSG00000099977	DDT	0.337	-0.17188552188552186	0.437037037037037	0.26515151515151514	10.625	1	2
DD:A3SS:20282	DD	A3SS	ENSG00000183963	SMTN	0.304	0.21626288023140194	0.005428947397976183	0.2216918276293781	181.5	1	6
DD:A3SS:20308	DD	A3SS	ENSG00000100353	EIF3D	0.087	0.09072087881034566	0.0020044092450050783	0.09272528805535074	3413.875	1	1
DD:A3SS:20332	DD	A3SS	ENSG00000239900	ADSL	0.076	0.06183891140047263	0.00158333929767237	0.063422250698145	2693.625	1	4
DD:A3SS:20360	DD	A3SS	ENSG00000077942	FBLN1	-0.075	-0.03525409953101444	0.9882673926864104	0.953013293155396	424.375	5	2
DD:A3SS:20371	DD	A3SS	ENSG00000182858	ALG12	-0.065	-0.08291459671516666	0.9312633519157879	0.8483487552006213	432.875	3	1
DD:A3SS:20380	DD	A3SS	ENSG00000128159	TUBGCP6	-0.11	-0.26873126873126874	0.875	0.6062687312687313	8.5	14	6
DD:A3SS:20428	DD	A3SS	ENSG00000169249	ZRSR2	-0.192	-0.2330661871323535	0.9775113746082806	0.7444451874759271	239.25	7	2
DD:A3SS:20495	DD	A3SS	ENSG00000140395	SKIC8	0.178	0.11342259628035037	0.006567954212935078	0.11999055049328544	902.875	1	4
DD:A3SS:20497	DD	A3SS	ENSG00000140395	SKIC8	0.122	0.07365217158761629	0.005784060110487841	0.07943623169810413	902.875	1	4
DD:A3SS:20627	DD	A3SS	ENSG00000163755	HPS3	-0.145	-0.17548777273597638	0.9915156744319815	0.8160279016960051	63.875	3	1
