event_key	cell_type	event_type	gene_id	gene_symbol	n_form1_isos	n_form2_isos	form1_any_ptc	form2_any_ptc	form1_ptc_known	form2_ptc_known	ptc_differs	ptc_in_inclusion	ptc_in_skipping
MV:SE:1253	MV	SE	ENSG00000059769	DNAJC25	2	2	TRUE	FALSE	TRUE	TRUE	TRUE	TRUE	FALSE
MV:SE:1726	MV	SE	ENSG00000134884	ARGLU1	1	1	TRUE	FALSE	TRUE	TRUE	TRUE	TRUE	FALSE
MV:SE:2908	MV	SE	ENSG00000148399	DPH7	6	4	TRUE	TRUE	TRUE	TRUE	FALSE	TRUE	TRUE
MV:SE:3893	MV	SE	ENSG00000169045	HNRNPH1	7	4	FALSE	TRUE	TRUE	TRUE	TRUE	FALSE	TRUE
MV:SE:4224	MV	SE	ENSG00000104331	BPNT2	1	2	TRUE	FALSE	TRUE	TRUE	TRUE	TRUE	FALSE
MV:SE:4854	MV	SE	ENSG00000221914	PPP2R2A	1	2	FALSE	FALSE	TRUE	TRUE	FALSE	FALSE	FALSE
MV:SE:5459	MV	SE	ENSG00000172172	MRPL13	3	1	TRUE	TRUE	TRUE	TRUE	FALSE	TRUE	TRUE
MV:SE:5924	MV	SE	ENSG00000178177	LCORL	4	1	FALSE	FALSE	TRUE	TRUE	FALSE	FALSE	FALSE
MV:SE:6034	MV	SE	ENSG00000153558	FBXL2	3	3	TRUE	TRUE	TRUE	TRUE	FALSE	TRUE	TRUE
MV:SE:6137	MV	SE	ENSG00000132254	ARFIP2	2	5	TRUE	FALSE	TRUE	TRUE	TRUE	TRUE	FALSE
MV:SE:6588	MV	SE	ENSG00000120697	ALG5	1	2	TRUE	TRUE	TRUE	TRUE	FALSE	TRUE	TRUE
MV:SE:6597	MV	SE	ENSG00000120697	ALG5	3	1	TRUE	TRUE	TRUE	TRUE	FALSE	TRUE	TRUE
MV:SE:6770	MV	SE	ENSG00000105821	DNAJC2	5	6	TRUE	TRUE	TRUE	TRUE	FALSE	TRUE	TRUE
MV:SE:6865	MV	SE	ENSG00000087087	SRRT	2	5	FALSE	FALSE	TRUE	TRUE	FALSE	FALSE	FALSE
MV:SE:8112	MV	SE	ENSG00000146963	LUC7L2	1	4	TRUE	FALSE	TRUE	TRUE	TRUE	TRUE	FALSE
MV:SE:8344	MV	SE	ENSG00000189091	SF3B3	1	1	FALSE	FALSE	TRUE	TRUE	FALSE	FALSE	FALSE
MV:SE:8507	MV	SE	ENSG00000106853	PTGR1	2	2	TRUE	FALSE	TRUE	TRUE	TRUE	TRUE	FALSE
MV:SE:8892	MV	SE	ENSG00000119953	SMNDC1	2	4	TRUE	TRUE	TRUE	TRUE	FALSE	TRUE	TRUE
MV:SE:8965	MV	SE	ENSG00000136243	NUP42	3	2	FALSE	FALSE	TRUE	TRUE	FALSE	FALSE	FALSE
MV:SE:9369	MV	SE	ENSG00000196369	SRGAP2B	5	3	TRUE	FALSE	TRUE	TRUE	TRUE	TRUE	FALSE
MV:SE:9410	MV	SE	ENSG00000166912	MTMR10	3	15	TRUE	TRUE	TRUE	TRUE	FALSE	TRUE	TRUE
MV:SE:10551	MV	SE	ENSG00000140262	TCF12	1	11	FALSE	TRUE	TRUE	TRUE	TRUE	FALSE	TRUE
MV:SE:10567	MV	SE	ENSG00000106144	CASP2	3	7	TRUE	FALSE	TRUE	TRUE	TRUE	TRUE	FALSE
MV:SE:10634	MV	SE	ENSG00000111832	RWDD1	1	2	FALSE	FALSE	TRUE	TRUE	FALSE	FALSE	FALSE
MV:SE:10753	MV	SE	ENSG00000175581	MRPL48	1	4	TRUE	TRUE	TRUE	TRUE	FALSE	TRUE	TRUE
MV:SE:11062	MV	SE	ENSG00000185917	SETD4	4	10	TRUE	TRUE	TRUE	TRUE	FALSE	TRUE	TRUE
MV:SE:12559	MV	SE	ENSG00000204256	BRD2	2	4	FALSE	FALSE	TRUE	TRUE	FALSE	FALSE	FALSE
MV:SE:12622	MV	SE	ENSG00000130254	SAFB2	2	1	FALSE	FALSE	TRUE	TRUE	FALSE	FALSE	FALSE
MV:SE:12898	MV	SE	ENSG00000147601	TERF1	3	4	FALSE	FALSE	TRUE	TRUE	FALSE	FALSE	FALSE
MV:SE:13111	MV	SE	ENSG00000159640	ACE	5	5	FALSE	TRUE	TRUE	TRUE	TRUE	FALSE	TRUE
MV:SE:13242	MV	SE	ENSG00000112763	BTN2A1	3	7	TRUE	FALSE	TRUE	TRUE	TRUE	TRUE	FALSE
MV:SE:14469	MV	SE	ENSG00000087206	UIMC1	3	4	FALSE	TRUE	TRUE	TRUE	TRUE	FALSE	TRUE
MV:SE:14677	MV	SE	ENSG00000102543	CDADC1	2	6	TRUE	TRUE	TRUE	TRUE	FALSE	TRUE	TRUE
MV:SE:15679	MV	SE	ENSG00000155368	DBI	1	2	FALSE	TRUE	TRUE	TRUE	TRUE	FALSE	TRUE
MV:SE:16224	MV	SE	ENSG00000065485	PDIA5	2	3	TRUE	TRUE	TRUE	TRUE	FALSE	TRUE	TRUE
MV:SE:16622	MV	SE	ENSG00000112679	DUSP22	3	2	FALSE	TRUE	TRUE	TRUE	TRUE	FALSE	TRUE
MV:SE:16916	MV	SE	ENSG00000171466	ZNF562	5	1	FALSE	FALSE	TRUE	TRUE	FALSE	FALSE	FALSE
MV:SE:17174	MV	SE	ENSG00000254093	PINX1	1	2	FALSE	FALSE	TRUE	TRUE	FALSE	FALSE	FALSE
MV:SE:17771	MV	SE	ENSG00000164347	GFM2	6	2	FALSE	TRUE	TRUE	TRUE	TRUE	FALSE	TRUE
MV:SE:18118	MV	SE	ENSG00000153914	SREK1	2	4	FALSE	FALSE	TRUE	TRUE	FALSE	FALSE	FALSE
MV:SE:18435	MV	SE	ENSG00000134352	IL6ST	1	4	TRUE	TRUE	TRUE	TRUE	FALSE	TRUE	TRUE
MV:SE:18452	MV	SE	ENSG00000134352	IL6ST	3	1	TRUE	TRUE	TRUE	TRUE	FALSE	TRUE	TRUE
MV:SE:19099	MV	SE	ENSG00000087448	KLHL42	1	1	TRUE	FALSE	TRUE	TRUE	TRUE	TRUE	FALSE
MV:SE:19218	MV	SE	ENSG00000115875	SRSF7	1	3	TRUE	FALSE	TRUE	TRUE	TRUE	TRUE	FALSE
MV:SE:19836	MV	SE	ENSG00000163660	CCNL1	2	2	TRUE	FALSE	TRUE	TRUE	TRUE	TRUE	FALSE
MV:SE:19838	MV	SE	ENSG00000163660	CCNL1	6	2	FALSE	FALSE	TRUE	TRUE	FALSE	FALSE	FALSE
MV:SE:21845	MV	SE	ENSG00000116906	GNPAT	1	3	TRUE	FALSE	TRUE	TRUE	TRUE	TRUE	FALSE
MV:SE:23073	MV	SE	ENSG00000163541	SUCLG1	1	2	TRUE	FALSE	TRUE	TRUE	TRUE	TRUE	FALSE
MV:SE:23168	MV	SE	ENSG00000134294	SLC38A2	3	2	FALSE	TRUE	TRUE	TRUE	TRUE	FALSE	TRUE
MV:SE:23468	MV	SE	ENSG00000015676	NUDCD3	1	2	FALSE	FALSE	TRUE	TRUE	FALSE	FALSE	FALSE
MV:SE:24602	MV	SE	ENSG00000119777	TMEM214	1	2	TRUE	TRUE	TRUE	TRUE	FALSE	TRUE	TRUE
MV:SE:24681	MV	SE	ENSG00000172113	NME6	3	3	TRUE	FALSE	TRUE	TRUE	TRUE	TRUE	FALSE
MV:SE:25062	MV	SE	ENSG00000070010	UFD1	1	1	FALSE	FALSE	TRUE	TRUE	FALSE	FALSE	FALSE
MV:SE:25064	MV	SE	ENSG00000158864	NDUFS2	1	1	FALSE	TRUE	TRUE	TRUE	TRUE	FALSE	TRUE
MV:SE:26146	MV	SE	ENSG00000095059	DHPS	4	1	FALSE	TRUE	TRUE	TRUE	TRUE	FALSE	TRUE
MV:SE:26563	MV	SE	ENSG00000173726	TOMM20	1	1	TRUE	FALSE	TRUE	TRUE	TRUE	TRUE	FALSE
MV:SE:26992	MV	SE	ENSG00000183955	KMT5A	1	2	FALSE	FALSE	TRUE	TRUE	FALSE	FALSE	FALSE
MV:SE:27485	MV	SE	ENSG00000168522	FNTA	4	1	TRUE	TRUE	TRUE	TRUE	FALSE	TRUE	TRUE
MV:SE:27583	MV	SE	ENSG00000206562	METTL6	1	3	TRUE	FALSE	TRUE	TRUE	TRUE	TRUE	FALSE
MV:SE:28007	MV	SE	ENSG00000163249	CCNYL1	6	3	TRUE	TRUE	TRUE	TRUE	FALSE	TRUE	TRUE
MV:SE:28137	MV	SE	ENSG00000109184	DCUN1D4	1	6	TRUE	TRUE	TRUE	TRUE	FALSE	TRUE	TRUE
MV:SE:28409	MV	SE	ENSG00000143842	SOX13	6	1	TRUE	FALSE	TRUE	TRUE	TRUE	TRUE	FALSE
MV:SE:28557	MV	SE	ENSG00000163444	TMEM183A	1	3	TRUE	FALSE	TRUE	TRUE	TRUE	TRUE	FALSE
MV:SE:29614	MV	SE	ENSG00000171055	FEZ2	2	2	FALSE	TRUE	TRUE	TRUE	TRUE	FALSE	TRUE
MV:SE:30373	MV	SE	ENSG00000137814	HAUS2	3	4	TRUE	TRUE	TRUE	TRUE	FALSE	TRUE	TRUE
MV:SE:30861	MV	SE	ENSG00000180098	TRNAU1AP	1	2	FALSE	FALSE	FALSE	TRUE	NA	FALSE	FALSE
MV:SE:33163	MV	SE	ENSG00000004866	ST7	4	9	TRUE	FALSE	TRUE	TRUE	TRUE	TRUE	FALSE
MV:SE:33295	MV	SE	ENSG00000171793	CTPS1	6	1	FALSE	TRUE	TRUE	TRUE	TRUE	FALSE	TRUE
MV:SE:33390	MV	SE	ENSG00000119004	CYP20A1	7	4	TRUE	TRUE	TRUE	TRUE	FALSE	TRUE	TRUE
MV:SE:33800	MV	SE	ENSG00000160094	ZNF362	11	2	FALSE	FALSE	TRUE	TRUE	FALSE	FALSE	FALSE
MV:SE:34222	MV	SE	ENSG00000134574	DDB2	4	3	FALSE	TRUE	TRUE	TRUE	TRUE	FALSE	TRUE
MV:SE:34394	MV	SE	ENSG00000139684	ESD	1	3	FALSE	FALSE	TRUE	TRUE	FALSE	FALSE	FALSE
MV:SE:34828	MV	SE	ENSG00000142910	TINAGL1	3	2	FALSE	FALSE	TRUE	TRUE	FALSE	FALSE	FALSE
MV:SE:35146	MV	SE	ENSG00000136045	PWP1	2	1	FALSE	TRUE	TRUE	TRUE	TRUE	FALSE	TRUE
MV:SE:35178	MV	SE	ENSG00000150938	CRIM1	17	1	TRUE	TRUE	TRUE	TRUE	FALSE	TRUE	TRUE
MV:SE:35602	MV	SE	ENSG00000168883	USP39	2	7	TRUE	FALSE	TRUE	TRUE	TRUE	TRUE	FALSE
MV:SE:35627	MV	SE	ENSG00000140455	USP3	2	3	TRUE	TRUE	TRUE	TRUE	FALSE	TRUE	TRUE
MV:SE:35991	MV	SE	ENSG00000155100	OTUD6B	8	17	TRUE	TRUE	TRUE	TRUE	FALSE	TRUE	TRUE
MV:SE:37108	MV	SE	ENSG00000162604	TM2D1	1	4	TRUE	TRUE	TRUE	TRUE	FALSE	TRUE	TRUE
MV:SE:37138	MV	SE	ENSG00000176915	ANKLE2	1	3	TRUE	TRUE	TRUE	TRUE	FALSE	TRUE	TRUE
MV:SE:37270	MV	SE	ENSG00000116473	RAP1A	1	5	TRUE	FALSE	TRUE	TRUE	TRUE	TRUE	FALSE
MV:SE:38114	MV	SE	ENSG00000135655	USP15	2	2	FALSE	FALSE	TRUE	TRUE	FALSE	FALSE	FALSE
MV:SE:38528	MV	SE	ENSG00000085491	SLC25A24	1	8	TRUE	TRUE	TRUE	TRUE	FALSE	TRUE	TRUE
MV:SE:38651	MV	SE	ENSG00000162642	C1orf52	1	1	FALSE	FALSE	FALSE	TRUE	NA	FALSE	FALSE
MV:SE:38804	MV	SE	ENSG00000147419	CCDC25	4	3	TRUE	TRUE	TRUE	TRUE	FALSE	TRUE	TRUE
MV:SE:39528	MV	SE	ENSG00000162521	RBBP4	1	3	FALSE	FALSE	TRUE	TRUE	FALSE	FALSE	FALSE
MV:SE:39681	MV	SE	ENSG00000151353	TMEM18	1	1	FALSE	FALSE	TRUE	TRUE	FALSE	FALSE	FALSE
MV:SE:39682	MV	SE	ENSG00000151353	TMEM18	2	2	TRUE	TRUE	TRUE	TRUE	FALSE	TRUE	TRUE
MV:SE:40479	MV	SE	ENSG00000122643	NT5C3A	1	1	TRUE	FALSE	TRUE	TRUE	TRUE	TRUE	FALSE
MV:SE:41097	MV	SE	ENSG00000135829	DHX9	1	2	FALSE	FALSE	TRUE	TRUE	FALSE	FALSE	FALSE
MV:SE:41311	MV	SE	ENSG00000145439	CBR4	1	8	FALSE	FALSE	TRUE	TRUE	FALSE	FALSE	FALSE
MV:SE:41401	MV	SE	ENSG00000143436	MRPL9	1	3	TRUE	TRUE	TRUE	TRUE	FALSE	TRUE	TRUE
MV:SE:42702	MV	SE	ENSG00000013561	RNF14	3	3	FALSE	FALSE	TRUE	TRUE	FALSE	FALSE	FALSE
MV:SE:42804	MV	SE	ENSG00000143742	SRP9	1	1	FALSE	FALSE	TRUE	TRUE	FALSE	FALSE	FALSE
MV:SE:42953	MV	SE	ENSG00000145782	ATG12	1	2	TRUE	TRUE	TRUE	TRUE	FALSE	TRUE	TRUE
MV:SE:43345	MV	SE	ENSG00000144559	TAMM41	1	7	FALSE	TRUE	TRUE	TRUE	TRUE	FALSE	TRUE
MV:SE:43382	MV	SE	ENSG00000186522	SEPTIN10	4	1	FALSE	TRUE	TRUE	TRUE	TRUE	FALSE	TRUE
MV:SE:43449	MV	SE	ENSG00000156976	EIF4A2	5	3	TRUE	TRUE	TRUE	TRUE	FALSE	TRUE	TRUE
MV:SE:43462	MV	SE	ENSG00000156976	EIF4A2	1	4	TRUE	TRUE	TRUE	TRUE	FALSE	TRUE	TRUE
MV:SE:44532	MV	SE	ENSG00000132300	PTCD3	2	3	FALSE	FALSE	TRUE	TRUE	FALSE	FALSE	FALSE
MV:SE:44660	MV	SE	ENSG00000169599	NFU1	1	1	FALSE	FALSE	TRUE	TRUE	FALSE	FALSE	FALSE
MV:SE:44953	MV	SE	ENSG00000066056	TIE1	7	1	TRUE	FALSE	TRUE	FALSE	NA	TRUE	FALSE
MV:SE:46254	MV	SE	ENSG00000115661	STK16	5	2	FALSE	FALSE	TRUE	TRUE	FALSE	FALSE	FALSE
MV:SE:47004	MV	SE	ENSG00000102317	RBM3	2	3	FALSE	FALSE	TRUE	TRUE	FALSE	FALSE	FALSE
MV:SE:47083	MV	SE	ENSG00000121858	TNFSF10	2	1	FALSE	TRUE	TRUE	TRUE	TRUE	FALSE	TRUE
MV:SE:48184	MV	SE	ENSG00000074219	TEAD2	5	30	FALSE	FALSE	TRUE	TRUE	FALSE	FALSE	FALSE
MV:SE:48465	MV	SE	ENSG00000164548	TRA2A	1	1	FALSE	FALSE	TRUE	TRUE	FALSE	FALSE	FALSE
MV:SE:48509	MV	SE	ENSG00000143553	SNAPIN	1	1	FALSE	FALSE	TRUE	FALSE	NA	FALSE	FALSE
MV:SE:48668	MV	SE	ENSG00000117500	TMED5	1	3	TRUE	FALSE	TRUE	TRUE	TRUE	TRUE	FALSE
MV:SE:50203	MV	SE	ENSG00000138050	THUMPD2	5	5	TRUE	FALSE	TRUE	TRUE	TRUE	TRUE	FALSE
MV:SE:50454	MV	SE	ENSG00000005486	RHBDD2	1	1	TRUE	FALSE	TRUE	TRUE	TRUE	TRUE	FALSE
MV:SE:51196	MV	SE	ENSG00000166557	TMED3	1	1	TRUE	FALSE	TRUE	TRUE	TRUE	TRUE	FALSE
MV:SE:51809	MV	SE	ENSG00000097033	SH3GLB1	1	1	FALSE	FALSE	TRUE	TRUE	FALSE	FALSE	FALSE
MV:SE:52312	MV	SE	ENSG00000148335	NTMT1	2	1	TRUE	FALSE	TRUE	TRUE	TRUE	TRUE	FALSE
MV:SE:52345	MV	SE	ENSG00000154845	PPP4R1	2	7	TRUE	FALSE	TRUE	TRUE	TRUE	TRUE	FALSE
MV:SE:52438	MV	SE	ENSG00000143321	HDGF	1	5	TRUE	FALSE	TRUE	TRUE	TRUE	TRUE	FALSE
MV:SE:52716	MV	SE	ENSG00000115307	AUP1	2	1	TRUE	FALSE	TRUE	TRUE	TRUE	TRUE	FALSE
MV:SE:53281	MV	SE	ENSG00000114956	DGUOK	1	4	FALSE	TRUE	TRUE	TRUE	TRUE	FALSE	TRUE
MV:SE:53308	MV	SE	ENSG00000114956	DGUOK	3	1	TRUE	TRUE	TRUE	TRUE	FALSE	TRUE	TRUE
MV:SE:53357	MV	SE	ENSG00000184939	ZFP90	3	3	FALSE	FALSE	TRUE	TRUE	FALSE	FALSE	FALSE
MV:SE:54512	MV	SE	ENSG00000144118	RALB	2	1	FALSE	FALSE	TRUE	TRUE	FALSE	FALSE	FALSE
MV:SE:54597	MV	SE	ENSG00000242372	EIF6	2	1	FALSE	TRUE	TRUE	TRUE	TRUE	FALSE	TRUE
MV:SE:55184	MV	SE	ENSG00000143889	HNRNPLL	3	3	TRUE	FALSE	TRUE	TRUE	TRUE	TRUE	FALSE
MV:SE:55811	MV	SE	ENSG00000135124	P2RX4	5	3	TRUE	TRUE	TRUE	TRUE	FALSE	TRUE	TRUE
MV:SE:55892	MV	SE	ENSG00000100038	TOP3B	4	9	TRUE	TRUE	TRUE	TRUE	FALSE	TRUE	TRUE
MV:SE:56204	MV	SE	ENSG00000119912	IDE	1	6	TRUE	TRUE	TRUE	TRUE	FALSE	TRUE	TRUE
MV:SE:56754	MV	SE	ENSG00000015153	YAF2	4	1	TRUE	FALSE	TRUE	TRUE	TRUE	TRUE	FALSE
MV:SE:56928	MV	SE	ENSG00000159202	UBE2Z	2	1	FALSE	TRUE	TRUE	TRUE	TRUE	FALSE	TRUE
MV:SE:56955	MV	SE	ENSG00000115966	ATF2	2	6	TRUE	TRUE	TRUE	TRUE	FALSE	TRUE	TRUE
MV:SE:57020	MV	SE	ENSG00000104824	HNRNPL	1	2	TRUE	FALSE	TRUE	TRUE	TRUE	TRUE	FALSE
MV:SE:57451	MV	SE	ENSG00000065548	ZC3H15	1	4	FALSE	FALSE	TRUE	TRUE	FALSE	FALSE	FALSE
MV:SE:57515	MV	SE	ENSG00000064419	TNPO3	1	2	FALSE	TRUE	TRUE	TRUE	TRUE	FALSE	TRUE
MV:SE:57612	MV	SE	ENSG00000173559	NABP1	3	4	TRUE	FALSE	TRUE	TRUE	TRUE	TRUE	FALSE
MV:SE:57632	MV	SE	ENSG00000183696	UPP1	6	1	TRUE	FALSE	TRUE	TRUE	TRUE	TRUE	FALSE
MV:SE:57634	MV	SE	ENSG00000183696	UPP1	1	1	FALSE	TRUE	TRUE	TRUE	TRUE	FALSE	TRUE
MV:SE:57638	MV	SE	ENSG00000183696	UPP1	1	2	FALSE	FALSE	TRUE	TRUE	FALSE	FALSE	FALSE
MV:SE:57640	MV	SE	ENSG00000183696	UPP1	3	1	FALSE	TRUE	TRUE	TRUE	TRUE	FALSE	TRUE
MV:SE:57729	MV	SE	ENSG00000115524	SF3B1	1	3	FALSE	TRUE	TRUE	TRUE	TRUE	FALSE	TRUE
MV:SE:57986	MV	SE	ENSG00000240344	PPIL3	3	10	TRUE	TRUE	TRUE	TRUE	FALSE	TRUE	TRUE
MV:SE:58444	MV	SE	ENSG00000197713	RPE	1	2	FALSE	FALSE	TRUE	TRUE	FALSE	FALSE	FALSE
MV:SE:59169	MV	SE	ENSG00000181982	CCDC149	1	5	FALSE	TRUE	TRUE	TRUE	TRUE	FALSE	TRUE
MV:SE:59918	MV	SE	ENSG00000125450	NUP85	1	4	TRUE	TRUE	TRUE	TRUE	FALSE	TRUE	TRUE
MV:SE:60199	MV	SE	ENSG00000168970	JMJD7-PLA2G4B	1	5	FALSE	FALSE	TRUE	TRUE	FALSE	FALSE	FALSE
MV:SE:60463	MV	SE	ENSG00000134109	EDEM1	7	3	FALSE	TRUE	TRUE	TRUE	TRUE	FALSE	TRUE
MV:SE:60743	MV	SE	ENSG00000188313	PLSCR1	3	1	FALSE	TRUE	TRUE	TRUE	TRUE	FALSE	TRUE
MV:SE:60979	MV	SE	ENSG00000132589	FLOT2	1	1	FALSE	FALSE	TRUE	TRUE	FALSE	FALSE	FALSE
MV:SE:61033	MV	SE	ENSG00000168404	MLKL	3	7	TRUE	TRUE	TRUE	TRUE	FALSE	TRUE	TRUE
MV:SE:61637	MV	SE	ENSG00000126698	DNAJC8	2	1	FALSE	FALSE	TRUE	TRUE	FALSE	FALSE	FALSE
MV:SE:61640	MV	SE	ENSG00000126698	DNAJC8	1	2	FALSE	FALSE	TRUE	TRUE	FALSE	FALSE	FALSE
MV:SE:62368	MV	SE	ENSG00000115419	GLS	2	6	TRUE	TRUE	TRUE	TRUE	FALSE	TRUE	TRUE
MV:SE:62369	MV	SE	ENSG00000115419	GLS	1	6	TRUE	TRUE	TRUE	TRUE	FALSE	TRUE	TRUE
MV:SE:62714	MV	SE	ENSG00000185507	IRF7	2	3	FALSE	FALSE	TRUE	TRUE	FALSE	FALSE	FALSE
MV:SE:64090	MV	SE	ENSG00000050748	MAPK9	4	11	TRUE	FALSE	TRUE	TRUE	TRUE	TRUE	FALSE
MV:SE:64637	MV	SE	ENSG00000163607	GTPBP8	2	1	FALSE	TRUE	TRUE	TRUE	TRUE	FALSE	TRUE
MV:SE:65302	MV	SE	ENSG00000198075	SULT1C4	1	2	FALSE	FALSE	TRUE	TRUE	FALSE	FALSE	FALSE
MV:SE:65304	MV	SE	ENSG00000198075	SULT1C4	2	1	FALSE	FALSE	TRUE	TRUE	FALSE	FALSE	FALSE
MV:SE:65472	MV	SE	ENSG00000129515	SNX6	3	1	FALSE	TRUE	TRUE	TRUE	TRUE	FALSE	TRUE
MV:SE:66020	MV	SE	ENSG00000198467	TPM2	3	2	TRUE	FALSE	TRUE	TRUE	TRUE	TRUE	FALSE
MV:SE:66192	MV	SE	ENSG00000106638	TBL2	1	4	TRUE	TRUE	TRUE	TRUE	FALSE	TRUE	TRUE
MV:SE:66492	MV	SE	ENSG00000183684	ALYREF	3	6	TRUE	TRUE	TRUE	TRUE	FALSE	TRUE	TRUE
MV:SE:67197	MV	SE	ENSG00000050426	LETMD1	1	4	FALSE	TRUE	TRUE	TRUE	TRUE	FALSE	TRUE
MV:SE:67880	MV	SE	ENSG00000071994	PDCD2	4	2	TRUE	TRUE	TRUE	TRUE	FALSE	TRUE	TRUE
MV:SE:67942	MV	SE	ENSG00000141127	PRPSAP2	6	2	TRUE	TRUE	TRUE	TRUE	FALSE	TRUE	TRUE
MV:SE:68532	MV	SE	ENSG00000115234	SNX17	1	1	TRUE	FALSE	TRUE	TRUE	TRUE	TRUE	FALSE
MV:SE:68880	MV	SE	ENSG00000196262	PPIA	1	1	FALSE	FALSE	TRUE	TRUE	FALSE	FALSE	FALSE
MV:SE:70026	MV	SE	ENSG00000284770	TBCE	6	4	TRUE	TRUE	TRUE	TRUE	FALSE	TRUE	TRUE
MV:SE:70818	MV	SE	ENSG00000152465	NMT2	3	6	TRUE	FALSE	TRUE	TRUE	TRUE	TRUE	FALSE
MV:SE:71040	MV	SE	ENSG00000123352	SPATS2	2	2	TRUE	FALSE	TRUE	TRUE	TRUE	TRUE	FALSE
MV:SE:72048	MV	SE	ENSG00000096746	HNRNPH3	5	4	FALSE	FALSE	TRUE	TRUE	FALSE	FALSE	FALSE
MV:SE:72133	MV	SE	ENSG00000060339	CCAR1	6	2	TRUE	TRUE	TRUE	TRUE	FALSE	TRUE	TRUE
MV:SE:72624	MV	SE	ENSG00000165637	VDAC2	1	1	FALSE	FALSE	TRUE	TRUE	FALSE	FALSE	FALSE
MV:SE:74041	MV	SE	ENSG00000186866	POFUT2	2	9	TRUE	FALSE	TRUE	TRUE	TRUE	TRUE	FALSE
MV:SE:74956	MV	SE	ENSG00000185627	PSMD13	2	1	FALSE	TRUE	TRUE	TRUE	TRUE	FALSE	TRUE
MV:SE:75023	MV	SE	ENSG00000174775	HRAS	4	3	TRUE	FALSE	TRUE	TRUE	TRUE	TRUE	FALSE
MV:SE:75694	MV	SE	ENSG00000166333	ILK	5	2	TRUE	TRUE	TRUE	TRUE	FALSE	TRUE	TRUE
MV:SE:77781	MV	SE	ENSG00000167985	SDHAF2	1	1	TRUE	FALSE	TRUE	TRUE	TRUE	TRUE	FALSE
MV:SE:77807	MV	SE	ENSG00000109762	SNX25	1	1	TRUE	FALSE	TRUE	TRUE	TRUE	TRUE	FALSE
MV:SE:78036	MV	SE	ENSG00000084112	SSH1	5	3	FALSE	FALSE	TRUE	TRUE	FALSE	FALSE	FALSE
MV:SE:78120	MV	SE	ENSG00000137996	RTCA	4	2	FALSE	TRUE	TRUE	TRUE	TRUE	FALSE	TRUE
MV:SE:78807	MV	SE	ENSG00000067365	METTL22	3	6	FALSE	TRUE	TRUE	TRUE	TRUE	FALSE	TRUE
MV:SE:78899	MV	SE	ENSG00000139624	CERS5	3	1	TRUE	FALSE	TRUE	TRUE	TRUE	TRUE	FALSE
MV:SE:79472	MV	SE	ENSG00000149196	HIKESHI	1	4	FALSE	TRUE	TRUE	TRUE	TRUE	FALSE	TRUE
MV:SE:81447	MV	SE	ENSG00000139180	NDUFA9	1	2	TRUE	FALSE	TRUE	TRUE	TRUE	TRUE	FALSE
MV:SE:81450	MV	SE	ENSG00000011243	AKAP8L	1	4	TRUE	FALSE	TRUE	TRUE	TRUE	TRUE	FALSE
MV:SE:81508	MV	SE	ENSG00000111321	LTBR	1	2	TRUE	FALSE	TRUE	TRUE	TRUE	TRUE	FALSE
MV:SE:81925	MV	SE	ENSG00000111196	MAGOHB	3	3	TRUE	TRUE	TRUE	TRUE	FALSE	TRUE	TRUE
MV:SE:82035	MV	SE	ENSG00000150961	SEC24D	1	2	FALSE	FALSE	TRUE	TRUE	FALSE	FALSE	FALSE
MV:SE:82321	MV	SE	ENSG00000139163	ETNK1	1	1	TRUE	FALSE	TRUE	TRUE	TRUE	TRUE	FALSE
MV:SE:82401	MV	SE	ENSG00000007392	LUC7L	4	3	TRUE	FALSE	TRUE	TRUE	TRUE	TRUE	FALSE
MV:SE:82851	MV	SE	ENSG00000151239	TWF1	1	2	FALSE	FALSE	TRUE	TRUE	FALSE	FALSE	FALSE
MV:SE:83043	MV	SE	ENSG00000139620	KANSL2	12	4	TRUE	TRUE	TRUE	TRUE	FALSE	TRUE	TRUE
MV:SE:83317	MV	SE	ENSG00000139567	ACVRL1	11	2	TRUE	FALSE	TRUE	TRUE	TRUE	TRUE	FALSE
MV:SE:83344	MV	SE	ENSG00000179526	SHARPIN	2	1	FALSE	TRUE	TRUE	TRUE	TRUE	FALSE	TRUE
MV:SE:83846	MV	SE	ENSG00000175203	DCTN2	1	2	FALSE	TRUE	TRUE	TRUE	TRUE	FALSE	TRUE
MV:SE:84176	MV	SE	ENSG00000124193	SRSF6	3	6	TRUE	FALSE	TRUE	TRUE	TRUE	TRUE	FALSE
MV:SE:84419	MV	SE	ENSG00000121749	TBC1D15	5	2	TRUE	TRUE	TRUE	TRUE	FALSE	TRUE	TRUE
MV:SE:84422	MV	SE	ENSG00000121749	TBC1D15	2	6	TRUE	TRUE	TRUE	TRUE	FALSE	TRUE	TRUE
MV:SE:84741	MV	SE	ENSG00000133641	RLIG1	3	2	FALSE	TRUE	TRUE	TRUE	TRUE	FALSE	TRUE
MV:SE:85129	MV	SE	ENSG00000120860	WASHC3	1	4	FALSE	TRUE	FALSE	TRUE	NA	FALSE	TRUE
MV:SE:85850	MV	SE	ENSG00000022840	RNF10	7	1	FALSE	TRUE	TRUE	TRUE	TRUE	FALSE	TRUE
MV:SE:86201	MV	SE	ENSG00000107833	NPM3	1	1	FALSE	FALSE	TRUE	FALSE	NA	FALSE	FALSE
MV:SE:86751	MV	SE	ENSG00000161526	SAP30BP	1	4	TRUE	TRUE	TRUE	TRUE	FALSE	TRUE	TRUE
MV:SE:88254	MV	SE	ENSG00000134901	POGLUT2	1	6	FALSE	FALSE	TRUE	TRUE	FALSE	FALSE	FALSE
MV:SE:88428	MV	SE	ENSG00000186994	KANK3	3	5	FALSE	FALSE	TRUE	TRUE	FALSE	FALSE	FALSE
MV:SE:89359	MV	SE	ENSG00000092020	PPP2R3C	4	2	TRUE	TRUE	TRUE	TRUE	FALSE	TRUE	TRUE
MV:SE:89559	MV	SE	ENSG00000185246	PRPF39	4	8	TRUE	TRUE	TRUE	TRUE	FALSE	TRUE	TRUE
MV:SE:89560	MV	SE	ENSG00000185246	PRPF39	2	8	TRUE	TRUE	TRUE	TRUE	FALSE	TRUE	TRUE
MV:SE:91106	MV	SE	ENSG00000100749	VRK1	3	1	FALSE	TRUE	TRUE	TRUE	TRUE	FALSE	TRUE
MV:SE:92069	MV	SE	ENSG00000104047	DTWD1	1	5	FALSE	FALSE	TRUE	TRUE	FALSE	FALSE	FALSE
MV:SE:92841	MV	SE	ENSG00000166946	CCNDBP1	3	2	TRUE	TRUE	TRUE	TRUE	FALSE	TRUE	TRUE
MV:SE:93023	MV	SE	ENSG00000141562	NARF	1	4	TRUE	FALSE	TRUE	TRUE	TRUE	TRUE	FALSE
MV:SE:94616	MV	SE	ENSG00000064726	BTBD1	2	3	TRUE	FALSE	TRUE	TRUE	TRUE	TRUE	FALSE
MV:SE:94621	MV	SE	ENSG00000064726	BTBD1	3	2	TRUE	TRUE	TRUE	TRUE	FALSE	TRUE	TRUE
MV:SE:94897	MV	SE	ENSG00000157823	AP3S2	1	2	TRUE	TRUE	TRUE	TRUE	FALSE	TRUE	TRUE
MV:SE:95279	MV	SE	ENSG00000131876	SNRPA1	1	1	FALSE	TRUE	TRUE	TRUE	TRUE	FALSE	TRUE
MV:SE:95351	MV	SE	ENSG00000242612	DECR2	1	4	TRUE	TRUE	TRUE	TRUE	FALSE	TRUE	TRUE
MV:SE:95820	MV	SE	ENSG00000184014	DENND5A	7	1	FALSE	FALSE	TRUE	TRUE	FALSE	FALSE	FALSE
MV:SE:95869	MV	SE	ENSG00000153406	NMRAL1	3	4	FALSE	FALSE	TRUE	TRUE	FALSE	FALSE	FALSE
MV:SE:96249	MV	SE	ENSG00000067182	TNFRSF1A	1	4	TRUE	FALSE	TRUE	TRUE	TRUE	TRUE	FALSE
MV:SE:96920	MV	SE	ENSG00000089280	FUS	2	2	FALSE	TRUE	TRUE	TRUE	TRUE	FALSE	TRUE
MV:SE:97866	MV	SE	ENSG00000124067	SLC12A4	1	5	FALSE	TRUE	TRUE	TRUE	TRUE	FALSE	TRUE
MV:SE:97963	MV	SE	ENSG00000168807	SNTB2	1	3	FALSE	TRUE	TRUE	TRUE	TRUE	FALSE	TRUE
MV:SE:98051	MV	SE	ENSG00000168872	DDX19A	1	2	FALSE	FALSE	TRUE	TRUE	FALSE	FALSE	FALSE
MV:SE:98174	MV	SE	ENSG00000102984	ZNF821	10	2	TRUE	FALSE	TRUE	TRUE	TRUE	TRUE	FALSE
MV:SE:98289	MV	SE	ENSG00000148187	MRRF	1	6	TRUE	FALSE	TRUE	TRUE	TRUE	TRUE	FALSE
MV:SE:99193	MV	SE	ENSG00000164576	SAP30L	1	3	TRUE	FALSE	TRUE	TRUE	TRUE	TRUE	FALSE
MV:SE:99346	MV	SE	ENSG00000108559	NUP88	2	6	TRUE	TRUE	TRUE	TRUE	FALSE	TRUE	TRUE
MV:SE:99520	MV	SE	ENSG00000101782	RIOK3	3	2	TRUE	TRUE	TRUE	TRUE	FALSE	TRUE	TRUE
MV:SE:101156	MV	SE	ENSG00000100226	GTPBP1	2	2	TRUE	TRUE	TRUE	TRUE	FALSE	TRUE	TRUE
MV:SE:101291	MV	SE	ENSG00000168259	DNAJC7	1	3	TRUE	TRUE	TRUE	TRUE	FALSE	TRUE	TRUE
MV:SE:101336	MV	SE	ENSG00000093144	ECHDC1	1	4	TRUE	FALSE	TRUE	TRUE	TRUE	TRUE	FALSE
MV:SE:103214	MV	SE	ENSG00000070495	JMJD6	1	2	TRUE	FALSE	TRUE	TRUE	TRUE	TRUE	FALSE
MV:SE:103215	MV	SE	ENSG00000070495	JMJD6	1	2	TRUE	FALSE	TRUE	TRUE	TRUE	TRUE	FALSE
MV:SE:103602	MV	SE	ENSG00000171456	ASXL1	1	9	FALSE	FALSE	TRUE	TRUE	FALSE	FALSE	FALSE
MV:SE:105190	MV	SE	ENSG00000141759	TXNL4A	2	2	TRUE	TRUE	TRUE	TRUE	FALSE	TRUE	TRUE
MV:SE:105200	MV	SE	ENSG00000141759	TXNL4A	2	2	TRUE	TRUE	TRUE	TRUE	FALSE	TRUE	TRUE
MV:SE:105240	MV	SE	ENSG00000011304	PTBP1	5	2	FALSE	TRUE	TRUE	TRUE	TRUE	FALSE	TRUE
MV:SE:105320	MV	SE	ENSG00000071626	DAZAP1	3	1	FALSE	FALSE	TRUE	TRUE	FALSE	FALSE	FALSE
MV:SE:105568	MV	SE	ENSG00000160633	SAFB	4	2	FALSE	FALSE	TRUE	TRUE	FALSE	FALSE	FALSE
MV:SE:106272	MV	SE	ENSG00000123136	DDX39A	2	2	TRUE	TRUE	TRUE	TRUE	FALSE	TRUE	TRUE
MV:SE:106273	MV	SE	ENSG00000123136	DDX39A	1	2	FALSE	TRUE	TRUE	TRUE	TRUE	FALSE	TRUE
MV:SE:106473	MV	SE	ENSG00000130313	PGLS	1	2	TRUE	FALSE	TRUE	TRUE	TRUE	TRUE	FALSE
MV:SE:106505	MV	SE	ENSG00000130309	COLGALT1	1	3	TRUE	FALSE	TRUE	TRUE	TRUE	TRUE	FALSE
MV:SE:107004	MV	SE	ENSG00000124160	NCOA5	2	2	FALSE	FALSE	TRUE	TRUE	FALSE	FALSE	FALSE
MV:SE:108930	MV	SE	ENSG00000170889	RPS9	3	3	TRUE	FALSE	TRUE	TRUE	TRUE	TRUE	FALSE
MV:SE:109128	MV	SE	ENSG00000148634	HERC4	1	5	FALSE	FALSE	TRUE	TRUE	FALSE	FALSE	FALSE
MV:SE:109322	MV	SE	ENSG00000125835	SNRPB	2	2	TRUE	FALSE	TRUE	TRUE	TRUE	TRUE	FALSE
MV:SE:109624	MV	SE	ENSG00000101247	NDUFAF5	3	4	TRUE	FALSE	TRUE	TRUE	TRUE	TRUE	FALSE
MV:SE:110179	MV	SE	ENSG00000131051	RBM39	4	5	TRUE	FALSE	TRUE	TRUE	TRUE	TRUE	FALSE
MV:SE:110739	MV	SE	ENSG00000000419	DPM1	6	1	TRUE	TRUE	TRUE	TRUE	FALSE	TRUE	TRUE
MV:SE:110795	MV	SE	ENSG00000124164	VAPB	1	1	FALSE	FALSE	TRUE	TRUE	FALSE	FALSE	FALSE
MV:SE:110976	MV	SE	ENSG00000101190	TCFL5	6	2	TRUE	TRUE	TRUE	TRUE	FALSE	TRUE	TRUE
MV:SE:110977	MV	SE	ENSG00000101190	TCFL5	2	2	TRUE	TRUE	TRUE	TRUE	FALSE	TRUE	TRUE
MV:SE:112119	MV	SE	ENSG00000183597	TANGO2	4	7	FALSE	TRUE	TRUE	TRUE	TRUE	FALSE	TRUE
MV:SE:113022	MV	SE	ENSG00000196236	XPNPEP3	1	6	TRUE	TRUE	TRUE	TRUE	FALSE	TRUE	TRUE
MV:SE:113161	MV	SE	ENSG00000184182	UBE2F	2	1	TRUE	TRUE	TRUE	TRUE	FALSE	TRUE	TRUE
MV:SE:113844	MV	SE	ENSG00000130066	SAT1	1	1	TRUE	FALSE	TRUE	TRUE	TRUE	TRUE	FALSE
MV:A5SS:164	MV	A5SS	ENSG00000138698	RAP1GDS1	1	5	FALSE	FALSE	TRUE	TRUE	FALSE	FALSE	FALSE
MV:A5SS:315	MV	A5SS	ENSG00000061936	SFSWAP	6	2	FALSE	FALSE	TRUE	TRUE	FALSE	FALSE	FALSE
MV:A5SS:405	MV	A5SS	ENSG00000058063	ATP11B	3	2	FALSE	TRUE	TRUE	TRUE	TRUE	FALSE	TRUE
MV:A5SS:465	MV	A5SS	ENSG00000168701	TMEM208	2	3	TRUE	FALSE	TRUE	TRUE	TRUE	TRUE	FALSE
MV:A5SS:616	MV	A5SS	ENSG00000122566	HNRNPA2B1	3	1	TRUE	FALSE	TRUE	TRUE	TRUE	TRUE	FALSE
MV:A5SS:625	MV	A5SS	ENSG00000120697	ALG5	3	1	TRUE	TRUE	TRUE	TRUE	FALSE	TRUE	TRUE
MV:A5SS:955	MV	A5SS	ENSG00000101158	NELFCD	3	2	TRUE	TRUE	TRUE	TRUE	FALSE	TRUE	TRUE
MV:A5SS:1464	MV	A5SS	ENSG00000015479	MATR3	1	2	FALSE	FALSE	TRUE	TRUE	FALSE	FALSE	FALSE
MV:A5SS:1566	MV	A5SS	ENSG00000115514	TXNDC9	1	2	FALSE	FALSE	TRUE	TRUE	FALSE	FALSE	FALSE
MV:A5SS:1720	MV	A5SS	ENSG00000105677	TMEM147	2	1	FALSE	TRUE	TRUE	TRUE	TRUE	FALSE	TRUE
MV:A5SS:2144	MV	A5SS	ENSG00000082996	RNF13	1	1	TRUE	FALSE	TRUE	TRUE	TRUE	TRUE	FALSE
MV:A5SS:2160	MV	A5SS	ENSG00000070010	UFD1	1	1	FALSE	FALSE	TRUE	TRUE	FALSE	FALSE	FALSE
MV:A5SS:2193	MV	A5SS	ENSG00000116001	TIA1	1	9	TRUE	FALSE	TRUE	TRUE	TRUE	TRUE	FALSE
MV:A5SS:2281	MV	A5SS	ENSG00000095059	DHPS	1	4	FALSE	TRUE	TRUE	TRUE	TRUE	FALSE	TRUE
MV:A5SS:2328	MV	A5SS	ENSG00000175193	PARL	2	4	TRUE	FALSE	TRUE	TRUE	TRUE	TRUE	FALSE
MV:A5SS:2338	MV	A5SS	ENSG00000165410	CFL2	3	1	FALSE	TRUE	TRUE	TRUE	TRUE	FALSE	TRUE
MV:A5SS:2409	MV	A5SS	ENSG00000168522	FNTA	3	3	TRUE	TRUE	TRUE	TRUE	FALSE	TRUE	TRUE
MV:A5SS:2432	MV	A5SS	ENSG00000136271	DDX56	1	3	TRUE	TRUE	TRUE	TRUE	FALSE	TRUE	TRUE
MV:A5SS:2433	MV	A5SS	ENSG00000136271	DDX56	1	3	TRUE	TRUE	TRUE	TRUE	FALSE	TRUE	TRUE
MV:A5SS:2491	MV	A5SS	ENSG00000187231	SESTD1	1	10	TRUE	TRUE	TRUE	TRUE	FALSE	TRUE	TRUE
MV:A5SS:2734	MV	A5SS	ENSG00000171960	PPIH	3	12	TRUE	TRUE	TRUE	TRUE	FALSE	TRUE	TRUE
MV:A5SS:2847	MV	A5SS	ENSG00000086189	DIMT1	1	3	FALSE	TRUE	TRUE	TRUE	TRUE	FALSE	TRUE
MV:A5SS:2968	MV	A5SS	ENSG00000144029	MRPS5	2	2	TRUE	TRUE	TRUE	TRUE	FALSE	TRUE	TRUE
MV:A5SS:3044	MV	A5SS	ENSG00000142910	TINAGL1	7	2	FALSE	FALSE	TRUE	TRUE	FALSE	FALSE	FALSE
MV:A5SS:3211	MV	A5SS	ENSG00000196655	TRAPPC4	1	1	TRUE	FALSE	TRUE	TRUE	TRUE	TRUE	FALSE
MV:A5SS:3229	MV	A5SS	ENSG00000174720	LARP7	7	2	FALSE	TRUE	TRUE	TRUE	TRUE	FALSE	TRUE
MV:A5SS:3562	MV	A5SS	ENSG00000143436	MRPL9	1	3	TRUE	TRUE	TRUE	TRUE	FALSE	TRUE	TRUE
MV:A5SS:3581	MV	A5SS	ENSG00000163516	ANKZF1	7	3	TRUE	TRUE	TRUE	TRUE	FALSE	TRUE	TRUE
MV:A5SS:3847	MV	A5SS	ENSG00000003509	NDUFAF7	1	3	FALSE	TRUE	TRUE	TRUE	TRUE	FALSE	TRUE
MV:A5SS:4038	MV	A5SS	ENSG00000102317	RBM3	2	3	FALSE	FALSE	TRUE	TRUE	FALSE	FALSE	FALSE
MV:A5SS:4077	MV	A5SS	ENSG00000117226	GBP3	2	9	TRUE	TRUE	TRUE	TRUE	FALSE	TRUE	TRUE
MV:A5SS:4118	MV	A5SS	ENSG00000155906	RMND1	3	5	TRUE	TRUE	TRUE	TRUE	FALSE	TRUE	TRUE
MV:A5SS:4249	MV	A5SS	ENSG00000163743	RCHY1	1	3	TRUE	FALSE	TRUE	TRUE	TRUE	TRUE	FALSE
MV:A5SS:4363	MV	A5SS	ENSG00000090621	PABPC4	1	7	FALSE	FALSE	TRUE	TRUE	FALSE	FALSE	FALSE
MV:A5SS:4492	MV	A5SS	ENSG00000148335	NTMT1	3	3	FALSE	TRUE	TRUE	TRUE	TRUE	FALSE	TRUE
MV:A5SS:4829	MV	A5SS	ENSG00000182240	BACE2	2	2	FALSE	TRUE	TRUE	TRUE	TRUE	FALSE	TRUE
MV:A5SS:5037	MV	A5SS	ENSG00000115042	FAHD2A	7	1	FALSE	TRUE	TRUE	TRUE	TRUE	FALSE	TRUE
MV:A5SS:5056	MV	A5SS	ENSG00000183696	UPP1	1	2	TRUE	FALSE	TRUE	TRUE	TRUE	TRUE	FALSE
MV:A5SS:5067	MV	A5SS	ENSG00000115524	SF3B1	1	3	FALSE	TRUE	TRUE	TRUE	TRUE	FALSE	TRUE
MV:A5SS:5072	MV	A5SS	ENSG00000169251	NMD3	4	1	TRUE	FALSE	TRUE	TRUE	TRUE	TRUE	FALSE
MV:A5SS:5075	MV	A5SS	ENSG00000162971	TYW5	1	4	FALSE	TRUE	TRUE	TRUE	TRUE	FALSE	TRUE
MV:A5SS:5119	MV	A5SS	ENSG00000146223	RPL7L1	1	2	FALSE	FALSE	FALSE	TRUE	NA	FALSE	FALSE
MV:A5SS:5157	MV	A5SS	ENSG00000198925	ATG9A	4	1	FALSE	TRUE	TRUE	TRUE	TRUE	FALSE	TRUE
MV:A5SS:5222	MV	A5SS	ENSG00000132323	ILKAP	3	3	FALSE	FALSE	TRUE	TRUE	FALSE	FALSE	FALSE
MV:A5SS:5532	MV	A5SS	ENSG00000092094	OSGEP	3	3	TRUE	TRUE	TRUE	TRUE	FALSE	TRUE	TRUE
MV:A5SS:5727	MV	A5SS	ENSG00000075089	ACTR6	1	2	TRUE	FALSE	TRUE	TRUE	TRUE	TRUE	FALSE
MV:A5SS:5765	MV	A5SS	ENSG00000033011	ALG1	1	3	TRUE	FALSE	TRUE	TRUE	TRUE	TRUE	FALSE
MV:A5SS:6542	MV	A5SS	ENSG00000107521	HPS1	1	6	TRUE	TRUE	TRUE	TRUE	FALSE	TRUE	TRUE
MV:A5SS:6759	MV	A5SS	ENSG00000166311	SMPD1	1	3	TRUE	FALSE	TRUE	TRUE	TRUE	TRUE	FALSE
MV:A5SS:7002	MV	A5SS	ENSG00000162300	ZFPL1	4	1	FALSE	FALSE	TRUE	TRUE	FALSE	FALSE	FALSE
MV:A5SS:7062	MV	A5SS	ENSG00000197345	MRPL21	2	6	FALSE	TRUE	TRUE	TRUE	TRUE	FALSE	TRUE
MV:A5SS:7385	MV	A5SS	ENSG00000111247	RAD51AP1	3	5	TRUE	TRUE	TRUE	TRUE	FALSE	TRUE	TRUE
MV:A5SS:7499	MV	A5SS	ENSG00000151746	BICD1	1	1	FALSE	TRUE	TRUE	TRUE	TRUE	FALSE	TRUE
MV:A5SS:7691	MV	A5SS	ENSG00000184575	XPOT	9	1	FALSE	TRUE	TRUE	TRUE	TRUE	FALSE	TRUE
MV:A5SS:7730	MV	A5SS	ENSG00000103266	STUB1	1	2	TRUE	FALSE	TRUE	TRUE	TRUE	TRUE	FALSE
MV:A5SS:7800	MV	A5SS	ENSG00000177082	WDR73	2	3	TRUE	FALSE	TRUE	TRUE	TRUE	TRUE	FALSE
MV:A5SS:7837	MV	A5SS	ENSG00000178127	NDUFV2	1	1	TRUE	FALSE	TRUE	TRUE	TRUE	TRUE	FALSE
MV:A5SS:7844	MV	A5SS	ENSG00000110801	PSMD9	1	2	TRUE	FALSE	TRUE	TRUE	TRUE	TRUE	FALSE
MV:A5SS:7899	MV	A5SS	ENSG00000182944	EWSR1	2	1	FALSE	TRUE	TRUE	TRUE	TRUE	FALSE	TRUE
MV:A5SS:8077	MV	A5SS	ENSG00000254505	CHMP4A	1	3	TRUE	TRUE	TRUE	TRUE	FALSE	TRUE	TRUE
MV:A5SS:8170	MV	A5SS	ENSG00000160193	WDR4	7	3	TRUE	TRUE	TRUE	TRUE	FALSE	TRUE	TRUE
MV:A5SS:9001	MV	A5SS	ENSG00000140939	NOL3	3	1	FALSE	FALSE	TRUE	TRUE	FALSE	FALSE	FALSE
MV:A5SS:9087	MV	A5SS	ENSG00000167699	GLOD4	1	1	FALSE	FALSE	TRUE	TRUE	FALSE	FALSE	FALSE
MV:A5SS:9165	MV	A5SS	ENSG00000178999	AURKB	10	3	TRUE	FALSE	TRUE	TRUE	TRUE	TRUE	FALSE
MV:A5SS:9270	MV	A5SS	ENSG00000149564	ESAM	7	12	TRUE	FALSE	TRUE	TRUE	TRUE	TRUE	FALSE
MV:A5SS:9499	MV	A5SS	ENSG00000125458	NT5C	4	4	TRUE	FALSE	TRUE	TRUE	TRUE	TRUE	FALSE
MV:A5SS:9658	MV	A5SS	ENSG00000099817	POLR2E	2	1	TRUE	TRUE	TRUE	TRUE	FALSE	TRUE	TRUE
MV:A5SS:9829	MV	A5SS	ENSG00000140416	TPM1	1	2	TRUE	FALSE	TRUE	TRUE	TRUE	TRUE	FALSE
MV:A5SS:9947	MV	A5SS	ENSG00000104859	CLASRP	8	1	TRUE	FALSE	TRUE	TRUE	TRUE	TRUE	FALSE
MV:A5SS:10078	MV	A5SS	ENSG00000100209	HSCB	2	3	TRUE	FALSE	TRUE	TRUE	TRUE	TRUE	FALSE
MV:A5SS:10106	MV	A5SS	ENSG00000125779	PANK2	1	3	FALSE	TRUE	TRUE	TRUE	TRUE	FALSE	TRUE
MV:A5SS:10141	MV	A5SS	ENSG00000101294	HM13	1	2	FALSE	FALSE	TRUE	TRUE	FALSE	FALSE	FALSE
MV:A5SS:10235	MV	A5SS	ENSG00000000419	DPM1	6	1	TRUE	TRUE	TRUE	TRUE	FALSE	TRUE	TRUE
MV:A5SS:10465	MV	A5SS	ENSG00000165195	PIGA	1	1	FALSE	TRUE	TRUE	TRUE	TRUE	FALSE	TRUE
MV:A5SS:10576	MV	A5SS	ENSG00000101901	ALG13	8	8	TRUE	FALSE	TRUE	TRUE	TRUE	TRUE	FALSE
MV:A3SS:169	MV	A3SS	ENSG00000148334	PTGES2	1	2	TRUE	TRUE	TRUE	TRUE	FALSE	TRUE	TRUE
MV:A3SS:495	MV	A3SS	ENSG00000155096	AZIN1	2	3	FALSE	FALSE	TRUE	TRUE	FALSE	FALSE	FALSE
MV:A3SS:680	MV	A3SS	ENSG00000104756	KCTD9	2	5	FALSE	FALSE	TRUE	TRUE	FALSE	FALSE	FALSE
MV:A3SS:815	MV	A3SS	ENSG00000123240	OPTN	1	4	FALSE	FALSE	TRUE	TRUE	FALSE	FALSE	FALSE
MV:A3SS:871	MV	A3SS	ENSG00000106348	IMPDH1	1	6	FALSE	FALSE	TRUE	TRUE	FALSE	FALSE	FALSE
MV:A3SS:900	MV	A3SS	ENSG00000198898	CAPZA2	1	1	TRUE	FALSE	TRUE	TRUE	TRUE	TRUE	FALSE
MV:A3SS:1036	MV	A3SS	ENSG00000135164	DMTF1	3	10	TRUE	FALSE	TRUE	TRUE	TRUE	TRUE	FALSE
MV:A3SS:1037	MV	A3SS	ENSG00000135164	DMTF1	2	10	TRUE	FALSE	TRUE	TRUE	TRUE	TRUE	FALSE
MV:A3SS:1183	MV	A3SS	ENSG00000179335	CLK3	2	1	FALSE	FALSE	TRUE	TRUE	FALSE	FALSE	FALSE
MV:A3SS:1216	MV	A3SS	ENSG00000119953	SMNDC1	2	5	TRUE	FALSE	TRUE	TRUE	TRUE	TRUE	FALSE
MV:A3SS:1225	MV	A3SS	ENSG00000136261	BZW2	3	1	FALSE	TRUE	TRUE	TRUE	TRUE	FALSE	TRUE
MV:A3SS:1511	MV	A3SS	ENSG00000130717	UCK1	5	1	TRUE	FALSE	TRUE	FALSE	NA	TRUE	FALSE
MV:A3SS:1641	MV	A3SS	ENSG00000112511	PHF1	6	5	FALSE	TRUE	TRUE	TRUE	TRUE	FALSE	TRUE
MV:A3SS:1669	MV	A3SS	ENSG00000151694	ADAM17	1	4	FALSE	FALSE	TRUE	TRUE	FALSE	FALSE	FALSE
MV:A3SS:1673	MV	A3SS	ENSG00000109736	MFSD10	4	1	FALSE	TRUE	TRUE	TRUE	TRUE	FALSE	TRUE
MV:A3SS:1709	MV	A3SS	ENSG00000204386	NEU1	2	1	FALSE	TRUE	TRUE	TRUE	TRUE	FALSE	TRUE
MV:A3SS:1743	MV	A3SS	ENSG00000137312	FLOT1	3	1	FALSE	FALSE	TRUE	TRUE	FALSE	FALSE	FALSE
MV:A3SS:1751	MV	A3SS	ENSG00000166471	TMEM41B	2	7	TRUE	TRUE	TRUE	TRUE	FALSE	TRUE	TRUE
MV:A3SS:1996	MV	A3SS	ENSG00000204348	DXO	4	4	FALSE	TRUE	TRUE	TRUE	TRUE	FALSE	TRUE
MV:A3SS:2099	MV	A3SS	ENSG00000178694	NSUN3	4	1	TRUE	FALSE	TRUE	TRUE	TRUE	TRUE	FALSE
MV:A3SS:2111	MV	A3SS	ENSG00000103042	SLC38A7	1	5	TRUE	FALSE	TRUE	TRUE	TRUE	TRUE	FALSE
MV:A3SS:2172	MV	A3SS	ENSG00000065485	PDIA5	3	2	TRUE	TRUE	TRUE	TRUE	FALSE	TRUE	TRUE
MV:A3SS:2942	MV	A3SS	ENSG00000107959	PITRM1	1	8	TRUE	FALSE	TRUE	TRUE	TRUE	TRUE	FALSE
MV:A3SS:2947	MV	A3SS	ENSG00000107959	PITRM1	5	1	TRUE	FALSE	TRUE	TRUE	TRUE	TRUE	FALSE
MV:A3SS:2952	MV	A3SS	ENSG00000115211	EIF2B4	3	1	FALSE	TRUE	TRUE	TRUE	TRUE	FALSE	TRUE
MV:A3SS:3287	MV	A3SS	ENSG00000101166	PRELID3B	1	3	TRUE	TRUE	TRUE	TRUE	FALSE	TRUE	TRUE
MV:A3SS:3594	MV	A3SS	ENSG00000106244	PDAP1	1	1	TRUE	FALSE	TRUE	TRUE	TRUE	TRUE	FALSE
MV:A3SS:3617	MV	A3SS	ENSG00000108654	DDX5	1	1	TRUE	FALSE	TRUE	TRUE	TRUE	TRUE	FALSE
MV:A3SS:3618	MV	A3SS	ENSG00000108654	DDX5	1	1	TRUE	FALSE	TRUE	TRUE	TRUE	TRUE	FALSE
MV:A3SS:3682	MV	A3SS	ENSG00000169490	TM2D2	1	1	FALSE	FALSE	TRUE	TRUE	FALSE	FALSE	FALSE
MV:A3SS:3727	MV	A3SS	ENSG00000162302	RPS6KA4	8	1	TRUE	FALSE	TRUE	TRUE	TRUE	TRUE	FALSE
MV:A3SS:3747	MV	A3SS	ENSG00000117682	DHDDS	2	9	TRUE	FALSE	TRUE	TRUE	TRUE	TRUE	FALSE
MV:A3SS:3818	MV	A3SS	ENSG00000196290	NIF3L1	1	2	FALSE	TRUE	TRUE	TRUE	TRUE	FALSE	TRUE
MV:A3SS:3909	MV	A3SS	ENSG00000141580	WDR45B	3	1	FALSE	TRUE	TRUE	TRUE	TRUE	FALSE	TRUE
MV:A3SS:3950	MV	A3SS	ENSG00000113812	ACTR8	1	5	TRUE	TRUE	TRUE	TRUE	FALSE	TRUE	TRUE
MV:A3SS:4092	MV	A3SS	ENSG00000141013	GAS8	3	5	FALSE	FALSE	TRUE	TRUE	FALSE	FALSE	FALSE
MV:A3SS:4148	MV	A3SS	ENSG00000167291	TBC1D16	7	3	TRUE	FALSE	TRUE	TRUE	TRUE	TRUE	FALSE
MV:A3SS:4269	MV	A3SS	ENSG00000018189	RUFY3	4	6	TRUE	FALSE	TRUE	TRUE	TRUE	TRUE	FALSE
MV:A3SS:4393	MV	A3SS	ENSG00000133731	IMPA1	4	1	TRUE	FALSE	TRUE	TRUE	TRUE	TRUE	FALSE
MV:A3SS:4656	MV	A3SS	ENSG00000185090	MANEAL	4	2	TRUE	TRUE	TRUE	TRUE	FALSE	TRUE	TRUE
MV:A3SS:4670	MV	A3SS	ENSG00000160058	BSDC1	4	1	FALSE	FALSE	TRUE	TRUE	FALSE	FALSE	FALSE
MV:A3SS:4671	MV	A3SS	ENSG00000160058	BSDC1	2	1	FALSE	FALSE	TRUE	TRUE	FALSE	FALSE	FALSE
MV:A3SS:4695	MV	A3SS	ENSG00000144029	MRPS5	2	2	TRUE	TRUE	TRUE	TRUE	FALSE	TRUE	TRUE
MV:A3SS:4918	MV	A3SS	ENSG00000168883	USP39	2	7	FALSE	TRUE	TRUE	TRUE	TRUE	FALSE	TRUE
MV:A3SS:5602	MV	A3SS	ENSG00000028310	BRD9	1	5	FALSE	FALSE	TRUE	TRUE	FALSE	FALSE	FALSE
MV:A3SS:5860	MV	A3SS	ENSG00000101347	SAMHD1	1	8	TRUE	TRUE	TRUE	TRUE	FALSE	TRUE	TRUE
MV:A3SS:5937	MV	A3SS	ENSG00000087077	TRIP6	1	1	FALSE	FALSE	TRUE	TRUE	FALSE	FALSE	FALSE
MV:A3SS:6163	MV	A3SS	ENSG00000168894	RNF181	1	1	FALSE	TRUE	TRUE	TRUE	TRUE	FALSE	TRUE
MV:A3SS:6335	MV	A3SS	ENSG00000168374	ARF4	1	1	TRUE	FALSE	TRUE	TRUE	TRUE	TRUE	FALSE
MV:A3SS:6526	MV	A3SS	ENSG00000164548	TRA2A	2	1	FALSE	FALSE	TRUE	TRUE	FALSE	FALSE	FALSE
MV:A3SS:6572	MV	A3SS	ENSG00000196923	PDLIM7	1	1	TRUE	FALSE	TRUE	TRUE	TRUE	TRUE	FALSE
MV:A3SS:7024	MV	A3SS	ENSG00000115307	AUP1	1	2	TRUE	FALSE	TRUE	TRUE	TRUE	TRUE	FALSE
MV:A3SS:7434	MV	A3SS	ENSG00000176261	ZBTB8OS	2	2	FALSE	FALSE	TRUE	TRUE	FALSE	FALSE	FALSE
MV:A3SS:7436	MV	A3SS	ENSG00000119912	IDE	1	6	TRUE	TRUE	TRUE	TRUE	FALSE	TRUE	TRUE
MV:A3SS:7517	MV	A3SS	ENSG00000015153	YAF2	3	3	TRUE	FALSE	TRUE	TRUE	TRUE	TRUE	FALSE
MV:A3SS:7903	MV	A3SS	ENSG00000087157	PGS1	4	2	TRUE	TRUE	TRUE	TRUE	FALSE	TRUE	TRUE
MV:A3SS:7980	MV	A3SS	ENSG00000117543	DPH5	5	2	FALSE	TRUE	TRUE	TRUE	TRUE	FALSE	TRUE
MV:A3SS:8059	MV	A3SS	ENSG00000131370	SH3BP5	1	4	FALSE	FALSE	TRUE	TRUE	FALSE	FALSE	FALSE
MV:A3SS:8495	MV	A3SS	ENSG00000163608	NEPRO	5	2	TRUE	TRUE	TRUE	TRUE	FALSE	TRUE	TRUE
MV:A3SS:8503	MV	A3SS	ENSG00000139370	SLC15A4	2	2	FALSE	TRUE	TRUE	TRUE	TRUE	FALSE	TRUE
MV:A3SS:8508	MV	A3SS	ENSG00000163389	POGLUT1	1	4	TRUE	TRUE	TRUE	TRUE	FALSE	TRUE	TRUE
MV:A3SS:8657	MV	A3SS	ENSG00000119402	FBXW2	3	3	FALSE	FALSE	TRUE	TRUE	FALSE	FALSE	FALSE
MV:A3SS:8968	MV	A3SS	ENSG00000062485	CS	2	1	FALSE	TRUE	TRUE	TRUE	TRUE	FALSE	TRUE
MV:A3SS:9032	MV	A3SS	ENSG00000136877	FPGS	6	1	TRUE	FALSE	TRUE	FALSE	NA	TRUE	FALSE
MV:A3SS:9192	MV	A3SS	ENSG00000140983	RHOT2	8	1	TRUE	FALSE	TRUE	TRUE	TRUE	TRUE	FALSE
MV:A3SS:9250	MV	A3SS	ENSG00000284770	TBCE	2	5	TRUE	TRUE	TRUE	TRUE	FALSE	TRUE	TRUE
MV:A3SS:9499	MV	A3SS	ENSG00000182979	MTA1	6	2	FALSE	TRUE	TRUE	TRUE	TRUE	FALSE	TRUE
MV:A3SS:9661	MV	A3SS	ENSG00000095485	CWF19L1	10	3	TRUE	TRUE	TRUE	TRUE	FALSE	TRUE	TRUE
MV:A3SS:9801	MV	A3SS	ENSG00000196954	CASP4	1	2	FALSE	FALSE	TRUE	TRUE	FALSE	FALSE	FALSE
MV:A3SS:9907	MV	A3SS	ENSG00000174775	HRAS	4	1	TRUE	FALSE	TRUE	TRUE	TRUE	TRUE	FALSE
MV:A3SS:10203	MV	A3SS	ENSG00000213593	TMX2	1	1	TRUE	FALSE	TRUE	TRUE	TRUE	TRUE	FALSE
MV:A3SS:10277	MV	A3SS	ENSG00000104946	TBC1D17	2	2	TRUE	FALSE	TRUE	TRUE	TRUE	TRUE	FALSE
MV:A3SS:10414	MV	A3SS	ENSG00000173653	RCE1	3	2	FALSE	TRUE	TRUE	TRUE	TRUE	FALSE	TRUE
MV:A3SS:10493	MV	A3SS	ENSG00000175575	PAAF1	3	1	FALSE	FALSE	TRUE	TRUE	FALSE	FALSE	FALSE
MV:A3SS:11236	MV	A3SS	ENSG00000129467	ADCY4	4	7	TRUE	TRUE	TRUE	TRUE	FALSE	TRUE	TRUE
MV:A3SS:11288	MV	A3SS	ENSG00000182199	SHMT2	3	5	FALSE	TRUE	TRUE	TRUE	TRUE	FALSE	TRUE
MV:A3SS:11427	MV	A3SS	ENSG00000186908	ZDHHC17	15	7	TRUE	TRUE	TRUE	TRUE	FALSE	TRUE	TRUE
MV:A3SS:11515	MV	A3SS	ENSG00000110906	KCTD10	1	1	TRUE	FALSE	TRUE	TRUE	TRUE	TRUE	FALSE
MV:A3SS:11648	MV	A3SS	ENSG00000122008	POLK	5	1	FALSE	TRUE	TRUE	TRUE	TRUE	FALSE	TRUE
MV:A3SS:11697	MV	A3SS	ENSG00000161526	SAP30BP	1	4	TRUE	TRUE	TRUE	TRUE	FALSE	TRUE	TRUE
MV:A3SS:11727	MV	A3SS	ENSG00000120699	EXOSC8	4	2	FALSE	TRUE	TRUE	TRUE	TRUE	FALSE	TRUE
MV:A3SS:11921	MV	A3SS	ENSG00000213995	NAXD	1	7	FALSE	TRUE	TRUE	TRUE	TRUE	FALSE	TRUE
MV:A3SS:11967	MV	A3SS	ENSG00000165792	METTL17	8	7	TRUE	TRUE	TRUE	TRUE	FALSE	TRUE	TRUE
MV:A3SS:12021	MV	A3SS	ENSG00000100908	EMC9	4	2	FALSE	FALSE	TRUE	TRUE	FALSE	FALSE	FALSE
MV:A3SS:12022	MV	A3SS	ENSG00000100908	EMC9	2	2	TRUE	FALSE	TRUE	TRUE	TRUE	TRUE	FALSE
MV:A3SS:12183	MV	A3SS	ENSG00000102710	SUPT20H	4	1	TRUE	FALSE	TRUE	TRUE	TRUE	TRUE	FALSE
MV:A3SS:12650	MV	A3SS	ENSG00000128915	ICE2	3	5	FALSE	TRUE	TRUE	TRUE	TRUE	FALSE	TRUE
MV:A3SS:12827	MV	A3SS	ENSG00000120533	ENY2	3	1	FALSE	TRUE	TRUE	TRUE	TRUE	FALSE	TRUE
MV:A3SS:12875	MV	A3SS	ENSG00000182511	FES	3	17	TRUE	TRUE	TRUE	TRUE	FALSE	TRUE	TRUE
MV:A3SS:12918	MV	A3SS	ENSG00000130731	METTL26	1	2	TRUE	TRUE	TRUE	TRUE	FALSE	TRUE	TRUE
MV:A3SS:12989	MV	A3SS	ENSG00000085644	ZNF213	6	10	TRUE	FALSE	TRUE	TRUE	TRUE	TRUE	FALSE
MV:A3SS:13048	MV	A3SS	ENSG00000067182	TNFRSF1A	1	4	TRUE	FALSE	TRUE	TRUE	TRUE	TRUE	FALSE
MV:A3SS:13055	MV	A3SS	ENSG00000239382	ALKBH6	2	6	TRUE	TRUE	TRUE	TRUE	FALSE	TRUE	TRUE
MV:A3SS:13091	MV	A3SS	ENSG00000181929	PRKAG1	1	2	TRUE	FALSE	TRUE	TRUE	TRUE	TRUE	FALSE
MV:A3SS:13113	MV	A3SS	ENSG00000261740	BOLA2-SMG1P6	2	2	TRUE	FALSE	TRUE	TRUE	TRUE	TRUE	FALSE
MV:A3SS:13148	MV	A3SS	ENSG00000103496	STX4	1	4	FALSE	TRUE	TRUE	TRUE	TRUE	FALSE	TRUE
MV:A3SS:13170	MV	A3SS	ENSG00000141030	COPS3	1	4	FALSE	FALSE	TRUE	TRUE	FALSE	FALSE	FALSE
MV:A3SS:13203	MV	A3SS	ENSG00000125124	BBS2	2	6	TRUE	TRUE	TRUE	TRUE	FALSE	TRUE	TRUE
MV:A3SS:13204	MV	A3SS	ENSG00000125124	BBS2	1	6	TRUE	TRUE	TRUE	TRUE	FALSE	TRUE	TRUE
MV:A3SS:13328	MV	A3SS	ENSG00000132604	TERF2	2	9	TRUE	TRUE	TRUE	TRUE	FALSE	TRUE	TRUE
MV:A3SS:13560	MV	A3SS	ENSG00000178999	AURKB	3	3	FALSE	FALSE	TRUE	TRUE	FALSE	FALSE	FALSE
MV:A3SS:13697	MV	A3SS	ENSG00000163584	RPL22L1	7	3	TRUE	FALSE	TRUE	TRUE	TRUE	TRUE	FALSE
MV:A3SS:13915	MV	A3SS	ENSG00000121073	SLC35B1	2	2	FALSE	TRUE	TRUE	TRUE	TRUE	FALSE	TRUE
MV:A3SS:14017	MV	A3SS	ENSG00000138448	ITGAV	1	10	FALSE	FALSE	TRUE	TRUE	FALSE	FALSE	FALSE
MV:A3SS:14105	MV	A3SS	ENSG00000141551	CSNK1D	3	1	TRUE	TRUE	TRUE	TRUE	FALSE	TRUE	TRUE
MV:A3SS:14230	MV	A3SS	ENSG00000124784	RIOK1	1	2	FALSE	FALSE	TRUE	TRUE	FALSE	FALSE	FALSE
MV:A3SS:14306	MV	A3SS	ENSG00000100124	ANKRD54	2	1	TRUE	FALSE	TRUE	TRUE	TRUE	TRUE	FALSE
MV:A3SS:14341	MV	A3SS	ENSG00000099625	CBARP	6	7	TRUE	FALSE	TRUE	TRUE	TRUE	TRUE	FALSE
MV:A3SS:14434	MV	A3SS	ENSG00000141994	DUS3L	1	2	TRUE	FALSE	TRUE	TRUE	TRUE	TRUE	FALSE
MV:A3SS:14523	MV	A3SS	ENSG00000179262	RAD23A	2	2	FALSE	TRUE	TRUE	TRUE	TRUE	FALSE	TRUE
MV:A3SS:14655	MV	A3SS	ENSG00000105726	ATP13A1	2	1	FALSE	TRUE	TRUE	TRUE	TRUE	FALSE	TRUE
MV:A3SS:14872	MV	A3SS	ENSG00000011478	QPCTL	9	1	TRUE	TRUE	TRUE	TRUE	FALSE	TRUE	TRUE
MV:A3SS:15021	MV	A3SS	ENSG00000170889	RPS9	3	3	TRUE	FALSE	TRUE	TRUE	TRUE	TRUE	FALSE
MV:A3SS:15086	MV	A3SS	ENSG00000125835	SNRPB	2	2	TRUE	FALSE	TRUE	TRUE	TRUE	TRUE	FALSE
MV:A3SS:15368	MV	A3SS	ENSG00000116815	CD58	1	1	TRUE	FALSE	TRUE	TRUE	TRUE	TRUE	FALSE
MV:A3SS:15419	MV	A3SS	ENSG00000205758	CRYZL1	2	5	TRUE	TRUE	TRUE	TRUE	FALSE	TRUE	TRUE
MV:A3SS:15566	MV	A3SS	ENSG00000183963	SMTN	1	6	FALSE	FALSE	TRUE	TRUE	FALSE	FALSE	FALSE
AT:SE:1383	AT	SE	ENSG00000134905	CARS2	1	3	TRUE	TRUE	TRUE	TRUE	FALSE	TRUE	TRUE
AT:SE:4685	AT	SE	ENSG00000169045	HNRNPH1	7	4	FALSE	TRUE	TRUE	TRUE	TRUE	FALSE	TRUE
AT:SE:7229	AT	SE	ENSG00000132254	ARFIP2	2	5	TRUE	FALSE	TRUE	TRUE	TRUE	TRUE	FALSE
AT:SE:9824	AT	SE	ENSG00000189091	SF3B3	1	1	FALSE	FALSE	TRUE	TRUE	FALSE	FALSE	FALSE
AT:SE:14694	AT	SE	ENSG00000204256	BRD2	2	4	FALSE	FALSE	TRUE	TRUE	FALSE	FALSE	FALSE
AT:SE:15082	AT	SE	ENSG00000137312	FLOT1	2	1	FALSE	FALSE	TRUE	TRUE	FALSE	FALSE	FALSE
AT:SE:23122	AT	SE	ENSG00000163660	CCNL1	2	2	TRUE	FALSE	TRUE	TRUE	TRUE	TRUE	FALSE
AT:SE:23124	AT	SE	ENSG00000163660	CCNL1	6	2	FALSE	FALSE	TRUE	TRUE	FALSE	FALSE	FALSE
AT:SE:26282	AT	SE	ENSG00000004864	SLC25A13	7	1	TRUE	FALSE	TRUE	TRUE	TRUE	TRUE	FALSE
AT:SE:26669	AT	SE	ENSG00000075292	ZNF638	3	4	FALSE	FALSE	TRUE	TRUE	FALSE	FALSE	FALSE
AT:SE:26756	AT	SE	ENSG00000165119	HNRNPK	5	2	FALSE	TRUE	TRUE	TRUE	TRUE	FALSE	TRUE
AT:SE:27100	AT	SE	ENSG00000131389	SLC6A6	1	1	FALSE	TRUE	TRUE	TRUE	TRUE	FALSE	TRUE
AT:SE:33703	AT	SE	ENSG00000163444	TMEM183A	1	3	TRUE	FALSE	TRUE	TRUE	TRUE	TRUE	FALSE
AT:SE:34063	AT	SE	ENSG00000117625	RCOR3	3	4	TRUE	FALSE	TRUE	TRUE	TRUE	TRUE	FALSE
AT:SE:39513	AT	SE	ENSG00000162736	NCSTN	1	2	TRUE	FALSE	TRUE	TRUE	TRUE	TRUE	FALSE
AT:SE:41354	AT	SE	ENSG00000133226	SRRM1	3	10	FALSE	FALSE	TRUE	TRUE	FALSE	FALSE	FALSE
AT:SE:41661	AT	SE	ENSG00000151552	QDPR	2	1	FALSE	TRUE	TRUE	TRUE	TRUE	FALSE	TRUE
AT:SE:41878	AT	SE	ENSG00000117448	AKR1A1	3	2	FALSE	TRUE	TRUE	TRUE	TRUE	FALSE	TRUE
AT:SE:48011	AT	SE	ENSG00000135829	DHX9	1	2	FALSE	FALSE	TRUE	TRUE	FALSE	FALSE	FALSE
AT:SE:54759	AT	SE	ENSG00000102317	RBM3	2	3	FALSE	FALSE	TRUE	TRUE	FALSE	FALSE	FALSE
AT:SE:54855	AT	SE	ENSG00000121858	TNFSF10	2	1	FALSE	TRUE	TRUE	TRUE	TRUE	FALSE	TRUE
AT:SE:56438	AT	SE	ENSG00000164548	TRA2A	1	1	FALSE	FALSE	TRUE	TRUE	FALSE	FALSE	FALSE
AT:SE:58456	AT	SE	ENSG00000177479	ARIH2	2	2	FALSE	FALSE	TRUE	TRUE	FALSE	FALSE	FALSE
AT:SE:58500	AT	SE	ENSG00000138050	THUMPD2	5	5	TRUE	FALSE	TRUE	TRUE	TRUE	TRUE	FALSE
AT:SE:58789	AT	SE	ENSG00000005486	RHBDD2	1	1	TRUE	FALSE	TRUE	TRUE	TRUE	TRUE	FALSE
AT:SE:64398	AT	SE	ENSG00000143889	HNRNPLL	3	3	TRUE	FALSE	TRUE	TRUE	TRUE	TRUE	FALSE
AT:SE:64560	AT	SE	ENSG00000152128	TMEM163	8	3	TRUE	TRUE	TRUE	TRUE	FALSE	TRUE	TRUE
AT:SE:65304	AT	SE	ENSG00000133835	HSD17B4	1	3	TRUE	FALSE	TRUE	TRUE	TRUE	TRUE	FALSE
AT:SE:65437	AT	SE	ENSG00000137806	NDUFAF1	2	5	TRUE	FALSE	TRUE	TRUE	TRUE	TRUE	FALSE
AT:SE:66487	AT	SE	ENSG00000104824	HNRNPL	1	2	TRUE	FALSE	TRUE	TRUE	TRUE	TRUE	FALSE
AT:SE:70992	AT	SE	ENSG00000132589	FLOT2	1	1	TRUE	FALSE	TRUE	TRUE	TRUE	TRUE	FALSE
AT:SE:71706	AT	SE	ENSG00000160201	U2AF1	1	1	TRUE	FALSE	TRUE	TRUE	TRUE	TRUE	FALSE
AT:SE:71910	AT	SE	ENSG00000124155	PIGT	1	1	FALSE	TRUE	TRUE	TRUE	TRUE	FALSE	TRUE
AT:SE:71973	AT	SE	ENSG00000153560	UBP1	1	9	TRUE	FALSE	TRUE	TRUE	TRUE	TRUE	FALSE
AT:SE:73316	AT	SE	ENSG00000092094	OSGEP	2	2	TRUE	TRUE	TRUE	TRUE	FALSE	TRUE	TRUE
AT:SE:74082	AT	SE	ENSG00000163376	KBTBD8	2	2	FALSE	FALSE	TRUE	TRUE	FALSE	FALSE	FALSE
AT:SE:74693	AT	SE	ENSG00000136710	CCDC115	1	2	TRUE	FALSE	TRUE	TRUE	TRUE	TRUE	FALSE
AT:SE:74753	AT	SE	ENSG00000204344	STK19	1	1	FALSE	FALSE	TRUE	TRUE	FALSE	FALSE	FALSE
AT:SE:74936	AT	SE	ENSG00000172366	MCRIP2	3	3	TRUE	FALSE	TRUE	TRUE	TRUE	TRUE	FALSE
AT:SE:76070	AT	SE	ENSG00000055044	NOP58	1	4	FALSE	TRUE	TRUE	TRUE	TRUE	FALSE	TRUE
AT:SE:80237	AT	SE	ENSG00000115525	ST3GAL5	3	5	TRUE	TRUE	TRUE	TRUE	FALSE	TRUE	TRUE
AT:SE:83957	AT	SE	ENSG00000096746	HNRNPH3	5	4	FALSE	FALSE	TRUE	TRUE	FALSE	FALSE	FALSE
AT:SE:84667	AT	SE	ENSG00000165637	VDAC2	1	1	FALSE	FALSE	TRUE	TRUE	FALSE	FALSE	FALSE
AT:SE:86294	AT	SE	ENSG00000186866	POFUT2	2	9	TRUE	FALSE	TRUE	TRUE	TRUE	TRUE	FALSE
AT:SE:90241	AT	SE	ENSG00000153066	TXNDC11	4	4	TRUE	TRUE	TRUE	TRUE	FALSE	TRUE	TRUE
AT:SE:93428	AT	SE	ENSG00000150779	TIMM8B	1	1	FALSE	FALSE	FALSE	TRUE	NA	FALSE	FALSE
AT:SE:94917	AT	SE	ENSG00000111321	LTBR	1	2	TRUE	FALSE	TRUE	TRUE	TRUE	TRUE	FALSE
AT:SE:95369	AT	SE	ENSG00000111196	MAGOHB	3	3	TRUE	TRUE	TRUE	TRUE	FALSE	TRUE	TRUE
AT:SE:98620	AT	SE	ENSG00000164258	NDUFS4	1	1	TRUE	FALSE	TRUE	TRUE	TRUE	TRUE	FALSE
AT:SE:100876	AT	SE	ENSG00000182944	EWSR1	1	1	FALSE	TRUE	TRUE	TRUE	TRUE	FALSE	TRUE
AT:SE:100879	AT	SE	ENSG00000182944	EWSR1	1	1	FALSE	TRUE	TRUE	TRUE	TRUE	FALSE	TRUE
AT:SE:102774	AT	SE	ENSG00000128694	OSGEPL1	1	1	FALSE	FALSE	TRUE	TRUE	FALSE	FALSE	FALSE
AT:SE:105059	AT	SE	ENSG00000119707	RBM25	1	3	TRUE	FALSE	TRUE	TRUE	TRUE	TRUE	FALSE
AT:SE:106099	AT	SE	ENSG00000084073	ZMPSTE24	1	3	TRUE	FALSE	TRUE	TRUE	TRUE	TRUE	FALSE
AT:SE:108163	AT	SE	ENSG00000141562	NARF	1	4	TRUE	FALSE	TRUE	TRUE	TRUE	TRUE	FALSE
AT:SE:111111	AT	SE	ENSG00000196476	C20orf96	6	3	TRUE	FALSE	TRUE	TRUE	TRUE	TRUE	FALSE
AT:SE:114507	AT	SE	ENSG00000148187	MRRF	1	6	TRUE	FALSE	TRUE	TRUE	TRUE	TRUE	FALSE
AT:SE:115653	AT	SE	ENSG00000025772	TOMM34	1	1	FALSE	TRUE	TRUE	TRUE	TRUE	FALSE	TRUE
AT:SE:116822	AT	SE	ENSG00000004139	SARM1	1	2	FALSE	TRUE	TRUE	TRUE	TRUE	FALSE	TRUE
AT:SE:118051	AT	SE	ENSG00000168259	DNAJC7	1	3	TRUE	TRUE	TRUE	TRUE	FALSE	TRUE	TRUE
AT:SE:120079	AT	SE	ENSG00000070526	ST6GALNAC1	2	1	TRUE	TRUE	TRUE	TRUE	FALSE	TRUE	TRUE
AT:SE:120954	AT	SE	ENSG00000159140	SON	2	4	TRUE	FALSE	TRUE	TRUE	TRUE	TRUE	FALSE
AT:SE:124147	AT	SE	ENSG00000185272	RBM11	2	2	FALSE	FALSE	FALSE	TRUE	NA	FALSE	FALSE
AT:SE:124148	AT	SE	ENSG00000185272	RBM11	5	2	FALSE	FALSE	TRUE	TRUE	FALSE	FALSE	FALSE
AT:SE:127070	AT	SE	ENSG00000125835	SNRPB	2	2	TRUE	FALSE	TRUE	TRUE	TRUE	TRUE	FALSE
AT:SE:127389	AT	SE	ENSG00000149346	SLX4IP	1	1	FALSE	FALSE	TRUE	TRUE	FALSE	FALSE	FALSE
AT:SE:132376	AT	SE	ENSG00000130066	SAT1	1	1	TRUE	FALSE	TRUE	TRUE	TRUE	TRUE	FALSE
AT:A5SS:322	AT	A5SS	ENSG00000061936	SFSWAP	6	2	FALSE	FALSE	TRUE	TRUE	FALSE	FALSE	FALSE
AT:A5SS:478	AT	A5SS	ENSG00000168701	TMEM208	2	3	TRUE	FALSE	TRUE	TRUE	TRUE	TRUE	FALSE
AT:A5SS:1524	AT	A5SS	ENSG00000015479	MATR3	1	2	FALSE	FALSE	TRUE	TRUE	FALSE	FALSE	FALSE
AT:A5SS:1943	AT	A5SS	ENSG00000155066	PROM2	3	1	FALSE	FALSE	TRUE	TRUE	FALSE	FALSE	FALSE
AT:A5SS:2551	AT	A5SS	ENSG00000136271	DDX56	1	3	TRUE	TRUE	TRUE	TRUE	FALSE	TRUE	TRUE
AT:A5SS:2677	AT	A5SS	ENSG00000172663	TMEM134	2	4	TRUE	TRUE	TRUE	TRUE	FALSE	TRUE	TRUE
AT:A5SS:2869	AT	A5SS	ENSG00000171960	PPIH	3	12	TRUE	TRUE	TRUE	TRUE	FALSE	TRUE	TRUE
AT:A5SS:3009	AT	A5SS	ENSG00000121578	B4GALT4	9	5	FALSE	TRUE	TRUE	TRUE	TRUE	FALSE	TRUE
AT:A5SS:3385	AT	A5SS	ENSG00000196655	TRAPPC4	1	1	TRUE	FALSE	TRUE	TRUE	TRUE	TRUE	FALSE
AT:A5SS:3405	AT	A5SS	ENSG00000174720	LARP7	7	2	FALSE	TRUE	TRUE	TRUE	TRUE	FALSE	TRUE
AT:A5SS:3866	AT	A5SS	ENSG00000128463	EMC4	1	2	TRUE	FALSE	TRUE	TRUE	TRUE	TRUE	FALSE
AT:A5SS:4259	AT	A5SS	ENSG00000102317	RBM3	2	3	FALSE	FALSE	TRUE	TRUE	FALSE	FALSE	FALSE
AT:A5SS:4595	AT	A5SS	ENSG00000090621	PABPC4	1	7	FALSE	FALSE	TRUE	TRUE	FALSE	FALSE	FALSE
AT:A5SS:4728	AT	A5SS	ENSG00000148335	NTMT1	3	3	FALSE	TRUE	TRUE	TRUE	TRUE	FALSE	TRUE
AT:A5SS:5071	AT	A5SS	ENSG00000182240	BACE2	2	2	FALSE	TRUE	TRUE	TRUE	TRUE	FALSE	TRUE
AT:A5SS:5643	AT	A5SS	ENSG00000124155	PIGT	1	1	FALSE	TRUE	TRUE	TRUE	TRUE	FALSE	TRUE
AT:A5SS:5706	AT	A5SS	ENSG00000114812	VIPR1	12	5	TRUE	TRUE	TRUE	TRUE	FALSE	TRUE	TRUE
AT:A5SS:7364	AT	A5SS	ENSG00000197345	MRPL21	2	6	FALSE	TRUE	TRUE	TRUE	TRUE	FALSE	TRUE
AT:A5SS:8157	AT	A5SS	ENSG00000011295	TTC19	2	4	TRUE	TRUE	TRUE	TRUE	FALSE	TRUE	TRUE
AT:A5SS:8254	AT	A5SS	ENSG00000182944	EWSR1	2	1	FALSE	TRUE	TRUE	TRUE	TRUE	FALSE	TRUE
AT:A5SS:8361	AT	A5SS	ENSG00000156253	RWDD2B	3	2	FALSE	FALSE	TRUE	TRUE	FALSE	FALSE	FALSE
AT:A5SS:8985	AT	A5SS	ENSG00000128973	CLN6	2	3	TRUE	TRUE	TRUE	TRUE	FALSE	TRUE	TRUE
AT:A5SS:9534	AT	A5SS	ENSG00000167699	GLOD4	1	1	FALSE	FALSE	TRUE	TRUE	FALSE	FALSE	FALSE
AT:A5SS:9601	AT	A5SS	ENSG00000101782	RIOK3	3	2	FALSE	TRUE	TRUE	TRUE	TRUE	FALSE	TRUE
AT:A5SS:10133	AT	A5SS	ENSG00000099817	POLR2E	2	1	TRUE	TRUE	TRUE	TRUE	FALSE	TRUE	TRUE
AT:A5SS:10603	AT	A5SS	ENSG00000125779	PANK2	1	3	FALSE	TRUE	TRUE	TRUE	TRUE	FALSE	TRUE
AT:A5SS:10750	AT	A5SS	ENSG00000101160	CTSZ	1	1	FALSE	FALSE	TRUE	TRUE	FALSE	FALSE	FALSE
AT:A3SS:525	AT	A3SS	ENSG00000155096	AZIN1	2	3	FALSE	FALSE	TRUE	TRUE	FALSE	FALSE	FALSE
AT:A3SS:1278	AT	A3SS	ENSG00000136261	BZW2	3	1	FALSE	TRUE	TRUE	TRUE	TRUE	FALSE	TRUE
AT:A3SS:1830	AT	A3SS	ENSG00000137312	FLOT1	3	1	FALSE	FALSE	TRUE	TRUE	FALSE	FALSE	FALSE
AT:A3SS:1839	AT	A3SS	ENSG00000168118	RAB4A	1	2	FALSE	TRUE	TRUE	TRUE	TRUE	FALSE	TRUE
AT:A3SS:4114	AT	A3SS	ENSG00000141580	WDR45B	3	1	FALSE	TRUE	TRUE	TRUE	TRUE	FALSE	TRUE
AT:A3SS:4423	AT	A3SS	ENSG00000247596	TWF2	1	1	FALSE	TRUE	TRUE	TRUE	TRUE	FALSE	TRUE
AT:A3SS:5889	AT	A3SS	ENSG00000028310	BRD9	1	5	FALSE	FALSE	TRUE	TRUE	FALSE	FALSE	FALSE
AT:A3SS:6862	AT	A3SS	ENSG00000164548	TRA2A	2	1	FALSE	FALSE	TRUE	TRUE	FALSE	FALSE	FALSE
AT:A3SS:7383	AT	A3SS	ENSG00000115307	AUP1	1	2	TRUE	FALSE	TRUE	TRUE	TRUE	TRUE	FALSE
AT:A3SS:8700	AT	A3SS	ENSG00000214087	ARL16	4	1	TRUE	FALSE	TRUE	TRUE	TRUE	TRUE	FALSE
AT:A3SS:10285	AT	A3SS	ENSG00000196954	CASP4	1	2	FALSE	FALSE	TRUE	TRUE	FALSE	FALSE	FALSE
AT:A3SS:12583	AT	A3SS	ENSG00000100908	EMC9	4	2	FALSE	FALSE	TRUE	TRUE	FALSE	FALSE	FALSE
AT:A3SS:12584	AT	A3SS	ENSG00000100908	EMC9	2	2	TRUE	FALSE	TRUE	TRUE	TRUE	TRUE	FALSE
AT:A3SS:13155	AT	A3SS	ENSG00000099622	CIRBP	1	3	FALSE	TRUE	TRUE	TRUE	TRUE	FALSE	TRUE
AT:A3SS:14558	AT	A3SS	ENSG00000121073	SLC35B1	2	2	FALSE	TRUE	TRUE	TRUE	TRUE	FALSE	TRUE
AT:A3SS:14565	AT	A3SS	ENSG00000166260	COX11	1	3	FALSE	TRUE	TRUE	TRUE	TRUE	FALSE	TRUE
AT:A3SS:15772	AT	A3SS	ENSG00000125835	SNRPB	2	2	TRUE	FALSE	TRUE	TRUE	TRUE	TRUE	FALSE
DD:SE:781	DD	SE	ENSG00000063601	MTMR1	1	12	TRUE	FALSE	TRUE	TRUE	TRUE	TRUE	FALSE
DD:SE:900	DD	SE	ENSG00000102081	FMR1	1	13	FALSE	TRUE	TRUE	TRUE	TRUE	FALSE	TRUE
DD:SE:919	DD	SE	ENSG00000102081	FMR1	7	1	FALSE	TRUE	TRUE	TRUE	TRUE	FALSE	TRUE
DD:SE:943	DD	SE	ENSG00000122674	CCZ1	2	1	TRUE	FALSE	TRUE	TRUE	TRUE	TRUE	FALSE
DD:SE:1176	DD	SE	ENSG00000188566	NDOR1	12	2	FALSE	TRUE	TRUE	TRUE	TRUE	FALSE	TRUE
DD:SE:1177	DD	SE	ENSG00000188566	NDOR1	1	2	FALSE	TRUE	TRUE	TRUE	TRUE	FALSE	TRUE
DD:SE:2078	DD	SE	ENSG00000148337	CIZ1	8	1	FALSE	TRUE	TRUE	TRUE	TRUE	FALSE	TRUE
DD:SE:2574	DD	SE	ENSG00000119446	RBM18	1	3	TRUE	FALSE	TRUE	TRUE	TRUE	TRUE	FALSE
DD:SE:2578	DD	SE	ENSG00000119446	RBM18	1	3	FALSE	TRUE	FALSE	TRUE	NA	FALSE	TRUE
DD:SE:2669	DD	SE	ENSG00000134905	CARS2	1	3	TRUE	TRUE	TRUE	TRUE	FALSE	TRUE	TRUE
DD:SE:2677	DD	SE	ENSG00000134905	CARS2	4	1	TRUE	TRUE	TRUE	TRUE	FALSE	TRUE	TRUE
DD:SE:2768	DD	SE	ENSG00000089234	BRAP	4	1	FALSE	FALSE	TRUE	TRUE	FALSE	FALSE	FALSE
DD:SE:2896	DD	SE	ENSG00000006712	PAF1	2	1	FALSE	FALSE	TRUE	TRUE	FALSE	FALSE	FALSE
DD:SE:2963	DD	SE	ENSG00000162522	KIAA1522	6	1	FALSE	FALSE	TRUE	FALSE	NA	FALSE	FALSE
DD:SE:3000	DD	SE	ENSG00000059769	DNAJC25	2	2	TRUE	FALSE	TRUE	TRUE	TRUE	TRUE	FALSE
DD:SE:3199	DD	SE	ENSG00000107829	FBXW4	6	1	FALSE	FALSE	TRUE	TRUE	FALSE	FALSE	FALSE
DD:SE:3374	DD	SE	ENSG00000169738	DCXR	1	1	FALSE	FALSE	TRUE	TRUE	FALSE	FALSE	FALSE
DD:SE:3518	DD	SE	ENSG00000148110	MFSD14B	2	2	FALSE	FALSE	TRUE	TRUE	FALSE	FALSE	FALSE
DD:SE:3562	DD	SE	ENSG00000187097	ENTPD5	10	1	FALSE	TRUE	TRUE	TRUE	TRUE	FALSE	TRUE
DD:SE:3802	DD	SE	ENSG00000187742	SECISBP2	1	4	TRUE	FALSE	TRUE	TRUE	TRUE	TRUE	FALSE
DD:SE:4018	DD	SE	ENSG00000134884	ARGLU1	1	1	TRUE	FALSE	TRUE	TRUE	TRUE	TRUE	FALSE
DD:SE:4150	DD	SE	ENSG00000116353	MECR	3	2	FALSE	TRUE	TRUE	TRUE	TRUE	FALSE	TRUE
DD:SE:4480	DD	SE	ENSG00000130714	POMT1	3	1	TRUE	FALSE	TRUE	TRUE	TRUE	TRUE	FALSE
DD:SE:4816	DD	SE	ENSG00000137831	UACA	8	1	FALSE	FALSE	TRUE	TRUE	FALSE	FALSE	FALSE
DD:SE:4889	DD	SE	ENSG00000105771	SMG9	3	1	FALSE	FALSE	TRUE	TRUE	FALSE	FALSE	FALSE
DD:SE:5113	DD	SE	ENSG00000164117	FBXO8	1	1	FALSE	FALSE	TRUE	TRUE	FALSE	FALSE	FALSE
DD:SE:5125	DD	SE	ENSG00000143554	SLC27A3	7	3	TRUE	TRUE	TRUE	TRUE	FALSE	TRUE	TRUE
DD:SE:5138	DD	SE	ENSG00000125821	DTD1	1	1	FALSE	TRUE	TRUE	TRUE	TRUE	FALSE	TRUE
DD:SE:5269	DD	SE	ENSG00000107140	TESK1	4	2	FALSE	FALSE	TRUE	TRUE	FALSE	FALSE	FALSE
DD:SE:5461	DD	SE	ENSG00000163832	ELP6	6	2	FALSE	TRUE	TRUE	TRUE	TRUE	FALSE	TRUE
DD:SE:5534	DD	SE	ENSG00000137073	UBAP2	1	1	FALSE	FALSE	TRUE	TRUE	FALSE	FALSE	FALSE
DD:SE:5545	DD	SE	ENSG00000137073	UBAP2	4	1	FALSE	FALSE	TRUE	TRUE	FALSE	FALSE	FALSE
DD:SE:5656	DD	SE	ENSG00000107262	BAG1	1	1	TRUE	FALSE	TRUE	TRUE	TRUE	TRUE	FALSE
DD:SE:5662	DD	SE	ENSG00000086061	DNAJA1	1	1	FALSE	FALSE	TRUE	TRUE	FALSE	FALSE	FALSE
DD:SE:5747	DD	SE	ENSG00000120159	CAAP1	2	7	TRUE	TRUE	TRUE	TRUE	FALSE	TRUE	TRUE
DD:SE:5757	DD	SE	ENSG00000120159	CAAP1	5	2	TRUE	TRUE	TRUE	TRUE	FALSE	TRUE	TRUE
DD:SE:5796	DD	SE	ENSG00000159445	THEM4	2	3	TRUE	TRUE	TRUE	TRUE	FALSE	TRUE	TRUE
DD:SE:5931	DD	SE	ENSG00000183853	KIRREL1	6	1	FALSE	FALSE	TRUE	TRUE	FALSE	FALSE	FALSE
DD:SE:6116	DD	SE	ENSG00000050405	LIMA1	2	2	FALSE	FALSE	TRUE	TRUE	FALSE	FALSE	FALSE
DD:SE:6172	DD	SE	ENSG00000123179	EBPL	1	1	FALSE	FALSE	TRUE	FALSE	NA	FALSE	FALSE
DD:SE:6236	DD	SE	ENSG00000016864	GLT8D1	4	1	FALSE	TRUE	TRUE	TRUE	TRUE	FALSE	TRUE
DD:SE:6526	DD	SE	ENSG00000196505	GDAP2	1	8	FALSE	TRUE	TRUE	TRUE	TRUE	FALSE	TRUE
DD:SE:6686	DD	SE	ENSG00000181135	ZNF707	6	23	TRUE	TRUE	TRUE	TRUE	FALSE	TRUE	TRUE
DD:SE:6712	DD	SE	ENSG00000147813	NAPRT	6	1	TRUE	FALSE	TRUE	TRUE	TRUE	TRUE	FALSE
DD:SE:6777	DD	SE	ENSG00000148399	DPH7	6	4	TRUE	TRUE	TRUE	TRUE	FALSE	TRUE	TRUE
DD:SE:6782	DD	SE	ENSG00000148399	DPH7	3	2	TRUE	FALSE	TRUE	TRUE	TRUE	TRUE	FALSE
DD:SE:7606	DD	SE	ENSG00000155542	SETD9	1	1	FALSE	TRUE	TRUE	TRUE	TRUE	FALSE	TRUE
DD:SE:7653	DD	SE	ENSG00000113369	ARRDC3	3	1	TRUE	FALSE	TRUE	TRUE	TRUE	TRUE	FALSE
DD:SE:8206	DD	SE	ENSG00000164933	SLC25A32	4	1	FALSE	TRUE	TRUE	TRUE	TRUE	FALSE	TRUE
DD:SE:8227	DD	SE	ENSG00000164930	FZD6	4	1	FALSE	TRUE	TRUE	TRUE	TRUE	FALSE	TRUE
DD:SE:8530	DD	SE	ENSG00000104450	SPAG1	5	3	TRUE	TRUE	TRUE	TRUE	FALSE	TRUE	TRUE
DD:SE:8577	DD	SE	ENSG00000138663	COPS4	3	1	FALSE	TRUE	TRUE	TRUE	TRUE	FALSE	TRUE
DD:SE:8667	DD	SE	ENSG00000149269	PAK1	1	1	TRUE	FALSE	TRUE	TRUE	TRUE	TRUE	FALSE
DD:SE:8757	DD	SE	ENSG00000058673	ZC3H11A	1	11	FALSE	FALSE	TRUE	TRUE	FALSE	FALSE	FALSE
DD:SE:8779	DD	SE	ENSG00000156471	PTDSS1	1	1	FALSE	TRUE	TRUE	TRUE	TRUE	FALSE	TRUE
DD:SE:8935	DD	SE	ENSG00000164941	INTS8	10	4	FALSE	TRUE	TRUE	TRUE	TRUE	FALSE	TRUE
DD:SE:9081	DD	SE	ENSG00000127952	STYXL1	6	3	FALSE	TRUE	TRUE	TRUE	TRUE	FALSE	TRUE
DD:SE:9213	DD	SE	ENSG00000169045	HNRNPH1	7	4	FALSE	TRUE	TRUE	TRUE	TRUE	FALSE	TRUE
DD:SE:9345	DD	SE	ENSG00000197965	MPZL1	3	1	TRUE	TRUE	TRUE	TRUE	FALSE	TRUE	TRUE
DD:SE:9393	DD	SE	ENSG00000114745	GORASP1	1	1	TRUE	FALSE	TRUE	TRUE	TRUE	TRUE	FALSE
DD:SE:9399	DD	SE	ENSG00000114745	GORASP1	1	4	TRUE	TRUE	TRUE	TRUE	FALSE	TRUE	TRUE
DD:SE:10023	DD	SE	ENSG00000035681	NSMAF	2	1	FALSE	FALSE	TRUE	TRUE	FALSE	FALSE	FALSE
DD:SE:10049	DD	SE	ENSG00000215114	UBXN2B	4	5	FALSE	TRUE	TRUE	TRUE	TRUE	FALSE	TRUE
DD:SE:10062	DD	SE	ENSG00000215114	UBXN2B	2	2	TRUE	FALSE	TRUE	TRUE	TRUE	TRUE	FALSE
DD:SE:10104	DD	SE	ENSG00000141458	NPC1	10	1	TRUE	FALSE	TRUE	TRUE	TRUE	TRUE	FALSE
DD:SE:10130	DD	SE	ENSG00000104331	BPNT2	1	2	TRUE	FALSE	TRUE	TRUE	TRUE	TRUE	FALSE
DD:SE:10144	DD	SE	ENSG00000137574	TGS1	8	2	TRUE	FALSE	TRUE	TRUE	TRUE	TRUE	FALSE
DD:SE:10212	DD	SE	ENSG00000120992	LYPLA1	7	1	FALSE	FALSE	TRUE	TRUE	FALSE	FALSE	FALSE
DD:SE:10395	DD	SE	ENSG00000105486	LIG1	12	2	FALSE	TRUE	TRUE	TRUE	TRUE	FALSE	TRUE
DD:SE:10474	DD	SE	ENSG00000168575	SLC20A2	6	2	FALSE	TRUE	TRUE	TRUE	TRUE	FALSE	TRUE
DD:SE:10593	DD	SE	ENSG00000104365	IKBKB	6	2	TRUE	TRUE	TRUE	TRUE	FALSE	TRUE	TRUE
DD:SE:10627	DD	SE	ENSG00000104365	IKBKB	9	2	TRUE	TRUE	TRUE	TRUE	FALSE	TRUE	TRUE
DD:SE:10903	DD	SE	ENSG00000198042	MAK16	3	1	FALSE	TRUE	TRUE	TRUE	TRUE	FALSE	TRUE
DD:SE:10993	DD	SE	ENSG00000157168	NRG1	4	1	FALSE	FALSE	TRUE	TRUE	FALSE	FALSE	FALSE
DD:SE:10994	DD	SE	ENSG00000157168	NRG1	3	1	FALSE	FALSE	TRUE	TRUE	FALSE	FALSE	FALSE
DD:SE:11049	DD	SE	ENSG00000157110	RBPMS	1	2	TRUE	TRUE	TRUE	TRUE	FALSE	TRUE	TRUE
DD:SE:11430	DD	SE	ENSG00000116698	SMG7	1	9	FALSE	FALSE	TRUE	TRUE	FALSE	FALSE	FALSE
DD:SE:11465	DD	SE	ENSG00000221914	PPP2R2A	1	2	FALSE	FALSE	TRUE	TRUE	FALSE	FALSE	FALSE
DD:SE:11943	DD	SE	ENSG00000104388	RAB2A	1	1	TRUE	FALSE	TRUE	TRUE	TRUE	TRUE	FALSE
DD:SE:12093	DD	SE	ENSG00000114480	GBE1	3	1	TRUE	FALSE	TRUE	TRUE	TRUE	TRUE	FALSE
DD:SE:12180	DD	SE	ENSG00000083937	CHMP2B	1	1	FALSE	FALSE	TRUE	TRUE	FALSE	FALSE	FALSE
DD:SE:12181	DD	SE	ENSG00000083937	CHMP2B	1	1	FALSE	FALSE	TRUE	TRUE	FALSE	FALSE	FALSE
DD:SE:12209	DD	SE	ENSG00000203837	PNLIPRP3	15	2	FALSE	TRUE	TRUE	TRUE	TRUE	FALSE	TRUE
DD:SE:12210	DD	SE	ENSG00000203837	PNLIPRP3	6	5	TRUE	FALSE	TRUE	TRUE	TRUE	TRUE	FALSE
DD:SE:12214	DD	SE	ENSG00000203837	PNLIPRP3	15	6	FALSE	TRUE	TRUE	TRUE	TRUE	FALSE	TRUE
DD:SE:12410	DD	SE	ENSG00000155189	AGPAT5	2	1	FALSE	TRUE	TRUE	TRUE	TRUE	FALSE	TRUE
DD:SE:12576	DD	SE	ENSG00000132950	ZMYM5	1	3	TRUE	FALSE	TRUE	TRUE	TRUE	TRUE	FALSE
DD:SE:12581	DD	SE	ENSG00000132950	ZMYM5	2	1	FALSE	FALSE	TRUE	TRUE	FALSE	FALSE	FALSE
DD:SE:12693	DD	SE	ENSG00000172172	MRPL13	3	1	TRUE	TRUE	TRUE	TRUE	FALSE	TRUE	TRUE
DD:SE:12759	DD	SE	ENSG00000089022	MAPKAPK5	4	2	FALSE	FALSE	TRUE	TRUE	FALSE	FALSE	FALSE
DD:SE:12760	DD	SE	ENSG00000089022	MAPKAPK5	2	2	FALSE	FALSE	TRUE	TRUE	FALSE	FALSE	FALSE
DD:SE:12976	DD	SE	ENSG00000143164	DCAF6	2	1	FALSE	TRUE	TRUE	TRUE	TRUE	FALSE	TRUE
DD:SE:13025	DD	SE	ENSG00000174483	BBS1	9	1	TRUE	FALSE	TRUE	TRUE	TRUE	TRUE	FALSE
DD:SE:13065	DD	SE	ENSG00000157212	PAXIP1	1	9	TRUE	TRUE	TRUE	TRUE	FALSE	TRUE	TRUE
DD:SE:13285	DD	SE	ENSG00000197150	ABCB8	1	1	FALSE	TRUE	TRUE	TRUE	TRUE	FALSE	TRUE
DD:SE:13438	DD	SE	ENSG00000160563	MED27	3	1	FALSE	FALSE	TRUE	TRUE	FALSE	FALSE	FALSE
DD:SE:13442	DD	SE	ENSG00000145868	FBXO38	1	10	FALSE	TRUE	TRUE	TRUE	TRUE	FALSE	TRUE
DD:SE:13613	DD	SE	ENSG00000173085	COQ2	1	5	TRUE	TRUE	TRUE	TRUE	FALSE	TRUE	TRUE
DD:SE:14022	DD	SE	ENSG00000059378	PARP12	5	3	FALSE	TRUE	TRUE	TRUE	TRUE	FALSE	TRUE
DD:SE:14027	DD	SE	ENSG00000059378	PARP12	2	1	TRUE	TRUE	TRUE	TRUE	FALSE	TRUE	TRUE
DD:SE:14142	DD	SE	ENSG00000132254	ARFIP2	2	5	TRUE	FALSE	TRUE	TRUE	TRUE	TRUE	FALSE
DD:SE:14158	DD	SE	ENSG00000132254	ARFIP2	3	1	TRUE	FALSE	TRUE	TRUE	TRUE	TRUE	FALSE
DD:SE:14271	DD	SE	ENSG00000198160	MIER1	2	5	FALSE	FALSE	TRUE	TRUE	FALSE	FALSE	FALSE
DD:SE:14313	DD	SE	ENSG00000148835	TAF5	3	2	FALSE	TRUE	TRUE	TRUE	TRUE	FALSE	TRUE
DD:SE:14419	DD	SE	ENSG00000066827	ZFAT	1	18	TRUE	TRUE	TRUE	TRUE	FALSE	TRUE	TRUE
DD:SE:14424	DD	SE	ENSG00000066827	ZFAT	1	10	TRUE	TRUE	TRUE	TRUE	FALSE	TRUE	TRUE
DD:SE:14549	DD	SE	ENSG00000128607	KLHDC10	1	3	FALSE	FALSE	TRUE	TRUE	FALSE	FALSE	FALSE
DD:SE:14925	DD	SE	ENSG00000008311	AASS	7	13	TRUE	TRUE	TRUE	TRUE	FALSE	TRUE	TRUE
DD:SE:14933	DD	SE	ENSG00000008311	AASS	11	3	TRUE	TRUE	TRUE	TRUE	FALSE	TRUE	TRUE
DD:SE:14982	DD	SE	ENSG00000114742	WDR48	5	1	TRUE	FALSE	TRUE	TRUE	TRUE	TRUE	FALSE
DD:SE:14998	DD	SE	ENSG00000170364	SETMAR	1	1	FALSE	TRUE	TRUE	TRUE	TRUE	FALSE	TRUE
DD:SE:15001	DD	SE	ENSG00000170364	SETMAR	1	1	TRUE	FALSE	TRUE	TRUE	TRUE	TRUE	FALSE
DD:SE:15341	DD	SE	ENSG00000120697	ALG5	2	1	TRUE	TRUE	TRUE	TRUE	FALSE	TRUE	TRUE
DD:SE:15345	DD	SE	ENSG00000120697	ALG5	1	2	TRUE	TRUE	TRUE	TRUE	FALSE	TRUE	TRUE
DD:SE:15366	DD	SE	ENSG00000120697	ALG5	3	1	TRUE	TRUE	TRUE	TRUE	FALSE	TRUE	TRUE
DD:SE:15385	DD	SE	ENSG00000129484	PARP2	4	1	FALSE	TRUE	TRUE	TRUE	TRUE	FALSE	TRUE
DD:SE:15392	DD	SE	ENSG00000198839	ZNF277	5	1	TRUE	FALSE	TRUE	TRUE	TRUE	TRUE	FALSE
DD:SE:15678	DD	SE	ENSG00000091127	PUS7	8	1	FALSE	TRUE	TRUE	TRUE	TRUE	FALSE	TRUE
DD:SE:15743	DD	SE	ENSG00000105821	DNAJC2	5	6	TRUE	TRUE	TRUE	TRUE	FALSE	TRUE	TRUE
DD:SE:15945	DD	SE	ENSG00000087087	SRRT	1	6	FALSE	FALSE	TRUE	TRUE	FALSE	FALSE	FALSE
DD:SE:15948	DD	SE	ENSG00000087087	SRRT	2	5	FALSE	FALSE	TRUE	TRUE	FALSE	FALSE	FALSE
DD:SE:16133	DD	SE	ENSG00000221838	AP4M1	1	8	FALSE	TRUE	TRUE	TRUE	TRUE	FALSE	TRUE
DD:SE:16251	DD	SE	ENSG00000196652	ZKSCAN5	5	4	TRUE	FALSE	TRUE	TRUE	TRUE	TRUE	FALSE
DD:SE:16253	DD	SE	ENSG00000196652	ZKSCAN5	6	5	FALSE	TRUE	TRUE	TRUE	TRUE	FALSE	TRUE
DD:SE:16261	DD	SE	ENSG00000198556	ZNF789	4	8	TRUE	FALSE	TRUE	TRUE	TRUE	TRUE	FALSE
DD:SE:16526	DD	SE	ENSG00000007341	ST7L	1	1	FALSE	FALSE	TRUE	TRUE	FALSE	FALSE	FALSE
DD:SE:16531	DD	SE	ENSG00000007341	ST7L	10	1	TRUE	FALSE	TRUE	TRUE	TRUE	TRUE	FALSE
DD:SE:16616	DD	SE	ENSG00000099139	PCSK5	9	1	TRUE	TRUE	TRUE	TRUE	FALSE	TRUE	TRUE
DD:SE:16759	DD	SE	ENSG00000148308	GTF3C5	3	1	TRUE	FALSE	TRUE	TRUE	TRUE	TRUE	FALSE
DD:SE:17035	DD	SE	ENSG00000105793	GTPBP10	3	1	FALSE	FALSE	TRUE	TRUE	FALSE	FALSE	FALSE
DD:SE:17036	DD	SE	ENSG00000105793	GTPBP10	1	1	TRUE	FALSE	TRUE	TRUE	TRUE	TRUE	FALSE
DD:SE:17045	DD	SE	ENSG00000105793	GTPBP10	2	1	FALSE	TRUE	TRUE	TRUE	TRUE	FALSE	TRUE
DD:SE:17051	DD	SE	ENSG00000105793	GTPBP10	2	1	FALSE	FALSE	TRUE	TRUE	FALSE	FALSE	FALSE
DD:SE:17078	DD	SE	ENSG00000157214	STEAP2	4	1	FALSE	FALSE	TRUE	TRUE	FALSE	FALSE	FALSE
DD:SE:17091	DD	SE	ENSG00000075303	SLC25A40	13	2	FALSE	TRUE	TRUE	TRUE	TRUE	FALSE	TRUE
DD:SE:17191	DD	SE	ENSG00000114904	NEK4	15	2	TRUE	FALSE	TRUE	TRUE	TRUE	TRUE	FALSE
DD:SE:17254	DD	SE	ENSG00000115282	TTC31	4	2	FALSE	TRUE	TRUE	TRUE	TRUE	FALSE	TRUE
DD:SE:17271	DD	SE	ENSG00000181381	DDX60L	1	7	TRUE	FALSE	TRUE	TRUE	TRUE	TRUE	FALSE
DD:SE:17416	DD	SE	ENSG00000146707	POMZP3	1	5	TRUE	FALSE	TRUE	TRUE	TRUE	TRUE	FALSE
DD:SE:17568	DD	SE	ENSG00000137821	LRRC49	1	1	FALSE	FALSE	TRUE	TRUE	FALSE	FALSE	FALSE
DD:SE:17807	DD	SE	ENSG00000134575	ACP2	2	1	FALSE	TRUE	TRUE	TRUE	TRUE	FALSE	TRUE
DD:SE:17850	DD	SE	ENSG00000106077	ABHD11	1	7	FALSE	TRUE	TRUE	TRUE	TRUE	FALSE	TRUE
DD:SE:17879	DD	SE	ENSG00000106635	BCL7B	5	1	FALSE	TRUE	TRUE	TRUE	TRUE	FALSE	TRUE
DD:SE:17966	DD	SE	ENSG00000006740	ARHGAP44	12	2	TRUE	TRUE	TRUE	TRUE	FALSE	TRUE	TRUE
DD:SE:18166	DD	SE	ENSG00000185122	HSF1	3	1	TRUE	FALSE	TRUE	TRUE	TRUE	TRUE	FALSE
DD:SE:18206	DD	SE	ENSG00000169410	PTPN9	4	1	FALSE	TRUE	TRUE	TRUE	TRUE	FALSE	TRUE
DD:SE:18280	DD	SE	ENSG00000055211	GINM1	1	1	FALSE	TRUE	TRUE	TRUE	TRUE	FALSE	TRUE
DD:SE:18508	DD	SE	ENSG00000101546	RBFA	4	1	FALSE	FALSE	TRUE	TRUE	FALSE	FALSE	FALSE
DD:SE:18568	DD	SE	ENSG00000128595	CALU	1	1	FALSE	FALSE	TRUE	TRUE	FALSE	FALSE	FALSE
DD:SE:18569	DD	SE	ENSG00000128595	CALU	1	1	FALSE	FALSE	TRUE	TRUE	FALSE	FALSE	FALSE
DD:SE:18570	DD	SE	ENSG00000128595	CALU	1	1	FALSE	FALSE	TRUE	TRUE	FALSE	FALSE	FALSE
DD:SE:18603	DD	SE	ENSG00000143776	CDC42BPA	9	1	FALSE	FALSE	TRUE	FALSE	NA	FALSE	FALSE
DD:SE:18798	DD	SE	ENSG00000146963	LUC7L2	1	4	TRUE	FALSE	TRUE	TRUE	TRUE	TRUE	FALSE
DD:SE:18933	DD	SE	ENSG00000136161	RCBTB2	13	1	TRUE	TRUE	TRUE	TRUE	FALSE	TRUE	TRUE
DD:SE:18937	DD	SE	ENSG00000136161	RCBTB2	7	2	TRUE	TRUE	TRUE	TRUE	FALSE	TRUE	TRUE
DD:SE:19262	DD	SE	ENSG00000122678	POLM	3	4	TRUE	TRUE	TRUE	TRUE	FALSE	TRUE	TRUE
DD:SE:19279	DD	SE	ENSG00000122678	POLM	2	4	TRUE	TRUE	TRUE	TRUE	FALSE	TRUE	TRUE
DD:SE:19322	DD	SE	ENSG00000189091	SF3B3	1	1	FALSE	FALSE	TRUE	TRUE	FALSE	FALSE	FALSE
DD:SE:19517	DD	SE	ENSG00000197275	RAD54B	2	11	FALSE	TRUE	TRUE	TRUE	TRUE	FALSE	TRUE
DD:SE:19772	DD	SE	ENSG00000145348	TBCK	8	1	TRUE	TRUE	TRUE	TRUE	FALSE	TRUE	TRUE
DD:SE:19801	DD	SE	ENSG00000145348	TBCK	1	7	TRUE	TRUE	TRUE	TRUE	FALSE	TRUE	TRUE
DD:SE:19810	DD	SE	ENSG00000106853	PTGR1	2	2	TRUE	FALSE	TRUE	TRUE	TRUE	TRUE	FALSE
DD:SE:19832	DD	SE	ENSG00000273559	CWC25	1	4	TRUE	TRUE	TRUE	TRUE	FALSE	TRUE	TRUE
DD:SE:20005	DD	SE	ENSG00000213066	CEP43	4	2	FALSE	TRUE	TRUE	TRUE	TRUE	FALSE	TRUE
DD:SE:20063	DD	SE	ENSG00000179335	CLK3	2	1	FALSE	FALSE	TRUE	TRUE	FALSE	FALSE	FALSE
DD:SE:20236	DD	SE	ENSG00000113761	ZNF346	1	1	FALSE	TRUE	TRUE	TRUE	TRUE	FALSE	TRUE
DD:SE:20274	DD	SE	ENSG00000122642	FKBP9	3	1	TRUE	FALSE	TRUE	TRUE	TRUE	TRUE	FALSE
DD:SE:20566	DD	SE	ENSG00000005020	SKAP2	1	5	FALSE	FALSE	TRUE	TRUE	FALSE	FALSE	FALSE
DD:SE:20581	DD	SE	ENSG00000095906	NUBP2	1	1	FALSE	TRUE	TRUE	TRUE	TRUE	FALSE	TRUE
DD:SE:20591	DD	SE	ENSG00000119953	SMNDC1	2	4	TRUE	TRUE	TRUE	TRUE	FALSE	TRUE	TRUE
DD:SE:20618	DD	SE	ENSG00000170854	RIOX2	1	1	FALSE	TRUE	TRUE	TRUE	TRUE	FALSE	TRUE
DD:SE:20619	DD	SE	ENSG00000170854	RIOX2	4	1	TRUE	TRUE	TRUE	TRUE	FALSE	TRUE	TRUE
DD:SE:20624	DD	SE	ENSG00000170854	RIOX2	1	5	TRUE	TRUE	TRUE	TRUE	FALSE	TRUE	TRUE
DD:SE:20781	DD	SE	ENSG00000136243	NUP42	3	2	FALSE	FALSE	TRUE	TRUE	FALSE	FALSE	FALSE
DD:SE:20904	DD	SE	ENSG00000136261	BZW2	3	2	FALSE	TRUE	TRUE	TRUE	TRUE	FALSE	TRUE
DD:SE:21035	DD	SE	ENSG00000003147	ICA1	2	12	TRUE	TRUE	TRUE	TRUE	FALSE	TRUE	TRUE
DD:SE:21051	DD	SE	ENSG00000219545	UMAD1	3	9	FALSE	FALSE	TRUE	TRUE	FALSE	FALSE	FALSE
DD:SE:21071	DD	SE	ENSG00000145349	CAMK2D	5	1	FALSE	TRUE	TRUE	TRUE	TRUE	FALSE	TRUE
DD:SE:21156	DD	SE	ENSG00000075239	ACAT1	3	1	FALSE	FALSE	TRUE	TRUE	FALSE	FALSE	FALSE
DD:SE:21319	DD	SE	ENSG00000008256	CYTH3	5	1	FALSE	TRUE	TRUE	TRUE	TRUE	FALSE	TRUE
DD:SE:21585	DD	SE	ENSG00000122687	MRM2	2	4	TRUE	FALSE	TRUE	TRUE	TRUE	TRUE	FALSE
DD:SE:21627	DD	SE	ENSG00000187790	FANCM	2	4	TRUE	FALSE	TRUE	TRUE	TRUE	TRUE	FALSE
DD:SE:21706	DD	SE	ENSG00000168615	ADAM9	8	1	TRUE	TRUE	TRUE	TRUE	FALSE	TRUE	TRUE
DD:SE:21786	DD	SE	ENSG00000196369	SRGAP2B	5	3	TRUE	FALSE	TRUE	TRUE	TRUE	TRUE	FALSE
DD:SE:21869	DD	SE	ENSG00000166912	MTMR10	3	15	TRUE	TRUE	TRUE	TRUE	FALSE	TRUE	TRUE
DD:SE:21871	DD	SE	ENSG00000166912	MTMR10	15	1	TRUE	FALSE	TRUE	TRUE	TRUE	TRUE	FALSE
DD:SE:21888	DD	SE	ENSG00000112592	TBP	1	2	TRUE	FALSE	TRUE	TRUE	TRUE	TRUE	FALSE
DD:SE:21906	DD	SE	ENSG00000185721	DRG1	2	1	TRUE	FALSE	TRUE	FALSE	NA	TRUE	FALSE
DD:SE:21913	DD	SE	ENSG00000185721	DRG1	1	2	TRUE	FALSE	TRUE	TRUE	TRUE	TRUE	FALSE
DD:SE:22086	DD	SE	ENSG00000153044	CENPH	2	1	FALSE	TRUE	TRUE	TRUE	TRUE	FALSE	TRUE
DD:SE:22264	DD	SE	ENSG00000164983	TMEM65	2	1	FALSE	FALSE	TRUE	TRUE	FALSE	FALSE	FALSE
DD:SE:22265	DD	SE	ENSG00000164983	TMEM65	1	1	FALSE	FALSE	TRUE	TRUE	FALSE	FALSE	FALSE
DD:SE:22409	DD	SE	ENSG00000289720	ENSG00000289720	8	1	TRUE	TRUE	TRUE	TRUE	FALSE	TRUE	TRUE
DD:SE:22475	DD	SE	ENSG00000146433	TMEM181	12	1	TRUE	FALSE	TRUE	TRUE	TRUE	TRUE	FALSE
DD:SE:22489	DD	SE	ENSG00000146433	TMEM181	12	1	FALSE	TRUE	TRUE	TRUE	TRUE	FALSE	TRUE
DD:SE:22849	DD	SE	ENSG00000111961	SASH1	8	1	FALSE	FALSE	TRUE	TRUE	FALSE	FALSE	FALSE
DD:SE:22857	DD	SE	ENSG00000139668	WDFY2	4	1	TRUE	FALSE	TRUE	TRUE	TRUE	TRUE	FALSE
DD:SE:23087	DD	SE	ENSG00000071889	FAM3A	3	4	TRUE	FALSE	TRUE	TRUE	TRUE	TRUE	FALSE
DD:SE:23221	DD	SE	ENSG00000112414	ADGRG6	1	8	TRUE	FALSE	TRUE	TRUE	TRUE	TRUE	FALSE
DD:SE:23687	DD	SE	ENSG00000136270	TBRG4	7	1	TRUE	TRUE	TRUE	TRUE	FALSE	TRUE	TRUE
DD:SE:23690	DD	SE	ENSG00000136270	TBRG4	1	1	TRUE	FALSE	TRUE	TRUE	TRUE	TRUE	FALSE
DD:SE:23721	DD	SE	ENSG00000107201	RIGI	8	2	TRUE	TRUE	TRUE	TRUE	FALSE	TRUE	TRUE
DD:SE:23896	DD	SE	ENSG00000165275	TRMT10B	1	1	FALSE	FALSE	TRUE	TRUE	FALSE	FALSE	FALSE
DD:SE:23951	DD	SE	ENSG00000134014	ELP3	4	1	TRUE	FALSE	TRUE	TRUE	TRUE	TRUE	FALSE
DD:SE:24019	DD	SE	ENSG00000170145	SIK2	6	1	FALSE	FALSE	TRUE	TRUE	FALSE	FALSE	FALSE
DD:SE:24294	DD	SE	ENSG00000065060	BLTP3A	8	2	TRUE	TRUE	TRUE	TRUE	FALSE	TRUE	TRUE
DD:SE:24314	DD	SE	ENSG00000111906	HDDC2	3	3	TRUE	TRUE	TRUE	TRUE	FALSE	TRUE	TRUE
DD:SE:24361	DD	SE	ENSG00000106144	CASP2	3	7	TRUE	FALSE	TRUE	TRUE	TRUE	TRUE	FALSE
DD:SE:24548	DD	SE	ENSG00000153975	ZUP1	7	1	FALSE	TRUE	TRUE	TRUE	TRUE	FALSE	TRUE
DD:SE:24552	DD	SE	ENSG00000153975	ZUP1	1	7	FALSE	TRUE	TRUE	TRUE	TRUE	FALSE	TRUE
DD:SE:24627	DD	SE	ENSG00000196591	HDAC2	1	1	FALSE	TRUE	TRUE	TRUE	TRUE	FALSE	TRUE
DD:SE:24742	DD	SE	ENSG00000175581	MRPL48	1	4	TRUE	TRUE	TRUE	TRUE	FALSE	TRUE	TRUE
DD:SE:24923	DD	SE	ENSG00000011260	UTP18	4	1	TRUE	TRUE	TRUE	TRUE	FALSE	TRUE	TRUE
DD:SE:24933	DD	SE	ENSG00000011260	UTP18	1	4	TRUE	TRUE	TRUE	TRUE	FALSE	TRUE	TRUE
DD:SE:25032	DD	SE	ENSG00000137275	RIPK1	3	2	FALSE	FALSE	TRUE	TRUE	FALSE	FALSE	FALSE
DD:SE:25081	DD	SE	ENSG00000122299	ZC3H7A	4	2	FALSE	TRUE	TRUE	TRUE	TRUE	FALSE	TRUE
DD:SE:25082	DD	SE	ENSG00000122299	ZC3H7A	1	2	TRUE	TRUE	TRUE	TRUE	FALSE	TRUE	TRUE
DD:SE:25087	DD	SE	ENSG00000122299	ZC3H7A	5	2	TRUE	TRUE	TRUE	TRUE	FALSE	TRUE	TRUE
DD:SE:25225	DD	SE	ENSG00000197548	ATG7	10	1	TRUE	FALSE	TRUE	TRUE	TRUE	TRUE	FALSE
DD:SE:25250	DD	SE	ENSG00000197548	ATG7	7	1	TRUE	FALSE	TRUE	TRUE	TRUE	TRUE	FALSE
DD:SE:25284	DD	SE	ENSG00000119328	ABITRAM	2	1	FALSE	FALSE	TRUE	FALSE	NA	FALSE	FALSE
DD:SE:25304	DD	SE	ENSG00000005100	DHX33	7	2	TRUE	TRUE	TRUE	TRUE	FALSE	TRUE	TRUE
DD:SE:25311	DD	SE	ENSG00000005100	DHX33	5	2	TRUE	TRUE	TRUE	TRUE	FALSE	TRUE	TRUE
DD:SE:25318	DD	SE	ENSG00000005100	DHX33	4	5	TRUE	TRUE	TRUE	TRUE	FALSE	TRUE	TRUE
DD:SE:25341	DD	SE	ENSG00000197265	GTF2E2	1	1	FALSE	FALSE	TRUE	TRUE	FALSE	FALSE	FALSE
DD:SE:25360	DD	SE	ENSG00000101158	NELFCD	2	1	TRUE	FALSE	TRUE	TRUE	TRUE	TRUE	FALSE
DD:SE:25516	DD	SE	ENSG00000185917	SETD4	4	10	TRUE	TRUE	TRUE	TRUE	FALSE	TRUE	TRUE
DD:SE:25584	DD	SE	ENSG00000198833	UBE2J1	2	1	FALSE	FALSE	TRUE	TRUE	FALSE	FALSE	FALSE
DD:SE:25873	DD	SE	ENSG00000112742	TTK	1	8	FALSE	FALSE	TRUE	TRUE	FALSE	FALSE	FALSE
DD:SE:26446	DD	SE	ENSG00000151725	CENPU	4	1	TRUE	TRUE	TRUE	TRUE	FALSE	TRUE	TRUE
DD:SE:26480	DD	SE	ENSG00000198612	COPS8	3	1	TRUE	TRUE	TRUE	TRUE	FALSE	TRUE	TRUE
DD:SE:26570	DD	SE	ENSG00000105127	AKAP8	1	10	TRUE	TRUE	TRUE	TRUE	FALSE	TRUE	TRUE
DD:SE:26853	DD	SE	ENSG00000112367	FIG4	3	1	TRUE	FALSE	TRUE	TRUE	TRUE	TRUE	FALSE
DD:SE:27021	DD	SE	ENSG00000136280	CCM2	2	1	FALSE	TRUE	TRUE	TRUE	TRUE	FALSE	TRUE
DD:SE:27051	DD	SE	ENSG00000152749	GPR180	2	1	FALSE	FALSE	TRUE	TRUE	FALSE	FALSE	FALSE
DD:SE:27278	DD	SE	ENSG00000091136	LAMB1	7	1	FALSE	TRUE	TRUE	TRUE	TRUE	FALSE	TRUE
DD:SE:27334	DD	SE	ENSG00000107669	ATE1	1	1	FALSE	TRUE	TRUE	TRUE	TRUE	FALSE	TRUE
DD:SE:27383	DD	SE	ENSG00000170734	POLH	6	1	TRUE	FALSE	TRUE	TRUE	TRUE	TRUE	FALSE
DD:SE:27549	DD	SE	ENSG00000137161	CNPY3	2	1	FALSE	FALSE	TRUE	TRUE	FALSE	FALSE	FALSE
DD:SE:27696	DD	SE	ENSG00000137413	TAF8	13	1	TRUE	TRUE	TRUE	TRUE	FALSE	TRUE	TRUE
DD:SE:27706	DD	SE	ENSG00000112578	BYSL	2	1	TRUE	TRUE	TRUE	TRUE	FALSE	TRUE	TRUE
DD:SE:27929	DD	SE	ENSG00000066427	ATXN3	7	2	TRUE	TRUE	TRUE	TRUE	FALSE	TRUE	TRUE
DD:SE:28030	DD	SE	ENSG00000112130	RNF8	1	6	FALSE	TRUE	TRUE	TRUE	TRUE	FALSE	TRUE
DD:SE:28278	DD	SE	ENSG00000096063	SRPK1	2	1	FALSE	TRUE	TRUE	TRUE	TRUE	FALSE	TRUE
DD:SE:28330	DD	SE	ENSG00000147996	ZNG1E	6	3	TRUE	FALSE	TRUE	TRUE	TRUE	TRUE	FALSE
DD:SE:28415	DD	SE	ENSG00000168234	TTC39C	6	1	TRUE	FALSE	TRUE	TRUE	TRUE	TRUE	FALSE
DD:SE:28498	DD	SE	ENSG00000204209	DAXX	2	1	FALSE	FALSE	TRUE	TRUE	FALSE	FALSE	FALSE
DD:SE:28542	DD	SE	ENSG00000130023	ERMARD	8	1	FALSE	TRUE	TRUE	TRUE	TRUE	FALSE	TRUE
DD:SE:28600	DD	SE	ENSG00000204231	RXRB	3	2	TRUE	TRUE	TRUE	TRUE	FALSE	TRUE	TRUE
DD:SE:28628	DD	SE	ENSG00000114346	ECT2	13	1	FALSE	TRUE	TRUE	TRUE	TRUE	FALSE	TRUE
DD:SE:28698	DD	SE	ENSG00000204256	BRD2	2	4	FALSE	FALSE	TRUE	TRUE	FALSE	FALSE	FALSE
DD:SE:28893	DD	SE	ENSG00000130254	SAFB2	2	1	FALSE	FALSE	TRUE	TRUE	FALSE	FALSE	FALSE
DD:SE:29161	DD	SE	ENSG00000137672	TRPC6	10	1	FALSE	TRUE	TRUE	TRUE	TRUE	FALSE	TRUE
DD:SE:29375	DD	SE	ENSG00000188419	CHM	11	1	TRUE	TRUE	TRUE	TRUE	FALSE	TRUE	TRUE
DD:SE:29510	DD	SE	ENSG00000137312	FLOT1	2	1	FALSE	FALSE	TRUE	TRUE	FALSE	FALSE	FALSE
DD:SE:29534	DD	SE	ENSG00000164070	HSPA4L	2	2	FALSE	TRUE	TRUE	TRUE	TRUE	FALSE	TRUE
DD:SE:29549	DD	SE	ENSG00000147601	TERF1	3	4	FALSE	FALSE	TRUE	TRUE	FALSE	FALSE	FALSE
DD:SE:29772	DD	SE	ENSG00000119541	VPS4B	2	1	FALSE	FALSE	TRUE	TRUE	FALSE	FALSE	FALSE
DD:SE:30007	DD	SE	ENSG00000127663	KDM4B	1	1	FALSE	FALSE	TRUE	TRUE	FALSE	FALSE	FALSE
DD:SE:30074	DD	SE	ENSG00000204713	TRIM27	2	1	FALSE	TRUE	TRUE	TRUE	TRUE	FALSE	TRUE
DD:SE:30103	DD	SE	ENSG00000244187	TMEM141	1	1	FALSE	FALSE	FALSE	FALSE	NA	FALSE	FALSE
DD:SE:30105	DD	SE	ENSG00000244187	TMEM141	1	1	FALSE	FALSE	TRUE	FALSE	NA	FALSE	FALSE
DD:SE:30199	DD	SE	ENSG00000198315	ZKSCAN8	4	1	TRUE	FALSE	TRUE	TRUE	TRUE	TRUE	FALSE
DD:SE:30230	DD	SE	ENSG00000137842	TMEM62	5	4	FALSE	FALSE	TRUE	TRUE	FALSE	FALSE	FALSE
DD:SE:30359	DD	SE	ENSG00000112763	BTN2A1	3	7	TRUE	FALSE	TRUE	TRUE	TRUE	TRUE	FALSE
DD:SE:30551	DD	SE	ENSG00000115221	ITGB6	7	1	TRUE	TRUE	TRUE	TRUE	FALSE	TRUE	TRUE
DD:SE:30687	DD	SE	ENSG00000163946	TASOR	6	1	FALSE	TRUE	TRUE	TRUE	TRUE	FALSE	TRUE
DD:SE:30757	DD	SE	ENSG00000140854	KATNB1	3	1	FALSE	TRUE	TRUE	TRUE	TRUE	FALSE	TRUE
DD:SE:30830	DD	SE	ENSG00000073578	SDHA	5	1	TRUE	FALSE	TRUE	TRUE	TRUE	TRUE	FALSE
DD:SE:30835	DD	SE	ENSG00000073578	SDHA	4	1	FALSE	TRUE	TRUE	TRUE	TRUE	FALSE	TRUE
DD:SE:30943	DD	SE	ENSG00000146776	ATXN7L1	9	1	FALSE	FALSE	TRUE	TRUE	FALSE	FALSE	FALSE
DD:SE:31310	DD	SE	ENSG00000112186	CAP2	1	1	TRUE	FALSE	TRUE	TRUE	TRUE	TRUE	FALSE
DD:SE:31315	DD	SE	ENSG00000112186	CAP2	4	3	TRUE	TRUE	TRUE	TRUE	FALSE	TRUE	TRUE
DD:SE:31336	DD	SE	ENSG00000168724	DNAJC21	10	1	FALSE	TRUE	TRUE	TRUE	TRUE	FALSE	TRUE
DD:SE:31371	DD	SE	ENSG00000101019	UQCC1	2	1	FALSE	FALSE	TRUE	TRUE	FALSE	FALSE	FALSE
DD:SE:31778	DD	SE	ENSG00000124786	SLC35B3	1	8	TRUE	FALSE	TRUE	TRUE	TRUE	TRUE	FALSE
DD:SE:31783	DD	SE	ENSG00000124786	SLC35B3	7	2	TRUE	FALSE	TRUE	TRUE	TRUE	TRUE	FALSE
DD:SE:32170	DD	SE	ENSG00000112685	EXOC2	7	1	TRUE	FALSE	TRUE	TRUE	TRUE	TRUE	FALSE
DD:SE:32212	DD	SE	ENSG00000106799	TGFBR1	1	6	TRUE	FALSE	TRUE	TRUE	TRUE	TRUE	FALSE
DD:SE:32242	DD	SE	ENSG00000168216	LMBRD1	2	2	TRUE	TRUE	TRUE	TRUE	FALSE	TRUE	TRUE
DD:SE:32282	DD	SE	ENSG00000146063	TRIM41	9	4	TRUE	TRUE	TRUE	TRUE	FALSE	TRUE	TRUE
DD:SE:32388	DD	SE	ENSG00000161010	MRNIP	2	1	FALSE	FALSE	TRUE	TRUE	FALSE	FALSE	FALSE
DD:SE:32409	DD	SE	ENSG00000161010	MRNIP	1	6	FALSE	TRUE	TRUE	TRUE	TRUE	FALSE	TRUE
DD:SE:32419	DD	SE	ENSG00000037897	METTL1	2	1	TRUE	FALSE	TRUE	TRUE	TRUE	TRUE	FALSE
DD:SE:32549	DD	SE	ENSG00000110871	COQ5	2	1	FALSE	TRUE	TRUE	TRUE	TRUE	FALSE	TRUE
DD:SE:32678	DD	SE	ENSG00000087206	UIMC1	1	11	TRUE	FALSE	TRUE	TRUE	TRUE	TRUE	FALSE
DD:SE:32696	DD	SE	ENSG00000087206	UIMC1	3	4	FALSE	TRUE	TRUE	TRUE	TRUE	FALSE	TRUE
DD:SE:32704	DD	SE	ENSG00000087206	UIMC1	4	2	TRUE	FALSE	TRUE	TRUE	TRUE	TRUE	FALSE
DD:SE:32708	DD	SE	ENSG00000087206	UIMC1	2	2	FALSE	FALSE	TRUE	TRUE	FALSE	FALSE	FALSE
DD:SE:32805	DD	SE	ENSG00000051596	THOC3	4	1	FALSE	TRUE	TRUE	TRUE	TRUE	FALSE	TRUE
DD:SE:32811	DD	SE	ENSG00000120370	GORAB	1	3	TRUE	TRUE	TRUE	TRUE	FALSE	TRUE	TRUE
DD:SE:32817	DD	SE	ENSG00000120370	GORAB	1	3	FALSE	TRUE	FALSE	TRUE	NA	FALSE	TRUE
DD:SE:32918	DD	SE	ENSG00000090581	GNPTG	1	4	FALSE	TRUE	TRUE	TRUE	TRUE	FALSE	TRUE
DD:SE:32949	DD	SE	ENSG00000173137	ADCK5	1	7	TRUE	TRUE	TRUE	TRUE	FALSE	TRUE	TRUE
DD:SE:33042	DD	SE	ENSG00000106258	CYP3A5	1	15	FALSE	TRUE	TRUE	TRUE	TRUE	FALSE	TRUE
DD:SE:33096	DD	SE	ENSG00000102543	CDADC1	2	6	TRUE	TRUE	TRUE	TRUE	FALSE	TRUE	TRUE
DD:SE:33130	DD	SE	ENSG00000204427	ABHD16A	1	1	FALSE	TRUE	TRUE	TRUE	TRUE	FALSE	TRUE
DD:SE:33306	DD	SE	ENSG00000038358	EDC4	1	3	FALSE	FALSE	TRUE	TRUE	FALSE	FALSE	FALSE
DD:SE:33702	DD	SE	ENSG00000104219	ZDHHC2	8	2	FALSE	FALSE	TRUE	TRUE	FALSE	FALSE	FALSE
DD:SE:33758	DD	SE	ENSG00000055147	FAM114A2	5	1	FALSE	TRUE	TRUE	TRUE	TRUE	FALSE	TRUE
DD:SE:33946	DD	SE	ENSG00000134371	CDC73	1	1	FALSE	TRUE	TRUE	TRUE	TRUE	FALSE	TRUE
DD:SE:33976	DD	SE	ENSG00000137074	APTX	12	1	TRUE	TRUE	TRUE	TRUE	FALSE	TRUE	TRUE
DD:SE:34008	DD	SE	ENSG00000137074	APTX	3	1	FALSE	FALSE	TRUE	TRUE	FALSE	FALSE	FALSE
DD:SE:34240	DD	SE	ENSG00000128789	PSMG2	1	3	TRUE	FALSE	TRUE	TRUE	TRUE	TRUE	FALSE
DD:SE:34723	DD	SE	ENSG00000068394	GPKOW	1	1	FALSE	FALSE	TRUE	TRUE	FALSE	FALSE	FALSE
DD:SE:35004	DD	SE	ENSG00000100596	SPTLC2	1	1	FALSE	FALSE	TRUE	TRUE	FALSE	FALSE	FALSE
DD:SE:35013	DD	SE	ENSG00000103248	MTHFSD	2	9	FALSE	FALSE	TRUE	TRUE	FALSE	FALSE	FALSE
DD:SE:35320	DD	SE	ENSG00000155368	DBI	1	1	FALSE	FALSE	TRUE	FALSE	NA	FALSE	FALSE
DD:SE:35358	DD	SE	ENSG00000120725	SIL1	3	1	FALSE	FALSE	TRUE	TRUE	FALSE	FALSE	FALSE
DD:SE:35702	DD	SE	ENSG00000075131	TIPIN	10	1	TRUE	TRUE	TRUE	TRUE	FALSE	TRUE	TRUE
DD:SE:35710	DD	SE	ENSG00000075131	TIPIN	10	1	TRUE	TRUE	TRUE	TRUE	FALSE	TRUE	TRUE
DD:SE:35865	DD	SE	ENSG00000113615	SEC24A	8	1	TRUE	TRUE	TRUE	TRUE	FALSE	TRUE	TRUE
DD:SE:36206	DD	SE	ENSG00000064651	SLC12A2	9	1	FALSE	FALSE	TRUE	TRUE	FALSE	FALSE	FALSE
DD:SE:36266	DD	SE	ENSG00000122512	PMS2	10	1	TRUE	TRUE	TRUE	TRUE	FALSE	TRUE	TRUE
DD:SE:36333	DD	SE	ENSG00000101213	PTK6	3	2	TRUE	TRUE	TRUE	TRUE	FALSE	TRUE	TRUE
DD:SE:36426	DD	SE	ENSG00000065485	PDIA5	4	1	TRUE	TRUE	TRUE	TRUE	FALSE	TRUE	TRUE
DD:SE:36430	DD	SE	ENSG00000065485	PDIA5	2	3	TRUE	TRUE	TRUE	TRUE	FALSE	TRUE	TRUE
DD:SE:36491	DD	SE	ENSG00000090863	GLG1	3	1	FALSE	TRUE	TRUE	TRUE	TRUE	FALSE	TRUE
DD:SE:36582	DD	SE	ENSG00000119682	AREL1	14	2	TRUE	TRUE	TRUE	TRUE	FALSE	TRUE	TRUE
DD:SE:36732	DD	SE	ENSG00000165060	FXN	2	1	FALSE	TRUE	TRUE	TRUE	TRUE	FALSE	TRUE
DD:SE:36878	DD	SE	ENSG00000104866	PPP1R37	5	1	TRUE	TRUE	TRUE	TRUE	FALSE	TRUE	TRUE
DD:SE:36971	DD	SE	ENSG00000107104	KANK1	1	10	TRUE	FALSE	TRUE	TRUE	TRUE	TRUE	FALSE
DD:SE:37059	DD	SE	ENSG00000164221	CCDC112	8	1	FALSE	FALSE	TRUE	TRUE	FALSE	FALSE	FALSE
DD:SE:37145	DD	SE	ENSG00000146909	NOM1	3	8	TRUE	TRUE	TRUE	TRUE	FALSE	TRUE	TRUE
DD:SE:37369	DD	SE	ENSG00000112679	DUSP22	3	2	FALSE	TRUE	TRUE	TRUE	TRUE	FALSE	TRUE
DD:SE:37485	DD	SE	ENSG00000085365	SCAMP1	1	1	FALSE	TRUE	TRUE	TRUE	TRUE	FALSE	TRUE
DD:SE:37510	DD	SE	ENSG00000135924	DNAJB2	3	1	FALSE	TRUE	TRUE	TRUE	TRUE	FALSE	TRUE
DD:SE:37662	DD	SE	ENSG00000163162	RNF149	3	1	TRUE	TRUE	TRUE	TRUE	FALSE	TRUE	TRUE
DD:SE:38224	DD	SE	ENSG00000162959	MEMO1	3	1	FALSE	TRUE	TRUE	TRUE	TRUE	FALSE	TRUE
DD:SE:38234	DD	SE	ENSG00000162959	MEMO1	2	1	FALSE	FALSE	TRUE	TRUE	FALSE	FALSE	FALSE
DD:SE:38237	DD	SE	ENSG00000162959	MEMO1	1	3	FALSE	TRUE	TRUE	TRUE	TRUE	FALSE	TRUE
DD:SE:38277	DD	SE	ENSG00000107021	TBC1D13	2	1	FALSE	FALSE	TRUE	TRUE	FALSE	FALSE	FALSE
DD:SE:38432	DD	SE	ENSG00000213246	SUPT4H1	2	1	FALSE	FALSE	TRUE	FALSE	NA	FALSE	FALSE
DD:SE:38482	DD	SE	ENSG00000135537	AFG1L	2	8	TRUE	TRUE	TRUE	TRUE	FALSE	TRUE	TRUE
DD:SE:38489	DD	SE	ENSG00000135537	AFG1L	6	1	TRUE	FALSE	TRUE	TRUE	TRUE	TRUE	FALSE
DD:SE:38490	DD	SE	ENSG00000135537	AFG1L	1	1	FALSE	FALSE	TRUE	TRUE	FALSE	FALSE	FALSE
DD:SE:38501	DD	SE	ENSG00000135537	AFG1L	7	2	FALSE	TRUE	TRUE	TRUE	TRUE	FALSE	TRUE
DD:SE:38712	DD	SE	ENSG00000254093	PINX1	1	2	FALSE	FALSE	TRUE	TRUE	FALSE	FALSE	FALSE
DD:SE:39099	DD	SE	ENSG00000278845	MRPL45	2	1	TRUE	TRUE	TRUE	TRUE	FALSE	TRUE	TRUE
DD:SE:39200	DD	SE	ENSG00000131732	ZCCHC9	1	1	FALSE	FALSE	TRUE	FALSE	NA	FALSE	FALSE
DD:SE:39236	DD	SE	ENSG00000106052	TAX1BP1	1	1	FALSE	TRUE	TRUE	TRUE	TRUE	FALSE	TRUE
DD:SE:39332	DD	SE	ENSG00000153310	CYRIB	6	3	FALSE	FALSE	TRUE	TRUE	FALSE	FALSE	FALSE
DD:SE:39484	DD	SE	ENSG00000164329	TENT2	12	2	FALSE	TRUE	TRUE	TRUE	TRUE	FALSE	TRUE
DD:SE:39867	DD	SE	ENSG00000128923	MINDY2	2	1	FALSE	TRUE	TRUE	TRUE	TRUE	FALSE	TRUE
DD:SE:39884	DD	SE	ENSG00000164347	GFM2	6	2	FALSE	TRUE	TRUE	TRUE	TRUE	FALSE	TRUE
DD:SE:40414	DD	SE	ENSG00000114993	RTKN	2	1	FALSE	TRUE	TRUE	TRUE	TRUE	FALSE	TRUE
DD:SE:40430	DD	SE	ENSG00000114993	RTKN	8	2	TRUE	FALSE	TRUE	TRUE	TRUE	TRUE	FALSE
DD:SE:40520	DD	SE	ENSG00000183323	CCDC125	23	1	TRUE	FALSE	TRUE	TRUE	TRUE	TRUE	FALSE
DD:SE:40524	DD	SE	ENSG00000183323	CCDC125	22	3	TRUE	FALSE	TRUE	TRUE	TRUE	TRUE	FALSE
DD:SE:40603	DD	SE	ENSG00000145740	SLC30A5	6	1	FALSE	TRUE	TRUE	TRUE	TRUE	FALSE	TRUE
DD:SE:40657	DD	SE	ENSG00000265190	ANXA8	8	3	TRUE	TRUE	TRUE	TRUE	FALSE	TRUE	TRUE
DD:SE:40875	DD	SE	ENSG00000153914	SREK1	2	4	FALSE	FALSE	TRUE	TRUE	FALSE	FALSE	FALSE
DD:SE:40927	DD	SE	ENSG00000106692	FKTN	2	11	TRUE	TRUE	TRUE	TRUE	FALSE	TRUE	TRUE
DD:SE:41075	DD	SE	ENSG00000130348	QRSL1	1	6	FALSE	TRUE	TRUE	TRUE	TRUE	FALSE	TRUE
DD:SE:41086	DD	SE	ENSG00000130348	QRSL1	9	1	TRUE	FALSE	TRUE	TRUE	TRUE	TRUE	FALSE
DD:SE:41252	DD	SE	ENSG00000049167	ERCC8	1	9	FALSE	TRUE	TRUE	TRUE	TRUE	FALSE	TRUE
DD:SE:41548	DD	SE	ENSG00000134352	IL6ST	3	1	TRUE	FALSE	TRUE	TRUE	TRUE	TRUE	FALSE
DD:SE:41582	DD	SE	ENSG00000132196	HSD17B7	1	3	TRUE	TRUE	TRUE	TRUE	FALSE	TRUE	TRUE
DD:SE:41705	DD	SE	ENSG00000121022	COPS5	1	4	TRUE	FALSE	TRUE	TRUE	TRUE	TRUE	FALSE
DD:SE:42055	DD	SE	ENSG00000103264	FBXO31	6	1	FALSE	FALSE	TRUE	TRUE	FALSE	FALSE	FALSE
DD:SE:42092	DD	SE	ENSG00000079387	SENP1	10	25	TRUE	FALSE	TRUE	TRUE	TRUE	TRUE	FALSE
DD:SE:42516	DD	SE	ENSG00000082068	WDR70	8	1	TRUE	FALSE	TRUE	TRUE	TRUE	TRUE	FALSE
DD:SE:42536	DD	SE	ENSG00000082068	WDR70	8	1	FALSE	TRUE	TRUE	TRUE	TRUE	FALSE	TRUE
DD:SE:42658	DD	SE	ENSG00000152582	SPEF2	16	1	FALSE	FALSE	TRUE	TRUE	FALSE	FALSE	FALSE
DD:SE:42668	DD	SE	ENSG00000141756	FKBP10	8	1	FALSE	TRUE	TRUE	TRUE	TRUE	FALSE	TRUE
DD:SE:42712	DD	SE	ENSG00000113456	RAD1	4	1	FALSE	TRUE	TRUE	TRUE	TRUE	FALSE	TRUE
DD:SE:42718	DD	SE	ENSG00000113456	RAD1	1	4	TRUE	FALSE	TRUE	TRUE	TRUE	TRUE	FALSE
DD:SE:42899	DD	SE	ENSG00000087448	KLHL42	1	1	TRUE	FALSE	TRUE	TRUE	TRUE	TRUE	FALSE
DD:SE:43000	DD	SE	ENSG00000134602	STK26	7	1	FALSE	TRUE	TRUE	TRUE	TRUE	FALSE	TRUE
DD:SE:43140	DD	SE	ENSG00000115875	SRSF7	1	3	TRUE	FALSE	TRUE	TRUE	TRUE	TRUE	FALSE
DD:SE:43149	DD	SE	ENSG00000147439	BIN3	1	3	TRUE	TRUE	TRUE	TRUE	FALSE	TRUE	TRUE
DD:SE:43270	DD	SE	ENSG00000152359	POC5	10	4	TRUE	TRUE	TRUE	TRUE	FALSE	TRUE	TRUE
DD:SE:43274	DD	SE	ENSG00000152359	POC5	1	11	FALSE	TRUE	TRUE	TRUE	TRUE	FALSE	TRUE
DD:SE:43338	DD	SE	ENSG00000121957	GPSM2	9	1	FALSE	TRUE	TRUE	TRUE	TRUE	FALSE	TRUE
DD:SE:43479	DD	SE	ENSG00000095319	NUP188	2	1	FALSE	FALSE	TRUE	TRUE	FALSE	FALSE	FALSE
DD:SE:43480	DD	SE	ENSG00000095319	NUP188	1	1	FALSE	FALSE	TRUE	TRUE	FALSE	FALSE	FALSE
DD:SE:43495	DD	SE	ENSG00000155393	HEATR3	20	2	TRUE	FALSE	TRUE	TRUE	TRUE	TRUE	FALSE
DD:SE:43501	DD	SE	ENSG00000155393	HEATR3	21	1	TRUE	FALSE	TRUE	TRUE	TRUE	TRUE	FALSE
DD:SE:43535	DD	SE	ENSG00000204564	C6orf136	1	3	FALSE	TRUE	TRUE	TRUE	TRUE	FALSE	TRUE
DD:SE:43613	DD	SE	ENSG00000064703	DDX20	3	1	FALSE	FALSE	TRUE	TRUE	FALSE	FALSE	FALSE
DD:SE:43710	DD	SE	ENSG00000178460	MCMDC2	19	9	TRUE	TRUE	TRUE	TRUE	FALSE	TRUE	TRUE
DD:SE:43820	DD	SE	ENSG00000141497	ZMYND15	12	1	TRUE	TRUE	TRUE	TRUE	FALSE	TRUE	TRUE
DD:SE:44021	DD	SE	ENSG00000172345	STARD5	1	2	FALSE	TRUE	TRUE	TRUE	TRUE	FALSE	TRUE
DD:SE:44022	DD	SE	ENSG00000172345	STARD5	2	1	FALSE	TRUE	TRUE	TRUE	TRUE	FALSE	TRUE
DD:SE:44161	DD	SE	ENSG00000146918	NCAPG2	2	1	FALSE	TRUE	TRUE	TRUE	TRUE	FALSE	TRUE
DD:SE:44184	DD	SE	ENSG00000146918	NCAPG2	10	2	TRUE	FALSE	TRUE	TRUE	TRUE	TRUE	FALSE
DD:SE:44257	DD	SE	ENSG00000188428	BLOC1S5	1	2	TRUE	TRUE	TRUE	TRUE	FALSE	TRUE	TRUE
DD:SE:44363	DD	SE	ENSG00000112877	CEP72	10	6	TRUE	TRUE	TRUE	TRUE	FALSE	TRUE	TRUE
DD:SE:44434	DD	SE	ENSG00000115970	THADA	1	6	FALSE	FALSE	TRUE	TRUE	FALSE	FALSE	FALSE
DD:SE:44515	DD	SE	ENSG00000164944	VIRMA	3	2	FALSE	FALSE	TRUE	TRUE	FALSE	FALSE	FALSE
DD:SE:44543	DD	SE	ENSG00000054983	GALC	4	1	FALSE	TRUE	TRUE	TRUE	TRUE	FALSE	TRUE
DD:SE:44596	DD	SE	ENSG00000132356	PRKAA1	3	1	FALSE	FALSE	TRUE	TRUE	FALSE	FALSE	FALSE
DD:SE:44656	DD	SE	ENSG00000163660	CCNL1	2	8	TRUE	FALSE	TRUE	TRUE	TRUE	TRUE	FALSE
DD:SE:44667	DD	SE	ENSG00000163660	CCNL1	2	2	TRUE	FALSE	TRUE	TRUE	TRUE	TRUE	FALSE
DD:SE:44672	DD	SE	ENSG00000163660	CCNL1	6	2	FALSE	FALSE	TRUE	TRUE	FALSE	FALSE	FALSE
DD:SE:44679	DD	SE	ENSG00000163069	SGCB	1	1	FALSE	FALSE	TRUE	TRUE	FALSE	FALSE	FALSE
DD:SE:44735	DD	SE	ENSG00000100003	SEC14L2	4	1	TRUE	FALSE	TRUE	TRUE	TRUE	TRUE	FALSE
DD:SE:44761	DD	SE	ENSG00000100003	SEC14L2	1	1	FALSE	TRUE	TRUE	TRUE	TRUE	FALSE	TRUE
DD:SE:44765	DD	SE	ENSG00000100003	SEC14L2	4	1	TRUE	TRUE	TRUE	TRUE	FALSE	TRUE	TRUE
DD:SE:44983	DD	SE	ENSG00000168310	IRF2	6	1	FALSE	TRUE	TRUE	TRUE	TRUE	FALSE	TRUE
DD:SE:45162	DD	SE	ENSG00000182552	RWDD4	1	1	FALSE	FALSE	TRUE	TRUE	FALSE	FALSE	FALSE
DD:SE:45174	DD	SE	ENSG00000164695	CHMP4C	1	1	FALSE	TRUE	TRUE	TRUE	TRUE	FALSE	TRUE
DD:SE:45306	DD	SE	ENSG00000105677	TMEM147	1	1	FALSE	TRUE	TRUE	TRUE	TRUE	FALSE	TRUE
DD:SE:45411	DD	SE	ENSG00000166685	COG1	4	2	TRUE	TRUE	TRUE	TRUE	FALSE	TRUE	TRUE
DD:SE:45600	DD	SE	ENSG00000095383	TBC1D2	2	1	FALSE	FALSE	TRUE	TRUE	FALSE	FALSE	FALSE
DD:SE:45781	DD	SE	ENSG00000109466	KLHL2	7	1	TRUE	FALSE	TRUE	TRUE	TRUE	TRUE	FALSE
DD:SE:45793	DD	SE	ENSG00000109466	KLHL2	8	2	FALSE	TRUE	TRUE	TRUE	TRUE	FALSE	TRUE
DD:SE:45889	DD	SE	ENSG00000170185	USP38	1	9	TRUE	FALSE	TRUE	TRUE	TRUE	TRUE	FALSE
DD:SE:45945	DD	SE	ENSG00000145414	NAF1	1	4	FALSE	TRUE	TRUE	TRUE	TRUE	FALSE	TRUE
DD:SE:45946	DD	SE	ENSG00000145414	NAF1	1	1	FALSE	FALSE	FALSE	TRUE	NA	FALSE	FALSE
DD:SE:46159	DD	SE	ENSG00000104412	EMC2	5	1	TRUE	TRUE	TRUE	TRUE	FALSE	TRUE	TRUE
DD:SE:46252	DD	SE	ENSG00000147457	CHMP7	1	2	FALSE	FALSE	TRUE	TRUE	FALSE	FALSE	FALSE
DD:SE:46254	DD	SE	ENSG00000147457	CHMP7	2	1	FALSE	FALSE	TRUE	TRUE	FALSE	FALSE	FALSE
DD:SE:46309	DD	SE	ENSG00000121210	TMEM131L	11	1	TRUE	FALSE	TRUE	TRUE	TRUE	TRUE	FALSE
DD:SE:46351	DD	SE	ENSG00000265354	TIMM23	1	1	FALSE	FALSE	TRUE	TRUE	FALSE	FALSE	FALSE
DD:SE:46544	DD	SE	ENSG00000111707	SUDS3	3	1	FALSE	TRUE	TRUE	TRUE	TRUE	FALSE	TRUE
DD:SE:46703	DD	SE	ENSG00000169189	NSMCE1	1	2	FALSE	FALSE	TRUE	TRUE	FALSE	FALSE	FALSE
DD:SE:46921	DD	SE	ENSG00000134490	TMEM241	32	1	TRUE	TRUE	TRUE	TRUE	FALSE	TRUE	TRUE
DD:SE:47121	DD	SE	ENSG00000155621	C9orf85	1	4	TRUE	TRUE	TRUE	TRUE	FALSE	TRUE	TRUE
DD:SE:47463	DD	SE	ENSG00000164163	ABCE1	3	1	FALSE	FALSE	TRUE	TRUE	FALSE	FALSE	FALSE
DD:SE:47567	DD	SE	ENSG00000153147	SMARCA5	3	1	FALSE	TRUE	TRUE	TRUE	TRUE	FALSE	TRUE
DD:SE:47606	DD	SE	ENSG00000135698	MPHOSPH6	1	2	TRUE	TRUE	TRUE	TRUE	FALSE	TRUE	TRUE
DD:SE:47610	DD	SE	ENSG00000135698	MPHOSPH6	2	1	TRUE	TRUE	TRUE	TRUE	FALSE	TRUE	TRUE
DD:SE:47841	DD	SE	ENSG00000109586	GALNT7	4	1	FALSE	TRUE	TRUE	TRUE	TRUE	FALSE	TRUE
DD:SE:48159	DD	SE	ENSG00000270647	TAF15	1	1	FALSE	FALSE	TRUE	TRUE	FALSE	FALSE	FALSE
DD:SE:48161	DD	SE	ENSG00000270647	TAF15	7	1	TRUE	FALSE	TRUE	TRUE	TRUE	TRUE	FALSE
DD:SE:48173	DD	SE	ENSG00000270647	TAF15	4	1	FALSE	TRUE	TRUE	TRUE	TRUE	FALSE	TRUE
DD:SE:48490	DD	SE	ENSG00000171735	CAMTA1	2	2	FALSE	TRUE	FALSE	TRUE	NA	FALSE	TRUE
DD:SE:48665	DD	SE	ENSG00000023318	ERP44	2	1	FALSE	TRUE	TRUE	TRUE	TRUE	FALSE	TRUE
DD:SE:48912	DD	SE	ENSG00000145390	USP53	1	5	FALSE	FALSE	TRUE	TRUE	FALSE	FALSE	FALSE
DD:SE:48932	DD	SE	ENSG00000145388	METTL14	3	1	TRUE	FALSE	TRUE	TRUE	TRUE	TRUE	FALSE
DD:SE:48936	DD	SE	ENSG00000145388	METTL14	3	1	TRUE	FALSE	TRUE	TRUE	TRUE	TRUE	FALSE
DD:SE:48963	DD	SE	ENSG00000176444	CLK2	8	1	TRUE	FALSE	TRUE	TRUE	TRUE	TRUE	FALSE
DD:SE:48965	DD	SE	ENSG00000176444	CLK2	1	3	FALSE	TRUE	TRUE	TRUE	TRUE	FALSE	TRUE
DD:SE:48971	DD	SE	ENSG00000176444	CLK2	2	3	FALSE	TRUE	TRUE	TRUE	TRUE	FALSE	TRUE
DD:SE:48973	DD	SE	ENSG00000176444	CLK2	3	3	TRUE	TRUE	TRUE	TRUE	FALSE	TRUE	TRUE
DD:SE:49087	DD	SE	ENSG00000116906	GNPAT	1	3	TRUE	FALSE	TRUE	TRUE	TRUE	TRUE	FALSE
DD:SE:49230	DD	SE	ENSG00000157869	RAB28	3	3	FALSE	TRUE	TRUE	TRUE	TRUE	FALSE	TRUE
DD:SE:49277	DD	SE	ENSG00000108039	XPNPEP1	4	1	TRUE	FALSE	TRUE	TRUE	TRUE	TRUE	FALSE
DD:SE:49283	DD	SE	ENSG00000108039	XPNPEP1	1	4	FALSE	TRUE	TRUE	TRUE	TRUE	FALSE	TRUE
DD:SE:49372	DD	SE	ENSG00000204576	PRR3	1	1	FALSE	FALSE	FALSE	TRUE	NA	FALSE	FALSE
DD:SE:49388	DD	SE	ENSG00000142751	GPN2	2	1	TRUE	TRUE	TRUE	TRUE	FALSE	TRUE	TRUE
DD:SE:49404	DD	SE	ENSG00000160087	UBE2J2	1	4	TRUE	TRUE	TRUE	TRUE	FALSE	TRUE	TRUE
DD:SE:49647	DD	SE	ENSG00000197818	SLC9A8	1	4	FALSE	TRUE	TRUE	TRUE	TRUE	FALSE	TRUE
DD:SE:49649	DD	SE	ENSG00000197818	SLC9A8	8	4	TRUE	TRUE	TRUE	TRUE	FALSE	TRUE	TRUE
DD:SE:49860	DD	SE	ENSG00000115548	KDM3A	2	4	FALSE	FALSE	TRUE	TRUE	FALSE	FALSE	FALSE
DD:SE:49985	DD	SE	ENSG00000042445	RETSAT	8	1	FALSE	TRUE	TRUE	TRUE	TRUE	FALSE	TRUE
DD:SE:50007	DD	SE	ENSG00000042445	RETSAT	3	1	TRUE	FALSE	TRUE	TRUE	TRUE	TRUE	FALSE
DD:SE:50036	DD	SE	ENSG00000124226	RNF114	1	1	FALSE	TRUE	TRUE	TRUE	TRUE	FALSE	TRUE
DD:SE:50470	DD	SE	ENSG00000004864	SLC25A13	6	1	TRUE	FALSE	TRUE	TRUE	TRUE	TRUE	FALSE
DD:SE:51060	DD	SE	ENSG00000163013	FBXO41	1	1	FALSE	FALSE	TRUE	TRUE	FALSE	FALSE	FALSE
DD:SE:51159	DD	SE	ENSG00000075292	ZNF638	3	4	FALSE	FALSE	TRUE	TRUE	FALSE	FALSE	FALSE
DD:SE:51330	DD	SE	ENSG00000124357	NAGK	3	1	FALSE	TRUE	TRUE	TRUE	TRUE	FALSE	TRUE
DD:SE:51362	DD	SE	ENSG00000165119	HNRNPK	5	2	FALSE	TRUE	TRUE	TRUE	TRUE	FALSE	TRUE
DD:SE:51457	DD	SE	ENSG00000164068	RNF123	10	1	TRUE	FALSE	TRUE	TRUE	TRUE	TRUE	FALSE
DD:SE:51579	DD	SE	ENSG00000163219	ARHGAP25	15	2	TRUE	FALSE	TRUE	TRUE	TRUE	TRUE	FALSE
DD:SE:51807	DD	SE	ENSG00000143971	ETAA1	7	1	TRUE	FALSE	TRUE	TRUE	TRUE	TRUE	FALSE
DD:SE:51833	DD	SE	ENSG00000198369	SPRED2	1	4	FALSE	FALSE	TRUE	TRUE	FALSE	FALSE	FALSE
DD:SE:51835	DD	SE	ENSG00000198369	SPRED2	4	1	FALSE	FALSE	TRUE	TRUE	FALSE	FALSE	FALSE
DD:SE:51877	DD	SE	ENSG00000138071	ACTR2	1	1	FALSE	TRUE	TRUE	TRUE	TRUE	FALSE	TRUE
DD:SE:52051	DD	SE	ENSG00000131389	SLC6A6	1	1	FALSE	TRUE	TRUE	TRUE	TRUE	FALSE	TRUE
DD:SE:52069	DD	SE	ENSG00000182872	RBM10	9	2	FALSE	FALSE	TRUE	TRUE	FALSE	FALSE	FALSE
DD:SE:52256	DD	SE	ENSG00000134294	SLC38A2	3	2	FALSE	TRUE	TRUE	TRUE	TRUE	FALSE	TRUE
DD:SE:52272	DD	SE	ENSG00000082515	MRPL22	2	1	TRUE	FALSE	TRUE	TRUE	TRUE	TRUE	FALSE
DD:SE:52352	DD	SE	ENSG00000213983	AP1G2	15	2	TRUE	FALSE	TRUE	TRUE	TRUE	TRUE	FALSE
DD:SE:52359	DD	SE	ENSG00000213983	AP1G2	11	8	TRUE	FALSE	TRUE	TRUE	TRUE	TRUE	FALSE
DD:SE:52381	DD	SE	ENSG00000117151	CTBS	3	4	FALSE	TRUE	TRUE	TRUE	TRUE	FALSE	TRUE
DD:SE:52417	DD	SE	ENSG00000131375	CAPN7	1	1	TRUE	TRUE	TRUE	TRUE	FALSE	TRUE	TRUE
DD:SE:52422	DD	SE	ENSG00000131375	CAPN7	4	1	FALSE	TRUE	TRUE	TRUE	TRUE	FALSE	TRUE
DD:SE:52452	DD	SE	ENSG00000124222	STX16	9	3	FALSE	TRUE	TRUE	TRUE	TRUE	FALSE	TRUE
DD:SE:52533	DD	SE	ENSG00000005436	GCFC2	4	2	TRUE	TRUE	TRUE	TRUE	FALSE	TRUE	TRUE
DD:SE:52538	DD	SE	ENSG00000005436	GCFC2	4	2	TRUE	TRUE	TRUE	TRUE	FALSE	TRUE	TRUE
DD:SE:52601	DD	SE	ENSG00000138794	CASP6	1	1	FALSE	TRUE	TRUE	TRUE	TRUE	FALSE	TRUE
DD:SE:52962	DD	SE	ENSG00000162869	PPP1R21	1	8	TRUE	TRUE	TRUE	TRUE	FALSE	TRUE	TRUE
DD:SE:53018	DD	SE	ENSG00000015676	NUDCD3	1	2	FALSE	FALSE	TRUE	TRUE	FALSE	FALSE	FALSE
DD:SE:53032	DD	SE	ENSG00000053371	AKR7A2	1	1	FALSE	TRUE	TRUE	TRUE	TRUE	FALSE	TRUE
DD:SE:53086	DD	SE	ENSG00000068724	TTC7A	8	1	FALSE	TRUE	TRUE	TRUE	TRUE	FALSE	TRUE
DD:SE:53198	DD	SE	ENSG00000068784	SRBD1	8	1	TRUE	TRUE	TRUE	TRUE	FALSE	TRUE	TRUE
DD:SE:53384	DD	SE	ENSG00000114054	PCCB	2	1	TRUE	TRUE	TRUE	TRUE	FALSE	TRUE	TRUE
DD:SE:53416	DD	SE	ENSG00000119471	HSDL2	3	1	TRUE	FALSE	TRUE	TRUE	TRUE	TRUE	FALSE
DD:SE:53429	DD	SE	ENSG00000119471	HSDL2	1	5	TRUE	FALSE	TRUE	TRUE	TRUE	TRUE	FALSE
DD:SE:53439	DD	SE	ENSG00000058056	USP13	5	1	FALSE	FALSE	TRUE	TRUE	FALSE	FALSE	FALSE
DD:SE:53581	DD	SE	ENSG00000177106	EPS8L2	8	1	TRUE	TRUE	TRUE	TRUE	FALSE	TRUE	TRUE
DD:SE:53790	DD	SE	ENSG00000163558	PRKCI	4	1	TRUE	FALSE	TRUE	TRUE	TRUE	TRUE	FALSE
DD:SE:53805	DD	SE	ENSG00000163558	PRKCI	4	1	FALSE	TRUE	TRUE	TRUE	TRUE	FALSE	TRUE
DD:SE:53992	DD	SE	ENSG00000171612	SLC25A33	3	1	FALSE	FALSE	TRUE	TRUE	FALSE	FALSE	FALSE
DD:SE:54025	DD	SE	ENSG00000119787	ATL2	5	1	FALSE	FALSE	TRUE	TRUE	FALSE	FALSE	FALSE
DD:SE:54069	DD	SE	ENSG00000258890	CEP95	5	7	FALSE	FALSE	TRUE	TRUE	FALSE	FALSE	FALSE
DD:SE:54142	DD	SE	ENSG00000171566	PLRG1	3	1	TRUE	FALSE	TRUE	TRUE	TRUE	TRUE	FALSE
DD:SE:54170	DD	SE	ENSG00000166839	ANKDD1A	10	13	TRUE	FALSE	TRUE	TRUE	TRUE	TRUE	FALSE
DD:SE:54171	DD	SE	ENSG00000115446	UNC50	2	1	FALSE	TRUE	TRUE	TRUE	TRUE	FALSE	TRUE
DD:SE:54190	DD	SE	ENSG00000239779	WBP1	1	1	FALSE	FALSE	TRUE	TRUE	FALSE	FALSE	FALSE
DD:SE:54433	DD	SE	ENSG00000018699	TTC27	10	1	TRUE	FALSE	TRUE	TRUE	TRUE	TRUE	FALSE
DD:SE:54841	DD	SE	ENSG00000146729	NIPSNAP2	2	1	TRUE	FALSE	TRUE	TRUE	TRUE	TRUE	FALSE
DD:SE:54923	DD	SE	ENSG00000137947	GTF2B	1	3	TRUE	FALSE	TRUE	TRUE	TRUE	TRUE	FALSE
DD:SE:55065	DD	SE	ENSG00000140650	PMM2	2	2	TRUE	TRUE	TRUE	TRUE	FALSE	TRUE	TRUE
DD:SE:55074	DD	SE	ENSG00000140650	PMM2	1	1	TRUE	TRUE	TRUE	TRUE	FALSE	TRUE	TRUE
DD:SE:55088	DD	SE	ENSG00000140650	PMM2	2	2	TRUE	TRUE	TRUE	TRUE	FALSE	TRUE	TRUE
DD:SE:55173	DD	SE	ENSG00000214753	HNRNPUL2	4	1	FALSE	TRUE	TRUE	TRUE	TRUE	FALSE	TRUE
DD:SE:55360	DD	SE	ENSG00000105879	CBLL1	1	2	TRUE	FALSE	TRUE	TRUE	TRUE	TRUE	FALSE
DD:SE:55433	DD	SE	ENSG00000119777	TMEM214	1	2	TRUE	TRUE	TRUE	TRUE	FALSE	TRUE	TRUE
DD:SE:55453	DD	SE	ENSG00000119777	TMEM214	2	1	TRUE	TRUE	TRUE	TRUE	FALSE	TRUE	TRUE
DD:SE:55512	DD	SE	ENSG00000116584	ARHGEF2	8	1	FALSE	FALSE	TRUE	TRUE	FALSE	FALSE	FALSE
DD:SE:55513	DD	SE	ENSG00000116584	ARHGEF2	8	1	FALSE	FALSE	TRUE	TRUE	FALSE	FALSE	FALSE
DD:SE:55554	DD	SE	ENSG00000221978	CCNL2	1	1	TRUE	FALSE	TRUE	TRUE	TRUE	TRUE	FALSE
DD:SE:55616	DD	SE	ENSG00000172113	NME6	3	3	TRUE	FALSE	TRUE	TRUE	TRUE	TRUE	FALSE
DD:SE:55809	DD	SE	ENSG00000119772	DNMT3A	8	1	FALSE	TRUE	TRUE	TRUE	TRUE	FALSE	TRUE
DD:SE:55819	DD	SE	ENSG00000119772	DNMT3A	1	1	FALSE	FALSE	TRUE	TRUE	FALSE	FALSE	FALSE
DD:SE:56279	DD	SE	ENSG00000186654	PRR5	10	2	TRUE	FALSE	TRUE	TRUE	TRUE	TRUE	FALSE
DD:SE:56411	DD	SE	ENSG00000117262	GPR89A	1	3	TRUE	TRUE	TRUE	TRUE	FALSE	TRUE	TRUE
DD:SE:56587	DD	SE	ENSG00000158864	NDUFS2	1	1	FALSE	TRUE	TRUE	TRUE	TRUE	FALSE	TRUE
DD:SE:56688	DD	SE	ENSG00000100439	ABHD4	1	3	TRUE	TRUE	TRUE	TRUE	FALSE	TRUE	TRUE
DD:SE:56805	DD	SE	ENSG00000170381	SEMA3E	8	1	FALSE	FALSE	TRUE	TRUE	FALSE	FALSE	FALSE
DD:SE:56811	DD	SE	ENSG00000136932	TRMO	2	3	FALSE	TRUE	TRUE	TRUE	TRUE	FALSE	TRUE
DD:SE:56949	DD	SE	ENSG00000138035	PNPT1	11	1	FALSE	FALSE	TRUE	TRUE	FALSE	FALSE	FALSE
DD:SE:57070	DD	SE	ENSG00000116001	TIA1	3	8	FALSE	TRUE	TRUE	TRUE	TRUE	FALSE	TRUE
DD:SE:57557	DD	SE	ENSG00000109667	SLC2A9	16	3	FALSE	TRUE	TRUE	TRUE	TRUE	FALSE	TRUE
DD:SE:57572	DD	SE	ENSG00000109667	SLC2A9	12	13	TRUE	FALSE	TRUE	TRUE	TRUE	TRUE	FALSE
DD:SE:57616	DD	SE	ENSG00000134326	CMPK2	1	6	FALSE	TRUE	TRUE	TRUE	TRUE	FALSE	TRUE
DD:SE:57627	DD	SE	ENSG00000004534	RBM6	3	2	FALSE	FALSE	TRUE	TRUE	FALSE	FALSE	FALSE
DD:SE:57645	DD	SE	ENSG00000004534	RBM6	4	2	FALSE	FALSE	TRUE	TRUE	FALSE	FALSE	FALSE
DD:SE:57696	DD	SE	ENSG00000147852	VLDLR	8	4	TRUE	TRUE	TRUE	TRUE	FALSE	TRUE	TRUE
DD:SE:57735	DD	SE	ENSG00000140943	MBTPS1	2	1	FALSE	TRUE	TRUE	TRUE	TRUE	FALSE	TRUE
DD:SE:57745	DD	SE	ENSG00000140943	MBTPS1	2	1	TRUE	FALSE	TRUE	TRUE	TRUE	TRUE	FALSE
DD:SE:58137	DD	SE	ENSG00000104613	INTS10	3	1	FALSE	FALSE	TRUE	TRUE	FALSE	FALSE	FALSE
DD:SE:58177	DD	SE	ENSG00000163029	SMC6	1	9	TRUE	FALSE	TRUE	TRUE	TRUE	TRUE	FALSE
DD:SE:58345	DD	SE	ENSG00000109689	STIM2	9	2	FALSE	FALSE	TRUE	TRUE	FALSE	FALSE	FALSE
DD:SE:58401	DD	SE	ENSG00000141378	PTRH2	1	1	FALSE	FALSE	TRUE	TRUE	FALSE	FALSE	FALSE
DD:SE:58460	DD	SE	ENSG00000167535	CACNB3	5	5	FALSE	TRUE	TRUE	TRUE	TRUE	FALSE	TRUE
DD:SE:58674	DD	SE	ENSG00000128609	NDUFA5	1	2	TRUE	FALSE	TRUE	TRUE	TRUE	TRUE	FALSE
DD:SE:58679	DD	SE	ENSG00000128609	NDUFA5	1	2	FALSE	TRUE	TRUE	TRUE	TRUE	FALSE	TRUE
DD:SE:58781	DD	SE	ENSG00000114982	KANSL3	1	15	FALSE	TRUE	TRUE	TRUE	TRUE	FALSE	TRUE
DD:SE:58871	DD	SE	ENSG00000029639	TFB1M	1	5	FALSE	TRUE	TRUE	TRUE	TRUE	FALSE	TRUE
DD:SE:58969	DD	SE	ENSG00000095059	DHPS	4	1	FALSE	TRUE	TRUE	TRUE	TRUE	FALSE	TRUE
DD:SE:59070	DD	SE	ENSG00000162923	WDR26	1	6	TRUE	FALSE	TRUE	TRUE	TRUE	TRUE	FALSE
DD:SE:59171	DD	SE	ENSG00000130813	SHFL	3	4	TRUE	FALSE	TRUE	TRUE	TRUE	TRUE	FALSE
DD:SE:59396	DD	SE	ENSG00000126107	HECTD3	3	1	FALSE	FALSE	TRUE	TRUE	FALSE	FALSE	FALSE
DD:SE:59459	DD	SE	ENSG00000058799	YIPF1	1	4	TRUE	TRUE	TRUE	TRUE	FALSE	TRUE	TRUE
DD:SE:59500	DD	SE	ENSG00000184432	COPB2	2	1	FALSE	TRUE	TRUE	TRUE	TRUE	FALSE	TRUE
DD:SE:59782	DD	SE	ENSG00000087338	GMCL1	3	1	FALSE	TRUE	TRUE	TRUE	TRUE	FALSE	TRUE
DD:SE:59871	DD	SE	ENSG00000173726	TOMM20	1	1	TRUE	FALSE	TRUE	TRUE	TRUE	TRUE	FALSE
DD:SE:59887	DD	SE	ENSG00000128185	DGCR6L	1	1	FALSE	TRUE	TRUE	TRUE	TRUE	FALSE	TRUE
DD:SE:60085	DD	SE	ENSG00000147475	ERLIN2	6	1	FALSE	FALSE	TRUE	TRUE	FALSE	FALSE	FALSE
DD:SE:60100	DD	SE	ENSG00000129451	KLK10	6	1	FALSE	FALSE	TRUE	TRUE	FALSE	FALSE	FALSE
DD:SE:60101	DD	SE	ENSG00000135778	NTPCR	3	1	FALSE	FALSE	TRUE	FALSE	NA	FALSE	FALSE
DD:SE:60797	DD	SE	ENSG00000183955	KMT5A	1	2	FALSE	FALSE	TRUE	TRUE	FALSE	FALSE	FALSE
DD:SE:61066	DD	SE	ENSG00000198408	OGA	1	1	TRUE	TRUE	TRUE	TRUE	FALSE	TRUE	TRUE
DD:SE:61075	DD	SE	ENSG00000198408	OGA	1	1	FALSE	TRUE	TRUE	TRUE	TRUE	FALSE	TRUE
DD:SE:61157	DD	SE	ENSG00000134072	CAMK1	7	5	FALSE	TRUE	TRUE	TRUE	TRUE	FALSE	TRUE
DD:SE:61263	DD	SE	ENSG00000164024	METAP1	2	5	FALSE	FALSE	TRUE	TRUE	FALSE	FALSE	FALSE
DD:SE:61326	DD	SE	ENSG00000162302	RPS6KA4	12	1	TRUE	TRUE	TRUE	TRUE	FALSE	TRUE	TRUE
DD:SE:61567	DD	SE	ENSG00000115275	MOGS	2	1	FALSE	TRUE	TRUE	TRUE	TRUE	FALSE	TRUE
DD:SE:61602	DD	SE	ENSG00000163322	ABRAXAS1	10	1	TRUE	FALSE	TRUE	TRUE	TRUE	TRUE	FALSE
DD:SE:61627	DD	SE	ENSG00000117682	DHDDS	2	1	TRUE	FALSE	TRUE	TRUE	TRUE	TRUE	FALSE
DD:SE:61631	DD	SE	ENSG00000117682	DHDDS	9	1	FALSE	FALSE	TRUE	TRUE	FALSE	FALSE	FALSE
DD:SE:61823	DD	SE	ENSG00000132912	DCTN4	5	1	FALSE	FALSE	TRUE	TRUE	FALSE	FALSE	FALSE
DD:SE:61824	DD	SE	ENSG00000132912	DCTN4	1	4	FALSE	FALSE	TRUE	TRUE	FALSE	FALSE	FALSE
DD:SE:61885	DD	SE	ENSG00000143507	DUSP10	2	1	FALSE	TRUE	TRUE	TRUE	TRUE	FALSE	TRUE
DD:SE:61912	DD	SE	ENSG00000168522	FNTA	4	1	TRUE	TRUE	TRUE	TRUE	FALSE	TRUE	TRUE
DD:SE:62000	DD	SE	ENSG00000143353	LYPLAL1	5	2	TRUE	TRUE	TRUE	TRUE	FALSE	TRUE	TRUE
DD:SE:62004	DD	SE	ENSG00000143353	LYPLAL1	2	2	TRUE	TRUE	TRUE	TRUE	FALSE	TRUE	TRUE
DD:SE:62042	DD	SE	ENSG00000116752	BCAS2	1	1	FALSE	FALSE	TRUE	FALSE	NA	FALSE	FALSE
DD:SE:62080	DD	SE	ENSG00000206562	METTL6	1	3	TRUE	FALSE	TRUE	TRUE	TRUE	TRUE	FALSE
DD:SE:62233	DD	SE	ENSG00000168255	POLR2J3	1	4	TRUE	TRUE	TRUE	TRUE	FALSE	TRUE	TRUE
DD:SE:62339	DD	SE	ENSG00000158863	FHIP2B	1	8	FALSE	TRUE	TRUE	TRUE	TRUE	FALSE	TRUE
DD:SE:62501	DD	SE	ENSG00000110046	ATG2A	4	1	FALSE	TRUE	TRUE	TRUE	TRUE	FALSE	TRUE
DD:SE:62534	DD	SE	ENSG00000076258	FMO4	1	2	FALSE	FALSE	TRUE	TRUE	FALSE	FALSE	FALSE
DD:SE:62537	DD	SE	ENSG00000076258	FMO4	2	2	FALSE	FALSE	TRUE	TRUE	FALSE	FALSE	FALSE
DD:SE:62583	DD	SE	ENSG00000013441	CLK1	5	1	TRUE	FALSE	TRUE	TRUE	TRUE	TRUE	FALSE
DD:SE:62587	DD	SE	ENSG00000013441	CLK1	1	2	FALSE	TRUE	TRUE	TRUE	TRUE	FALSE	TRUE
DD:SE:62598	DD	SE	ENSG00000048740	CELF2	14	2	FALSE	FALSE	TRUE	TRUE	FALSE	FALSE	FALSE
DD:SE:62638	DD	SE	ENSG00000166233	ARIH1	1	4	FALSE	FALSE	TRUE	TRUE	FALSE	FALSE	FALSE
DD:SE:62724	DD	SE	ENSG00000117595	IRF6	1	7	FALSE	TRUE	TRUE	TRUE	TRUE	FALSE	TRUE
DD:SE:62859	DD	SE	ENSG00000163517	HDAC11	5	1	FALSE	TRUE	TRUE	TRUE	TRUE	FALSE	TRUE
DD:SE:62974	DD	SE	ENSG00000163249	CCNYL1	6	3	TRUE	FALSE	TRUE	TRUE	TRUE	TRUE	FALSE
DD:SE:62998	DD	SE	ENSG00000114670	NEK11	18	3	TRUE	FALSE	TRUE	TRUE	TRUE	TRUE	FALSE
DD:SE:63129	DD	SE	ENSG00000109184	DCUN1D4	1	6	TRUE	TRUE	TRUE	TRUE	FALSE	TRUE	TRUE
DD:SE:63212	DD	SE	ENSG00000100600	LGMN	5	1	FALSE	TRUE	TRUE	TRUE	TRUE	FALSE	TRUE
DD:SE:63403	DD	SE	ENSG00000145476	CYP4V2	6	2	FALSE	FALSE	TRUE	TRUE	FALSE	FALSE	FALSE
DD:SE:63477	DD	SE	ENSG00000164961	WASHC5	3	1	TRUE	FALSE	TRUE	TRUE	TRUE	TRUE	FALSE
DD:SE:63557	DD	SE	ENSG00000167522	ANKRD11	1	4	FALSE	FALSE	TRUE	TRUE	FALSE	FALSE	FALSE
DD:SE:63665	DD	SE	ENSG00000143842	SOX13	9	1	TRUE	FALSE	TRUE	TRUE	TRUE	TRUE	FALSE
DD:SE:63741	DD	SE	ENSG00000133627	ACTR3B	7	8	TRUE	TRUE	TRUE	TRUE	FALSE	TRUE	TRUE
DD:SE:63811	DD	SE	ENSG00000116062	MSH6	5	2	FALSE	TRUE	TRUE	TRUE	TRUE	FALSE	TRUE
DD:SE:64024	DD	SE	ENSG00000163444	TMEM183A	1	3	TRUE	FALSE	TRUE	TRUE	TRUE	TRUE	FALSE
DD:SE:64056	DD	SE	ENSG00000122335	SERAC1	6	4	TRUE	TRUE	TRUE	TRUE	FALSE	TRUE	TRUE
DD:SE:64312	DD	SE	ENSG00000176393	RNPEP	1	1	FALSE	FALSE	TRUE	TRUE	FALSE	FALSE	FALSE
DD:SE:64450	DD	SE	ENSG00000176896	TCEANC	3	3	FALSE	FALSE	TRUE	TRUE	FALSE	FALSE	FALSE
DD:SE:64458	DD	SE	ENSG00000118564	FBXL5	3	1	TRUE	FALSE	TRUE	TRUE	TRUE	TRUE	FALSE
DD:SE:64525	DD	SE	ENSG00000133739	LRRCC1	11	2	TRUE	FALSE	TRUE	TRUE	TRUE	TRUE	FALSE
DD:SE:64551	DD	SE	ENSG00000162104	ADCY9	10	1	FALSE	FALSE	TRUE	TRUE	FALSE	FALSE	FALSE
DD:SE:64662	DD	SE	ENSG00000117625	RCOR3	1	8	TRUE	TRUE	TRUE	TRUE	FALSE	TRUE	TRUE
DD:SE:64684	DD	SE	ENSG00000117625	RCOR3	3	4	TRUE	FALSE	TRUE	TRUE	TRUE	TRUE	FALSE
DD:SE:64688	DD	SE	ENSG00000117625	RCOR3	2	2	FALSE	FALSE	TRUE	TRUE	FALSE	FALSE	FALSE
DD:SE:65037	DD	SE	ENSG00000112984	KIF20A	10	5	FALSE	TRUE	TRUE	TRUE	TRUE	FALSE	TRUE
DD:SE:65089	DD	SE	ENSG00000166224	SGPL1	1	1	TRUE	TRUE	TRUE	TRUE	FALSE	TRUE	TRUE
DD:SE:65093	DD	SE	ENSG00000166224	SGPL1	10	1	FALSE	TRUE	TRUE	TRUE	TRUE	FALSE	TRUE
DD:SE:65337	DD	SE	ENSG00000185808	PIGP	3	5	FALSE	TRUE	TRUE	TRUE	TRUE	FALSE	TRUE
DD:SE:65756	DD	SE	ENSG00000187838	PLSCR3	5	2	TRUE	FALSE	TRUE	TRUE	TRUE	TRUE	FALSE
DD:SE:65797	DD	SE	ENSG00000162885	B3GALNT2	10	2	TRUE	TRUE	TRUE	TRUE	FALSE	TRUE	TRUE
DD:SE:66029	DD	SE	ENSG00000075213	SEMA3A	6	1	FALSE	TRUE	TRUE	TRUE	TRUE	FALSE	TRUE
DD:SE:66081	DD	SE	ENSG00000198860	TSEN15	1	1	FALSE	FALSE	TRUE	TRUE	FALSE	FALSE	FALSE
DD:SE:66177	DD	SE	ENSG00000025156	HSF2	4	2	TRUE	TRUE	TRUE	TRUE	FALSE	TRUE	TRUE
DD:SE:66257	DD	SE	ENSG00000120662	MTRF1	1	34	FALSE	TRUE	TRUE	TRUE	TRUE	FALSE	TRUE
DD:SE:66283	DD	SE	ENSG00000155229	MMS19	12	1	FALSE	TRUE	TRUE	TRUE	TRUE	FALSE	TRUE
DD:SE:66389	DD	SE	ENSG00000171055	FEZ2	2	2	FALSE	TRUE	TRUE	TRUE	TRUE	FALSE	TRUE
DD:SE:66544	DD	SE	ENSG00000068120	COASY	4	2	FALSE	TRUE	TRUE	TRUE	TRUE	FALSE	TRUE
DD:SE:66613	DD	SE	ENSG00000141013	GAS8	9	4	FALSE	TRUE	TRUE	TRUE	TRUE	FALSE	TRUE
DD:SE:66967	DD	SE	ENSG00000134684	YARS1	1	1	FALSE	FALSE	TRUE	TRUE	FALSE	FALSE	FALSE
DD:SE:66993	DD	SE	ENSG00000117620	SLC35A3	8	4	TRUE	TRUE	TRUE	TRUE	FALSE	TRUE	TRUE
DD:SE:67009	DD	SE	ENSG00000283761	ENSG00000283761	1	2	FALSE	TRUE	TRUE	TRUE	TRUE	FALSE	TRUE
DD:SE:67369	DD	SE	ENSG00000128654	MTX2	3	1	TRUE	FALSE	TRUE	TRUE	TRUE	TRUE	FALSE
DD:SE:67397	DD	SE	ENSG00000183814	LIN9	17	4	TRUE	TRUE	TRUE	TRUE	FALSE	TRUE	TRUE
DD:SE:67962	DD	SE	ENSG00000136628	EPRS1	4	1	FALSE	FALSE	TRUE	TRUE	FALSE	FALSE	FALSE
DD:SE:68108	DD	SE	ENSG00000137814	HAUS2	3	4	TRUE	TRUE	TRUE	TRUE	FALSE	TRUE	TRUE
DD:SE:68124	DD	SE	ENSG00000182795	C1orf116	1	1	FALSE	FALSE	TRUE	TRUE	FALSE	FALSE	FALSE
DD:SE:68274	DD	SE	ENSG00000149823	VPS51	2	1	FALSE	FALSE	TRUE	TRUE	FALSE	FALSE	FALSE
DD:SE:68317	DD	SE	ENSG00000163393	SLC22A15	34	1	TRUE	TRUE	TRUE	TRUE	FALSE	TRUE	TRUE
DD:SE:68447	DD	SE	ENSG00000166747	AP1G1	4	2	FALSE	TRUE	TRUE	TRUE	TRUE	FALSE	TRUE
DD:SE:68536	DD	SE	ENSG00000074356	NCBP3	6	1	FALSE	FALSE	TRUE	TRUE	FALSE	FALSE	FALSE
DD:SE:68560	DD	SE	ENSG00000135776	ABCB10	6	1	TRUE	FALSE	TRUE	TRUE	TRUE	TRUE	FALSE
DD:SE:68662	DD	SE	ENSG00000055130	CUL1	3	1	FALSE	TRUE	TRUE	TRUE	TRUE	FALSE	TRUE
DD:SE:68693	DD	SE	ENSG00000136522	MRPL47	2	1	TRUE	FALSE	TRUE	TRUE	TRUE	TRUE	FALSE
DD:SE:69100	DD	SE	ENSG00000099992	TBC1D10A	1	2	TRUE	FALSE	TRUE	TRUE	TRUE	TRUE	FALSE
DD:SE:69111	DD	SE	ENSG00000099992	TBC1D10A	3	1	TRUE	FALSE	TRUE	TRUE	TRUE	TRUE	FALSE
DD:SE:69117	DD	SE	ENSG00000197937	ZNF347	6	1	FALSE	FALSE	TRUE	TRUE	FALSE	FALSE	FALSE
DD:SE:69372	DD	SE	ENSG00000180098	TRNAU1AP	1	2	FALSE	FALSE	FALSE	TRUE	NA	FALSE	FALSE
DD:SE:69429	DD	SE	ENSG00000070785	EIF2B3	5	1	TRUE	TRUE	TRUE	TRUE	FALSE	TRUE	TRUE
DD:SE:69440	DD	SE	ENSG00000070785	EIF2B3	1	5	FALSE	TRUE	TRUE	TRUE	TRUE	FALSE	TRUE
DD:SE:69455	DD	SE	ENSG00000160688	FLAD1	4	1	TRUE	TRUE	TRUE	TRUE	FALSE	TRUE	TRUE
DD:SE:69570	DD	SE	ENSG00000169398	PTK2	4	2	FALSE	FALSE	TRUE	TRUE	FALSE	FALSE	FALSE
DD:SE:70153	DD	SE	ENSG00000118965	WDR35	5	3	TRUE	FALSE	TRUE	TRUE	TRUE	TRUE	FALSE
DD:SE:70331	DD	SE	ENSG00000115484	CCT4	1	1	FALSE	TRUE	TRUE	TRUE	TRUE	FALSE	TRUE
DD:SE:70424	DD	SE	ENSG00000136636	KCTD3	1	9	TRUE	FALSE	TRUE	TRUE	TRUE	TRUE	FALSE
DD:SE:70459	DD	SE	ENSG00000173535	TNFRSF10C	2	1	FALSE	TRUE	TRUE	TRUE	TRUE	FALSE	TRUE
DD:SE:70524	DD	SE	ENSG00000109674	NEIL3	18	6	TRUE	TRUE	TRUE	TRUE	FALSE	TRUE	TRUE
DD:SE:70547	DD	SE	ENSG00000169756	LIMS1	5	1	FALSE	FALSE	TRUE	TRUE	FALSE	FALSE	FALSE
DD:SE:70569	DD	SE	ENSG00000072849	DERL2	3	1	TRUE	TRUE	TRUE	TRUE	FALSE	TRUE	TRUE
DD:SE:70711	DD	SE	ENSG00000143374	TARS2	5	2	FALSE	FALSE	TRUE	TRUE	FALSE	FALSE	FALSE
DD:SE:70748	DD	SE	ENSG00000157625	TAB3	13	2	FALSE	TRUE	TRUE	TRUE	TRUE	FALSE	TRUE
DD:SE:70902	DD	SE	ENSG00000115145	STAM2	5	1	TRUE	TRUE	TRUE	TRUE	FALSE	TRUE	TRUE
DD:SE:71356	DD	SE	ENSG00000078618	NRDC	1	3	FALSE	FALSE	TRUE	TRUE	FALSE	FALSE	FALSE
DD:SE:71358	DD	SE	ENSG00000078618	NRDC	1	1	FALSE	FALSE	TRUE	TRUE	FALSE	FALSE	FALSE
DD:SE:71614	DD	SE	ENSG00000133731	IMPA1	1	1	FALSE	FALSE	TRUE	TRUE	FALSE	FALSE	FALSE
DD:SE:71620	DD	SE	ENSG00000133731	IMPA1	4	1	TRUE	FALSE	TRUE	TRUE	TRUE	TRUE	FALSE
DD:SE:71695	DD	SE	ENSG00000081985	IL12RB2	12	2	FALSE	TRUE	TRUE	TRUE	TRUE	FALSE	TRUE
DD:SE:72194	DD	SE	ENSG00000187187	ZNF546	1	3	FALSE	TRUE	TRUE	TRUE	TRUE	FALSE	TRUE
DD:SE:72199	DD	SE	ENSG00000038002	AGA	1	1	FALSE	TRUE	TRUE	TRUE	TRUE	FALSE	TRUE
DD:SE:72785	DD	SE	ENSG00000119596	YLPM1	5	1	FALSE	TRUE	TRUE	TRUE	TRUE	FALSE	TRUE
DD:SE:72815	DD	SE	ENSG00000213079	SCAF8	11	1	FALSE	FALSE	TRUE	TRUE	FALSE	FALSE	FALSE
DD:SE:72886	DD	SE	ENSG00000132780	NASP	1	2	FALSE	FALSE	TRUE	TRUE	FALSE	FALSE	FALSE
DD:SE:72889	DD	SE	ENSG00000132780	NASP	1	2	FALSE	FALSE	TRUE	TRUE	FALSE	FALSE	FALSE
DD:SE:72947	DD	SE	ENSG00000197008	ZNF138	1	3	FALSE	FALSE	TRUE	TRUE	FALSE	FALSE	FALSE
DD:SE:72953	DD	SE	ENSG00000197008	ZNF138	1	3	FALSE	FALSE	TRUE	TRUE	FALSE	FALSE	FALSE
DD:SE:73089	DD	SE	ENSG00000167721	TSR1	1	1	FALSE	FALSE	TRUE	TRUE	FALSE	FALSE	FALSE
DD:SE:73097	DD	SE	ENSG00000160803	UBQLN4	7	1	TRUE	TRUE	TRUE	TRUE	FALSE	TRUE	TRUE
DD:SE:73112	DD	SE	ENSG00000109805	NCAPG	8	1	TRUE	FALSE	TRUE	TRUE	TRUE	TRUE	FALSE
DD:SE:73251	DD	SE	ENSG00000179091	CYC1	1	1	FALSE	FALSE	TRUE	TRUE	FALSE	FALSE	FALSE
DD:SE:73541	DD	SE	ENSG00000167700	MFSD3	4	1	FALSE	TRUE	TRUE	TRUE	TRUE	FALSE	TRUE
DD:SE:73556	DD	SE	ENSG00000188807	TMEM201	1	7	TRUE	TRUE	TRUE	TRUE	FALSE	TRUE	TRUE
DD:SE:73705	DD	SE	ENSG00000154102	C16orf74	1	1	FALSE	FALSE	TRUE	TRUE	FALSE	FALSE	FALSE
DD:SE:73741	DD	SE	ENSG00000086189	DIMT1	4	1	FALSE	TRUE	TRUE	TRUE	TRUE	FALSE	TRUE
DD:SE:73750	DD	SE	ENSG00000086189	DIMT1	3	1	TRUE	FALSE	TRUE	TRUE	TRUE	TRUE	FALSE
DD:SE:73772	DD	SE	ENSG00000125864	BFSP1	14	5	FALSE	FALSE	TRUE	TRUE	FALSE	FALSE	FALSE
DD:SE:73872	DD	SE	ENSG00000096717	SIRT1	3	6	FALSE	FALSE	TRUE	TRUE	FALSE	FALSE	FALSE
DD:SE:73937	DD	SE	ENSG00000184203	PPP1R2	2	1	TRUE	TRUE	TRUE	TRUE	FALSE	TRUE	TRUE
DD:SE:74004	DD	SE	ENSG00000004866	ST7	8	4	TRUE	TRUE	TRUE	TRUE	FALSE	TRUE	TRUE
DD:SE:74029	DD	SE	ENSG00000004866	ST7	4	9	TRUE	FALSE	TRUE	TRUE	TRUE	TRUE	FALSE
DD:SE:74287	DD	SE	ENSG00000121578	B4GALT4	5	1	TRUE	FALSE	TRUE	TRUE	TRUE	TRUE	FALSE
DD:SE:74368	DD	SE	ENSG00000171793	CTPS1	6	1	FALSE	TRUE	TRUE	TRUE	TRUE	FALSE	TRUE
DD:SE:74464	DD	SE	ENSG00000167965	MLST8	6	2	FALSE	TRUE	TRUE	TRUE	TRUE	FALSE	TRUE
DD:SE:74477	DD	SE	ENSG00000124608	AARS2	9	1	TRUE	FALSE	TRUE	TRUE	TRUE	TRUE	FALSE
DD:SE:74480	DD	SE	ENSG00000124608	AARS2	9	1	TRUE	FALSE	TRUE	TRUE	TRUE	TRUE	FALSE
DD:SE:74524	DD	SE	ENSG00000164180	TMEM161B	33	9	TRUE	TRUE	TRUE	TRUE	FALSE	TRUE	TRUE
DD:SE:74571	DD	SE	ENSG00000119004	CYP20A1	7	4	TRUE	TRUE	TRUE	TRUE	FALSE	TRUE	TRUE
DD:SE:74706	DD	SE	ENSG00000225190	PLEKHM1	2	1	FALSE	TRUE	TRUE	TRUE	TRUE	FALSE	TRUE
DD:SE:74932	DD	SE	ENSG00000162736	NCSTN	1	2	TRUE	FALSE	TRUE	TRUE	TRUE	TRUE	FALSE
DD:SE:75222	DD	SE	ENSG00000110931	CAMKK2	12	1	TRUE	TRUE	TRUE	TRUE	FALSE	TRUE	TRUE
DD:SE:75233	DD	SE	ENSG00000110931	CAMKK2	11	2	TRUE	TRUE	TRUE	TRUE	FALSE	TRUE	TRUE
DD:SE:75312	DD	SE	ENSG00000115919	KYNU	6	1	TRUE	TRUE	TRUE	TRUE	FALSE	TRUE	TRUE
DD:SE:75708	DD	SE	ENSG00000056050	HPF1	2	1	FALSE	FALSE	TRUE	TRUE	FALSE	FALSE	FALSE
DD:SE:75731	DD	SE	ENSG00000171928	TVP23B	2	1	FALSE	TRUE	TRUE	TRUE	TRUE	FALSE	TRUE
DD:SE:75938	DD	SE	ENSG00000139437	TCHP	7	1	FALSE	TRUE	TRUE	TRUE	TRUE	FALSE	TRUE
DD:SE:76336	DD	SE	ENSG00000144029	MRPS5	2	2	TRUE	TRUE	TRUE	TRUE	FALSE	TRUE	TRUE
DD:SE:76385	DD	SE	ENSG00000166197	NOLC1	3	1	FALSE	FALSE	TRUE	TRUE	FALSE	FALSE	FALSE
DD:SE:76529	DD	SE	ENSG00000134574	DDB2	4	3	FALSE	TRUE	TRUE	TRUE	TRUE	FALSE	TRUE
DD:SE:76799	DD	SE	ENSG00000156931	VPS8	1	8	FALSE	FALSE	TRUE	TRUE	FALSE	FALSE	FALSE
DD:SE:76860	DD	SE	ENSG00000004455	AK2	3	2	FALSE	TRUE	TRUE	TRUE	TRUE	FALSE	TRUE
DD:SE:76940	DD	SE	ENSG00000139684	ESD	1	3	FALSE	FALSE	TRUE	TRUE	FALSE	FALSE	FALSE
DD:SE:77399	DD	SE	ENSG00000185000	DGAT1	4	1	FALSE	FALSE	TRUE	TRUE	FALSE	FALSE	FALSE
DD:SE:77436	DD	SE	ENSG00000142327	RNPEPL1	4	1	FALSE	TRUE	TRUE	TRUE	TRUE	FALSE	TRUE
DD:SE:77473	DD	SE	ENSG00000132581	SDF2	1	2	TRUE	FALSE	TRUE	TRUE	TRUE	TRUE	FALSE
DD:SE:77557	DD	SE	ENSG00000171853	TRAPPC12	5	2	FALSE	TRUE	TRUE	TRUE	TRUE	FALSE	TRUE
DD:SE:77658	DD	SE	ENSG00000169087	HSPBAP1	2	11	TRUE	FALSE	TRUE	TRUE	TRUE	TRUE	FALSE
DD:SE:77716	DD	SE	ENSG00000117533	VAMP4	3	1	TRUE	FALSE	TRUE	TRUE	TRUE	TRUE	FALSE
DD:SE:77898	DD	SE	ENSG00000058085	LAMC2	6	1	FALSE	TRUE	TRUE	TRUE	TRUE	FALSE	TRUE
DD:SE:77922	DD	SE	ENSG00000151413	NUBPL	1	5	FALSE	TRUE	TRUE	TRUE	TRUE	FALSE	TRUE
DD:SE:77966	DD	SE	ENSG00000142910	TINAGL1	3	2	FALSE	FALSE	TRUE	TRUE	FALSE	FALSE	FALSE
DD:SE:77988	DD	SE	ENSG00000142910	TINAGL1	6	2	FALSE	FALSE	TRUE	TRUE	FALSE	FALSE	FALSE
DD:SE:78090	DD	SE	ENSG00000059588	TARBP1	8	2	FALSE	FALSE	TRUE	FALSE	NA	FALSE	FALSE
DD:SE:78180	DD	SE	ENSG00000198799	LRIG2	2	4	FALSE	FALSE	TRUE	TRUE	FALSE	FALSE	FALSE
DD:SE:78259	DD	SE	ENSG00000168066	SF1	4	2	FALSE	FALSE	TRUE	TRUE	FALSE	FALSE	FALSE
DD:SE:78431	DD	SE	ENSG00000177192	PUS1	1	3	TRUE	FALSE	TRUE	TRUE	TRUE	TRUE	FALSE
DD:SE:78434	DD	SE	ENSG00000177192	PUS1	3	2	FALSE	FALSE	TRUE	TRUE	FALSE	FALSE	FALSE
DD:SE:78521	DD	SE	ENSG00000116406	EDEM3	10	2	TRUE	TRUE	TRUE	TRUE	FALSE	TRUE	TRUE
DD:SE:78522	DD	SE	ENSG00000284691	ENSG00000284691	1	1	TRUE	FALSE	TRUE	FALSE	NA	TRUE	FALSE
DD:SE:78598	DD	SE	ENSG00000133226	SRRM1	3	10	FALSE	FALSE	TRUE	TRUE	FALSE	FALSE	FALSE
DD:SE:78649	DD	SE	ENSG00000136045	PWP1	2	1	FALSE	TRUE	TRUE	TRUE	TRUE	FALSE	TRUE
DD:SE:78741	DD	SE	ENSG00000145088	EAF2	4	1	FALSE	TRUE	TRUE	TRUE	TRUE	FALSE	TRUE
DD:SE:78755	DD	SE	ENSG00000205571	SMN2	1	4	TRUE	FALSE	TRUE	TRUE	TRUE	TRUE	FALSE
DD:SE:78860	DD	SE	ENSG00000183431	SF3A3	1	1	FALSE	TRUE	TRUE	TRUE	TRUE	FALSE	TRUE
DD:SE:79171	DD	SE	ENSG00000151552	QDPR	2	1	FALSE	TRUE	TRUE	TRUE	TRUE	FALSE	TRUE
DD:SE:79304	DD	SE	ENSG00000130958	SLC35D2	7	1	FALSE	TRUE	TRUE	TRUE	TRUE	FALSE	TRUE
DD:SE:79467	DD	SE	ENSG00000029363	BCLAF1	1	4	TRUE	FALSE	TRUE	TRUE	TRUE	TRUE	FALSE
DD:SE:79582	DD	SE	ENSG00000168883	USP39	2	7	TRUE	FALSE	TRUE	TRUE	TRUE	TRUE	FALSE
DD:SE:79608	DD	SE	ENSG00000117448	AKR1A1	3	2	FALSE	TRUE	TRUE	TRUE	TRUE	FALSE	TRUE
DD:SE:79636	DD	SE	ENSG00000140455	USP3	2	3	TRUE	TRUE	TRUE	TRUE	FALSE	TRUE	TRUE
DD:SE:79732	DD	SE	ENSG00000115486	GGCX	3	2	FALSE	TRUE	TRUE	TRUE	TRUE	FALSE	TRUE
DD:SE:79821	DD	SE	ENSG00000111237	VPS29	1	1	FALSE	FALSE	FALSE	TRUE	NA	FALSE	FALSE
DD:SE:80160	DD	SE	ENSG00000117676	RPS6KA1	9	1	FALSE	FALSE	TRUE	TRUE	FALSE	FALSE	FALSE
DD:SE:80228	DD	SE	ENSG00000155100	OTUD6B	8	17	TRUE	TRUE	TRUE	TRUE	FALSE	TRUE	TRUE
DD:SE:80258	DD	SE	ENSG00000158062	UBXN11	1	1	FALSE	FALSE	TRUE	TRUE	FALSE	FALSE	FALSE
DD:SE:80321	DD	SE	ENSG00000188739	RBM34	3	1	FALSE	FALSE	TRUE	TRUE	FALSE	FALSE	FALSE
DD:SE:80491	DD	SE	ENSG00000169762	TAPT1	12	5	TRUE	TRUE	TRUE	TRUE	FALSE	TRUE	TRUE
DD:SE:80508	DD	SE	ENSG00000169762	TAPT1	8	2	TRUE	TRUE	TRUE	TRUE	FALSE	TRUE	TRUE
DD:SE:80559	DD	SE	ENSG00000114520	SNX4	2	1	FALSE	TRUE	TRUE	TRUE	TRUE	FALSE	TRUE
DD:SE:80611	DD	SE	ENSG00000089195	TRMT6	3	2	FALSE	FALSE	TRUE	TRUE	FALSE	FALSE	FALSE
DD:SE:80735	DD	SE	ENSG00000188672	RHCE	22	4	TRUE	TRUE	TRUE	TRUE	FALSE	TRUE	TRUE
DD:SE:80840	DD	SE	ENSG00000197785	ATAD3A	9	1	TRUE	FALSE	TRUE	TRUE	TRUE	TRUE	FALSE
DD:SE:80894	DD	SE	ENSG00000131653	TRAF7	4	1	FALSE	TRUE	TRUE	TRUE	TRUE	FALSE	TRUE
DD:SE:81061	DD	SE	ENSG00000078124	ACER3	4	1	TRUE	FALSE	TRUE	TRUE	TRUE	TRUE	FALSE
DD:SE:81091	DD	SE	ENSG00000078124	ACER3	1	4	TRUE	FALSE	TRUE	TRUE	TRUE	TRUE	FALSE
DD:SE:81486	DD	SE	ENSG00000035141	FAM136A	1	1	TRUE	FALSE	TRUE	TRUE	TRUE	TRUE	FALSE
DD:SE:81567	DD	SE	ENSG00000137992	DBT	13	1	TRUE	FALSE	TRUE	TRUE	TRUE	TRUE	FALSE
DD:SE:81980	DD	SE	ENSG00000057663	ATG5	3	1	FALSE	FALSE	TRUE	TRUE	FALSE	FALSE	FALSE
DD:SE:81991	DD	SE	ENSG00000121152	NCAPH	20	1	TRUE	TRUE	TRUE	TRUE	FALSE	TRUE	TRUE
DD:SE:82163	DD	SE	ENSG00000156787	TBC1D31	29	2	TRUE	FALSE	TRUE	TRUE	TRUE	TRUE	FALSE
DD:SE:82318	DD	SE	ENSG00000196655	TRAPPC4	1	1	FALSE	TRUE	TRUE	TRUE	TRUE	FALSE	TRUE
DD:SE:82350	DD	SE	ENSG00000096070	BRPF3	14	2	TRUE	TRUE	TRUE	TRUE	FALSE	TRUE	TRUE
DD:SE:82399	DD	SE	ENSG00000103066	PLA2G15	1	3	FALSE	FALSE	TRUE	TRUE	FALSE	FALSE	FALSE
DD:SE:82627	DD	SE	ENSG00000146476	ARMT1	2	1	FALSE	TRUE	TRUE	TRUE	TRUE	FALSE	TRUE
DD:SE:82747	DD	SE	ENSG00000162604	TM2D1	1	4	TRUE	TRUE	TRUE	TRUE	FALSE	TRUE	TRUE
DD:SE:82784	DD	SE	ENSG00000176915	ANKLE2	1	3	TRUE	TRUE	TRUE	TRUE	FALSE	TRUE	TRUE
DD:SE:82814	DD	SE	ENSG00000172590	MRPL52	2	6	FALSE	FALSE	TRUE	TRUE	FALSE	FALSE	FALSE
DD:SE:82930	DD	SE	ENSG00000107130	NCS1	6	1	FALSE	TRUE	TRUE	TRUE	TRUE	FALSE	TRUE
DD:SE:83044	DD	SE	ENSG00000116473	RAP1A	1	5	TRUE	FALSE	TRUE	TRUE	TRUE	TRUE	FALSE
DD:SE:83073	DD	SE	ENSG00000183255	PTTG1IP	1	1	FALSE	FALSE	TRUE	FALSE	NA	FALSE	FALSE
DD:SE:83123	DD	SE	ENSG00000163002	NUP35	4	2	TRUE	TRUE	TRUE	TRUE	FALSE	TRUE	TRUE
DD:SE:83160	DD	SE	ENSG00000114861	FOXP1	11	1	TRUE	FALSE	TRUE	TRUE	TRUE	TRUE	FALSE
DD:SE:83548	DD	SE	ENSG00000143756	FBXO28	3	1	TRUE	TRUE	TRUE	TRUE	FALSE	TRUE	TRUE
DD:SE:83750	DD	SE	ENSG00000115657	ABCB6	5	3	FALSE	FALSE	TRUE	TRUE	FALSE	FALSE	FALSE
DD:SE:83753	DD	SE	ENSG00000115657	ABCB6	2	2	FALSE	FALSE	TRUE	TRUE	FALSE	FALSE	FALSE
DD:SE:83777	DD	SE	ENSG00000178386	ZNF223	1	3	TRUE	FALSE	TRUE	TRUE	TRUE	TRUE	FALSE
DD:SE:83860	DD	SE	ENSG00000095261	PSMD5	3	1	FALSE	TRUE	TRUE	TRUE	TRUE	FALSE	TRUE
DD:SE:83892	DD	SE	ENSG00000095261	PSMD5	2	1	TRUE	FALSE	TRUE	TRUE	TRUE	TRUE	FALSE
DD:SE:83975	DD	SE	ENSG00000162408	NOL9	4	1	TRUE	TRUE	TRUE	TRUE	FALSE	TRUE	TRUE
DD:SE:83977	DD	SE	ENSG00000162408	NOL9	1	1	FALSE	FALSE	TRUE	TRUE	FALSE	FALSE	FALSE
DD:SE:84076	DD	SE	ENSG00000204371	EHMT2	2	4	TRUE	FALSE	TRUE	TRUE	TRUE	TRUE	FALSE
DD:SE:84201	DD	SE	ENSG00000172244	C5orf34	5	3	FALSE	TRUE	TRUE	TRUE	TRUE	FALSE	TRUE
DD:SE:84388	DD	SE	ENSG00000141699	RETREG3	4	1	TRUE	TRUE	TRUE	TRUE	FALSE	TRUE	TRUE
DD:SE:84465	DD	SE	ENSG00000165650	PDZD8	1	3	TRUE	FALSE	TRUE	TRUE	TRUE	TRUE	FALSE
DD:SE:84605	DD	SE	ENSG00000166199	ALKBH3	3	1	FALSE	FALSE	TRUE	TRUE	FALSE	FALSE	FALSE
DD:SE:84651	DD	SE	ENSG00000135655	USP15	2	2	FALSE	FALSE	TRUE	TRUE	FALSE	FALSE	FALSE
DD:SE:84751	DD	SE	ENSG00000162419	GMEB1	15	1	TRUE	FALSE	TRUE	TRUE	TRUE	TRUE	FALSE
DD:SE:84764	DD	SE	ENSG00000155970	MICU3	4	1	FALSE	TRUE	TRUE	TRUE	TRUE	FALSE	TRUE
DD:SE:84905	DD	SE	ENSG00000151576	QTRT2	11	1	TRUE	FALSE	TRUE	TRUE	TRUE	TRUE	FALSE
DD:SE:84944	DD	SE	ENSG00000043514	TRIT1	3	2	TRUE	TRUE	TRUE	TRUE	FALSE	TRUE	TRUE
DD:SE:84961	DD	SE	ENSG00000117751	PPP1R8	1	1	FALSE	FALSE	TRUE	TRUE	FALSE	FALSE	FALSE
DD:SE:85295	DD	SE	ENSG00000111845	PAK1IP1	5	1	TRUE	TRUE	TRUE	TRUE	FALSE	TRUE	TRUE
DD:SE:85319	DD	SE	ENSG00000105647	PIK3R2	3	1	TRUE	TRUE	TRUE	TRUE	FALSE	TRUE	TRUE
DD:SE:85482	DD	SE	ENSG00000123213	NLN	6	1	TRUE	TRUE	TRUE	TRUE	FALSE	TRUE	TRUE
DD:SE:85557	DD	SE	ENSG00000170477	KRT4	1	1	FALSE	FALSE	TRUE	TRUE	FALSE	FALSE	FALSE
DD:SE:85651	DD	SE	ENSG00000117758	STX12	3	1	FALSE	TRUE	TRUE	TRUE	TRUE	FALSE	TRUE
DD:SE:85660	DD	SE	ENSG00000085491	SLC25A24	1	8	TRUE	TRUE	TRUE	TRUE	FALSE	TRUE	TRUE
DD:SE:85872	DD	SE	ENSG00000162642	C1orf52	1	1	FALSE	FALSE	FALSE	TRUE	NA	FALSE	FALSE
DD:SE:86212	DD	SE	ENSG00000147419	CCDC25	4	3	TRUE	TRUE	TRUE	TRUE	FALSE	TRUE	TRUE
DD:SE:86222	DD	SE	ENSG00000147419	CCDC25	5	3	TRUE	TRUE	TRUE	TRUE	FALSE	TRUE	TRUE
DD:SE:86704	DD	SE	ENSG00000079277	MKNK1	4	4	FALSE	TRUE	TRUE	TRUE	TRUE	FALSE	TRUE
DD:SE:86751	DD	SE	ENSG00000111711	GOLT1B	1	1	TRUE	FALSE	TRUE	TRUE	TRUE	TRUE	FALSE
DD:SE:87339	DD	SE	ENSG00000118482	PHF3	3	6	FALSE	FALSE	TRUE	TRUE	FALSE	FALSE	FALSE
DD:SE:87410	DD	SE	ENSG00000118420	UBE3D	6	8	TRUE	TRUE	TRUE	TRUE	FALSE	TRUE	TRUE
DD:SE:87779	DD	SE	ENSG00000151353	TMEM18	1	1	FALSE	FALSE	TRUE	TRUE	FALSE	FALSE	FALSE
DD:SE:87780	DD	SE	ENSG00000151353	TMEM18	2	2	TRUE	TRUE	TRUE	TRUE	FALSE	TRUE	TRUE
DD:SE:87892	DD	SE	ENSG00000142675	CNKSR1	4	1	FALSE	TRUE	TRUE	TRUE	TRUE	FALSE	TRUE
DD:SE:88406	DD	SE	ENSG00000114331	ACAP2	5	1	FALSE	FALSE	TRUE	TRUE	FALSE	FALSE	FALSE
DD:SE:88494	DD	SE	ENSG00000065559	MAP2K4	3	1	TRUE	TRUE	TRUE	TRUE	FALSE	TRUE	TRUE
DD:SE:88501	DD	SE	ENSG00000065559	MAP2K4	3	1	TRUE	TRUE	TRUE	TRUE	FALSE	TRUE	TRUE
DD:SE:88551	DD	SE	ENSG00000057935	MTA3	1	1	TRUE	FALSE	TRUE	TRUE	TRUE	TRUE	FALSE
DD:SE:88656	DD	SE	ENSG00000134759	ELP2	6	1	TRUE	FALSE	TRUE	TRUE	TRUE	TRUE	FALSE
DD:SE:88779	DD	SE	ENSG00000164169	PRMT9	2	3	FALSE	TRUE	TRUE	TRUE	TRUE	FALSE	TRUE
DD:SE:88961	DD	SE	ENSG00000116809	ZBTB17	10	1	TRUE	TRUE	TRUE	TRUE	FALSE	TRUE	TRUE
DD:SE:89155	DD	SE	ENSG00000144048	DUSP11	2	1	FALSE	TRUE	TRUE	TRUE	TRUE	FALSE	TRUE
DD:SE:89237	DD	SE	ENSG00000120029	ARMH3	6	1	TRUE	TRUE	TRUE	TRUE	FALSE	TRUE	TRUE
DD:SE:89265	DD	SE	ENSG00000120029	ARMH3	7	1	TRUE	FALSE	TRUE	TRUE	TRUE	TRUE	FALSE
DD:SE:89494	DD	SE	ENSG00000138101	DTNB	11	3	FALSE	FALSE	TRUE	TRUE	FALSE	FALSE	FALSE
DD:SE:89682	DD	SE	ENSG00000122643	NT5C3A	1	1	TRUE	FALSE	TRUE	TRUE	TRUE	TRUE	FALSE
DD:SE:89829	DD	SE	ENSG00000033800	PIAS1	1	2	FALSE	FALSE	TRUE	TRUE	FALSE	FALSE	FALSE
DD:SE:89919	DD	SE	ENSG00000146282	RARS2	2	2	FALSE	FALSE	TRUE	TRUE	FALSE	FALSE	FALSE
DD:SE:89969	DD	SE	ENSG00000169660	HEXD	1	3	FALSE	FALSE	TRUE	TRUE	FALSE	FALSE	FALSE
DD:SE:89970	DD	SE	ENSG00000169660	HEXD	1	17	FALSE	TRUE	TRUE	TRUE	TRUE	FALSE	TRUE
DD:SE:90136	DD	SE	ENSG00000134757	DSG3	2	1	FALSE	FALSE	TRUE	TRUE	FALSE	FALSE	FALSE
DD:SE:90258	DD	SE	ENSG00000125686	MED1	5	1	FALSE	FALSE	TRUE	TRUE	FALSE	FALSE	FALSE
DD:SE:90275	DD	SE	ENSG00000125686	MED1	5	1	FALSE	FALSE	TRUE	TRUE	FALSE	FALSE	FALSE
DD:SE:90360	DD	SE	ENSG00000108883	EFTUD2	3	1	FALSE	TRUE	TRUE	TRUE	TRUE	FALSE	TRUE
DD:SE:90484	DD	SE	ENSG00000142623	PADI1	8	5	TRUE	TRUE	TRUE	TRUE	FALSE	TRUE	TRUE
DD:SE:90677	DD	SE	ENSG00000138867	GUCD1	1	1	FALSE	FALSE	TRUE	TRUE	FALSE	FALSE	FALSE
DD:SE:90793	DD	SE	ENSG00000135829	DHX9	1	2	FALSE	FALSE	TRUE	TRUE	FALSE	FALSE	FALSE
DD:SE:91013	DD	SE	ENSG00000120688	WBP4	4	1	TRUE	FALSE	TRUE	TRUE	TRUE	TRUE	FALSE
DD:SE:91019	DD	SE	ENSG00000120688	WBP4	3	1	FALSE	TRUE	TRUE	TRUE	TRUE	FALSE	TRUE
DD:SE:91065	DD	SE	ENSG00000117481	NSUN4	2	4	TRUE	TRUE	TRUE	TRUE	FALSE	TRUE	TRUE
DD:SE:91266	DD	SE	ENSG00000145439	CBR4	1	8	FALSE	FALSE	TRUE	TRUE	FALSE	FALSE	FALSE
DD:SE:91462	DD	SE	ENSG00000011376	LARS2	6	1	TRUE	TRUE	TRUE	TRUE	FALSE	TRUE	TRUE
DD:SE:91471	DD	SE	ENSG00000011376	LARS2	1	6	TRUE	TRUE	TRUE	TRUE	FALSE	TRUE	TRUE
DD:SE:91490	DD	SE	ENSG00000143436	MRPL9	1	3	TRUE	TRUE	TRUE	TRUE	FALSE	TRUE	TRUE
DD:SE:91733	DD	SE	ENSG00000142765	SYTL1	8	1	TRUE	FALSE	TRUE	TRUE	TRUE	TRUE	FALSE
DD:SE:91833	DD	SE	ENSG00000123505	AMD1	3	1	FALSE	FALSE	TRUE	TRUE	FALSE	FALSE	FALSE
DD:SE:92065	DD	SE	ENSG00000183520	UTP11	1	1	FALSE	TRUE	TRUE	TRUE	TRUE	FALSE	TRUE
DD:SE:92199	DD	SE	ENSG00000163516	ANKZF1	4	2	FALSE	TRUE	TRUE	TRUE	TRUE	FALSE	TRUE
DD:SE:92309	DD	SE	ENSG00000117640	MTFR1L	1	4	FALSE	FALSE	TRUE	TRUE	FALSE	FALSE	FALSE
DD:SE:92477	DD	SE	ENSG00000138642	HERC6	11	4	FALSE	TRUE	TRUE	TRUE	TRUE	FALSE	TRUE
DD:SE:92516	DD	SE	ENSG00000037474	NSUN2	6	2	FALSE	TRUE	TRUE	TRUE	TRUE	FALSE	TRUE
DD:SE:92528	DD	SE	ENSG00000037474	NSUN2	6	1	TRUE	FALSE	TRUE	TRUE	TRUE	TRUE	FALSE
DD:SE:92600	DD	SE	ENSG00000151491	EPS8	4	1	FALSE	TRUE	TRUE	TRUE	TRUE	FALSE	TRUE
DD:SE:92660	DD	SE	ENSG00000141279	NPEPPS	1	4	FALSE	FALSE	TRUE	TRUE	FALSE	FALSE	FALSE
DD:SE:92847	DD	SE	ENSG00000182179	UBA7	8	2	FALSE	TRUE	TRUE	TRUE	TRUE	FALSE	TRUE
DD:SE:93035	DD	SE	ENSG00000033030	ZCCHC8	4	2	FALSE	FALSE	TRUE	TRUE	FALSE	FALSE	FALSE
DD:SE:93129	DD	SE	ENSG00000035687	ADSS2	2	1	FALSE	TRUE	TRUE	TRUE	TRUE	FALSE	TRUE
DD:SE:93167	DD	SE	ENSG00000122591	HYCC1	2	2	FALSE	FALSE	TRUE	TRUE	FALSE	FALSE	FALSE
DD:SE:93351	DD	SE	ENSG00000134255	CEPT1	2	7	TRUE	TRUE	TRUE	TRUE	FALSE	TRUE	TRUE
DD:SE:93408	DD	SE	ENSG00000076928	ARHGEF1	9	2	TRUE	FALSE	TRUE	TRUE	TRUE	TRUE	FALSE
DD:SE:93499	DD	SE	ENSG00000016602	CLCA4	1	1	FALSE	FALSE	TRUE	TRUE	FALSE	FALSE	FALSE
DD:SE:93505	DD	SE	ENSG00000016602	CLCA4	1	1	FALSE	FALSE	TRUE	TRUE	FALSE	FALSE	FALSE
DD:SE:93508	DD	SE	ENSG00000016602	CLCA4	2	1	FALSE	FALSE	TRUE	TRUE	FALSE	FALSE	FALSE
DD:SE:93583	DD	SE	ENSG00000123297	TSFM	2	8	TRUE	FALSE	TRUE	TRUE	TRUE	TRUE	FALSE
DD:SE:93590	DD	SE	ENSG00000123297	TSFM	3	2	TRUE	FALSE	TRUE	TRUE	TRUE	TRUE	FALSE
DD:SE:93790	DD	SE	ENSG00000008130	NADK	1	7	FALSE	TRUE	TRUE	TRUE	TRUE	FALSE	TRUE
DD:SE:93922	DD	SE	ENSG00000176853	FAM91A1	3	1	TRUE	FALSE	TRUE	TRUE	TRUE	TRUE	FALSE
DD:SE:94159	DD	SE	ENSG00000104812	GYS1	2	1	FALSE	FALSE	TRUE	TRUE	FALSE	FALSE	FALSE
DD:SE:94193	DD	SE	ENSG00000165996	HACD1	2	1	FALSE	TRUE	TRUE	TRUE	TRUE	FALSE	TRUE
DD:SE:94231	DD	SE	ENSG00000013561	RNF14	3	3	FALSE	FALSE	TRUE	TRUE	FALSE	FALSE	FALSE
DD:SE:94303	DD	SE	ENSG00000136937	NCBP1	3	1	FALSE	FALSE	TRUE	TRUE	FALSE	FALSE	FALSE
DD:SE:94481	DD	SE	ENSG00000178425	NT5DC1	1	1	TRUE	FALSE	TRUE	TRUE	TRUE	TRUE	FALSE
DD:SE:94492	DD	SE	ENSG00000143742	SRP9	1	1	FALSE	FALSE	TRUE	TRUE	FALSE	FALSE	FALSE
DD:SE:94701	DD	SE	ENSG00000115761	NOL10	6	1	TRUE	FALSE	TRUE	TRUE	TRUE	TRUE	FALSE
DD:SE:94721	DD	SE	ENSG00000115761	NOL10	1	6	FALSE	TRUE	TRUE	TRUE	TRUE	FALSE	TRUE
DD:SE:94787	DD	SE	ENSG00000145782	ATG12	1	2	TRUE	TRUE	TRUE	TRUE	FALSE	TRUE	TRUE
DD:SE:94916	DD	SE	ENSG00000185722	ANKFY1	6	1	FALSE	TRUE	TRUE	TRUE	TRUE	FALSE	TRUE
DD:SE:94917	DD	SE	ENSG00000185722	ANKFY1	1	1	FALSE	TRUE	TRUE	TRUE	TRUE	FALSE	TRUE
DD:SE:95109	DD	SE	ENSG00000184178	SCFD2	15	2	TRUE	TRUE	TRUE	TRUE	FALSE	TRUE	TRUE
DD:SE:95334	DD	SE	ENSG00000173273	TNKS	6	1	TRUE	TRUE	TRUE	TRUE	FALSE	TRUE	TRUE
DD:SE:95563	DD	SE	ENSG00000144635	DYNC1LI1	3	1	FALSE	TRUE	TRUE	TRUE	TRUE	FALSE	TRUE
DD:SE:95666	DD	SE	ENSG00000144559	TAMM41	1	7	TRUE	TRUE	TRUE	TRUE	FALSE	TRUE	TRUE
DD:SE:95672	DD	SE	ENSG00000144559	TAMM41	1	7	FALSE	TRUE	TRUE	TRUE	TRUE	FALSE	TRUE
DD:SE:95675	DD	SE	ENSG00000144559	TAMM41	1	7	FALSE	TRUE	TRUE	TRUE	TRUE	FALSE	TRUE
DD:SE:95774	DD	SE	ENSG00000186522	SEPTIN10	4	1	FALSE	TRUE	TRUE	TRUE	TRUE	FALSE	TRUE
DD:SE:95787	DD	SE	ENSG00000186522	SEPTIN10	7	1	TRUE	FALSE	TRUE	TRUE	TRUE	TRUE	FALSE
DD:SE:95896	DD	SE	ENSG00000156976	EIF4A2	5	3	TRUE	TRUE	TRUE	TRUE	FALSE	TRUE	TRUE
DD:SE:95912	DD	SE	ENSG00000156976	EIF4A2	1	4	TRUE	TRUE	TRUE	TRUE	FALSE	TRUE	TRUE
DD:SE:96026	DD	SE	ENSG00000068745	IP6K2	2	1	TRUE	FALSE	TRUE	TRUE	TRUE	TRUE	FALSE
DD:SE:96364	DD	SE	ENSG00000137944	KYAT3	4	2	TRUE	TRUE	TRUE	TRUE	FALSE	TRUE	TRUE
DD:SE:96786	DD	SE	ENSG00000169288	MRPL1	2	4	TRUE	TRUE	TRUE	TRUE	FALSE	TRUE	TRUE
DD:SE:96789	DD	SE	ENSG00000169288	MRPL1	3	1	TRUE	TRUE	TRUE	TRUE	FALSE	TRUE	TRUE
DD:SE:96825	DD	SE	ENSG00000137343	ATAT1	4	4	TRUE	TRUE	TRUE	TRUE	FALSE	TRUE	TRUE
DD:SE:97003	DD	SE	ENSG00000066027	PPP2R5A	2	1	FALSE	FALSE	TRUE	TRUE	FALSE	FALSE	FALSE
DD:SE:97237	DD	SE	ENSG00000214706	IFRD2	2	1	FALSE	FALSE	TRUE	TRUE	FALSE	FALSE	FALSE
DD:SE:97433	DD	SE	ENSG00000163138	PACRGL	1	1	FALSE	TRUE	TRUE	TRUE	TRUE	FALSE	TRUE
DD:SE:97496	DD	SE	ENSG00000164073	MFSD8	8	4	TRUE	TRUE	TRUE	TRUE	FALSE	TRUE	TRUE
DD:SE:97696	DD	SE	ENSG00000153214	TMEM87B	3	1	TRUE	TRUE	TRUE	TRUE	FALSE	TRUE	TRUE
DD:SE:97724	DD	SE	ENSG00000164291	ARSK	4	2	TRUE	TRUE	TRUE	TRUE	FALSE	TRUE	TRUE
DD:SE:97731	DD	SE	ENSG00000214193	SH3D21	4	7	TRUE	FALSE	TRUE	TRUE	TRUE	TRUE	FALSE
DD:SE:98084	DD	SE	ENSG00000143643	TTC13	3	5	FALSE	FALSE	TRUE	TRUE	FALSE	FALSE	FALSE
DD:SE:98181	DD	SE	ENSG00000132300	PTCD3	2	3	FALSE	FALSE	TRUE	TRUE	FALSE	FALSE	FALSE
DD:SE:98189	DD	SE	ENSG00000132300	PTCD3	4	1	FALSE	FALSE	TRUE	TRUE	FALSE	FALSE	FALSE
DD:SE:98425	DD	SE	ENSG00000169599	NFU1	1	1	FALSE	FALSE	TRUE	TRUE	FALSE	FALSE	FALSE
DD:SE:98457	DD	SE	ENSG00000003509	NDUFAF7	3	2	TRUE	TRUE	TRUE	TRUE	FALSE	TRUE	TRUE
DD:SE:98580	DD	SE	ENSG00000164815	ORC5	3	2	TRUE	TRUE	TRUE	TRUE	FALSE	TRUE	TRUE
DD:SE:98590	DD	SE	ENSG00000164815	ORC5	1	2	TRUE	TRUE	TRUE	TRUE	FALSE	TRUE	TRUE
DD:SE:98593	DD	SE	ENSG00000164815	ORC5	4	1	TRUE	TRUE	TRUE	TRUE	FALSE	TRUE	TRUE
DD:SE:98619	DD	SE	ENSG00000055483	USP36	8	1	FALSE	FALSE	TRUE	TRUE	FALSE	FALSE	FALSE
DD:SE:98624	DD	SE	ENSG00000055483	USP36	1	9	FALSE	FALSE	TRUE	TRUE	FALSE	FALSE	FALSE
DD:SE:98646	DD	SE	ENSG00000116221	MRPL37	2	1	FALSE	TRUE	TRUE	TRUE	TRUE	FALSE	TRUE
DD:SE:98796	DD	SE	ENSG00000143367	TUFT1	9	1	FALSE	TRUE	TRUE	TRUE	TRUE	FALSE	TRUE
DD:SE:98843	DD	SE	ENSG00000168495	POLR3D	2	2	FALSE	TRUE	TRUE	TRUE	TRUE	FALSE	TRUE
DD:SE:99165	DD	SE	ENSG00000157181	ODR4	1	4	TRUE	FALSE	TRUE	TRUE	TRUE	TRUE	FALSE
DD:SE:99358	DD	SE	ENSG00000092096	SLC22A17	2	3	TRUE	FALSE	TRUE	TRUE	TRUE	TRUE	FALSE
DD:SE:99360	DD	SE	ENSG00000092096	SLC22A17	2	3	TRUE	FALSE	TRUE	TRUE	TRUE	TRUE	FALSE
DD:SE:99380	DD	SE	ENSG00000151657	KIN	6	1	TRUE	FALSE	TRUE	TRUE	TRUE	TRUE	FALSE
DD:SE:99408	DD	SE	ENSG00000032389	EIPR1	1	1	FALSE	FALSE	TRUE	TRUE	FALSE	FALSE	FALSE
DD:SE:99666	DD	SE	ENSG00000101911	PRPS2	3	1	FALSE	TRUE	TRUE	TRUE	TRUE	FALSE	TRUE
DD:SE:99734	DD	SE	ENSG00000131778	CHD1L	3	1	TRUE	TRUE	TRUE	TRUE	FALSE	TRUE	TRUE
DD:SE:99846	DD	SE	ENSG00000173226	IQCB1	7	2	FALSE	TRUE	TRUE	TRUE	TRUE	FALSE	TRUE
DD:SE:99878	DD	SE	ENSG00000173226	IQCB1	10	2	TRUE	TRUE	TRUE	TRUE	FALSE	TRUE	TRUE
DD:SE:100116	DD	SE	ENSG00000121897	LIAS	6	1	FALSE	FALSE	TRUE	TRUE	FALSE	FALSE	FALSE
DD:SE:100374	DD	SE	ENSG00000154889	MPPE1	7	1	TRUE	FALSE	TRUE	TRUE	TRUE	TRUE	FALSE
DD:SE:100486	DD	SE	ENSG00000113048	MRPS27	1	2	TRUE	FALSE	TRUE	TRUE	TRUE	TRUE	FALSE
DD:SE:101102	DD	SE	ENSG00000265491	RNF115	4	1	FALSE	TRUE	TRUE	TRUE	TRUE	FALSE	TRUE
DD:SE:101482	DD	SE	ENSG00000172954	LCLAT1	3	14	FALSE	TRUE	TRUE	TRUE	TRUE	FALSE	TRUE
DD:SE:101770	DD	SE	ENSG00000156453	PCDH1	1	4	FALSE	FALSE	TRUE	TRUE	FALSE	FALSE	FALSE
DD:SE:101925	DD	SE	ENSG00000115661	STK16	5	2	FALSE	FALSE	TRUE	TRUE	FALSE	FALSE	FALSE
DD:SE:102068	DD	SE	ENSG00000169359	SLC33A1	3	2	FALSE	TRUE	TRUE	TRUE	TRUE	FALSE	TRUE
DD:SE:102080	DD	SE	ENSG00000137054	POLR1E	1	1	TRUE	FALSE	TRUE	TRUE	TRUE	TRUE	FALSE
DD:SE:102115	DD	SE	ENSG00000026652	AGPAT4	2	5	FALSE	TRUE	TRUE	TRUE	TRUE	FALSE	TRUE
DD:SE:102162	DD	SE	ENSG00000163785	RYK	11	2	FALSE	TRUE	TRUE	TRUE	TRUE	FALSE	TRUE
DD:SE:102674	DD	SE	ENSG00000162714	ZNF496	26	1	FALSE	TRUE	TRUE	TRUE	TRUE	FALSE	TRUE
DD:SE:102703	DD	SE	ENSG00000172594	SMPDL3A	7	5	TRUE	FALSE	TRUE	TRUE	TRUE	TRUE	FALSE
DD:SE:102905	DD	SE	ENSG00000153094	BCL2L11	6	10	TRUE	FALSE	TRUE	TRUE	TRUE	TRUE	FALSE
DD:SE:102940	DD	SE	ENSG00000122085	MTERF4	1	4	FALSE	TRUE	TRUE	TRUE	TRUE	FALSE	TRUE
DD:SE:103167	DD	SE	ENSG00000089818	NECAP1	1	1	FALSE	TRUE	TRUE	TRUE	TRUE	FALSE	TRUE
DD:SE:103205	DD	SE	ENSG00000113569	NUP155	15	2	TRUE	TRUE	TRUE	TRUE	FALSE	TRUE	TRUE
DD:SE:103219	DD	SE	ENSG00000113569	NUP155	17	1	TRUE	FALSE	TRUE	TRUE	TRUE	TRUE	FALSE
DD:SE:103323	DD	SE	ENSG00000120451	SNX19	10	2	TRUE	TRUE	TRUE	TRUE	FALSE	TRUE	TRUE
DD:SE:103495	DD	SE	ENSG00000038210	PI4K2B	4	1	TRUE	TRUE	TRUE	TRUE	FALSE	TRUE	TRUE
DD:SE:103579	DD	SE	ENSG00000085511	MAP3K4	2	15	TRUE	FALSE	TRUE	TRUE	TRUE	TRUE	FALSE
DD:SE:103601	DD	SE	ENSG00000162851	TFB2M	4	1	FALSE	FALSE	TRUE	TRUE	FALSE	FALSE	FALSE
DD:SE:103611	DD	SE	ENSG00000102317	RBM3	2	3	FALSE	FALSE	TRUE	TRUE	FALSE	FALSE	FALSE
DD:SE:103818	DD	SE	ENSG00000121858	TNFSF10	2	1	FALSE	TRUE	TRUE	TRUE	TRUE	FALSE	TRUE
DD:SE:103918	DD	SE	ENSG00000118762	PKD2	3	1	FALSE	TRUE	TRUE	TRUE	TRUE	FALSE	TRUE
DD:SE:104265	DD	SE	ENSG00000160049	DFFA	2	1	FALSE	FALSE	TRUE	TRUE	FALSE	FALSE	FALSE
DD:SE:104410	DD	SE	ENSG00000143748	NVL	8	3	FALSE	FALSE	TRUE	TRUE	FALSE	FALSE	FALSE
DD:SE:104427	DD	SE	ENSG00000118960	HS1BP3	5	1	TRUE	TRUE	TRUE	TRUE	FALSE	TRUE	TRUE
DD:SE:104434	DD	SE	ENSG00000106100	NOD1	2	39	TRUE	TRUE	TRUE	TRUE	FALSE	TRUE	TRUE
DD:SE:104542	DD	SE	ENSG00000143437	ARNT	9	1	TRUE	TRUE	TRUE	TRUE	FALSE	TRUE	TRUE
DD:SE:104663	DD	SE	ENSG00000132664	POLR3F	1	8	FALSE	FALSE	TRUE	TRUE	FALSE	FALSE	FALSE
DD:SE:104719	DD	SE	ENSG00000076321	KLHL20	4	2	FALSE	TRUE	TRUE	TRUE	TRUE	FALSE	TRUE
DD:SE:105746	DD	SE	ENSG00000155906	RMND1	2	7	TRUE	TRUE	TRUE	TRUE	FALSE	TRUE	TRUE
DD:SE:106095	DD	SE	ENSG00000134480	CCNH	9	1	TRUE	TRUE	TRUE	TRUE	FALSE	TRUE	TRUE
DD:SE:106112	DD	SE	ENSG00000089289	IGBP1	4	1	TRUE	TRUE	TRUE	TRUE	FALSE	TRUE	TRUE
DD:SE:106364	DD	SE	ENSG00000068078	FGFR3	10	1	TRUE	TRUE	TRUE	TRUE	FALSE	TRUE	TRUE
DD:SE:106374	DD	SE	ENSG00000068078	FGFR3	2	11	TRUE	TRUE	TRUE	TRUE	FALSE	TRUE	TRUE
DD:SE:106475	DD	SE	ENSG00000203965	EFCAB7	11	1	TRUE	TRUE	TRUE	TRUE	FALSE	TRUE	TRUE
DD:SE:106538	DD	SE	ENSG00000134709	HOOK1	1	2	TRUE	FALSE	TRUE	TRUE	TRUE	TRUE	FALSE
DD:SE:106860	DD	SE	ENSG00000144681	STAC	7	3	FALSE	TRUE	TRUE	TRUE	TRUE	FALSE	TRUE
DD:SE:106935	DD	SE	ENSG00000164548	TRA2A	1	1	FALSE	FALSE	TRUE	TRUE	FALSE	FALSE	FALSE
DD:SE:107044	DD	SE	ENSG00000143553	SNAPIN	1	1	FALSE	FALSE	TRUE	FALSE	NA	FALSE	FALSE
DD:SE:107200	DD	SE	ENSG00000239713	APOBEC3G	5	2	FALSE	TRUE	TRUE	TRUE	TRUE	FALSE	TRUE
DD:SE:107354	DD	SE	ENSG00000117500	TMED5	1	3	TRUE	FALSE	TRUE	TRUE	TRUE	TRUE	FALSE
DD:SE:107388	DD	SE	ENSG00000163510	CWC22	2	1	FALSE	FALSE	TRUE	TRUE	FALSE	FALSE	FALSE
DD:SE:107412	DD	SE	ENSG00000137936	BCAR3	1	6	FALSE	FALSE	TRUE	TRUE	FALSE	FALSE	FALSE
DD:SE:107674	DD	SE	ENSG00000108469	RECQL5	1	1	FALSE	FALSE	TRUE	TRUE	FALSE	FALSE	FALSE
DD:SE:107846	DD	SE	ENSG00000164535	DAGLB	3	2	TRUE	FALSE	TRUE	TRUE	TRUE	TRUE	FALSE
DD:SE:107949	DD	SE	ENSG00000172939	OXSR1	1	10	FALSE	FALSE	TRUE	TRUE	FALSE	FALSE	FALSE
DD:SE:108000	DD	SE	ENSG00000083223	TUT7	2	6	TRUE	FALSE	TRUE	TRUE	TRUE	TRUE	FALSE
DD:SE:108195	DD	SE	ENSG00000156170	NDUFAF6	2	4	TRUE	TRUE	TRUE	TRUE	FALSE	TRUE	TRUE
DD:SE:108200	DD	SE	ENSG00000156170	NDUFAF6	1	4	FALSE	TRUE	TRUE	TRUE	TRUE	FALSE	TRUE
DD:SE:108208	DD	SE	ENSG00000156170	NDUFAF6	1	6	FALSE	TRUE	TRUE	TRUE	TRUE	FALSE	TRUE
DD:SE:108263	DD	SE	ENSG00000163931	TKT	1	1	FALSE	FALSE	TRUE	TRUE	FALSE	FALSE	FALSE
DD:SE:108347	DD	SE	ENSG00000196923	PDLIM7	1	1	FALSE	TRUE	TRUE	TRUE	TRUE	FALSE	TRUE
DD:SE:108650	DD	SE	ENSG00000049246	PER3	18	1	TRUE	FALSE	TRUE	TRUE	TRUE	TRUE	FALSE
DD:SE:108652	DD	SE	ENSG00000049246	PER3	3	18	FALSE	TRUE	TRUE	TRUE	TRUE	FALSE	TRUE
DD:SE:108936	DD	SE	ENSG00000204394	VARS1	3	1	FALSE	FALSE	TRUE	TRUE	FALSE	FALSE	FALSE
DD:SE:108971	DD	SE	ENSG00000169764	UGP2	1	2	FALSE	FALSE	TRUE	TRUE	FALSE	FALSE	FALSE
DD:SE:109026	DD	SE	ENSG00000122912	SLC25A16	8	1	TRUE	TRUE	TRUE	TRUE	FALSE	TRUE	TRUE
DD:SE:109030	DD	SE	ENSG00000122912	SLC25A16	7	1	TRUE	FALSE	TRUE	TRUE	TRUE	TRUE	FALSE
DD:SE:109144	DD	SE	ENSG00000065802	ASB1	1	1	FALSE	FALSE	TRUE	TRUE	FALSE	FALSE	FALSE
DD:SE:109191	DD	SE	ENSG00000152683	SLC30A6	15	6	FALSE	TRUE	TRUE	TRUE	TRUE	FALSE	TRUE
DD:SE:109258	DD	SE	ENSG00000134215	VAV3	7	4	TRUE	TRUE	TRUE	TRUE	FALSE	TRUE	TRUE
DD:SE:109452	DD	SE	ENSG00000116266	STXBP3	1	1	FALSE	FALSE	TRUE	TRUE	FALSE	FALSE	FALSE
DD:SE:109540	DD	SE	ENSG00000076513	ANKRD13A	6	1	FALSE	FALSE	TRUE	TRUE	FALSE	FALSE	FALSE
DD:SE:109615	DD	SE	ENSG00000056097	ZFR	1	2	FALSE	TRUE	TRUE	TRUE	TRUE	FALSE	TRUE
DD:SE:109880	DD	SE	ENSG00000168710	AHCYL1	5	1	TRUE	TRUE	TRUE	TRUE	FALSE	TRUE	TRUE
DD:SE:110106	DD	SE	ENSG00000154144	TBRG1	1	1	FALSE	TRUE	TRUE	TRUE	TRUE	FALSE	TRUE
DD:SE:110177	DD	SE	ENSG00000084072	PPIE	3	1	FALSE	TRUE	TRUE	TRUE	TRUE	FALSE	TRUE
DD:SE:110179	DD	SE	ENSG00000084072	PPIE	1	1	FALSE	TRUE	TRUE	TRUE	TRUE	FALSE	TRUE
DD:SE:110194	DD	SE	ENSG00000154710	RABGEF1	2	3	FALSE	FALSE	TRUE	TRUE	FALSE	FALSE	FALSE
DD:SE:110354	DD	SE	ENSG00000196878	LAMB3	13	1	FALSE	TRUE	TRUE	TRUE	TRUE	FALSE	TRUE
DD:SE:110427	DD	SE	ENSG00000113790	EHHADH	1	1	FALSE	FALSE	TRUE	TRUE	FALSE	FALSE	FALSE
DD:SE:110428	DD	SE	ENSG00000113790	EHHADH	3	1	FALSE	FALSE	TRUE	TRUE	FALSE	FALSE	FALSE
DD:SE:110605	DD	SE	ENSG00000136933	RABEPK	2	4	TRUE	FALSE	TRUE	TRUE	TRUE	TRUE	FALSE
DD:SE:110656	DD	SE	ENSG00000177479	ARIH2	2	2	FALSE	FALSE	TRUE	TRUE	FALSE	FALSE	FALSE
DD:SE:110755	DD	SE	ENSG00000138050	THUMPD2	5	5	TRUE	FALSE	TRUE	TRUE	TRUE	TRUE	FALSE
DD:SE:110773	DD	SE	ENSG00000138050	THUMPD2	2	5	TRUE	TRUE	TRUE	TRUE	FALSE	TRUE	TRUE
DD:SE:110915	DD	SE	ENSG00000275700	AATF	2	1	FALSE	TRUE	TRUE	TRUE	TRUE	FALSE	TRUE
DD:SE:111115	DD	SE	ENSG00000169188	APEX2	1	1	FALSE	FALSE	TRUE	FALSE	NA	FALSE	FALSE
DD:SE:111136	DD	SE	ENSG00000076067	RBMS2	1	10	FALSE	TRUE	TRUE	TRUE	TRUE	FALSE	TRUE
DD:SE:111147	DD	SE	ENSG00000076067	RBMS2	12	1	TRUE	TRUE	TRUE	TRUE	FALSE	TRUE	TRUE
DD:SE:111292	DD	SE	ENSG00000122971	ACADS	1	1	FALSE	FALSE	TRUE	TRUE	FALSE	FALSE	FALSE
DD:SE:111297	DD	SE	ENSG00000005486	RHBDD2	1	1	TRUE	FALSE	TRUE	TRUE	TRUE	TRUE	FALSE
DD:SE:111502	DD	SE	ENSG00000136450	SRSF1	1	1	TRUE	TRUE	TRUE	TRUE	FALSE	TRUE	TRUE
DD:SE:111566	DD	SE	ENSG00000160783	PMF1	1	2	TRUE	FALSE	TRUE	TRUE	TRUE	TRUE	FALSE
DD:SE:111740	DD	SE	ENSG00000174227	PIGG	5	1	FALSE	TRUE	TRUE	TRUE	TRUE	FALSE	TRUE
DD:SE:111881	DD	SE	ENSG00000126653	NSRP1	1	4	TRUE	FALSE	TRUE	TRUE	TRUE	TRUE	FALSE
DD:SE:111955	DD	SE	ENSG00000115204	MPV17	3	1	FALSE	FALSE	TRUE	FALSE	NA	FALSE	FALSE
DD:SE:111969	DD	SE	ENSG00000115204	MPV17	1	3	FALSE	FALSE	TRUE	TRUE	FALSE	FALSE	FALSE
DD:SE:111994	DD	SE	ENSG00000072571	HMMR	7	2	FALSE	FALSE	TRUE	TRUE	FALSE	FALSE	FALSE
DD:SE:112058	DD	SE	ENSG00000150403	TMCO3	4	1	FALSE	TRUE	TRUE	TRUE	TRUE	FALSE	TRUE
DD:SE:112250	DD	SE	ENSG00000173692	PSMD1	1	3	TRUE	FALSE	TRUE	TRUE	TRUE	TRUE	FALSE
DD:SE:112323	DD	SE	ENSG00000213699	SLC35F6	4	1	TRUE	TRUE	TRUE	TRUE	FALSE	TRUE	TRUE
DD:SE:112386	DD	SE	ENSG00000144566	RAB5A	1	2	TRUE	FALSE	TRUE	TRUE	TRUE	TRUE	FALSE
DD:SE:112600	DD	SE	ENSG00000080819	CPOX	1	3	TRUE	FALSE	TRUE	TRUE	TRUE	TRUE	FALSE
DD:SE:112984	DD	SE	ENSG00000161265	U2AF1L4	8	8	TRUE	TRUE	TRUE	TRUE	FALSE	TRUE	TRUE
DD:SE:113044	DD	SE	ENSG00000166557	TMED3	1	1	TRUE	FALSE	TRUE	TRUE	TRUE	TRUE	FALSE
DD:SE:113070	DD	SE	ENSG00000171608	PIK3CD	22	1	FALSE	TRUE	TRUE	TRUE	TRUE	FALSE	TRUE
DD:SE:113099	DD	SE	ENSG00000164008	C1orf50	2	1	FALSE	FALSE	TRUE	FALSE	NA	FALSE	FALSE
DD:SE:113184	DD	SE	ENSG00000131781	FMO5	13	2	FALSE	TRUE	TRUE	TRUE	TRUE	FALSE	TRUE
DD:SE:113378	DD	SE	ENSG00000144908	ALDH1L1	6	1	FALSE	TRUE	TRUE	TRUE	TRUE	FALSE	TRUE
DD:SE:113607	DD	SE	ENSG00000150540	HNMT	2	3	FALSE	TRUE	TRUE	TRUE	TRUE	FALSE	TRUE
DD:SE:113609	DD	SE	ENSG00000150540	HNMT	2	1	TRUE	FALSE	TRUE	FALSE	NA	TRUE	FALSE
DD:SE:113655	DD	SE	ENSG00000143179	UCK2	2	1	FALSE	TRUE	TRUE	TRUE	TRUE	FALSE	TRUE
DD:SE:113703	DD	SE	ENSG00000145545	SRD5A1	1	1	TRUE	FALSE	TRUE	TRUE	TRUE	TRUE	FALSE
DD:SE:113916	DD	SE	ENSG00000173933	RBM4	1	5	TRUE	FALSE	TRUE	TRUE	TRUE	TRUE	FALSE
DD:SE:114044	DD	SE	ENSG00000164241	C5orf63	4	5	TRUE	TRUE	TRUE	TRUE	FALSE	TRUE	TRUE
DD:SE:114264	DD	SE	ENSG00000143499	SMYD2	3	1	TRUE	FALSE	TRUE	FALSE	NA	TRUE	FALSE
DD:SE:114335	DD	SE	ENSG00000138641	HERC3	17	1	TRUE	FALSE	TRUE	TRUE	TRUE	TRUE	FALSE
DD:SE:114348	DD	SE	ENSG00000138641	HERC3	14	2	FALSE	TRUE	TRUE	TRUE	TRUE	FALSE	TRUE
DD:SE:114529	DD	SE	ENSG00000163374	YY1AP1	5	1	TRUE	TRUE	TRUE	TRUE	FALSE	TRUE	TRUE
DD:SE:114532	DD	SE	ENSG00000163374	YY1AP1	5	1	TRUE	TRUE	TRUE	TRUE	FALSE	TRUE	TRUE
DD:SE:114624	DD	SE	ENSG00000183576	SETD3	6	1	FALSE	FALSE	TRUE	TRUE	FALSE	FALSE	FALSE
DD:SE:114721	DD	SE	ENSG00000112210	RAB23	7	1	TRUE	FALSE	TRUE	FALSE	NA	TRUE	FALSE
DD:SE:114949	DD	SE	ENSG00000115825	PRKD3	9	2	FALSE	TRUE	TRUE	TRUE	TRUE	FALSE	TRUE
DD:SE:115029	DD	SE	ENSG00000144827	ABHD10	2	1	FALSE	TRUE	TRUE	TRUE	TRUE	FALSE	TRUE
DD:SE:115426	DD	SE	ENSG00000136504	KAT7	4	1	TRUE	FALSE	TRUE	TRUE	TRUE	TRUE	FALSE
DD:SE:115608	DD	SE	ENSG00000118898	PPL	6	1	FALSE	FALSE	TRUE	TRUE	FALSE	FALSE	FALSE
DD:SE:115632	DD	SE	ENSG00000148335	NTMT1	2	1	TRUE	FALSE	TRUE	TRUE	TRUE	TRUE	FALSE
DD:SE:115649	DD	SE	ENSG00000176974	SHMT1	4	1	FALSE	TRUE	TRUE	TRUE	TRUE	FALSE	TRUE
DD:SE:115670	DD	SE	ENSG00000161202	DVL3	1	1	FALSE	FALSE	TRUE	TRUE	FALSE	FALSE	FALSE
DD:SE:115671	DD	SE	ENSG00000161202	DVL3	3	1	FALSE	FALSE	TRUE	TRUE	FALSE	FALSE	FALSE
DD:SE:115707	DD	SE	ENSG00000154845	PPP4R1	2	7	TRUE	FALSE	TRUE	TRUE	TRUE	TRUE	FALSE
DD:SE:115750	DD	SE	ENSG00000074964	ARHGEF10L	6	1	FALSE	FALSE	TRUE	TRUE	FALSE	FALSE	FALSE
DD:SE:115816	DD	SE	ENSG00000072756	TRNT1	4	1	TRUE	TRUE	TRUE	TRUE	FALSE	TRUE	TRUE
DD:SE:115953	DD	SE	ENSG00000143321	HDGF	1	5	TRUE	FALSE	TRUE	TRUE	TRUE	TRUE	FALSE
DD:SE:115973	DD	SE	ENSG00000143401	ANP32E	4	1	FALSE	TRUE	TRUE	TRUE	TRUE	FALSE	TRUE
DD:SE:116352	DD	SE	ENSG00000113649	TCERG1	4	9	TRUE	TRUE	TRUE	TRUE	FALSE	TRUE	TRUE
DD:SE:116387	DD	SE	ENSG00000113649	TCERG1	2	12	TRUE	TRUE	TRUE	TRUE	FALSE	TRUE	TRUE
DD:SE:116438	DD	SE	ENSG00000144228	SPOPL	4	7	TRUE	FALSE	TRUE	TRUE	TRUE	TRUE	FALSE
DD:SE:116493	DD	SE	ENSG00000071282	LMCD1	5	2	FALSE	TRUE	TRUE	TRUE	TRUE	FALSE	TRUE
DD:SE:116523	DD	SE	ENSG00000115307	AUP1	2	1	TRUE	FALSE	TRUE	TRUE	TRUE	TRUE	FALSE
DD:SE:116673	DD	SE	ENSG00000125124	BBS2	7	1	TRUE	TRUE	TRUE	TRUE	FALSE	TRUE	TRUE
DD:SE:116736	DD	SE	ENSG00000108423	TUBD1	5	2	FALSE	FALSE	TRUE	TRUE	FALSE	FALSE	FALSE
DD:SE:116887	DD	SE	ENSG00000106462	EZH2	1	10	TRUE	FALSE	TRUE	TRUE	TRUE	TRUE	FALSE
DD:SE:116899	DD	SE	ENSG00000106462	EZH2	1	3	FALSE	TRUE	TRUE	TRUE	TRUE	FALSE	TRUE
DD:SE:117064	DD	SE	ENSG00000126858	RHOT1	1	9	TRUE	TRUE	TRUE	TRUE	FALSE	TRUE	TRUE
DD:SE:117128	DD	SE	ENSG00000114988	LMAN2L	2	2	TRUE	FALSE	TRUE	TRUE	TRUE	TRUE	FALSE
DD:SE:117141	DD	SE	ENSG00000288683	ENSG00000288683	2	1	TRUE	FALSE	TRUE	TRUE	TRUE	TRUE	FALSE
DD:SE:117280	DD	SE	ENSG00000182973	CNOT10	6	1	FALSE	FALSE	TRUE	TRUE	FALSE	FALSE	FALSE
DD:SE:117587	DD	SE	ENSG00000157470	FAM81A	8	1	FALSE	FALSE	TRUE	TRUE	FALSE	FALSE	FALSE
DD:SE:117615	DD	SE	ENSG00000143674	MAP3K21	8	4	TRUE	TRUE	TRUE	TRUE	FALSE	TRUE	TRUE
DD:SE:117662	DD	SE	ENSG00000132953	XPO4	9	1	FALSE	TRUE	TRUE	TRUE	TRUE	FALSE	TRUE
DD:SE:117671	DD	SE	ENSG00000132953	XPO4	3	13	FALSE	TRUE	TRUE	TRUE	TRUE	FALSE	TRUE
DD:SE:117873	DD	SE	ENSG00000114857	NKTR	6	5	FALSE	FALSE	TRUE	TRUE	FALSE	FALSE	FALSE
DD:SE:117971	DD	SE	ENSG00000069998	HDHD5	4	1	FALSE	TRUE	TRUE	TRUE	TRUE	FALSE	TRUE
DD:SE:118065	DD	SE	ENSG00000164338	UTP15	4	1	FALSE	TRUE	TRUE	TRUE	TRUE	FALSE	TRUE
DD:SE:118073	DD	SE	ENSG00000114956	DGUOK	2	4	FALSE	TRUE	TRUE	TRUE	TRUE	FALSE	TRUE
DD:SE:118095	DD	SE	ENSG00000114956	DGUOK	3	1	TRUE	FALSE	TRUE	FALSE	NA	TRUE	FALSE
DD:SE:118102	DD	SE	ENSG00000114956	DGUOK	1	2	FALSE	TRUE	FALSE	TRUE	NA	FALSE	TRUE
DD:SE:118103	DD	SE	ENSG00000114956	DGUOK	3	1	TRUE	TRUE	TRUE	TRUE	FALSE	TRUE	TRUE
DD:SE:118388	DD	SE	ENSG00000115598	IL1RL2	26	15	TRUE	TRUE	TRUE	TRUE	FALSE	TRUE	TRUE
DD:SE:118579	DD	SE	ENSG00000166377	ATP9B	7	1	TRUE	FALSE	TRUE	TRUE	TRUE	TRUE	FALSE
DD:SE:119112	DD	SE	ENSG00000145919	BOD1	1	1	FALSE	FALSE	TRUE	TRUE	FALSE	FALSE	FALSE
DD:SE:119140	DD	SE	ENSG00000144848	ATG3	2	1	FALSE	FALSE	TRUE	TRUE	FALSE	FALSE	FALSE
DD:SE:119365	DD	SE	ENSG00000105819	PMPCB	4	1	FALSE	TRUE	TRUE	TRUE	TRUE	FALSE	TRUE
DD:SE:119389	DD	SE	ENSG00000085831	TTC39A	15	1	TRUE	TRUE	TRUE	TRUE	FALSE	TRUE	TRUE
DD:SE:119431	DD	SE	ENSG00000067836	ROGDI	3	1	FALSE	TRUE	TRUE	TRUE	TRUE	FALSE	TRUE
DD:SE:119866	DD	SE	ENSG00000132591	ERAL1	3	1	FALSE	FALSE	TRUE	TRUE	FALSE	FALSE	FALSE
DD:SE:120039	DD	SE	ENSG00000078142	PIK3C3	8	2	TRUE	TRUE	TRUE	TRUE	FALSE	TRUE	TRUE
DD:SE:120152	DD	SE	ENSG00000144136	SLC20A1	1	5	FALSE	FALSE	TRUE	TRUE	FALSE	FALSE	FALSE
DD:SE:120176	DD	SE	ENSG00000204304	PBX2	3	2	FALSE	FALSE	TRUE	TRUE	FALSE	FALSE	FALSE
DD:SE:120200	DD	SE	ENSG00000113648	MACROH2A1	2	2	FALSE	TRUE	TRUE	TRUE	TRUE	FALSE	TRUE
DD:SE:120204	DD	SE	ENSG00000113648	MACROH2A1	2	2	FALSE	TRUE	TRUE	TRUE	TRUE	FALSE	TRUE
DD:SE:120297	DD	SE	ENSG00000136682	ZNG1B	4	6	TRUE	TRUE	TRUE	TRUE	FALSE	TRUE	TRUE
DD:SE:120425	DD	SE	ENSG00000144134	RABL2A	1	2	TRUE	FALSE	TRUE	TRUE	TRUE	TRUE	FALSE
DD:SE:120427	DD	SE	ENSG00000144134	RABL2A	5	1	FALSE	TRUE	TRUE	TRUE	TRUE	FALSE	TRUE
DD:SE:120806	DD	SE	ENSG00000272886	DCP1A	1	3	FALSE	FALSE	TRUE	TRUE	FALSE	FALSE	FALSE
DD:SE:120870	DD	SE	ENSG00000144118	RALB	2	1	FALSE	FALSE	TRUE	TRUE	FALSE	FALSE	FALSE
DD:SE:120878	DD	SE	ENSG00000163933	RFT1	3	1	FALSE	TRUE	TRUE	TRUE	TRUE	FALSE	TRUE
DD:SE:120898	DD	SE	ENSG00000163933	RFT1	6	1	TRUE	FALSE	TRUE	TRUE	TRUE	TRUE	FALSE
DD:SE:121059	DD	SE	ENSG00000104783	KCNN4	9	1	TRUE	TRUE	TRUE	TRUE	FALSE	TRUE	TRUE
DD:SE:121078	DD	SE	ENSG00000165669	FAM204A	2	1	FALSE	TRUE	TRUE	TRUE	TRUE	FALSE	TRUE
DD:SE:121088	DD	SE	ENSG00000242372	EIF6	2	1	FALSE	TRUE	TRUE	TRUE	TRUE	FALSE	TRUE
DD:SE:121097	DD	SE	ENSG00000155438	NIFK	2	1	FALSE	FALSE	TRUE	TRUE	FALSE	FALSE	FALSE
DD:SE:121112	DD	SE	ENSG00000125954	CHURC1-FNTB	1	1	FALSE	TRUE	TRUE	TRUE	TRUE	FALSE	TRUE
DD:SE:121167	DD	SE	ENSG00000162341	TPCN2	9	6	FALSE	TRUE	TRUE	TRUE	TRUE	FALSE	TRUE
DD:SE:121233	DD	SE	ENSG00000137198	GMPR	7	1	FALSE	FALSE	TRUE	TRUE	FALSE	FALSE	FALSE
DD:SE:121237	DD	SE	ENSG00000163166	IWS1	7	1	TRUE	TRUE	TRUE	TRUE	FALSE	TRUE	TRUE
DD:SE:121239	DD	SE	ENSG00000163166	IWS1	4	1	TRUE	TRUE	TRUE	TRUE	FALSE	TRUE	TRUE
DD:SE:121448	DD	SE	ENSG00000141012	GALNS	1	3	FALSE	TRUE	TRUE	TRUE	TRUE	FALSE	TRUE
DD:SE:121694	DD	SE	ENSG00000107164	FUBP3	1	7	TRUE	FALSE	TRUE	TRUE	TRUE	TRUE	FALSE
DD:SE:121709	DD	SE	ENSG00000176894	PXMP2	3	1	FALSE	TRUE	TRUE	TRUE	TRUE	FALSE	TRUE
DD:SE:121873	DD	SE	ENSG00000114021	NIT2	3	1	FALSE	TRUE	TRUE	TRUE	TRUE	FALSE	TRUE
DD:SE:122195	DD	SE	ENSG00000058804	NDC1	6	1	FALSE	TRUE	TRUE	TRUE	TRUE	FALSE	TRUE
DD:SE:122248	DD	SE	ENSG00000151806	GUF1	5	3	FALSE	TRUE	TRUE	TRUE	TRUE	FALSE	TRUE
DD:SE:122293	DD	SE	ENSG00000125703	ATG4C	8	2	FALSE	TRUE	TRUE	TRUE	TRUE	FALSE	TRUE
DD:SE:122395	DD	SE	ENSG00000077238	IL4R	13	1	FALSE	FALSE	TRUE	TRUE	FALSE	FALSE	FALSE
DD:SE:122405	DD	SE	ENSG00000143889	HNRNPLL	3	3	TRUE	FALSE	TRUE	TRUE	TRUE	TRUE	FALSE
DD:SE:122558	DD	SE	ENSG00000071462	BUD23	1	1	FALSE	TRUE	TRUE	TRUE	TRUE	FALSE	TRUE
DD:SE:122559	DD	SE	ENSG00000071462	BUD23	1	1	TRUE	FALSE	TRUE	TRUE	TRUE	TRUE	FALSE
DD:SE:122562	DD	SE	ENSG00000071462	BUD23	1	1	TRUE	FALSE	TRUE	TRUE	TRUE	TRUE	FALSE
DD:SE:122563	DD	SE	ENSG00000071462	BUD23	1	1	FALSE	TRUE	TRUE	TRUE	TRUE	FALSE	TRUE
DD:SE:122587	DD	SE	ENSG00000189195	BTBD8	13	4	FALSE	TRUE	TRUE	TRUE	TRUE	FALSE	TRUE
DD:SE:122974	DD	SE	ENSG00000149292	TTC12	2	17	TRUE	TRUE	TRUE	TRUE	FALSE	TRUE	TRUE
DD:SE:123271	DD	SE	ENSG00000168890	TMEM150A	5	2	FALSE	TRUE	TRUE	TRUE	TRUE	FALSE	TRUE
DD:SE:123272	DD	SE	ENSG00000168890	TMEM150A	1	5	FALSE	FALSE	TRUE	TRUE	FALSE	FALSE	FALSE
DD:SE:123449	DD	SE	ENSG00000134186	PRPF38B	2	4	FALSE	FALSE	TRUE	TRUE	FALSE	FALSE	FALSE
DD:SE:123632	DD	SE	ENSG00000047056	WDR37	3	13	FALSE	TRUE	TRUE	TRUE	TRUE	FALSE	TRUE
DD:SE:123685	DD	SE	ENSG00000198874	TYW1	3	1	FALSE	TRUE	TRUE	TRUE	TRUE	FALSE	TRUE
DD:SE:123723	DD	SE	ENSG00000133393	CEP20	1	1	FALSE	TRUE	TRUE	TRUE	TRUE	FALSE	TRUE
DD:SE:123844	DD	SE	ENSG00000073605	GSDMB	7	2	FALSE	TRUE	TRUE	TRUE	TRUE	FALSE	TRUE
DD:SE:123918	DD	SE	ENSG00000176809	LRRC37A3	29	1	FALSE	TRUE	TRUE	TRUE	TRUE	FALSE	TRUE
DD:SE:123953	DD	SE	ENSG00000100038	TOP3B	1	1	FALSE	FALSE	TRUE	TRUE	FALSE	FALSE	FALSE
DD:SE:123959	DD	SE	ENSG00000100038	TOP3B	4	9	TRUE	TRUE	TRUE	TRUE	FALSE	TRUE	TRUE
DD:SE:124042	DD	SE	ENSG00000133835	HSD17B4	1	3	TRUE	FALSE	TRUE	TRUE	TRUE	TRUE	FALSE
DD:SE:124272	DD	SE	ENSG00000137806	NDUFAF1	2	5	TRUE	FALSE	TRUE	TRUE	TRUE	TRUE	FALSE
DD:SE:124274	DD	SE	ENSG00000137806	NDUFAF1	2	5	TRUE	FALSE	TRUE	TRUE	TRUE	TRUE	FALSE
DD:SE:124556	DD	SE	ENSG00000119912	IDE	1	6	TRUE	TRUE	TRUE	TRUE	FALSE	TRUE	TRUE
DD:SE:124593	DD	SE	ENSG00000214253	FIS1	1	1	TRUE	FALSE	TRUE	TRUE	TRUE	TRUE	FALSE
DD:SE:124704	DD	SE	ENSG00000143156	NME7	5	1	TRUE	TRUE	TRUE	TRUE	FALSE	TRUE	TRUE
DD:SE:125132	DD	SE	ENSG00000164300	SERINC5	16	1	TRUE	FALSE	TRUE	TRUE	TRUE	TRUE	FALSE
DD:SE:125379	DD	SE	ENSG00000041802	LSG1	3	1	FALSE	FALSE	TRUE	TRUE	FALSE	FALSE	FALSE
DD:SE:125411	DD	SE	ENSG00000115840	SLC25A12	1	5	FALSE	TRUE	TRUE	TRUE	TRUE	FALSE	TRUE
DD:SE:125479	DD	SE	ENSG00000152256	PDK1	7	4	TRUE	TRUE	TRUE	TRUE	FALSE	TRUE	TRUE
DD:SE:125488	DD	SE	ENSG00000163159	VPS72	2	1	FALSE	FALSE	TRUE	TRUE	FALSE	FALSE	FALSE
DD:SE:125545	DD	SE	ENSG00000091436	MAP3K20	2	2	FALSE	FALSE	TRUE	TRUE	FALSE	FALSE	FALSE
DD:SE:125625	DD	SE	ENSG00000172456	FGGY	21	1	FALSE	TRUE	TRUE	TRUE	TRUE	FALSE	TRUE
DD:SE:125656	DD	SE	ENSG00000015153	YAF2	4	1	TRUE	FALSE	TRUE	TRUE	TRUE	TRUE	FALSE
DD:SE:125866	DD	SE	ENSG00000009765	IYD	1	2	FALSE	FALSE	TRUE	TRUE	FALSE	FALSE	FALSE
DD:SE:125946	DD	SE	ENSG00000164088	PPM1M	14	3	FALSE	TRUE	TRUE	TRUE	TRUE	FALSE	TRUE
DD:SE:125954	DD	SE	ENSG00000159202	UBE2Z	2	1	FALSE	TRUE	TRUE	TRUE	TRUE	FALSE	TRUE
DD:SE:126000	DD	SE	ENSG00000122484	RPAP2	5	2	FALSE	TRUE	TRUE	TRUE	TRUE	FALSE	TRUE
DD:SE:126019	DD	SE	ENSG00000115966	ATF2	2	6	TRUE	TRUE	TRUE	TRUE	FALSE	TRUE	TRUE
DD:SE:126143	DD	SE	ENSG00000118873	RAB3GAP2	4	1	FALSE	FALSE	TRUE	TRUE	FALSE	FALSE	FALSE
DD:SE:126196	DD	SE	ENSG00000104824	HNRNPL	1	2	TRUE	FALSE	TRUE	TRUE	TRUE	TRUE	FALSE
DD:SE:126211	DD	SE	ENSG00000037042	TUBG2	4	5	TRUE	TRUE	TRUE	TRUE	FALSE	TRUE	TRUE
DD:SE:126383	DD	SE	ENSG00000018510	AGPS	4	1	FALSE	TRUE	TRUE	TRUE	TRUE	FALSE	TRUE
DD:SE:126443	DD	SE	ENSG00000132541	RIDA	1	1	TRUE	FALSE	TRUE	TRUE	TRUE	TRUE	FALSE
DD:SE:126445	DD	SE	ENSG00000132541	RIDA	1	1	FALSE	FALSE	TRUE	TRUE	FALSE	FALSE	FALSE
DD:SE:126575	DD	SE	ENSG00000180228	PRKRA	4	2	TRUE	TRUE	TRUE	TRUE	FALSE	TRUE	TRUE
DD:SE:126605	DD	SE	ENSG00000180228	PRKRA	3	5	TRUE	TRUE	TRUE	TRUE	FALSE	TRUE	TRUE
DD:SE:126856	DD	SE	ENSG00000161542	PRPSAP1	2	1	FALSE	TRUE	TRUE	TRUE	TRUE	FALSE	TRUE
DD:SE:126872	DD	SE	ENSG00000122068	FYTTD1	1	4	FALSE	TRUE	TRUE	TRUE	TRUE	FALSE	TRUE
DD:SE:126978	DD	SE	ENSG00000065548	ZC3H15	1	4	FALSE	FALSE	TRUE	TRUE	FALSE	FALSE	FALSE
DD:SE:127110	DD	SE	ENSG00000064419	TNPO3	1	2	FALSE	TRUE	TRUE	TRUE	TRUE	FALSE	TRUE
DD:SE:127123	DD	SE	ENSG00000186501	TMEM222	2	2	TRUE	TRUE	TRUE	TRUE	FALSE	TRUE	TRUE
DD:SE:127352	DD	SE	ENSG00000173559	NABP1	3	4	TRUE	FALSE	TRUE	TRUE	TRUE	TRUE	FALSE
DD:SE:127390	DD	SE	ENSG00000183696	UPP1	6	1	TRUE	FALSE	TRUE	TRUE	TRUE	TRUE	FALSE
DD:SE:127397	DD	SE	ENSG00000183696	UPP1	1	1	FALSE	TRUE	TRUE	TRUE	TRUE	FALSE	TRUE
DD:SE:127408	DD	SE	ENSG00000183696	UPP1	1	2	FALSE	FALSE	TRUE	TRUE	FALSE	FALSE	FALSE
DD:SE:127410	DD	SE	ENSG00000183696	UPP1	3	1	FALSE	TRUE	TRUE	TRUE	TRUE	FALSE	TRUE
DD:SE:127517	DD	SE	ENSG00000068912	ERLEC1	2	1	FALSE	TRUE	TRUE	TRUE	TRUE	FALSE	TRUE
DD:SE:127624	DD	SE	ENSG00000115524	SF3B1	1	3	FALSE	TRUE	TRUE	TRUE	TRUE	FALSE	TRUE
DD:SE:127634	DD	SE	ENSG00000115421	PAPOLG	6	2	TRUE	FALSE	TRUE	TRUE	TRUE	TRUE	FALSE
DD:SE:127808	DD	SE	ENSG00000116459	ATP5PB	1	1	FALSE	FALSE	TRUE	FALSE	NA	FALSE	FALSE
DD:SE:127871	DD	SE	ENSG00000169251	NMD3	4	1	FALSE	TRUE	TRUE	TRUE	TRUE	FALSE	TRUE
DD:SE:127892	DD	SE	ENSG00000171469	ZNF561	3	1	FALSE	FALSE	TRUE	FALSE	NA	FALSE	FALSE
DD:SE:127894	DD	SE	ENSG00000171469	ZNF561	1	1	TRUE	FALSE	TRUE	FALSE	NA	TRUE	FALSE
DD:SE:128173	DD	SE	ENSG00000240344	PPIL3	2	16	TRUE	TRUE	TRUE	TRUE	FALSE	TRUE	TRUE
DD:SE:128191	DD	SE	ENSG00000240344	PPIL3	3	1	FALSE	FALSE	TRUE	FALSE	NA	FALSE	FALSE
DD:SE:128193	DD	SE	ENSG00000240344	PPIL3	3	10	TRUE	TRUE	TRUE	TRUE	FALSE	TRUE	TRUE
DD:SE:128276	DD	SE	ENSG00000102967	DHODH	2	4	FALSE	TRUE	TRUE	TRUE	TRUE	FALSE	TRUE
DD:SE:128283	DD	SE	ENSG00000102967	DHODH	2	2	FALSE	TRUE	TRUE	TRUE	TRUE	FALSE	TRUE
DD:SE:128342	DD	SE	ENSG00000064012	CASP8	10	2	TRUE	TRUE	TRUE	TRUE	FALSE	TRUE	TRUE
DD:SE:128755	DD	SE	ENSG00000127419	TMEM175	5	4	FALSE	FALSE	TRUE	TRUE	FALSE	FALSE	FALSE
DD:SE:128878	DD	SE	ENSG00000138443	ABI2	8	4	FALSE	TRUE	TRUE	TRUE	TRUE	FALSE	TRUE
DD:SE:128953	DD	SE	ENSG00000114423	CBLB	6	3	FALSE	FALSE	TRUE	TRUE	FALSE	FALSE	FALSE
DD:SE:128974	DD	SE	ENSG00000146223	RPL7L1	2	1	FALSE	FALSE	TRUE	TRUE	FALSE	FALSE	FALSE
DD:SE:129278	DD	SE	ENSG00000164062	APEH	4	1	FALSE	FALSE	TRUE	TRUE	FALSE	FALSE	FALSE
DD:SE:129284	DD	SE	ENSG00000164062	APEH	3	1	FALSE	FALSE	TRUE	TRUE	FALSE	FALSE	FALSE
DD:SE:129333	DD	SE	ENSG00000197713	RPE	1	2	FALSE	FALSE	TRUE	TRUE	FALSE	FALSE	FALSE
DD:SE:129339	DD	SE	ENSG00000197713	RPE	2	1	FALSE	FALSE	TRUE	TRUE	FALSE	FALSE	FALSE
DD:SE:129396	DD	SE	ENSG00000127452	FBXL12	1	3	TRUE	FALSE	TRUE	TRUE	TRUE	TRUE	FALSE
DD:SE:129459	DD	SE	ENSG00000085433	WDR47	8	1	FALSE	TRUE	TRUE	TRUE	TRUE	FALSE	TRUE
DD:SE:129557	DD	SE	ENSG00000138376	BARD1	6	1	TRUE	TRUE	TRUE	TRUE	FALSE	TRUE	TRUE
DD:SE:129808	DD	SE	ENSG00000164465	DCBLD1	8	1	TRUE	FALSE	TRUE	TRUE	TRUE	TRUE	FALSE
DD:SE:129879	DD	SE	ENSG00000151445	VIPAS39	5	1	TRUE	TRUE	TRUE	TRUE	FALSE	TRUE	TRUE
DD:SE:129953	DD	SE	ENSG00000197121	PGAP1	19	12	TRUE	TRUE	TRUE	TRUE	FALSE	TRUE	TRUE
DD:SE:130028	DD	SE	ENSG00000057019	DCBLD2	5	1	TRUE	FALSE	TRUE	TRUE	TRUE	TRUE	FALSE
DD:SE:130664	DD	SE	ENSG00000116120	FARSB	2	1	FALSE	TRUE	TRUE	TRUE	TRUE	FALSE	TRUE
DD:SE:130720	DD	SE	ENSG00000162735	PEX19	1	1	FALSE	TRUE	TRUE	TRUE	TRUE	FALSE	TRUE
DD:SE:131015	DD	SE	ENSG00000028203	VEZT	5	3	TRUE	FALSE	TRUE	TRUE	TRUE	TRUE	FALSE
DD:SE:131178	DD	SE	ENSG00000147854	UHRF2	6	1	TRUE	FALSE	TRUE	TRUE	TRUE	TRUE	FALSE
DD:SE:131257	DD	SE	ENSG00000156795	NTAQ1	2	3	TRUE	TRUE	TRUE	TRUE	FALSE	TRUE	TRUE
DD:SE:131412	DD	SE	ENSG00000135503	ACVR1B	4	2	FALSE	TRUE	TRUE	TRUE	TRUE	FALSE	TRUE
DD:SE:131496	DD	SE	ENSG00000187091	PLCD1	7	1	TRUE	TRUE	TRUE	TRUE	FALSE	TRUE	TRUE
DD:SE:131615	DD	SE	ENSG00000137965	IFI44	5	4	FALSE	TRUE	TRUE	TRUE	TRUE	FALSE	TRUE
DD:SE:131620	DD	SE	ENSG00000137965	IFI44	4	2	TRUE	FALSE	TRUE	TRUE	TRUE	TRUE	FALSE
DD:SE:132082	DD	SE	ENSG00000123485	HJURP	2	2	FALSE	FALSE	TRUE	TRUE	FALSE	FALSE	FALSE
DD:SE:132086	DD	SE	ENSG00000123485	HJURP	1	1	FALSE	FALSE	TRUE	TRUE	FALSE	FALSE	FALSE
DD:SE:132135	DD	SE	ENSG00000117419	ERI3	4	1	FALSE	FALSE	TRUE	TRUE	FALSE	FALSE	FALSE
DD:SE:132159	DD	SE	ENSG00000164124	TMEM144	16	1	TRUE	FALSE	TRUE	TRUE	TRUE	TRUE	FALSE
DD:SE:132164	DD	SE	ENSG00000164124	TMEM144	14	1	TRUE	TRUE	TRUE	TRUE	FALSE	TRUE	TRUE
DD:SE:132329	DD	SE	ENSG00000132330	SCLY	3	9	TRUE	TRUE	TRUE	TRUE	FALSE	TRUE	TRUE
DD:SE:132402	DD	SE	ENSG00000125450	NUP85	3	1	TRUE	FALSE	TRUE	TRUE	TRUE	TRUE	FALSE
DD:SE:132421	DD	SE	ENSG00000125450	NUP85	1	4	TRUE	TRUE	TRUE	TRUE	FALSE	TRUE	TRUE
DD:SE:132653	DD	SE	ENSG00000177302	TOP3A	8	1	TRUE	FALSE	TRUE	TRUE	TRUE	TRUE	FALSE
DD:SE:132830	DD	SE	ENSG00000046651	OFD1	1	10	FALSE	FALSE	TRUE	TRUE	FALSE	FALSE	FALSE
DD:SE:133094	DD	SE	ENSG00000062598	ELMO2	6	1	FALSE	FALSE	TRUE	TRUE	FALSE	FALSE	FALSE
DD:SE:133096	DD	SE	ENSG00000062598	ELMO2	6	1	FALSE	FALSE	TRUE	TRUE	FALSE	FALSE	FALSE
DD:SE:133540	DD	SE	ENSG00000117543	DPH5	7	2	TRUE	TRUE	TRUE	TRUE	FALSE	TRUE	TRUE
DD:SE:133718	DD	SE	ENSG00000085999	RAD54L	21	1	TRUE	TRUE	TRUE	TRUE	FALSE	TRUE	TRUE
DD:SE:133738	DD	SE	ENSG00000288701	PRRC2B	5	3	FALSE	FALSE	TRUE	TRUE	FALSE	FALSE	FALSE
DD:SE:133897	DD	SE	ENSG00000134109	EDEM1	7	3	FALSE	TRUE	TRUE	TRUE	TRUE	FALSE	TRUE
DD:SE:133961	DD	SE	ENSG00000132698	RAB25	1	1	FALSE	FALSE	TRUE	FALSE	NA	FALSE	FALSE
DD:SE:134140	DD	SE	ENSG00000156983	BRPF1	1	8	TRUE	FALSE	TRUE	TRUE	TRUE	TRUE	FALSE
DD:SE:134373	DD	SE	ENSG00000204568	MRPS18B	1	1	FALSE	FALSE	TRUE	TRUE	FALSE	FALSE	FALSE
DD:SE:134512	DD	SE	ENSG00000188313	PLSCR1	3	1	FALSE	TRUE	TRUE	TRUE	TRUE	FALSE	TRUE
DD:SE:134569	DD	SE	ENSG00000060971	ACAA1	3	2	TRUE	TRUE	TRUE	TRUE	FALSE	TRUE	TRUE
DD:SE:134615	DD	SE	ENSG00000115827	DCAF17	2	21	TRUE	TRUE	TRUE	TRUE	FALSE	TRUE	TRUE
DD:SE:134843	DD	SE	ENSG00000154767	XPC	8	1	TRUE	TRUE	TRUE	TRUE	FALSE	TRUE	TRUE
DD:SE:134993	DD	SE	ENSG00000132589	FLOT2	1	1	FALSE	FALSE	TRUE	TRUE	FALSE	FALSE	FALSE
DD:SE:134996	DD	SE	ENSG00000132589	FLOT2	1	1	FALSE	FALSE	TRUE	TRUE	FALSE	FALSE	FALSE
DD:SE:134998	DD	SE	ENSG00000132589	FLOT2	1	1	TRUE	FALSE	TRUE	TRUE	TRUE	TRUE	FALSE
DD:SE:135063	DD	SE	ENSG00000168404	MLKL	3	7	TRUE	TRUE	TRUE	TRUE	FALSE	TRUE	TRUE
DD:SE:135191	DD	SE	ENSG00000142330	CAPN10	8	1	TRUE	TRUE	TRUE	TRUE	FALSE	TRUE	TRUE
DD:SE:135280	DD	SE	ENSG00000131373	HACL1	8	3	FALSE	TRUE	TRUE	TRUE	TRUE	FALSE	TRUE
DD:SE:135296	DD	SE	ENSG00000131373	HACL1	4	2	TRUE	FALSE	TRUE	TRUE	TRUE	TRUE	FALSE
DD:SE:135385	DD	SE	ENSG00000198912	C1orf174	1	1	TRUE	FALSE	TRUE	TRUE	TRUE	TRUE	FALSE
DD:SE:135726	DD	SE	ENSG00000152763	DNAI4	10	1	FALSE	TRUE	TRUE	TRUE	TRUE	FALSE	TRUE
DD:SE:135776	DD	SE	ENSG00000198270	TMEM116	2	12	FALSE	FALSE	TRUE	TRUE	FALSE	FALSE	FALSE
DD:SE:135936	DD	SE	ENSG00000137760	ALKBH8	7	4	FALSE	TRUE	TRUE	TRUE	TRUE	FALSE	TRUE
DD:SE:135942	DD	SE	ENSG00000137760	ALKBH8	14	8	TRUE	TRUE	TRUE	TRUE	FALSE	TRUE	TRUE
DD:SE:136025	DD	SE	ENSG00000077097	TOP2B	7	2	FALSE	TRUE	TRUE	TRUE	TRUE	FALSE	TRUE
DD:SE:136120	DD	SE	ENSG00000033867	SLC4A7	10	3	FALSE	TRUE	TRUE	TRUE	TRUE	FALSE	TRUE
DD:SE:136228	DD	SE	ENSG00000163512	AZI2	4	1	FALSE	FALSE	TRUE	TRUE	FALSE	FALSE	FALSE
DD:SE:136264	DD	SE	ENSG00000160201	U2AF1	1	1	TRUE	FALSE	TRUE	TRUE	TRUE	TRUE	FALSE
DD:SE:136328	DD	SE	ENSG00000126698	DNAJC8	2	1	FALSE	FALSE	TRUE	TRUE	FALSE	FALSE	FALSE
DD:SE:136340	DD	SE	ENSG00000126698	DNAJC8	1	2	FALSE	FALSE	TRUE	TRUE	FALSE	FALSE	FALSE
DD:SE:136369	DD	SE	ENSG00000155252	PI4K2A	3	1	FALSE	TRUE	TRUE	TRUE	TRUE	FALSE	TRUE
DD:SE:136524	DD	SE	ENSG00000170954	ZNF415	4	7	TRUE	FALSE	TRUE	TRUE	TRUE	TRUE	FALSE
DD:SE:136578	DD	SE	ENSG00000121680	PEX16	6	1	TRUE	TRUE	TRUE	TRUE	FALSE	TRUE	TRUE
DD:SE:136716	DD	SE	ENSG00000124155	PIGT	1	1	FALSE	TRUE	TRUE	TRUE	TRUE	FALSE	TRUE
DD:SE:136854	DD	SE	ENSG00000153560	UBP1	1	9	TRUE	FALSE	TRUE	TRUE	TRUE	TRUE	FALSE
DD:SE:136997	DD	SE	ENSG00000006695	COX10	2	1	FALSE	TRUE	TRUE	TRUE	TRUE	FALSE	TRUE
DD:SE:137018	DD	SE	ENSG00000065833	ME1	3	1	FALSE	FALSE	TRUE	TRUE	FALSE	FALSE	FALSE
DD:SE:137027	DD	SE	ENSG00000168818	STX18	2	1	TRUE	TRUE	TRUE	TRUE	FALSE	TRUE	TRUE
DD:SE:137133	DD	SE	ENSG00000093167	LRRFIP2	6	2	FALSE	TRUE	TRUE	TRUE	TRUE	FALSE	TRUE
DD:SE:137441	DD	SE	ENSG00000082458	DLG3	9	1	TRUE	TRUE	TRUE	TRUE	FALSE	TRUE	TRUE
DD:SE:137479	DD	SE	ENSG00000114573	ATP6V1A	1	6	TRUE	FALSE	TRUE	TRUE	TRUE	TRUE	FALSE
DD:SE:137720	DD	SE	ENSG00000100889	PCK2	1	7	FALSE	FALSE	TRUE	TRUE	FALSE	FALSE	FALSE
DD:SE:137894	DD	SE	ENSG00000011198	ABHD5	6	1	TRUE	TRUE	TRUE	TRUE	FALSE	TRUE	TRUE
DD:SE:137956	DD	SE	ENSG00000186448	ZNF197	4	8	TRUE	FALSE	TRUE	TRUE	TRUE	TRUE	FALSE
DD:SE:138048	DD	SE	ENSG00000115419	GLS	2	6	TRUE	TRUE	TRUE	TRUE	FALSE	TRUE	TRUE
DD:SE:138050	DD	SE	ENSG00000115419	GLS	1	6	TRUE	TRUE	TRUE	TRUE	FALSE	TRUE	TRUE
DD:SE:138078	DD	SE	ENSG00000163820	FYCO1	8	2	TRUE	TRUE	TRUE	TRUE	FALSE	TRUE	TRUE
DD:SE:138163	DD	SE	ENSG00000065243	PKN2	4	1	FALSE	TRUE	TRUE	TRUE	TRUE	FALSE	TRUE
DD:SE:138340	DD	SE	ENSG00000114650	SCAP	1	1	TRUE	FALSE	TRUE	TRUE	TRUE	TRUE	FALSE
DD:SE:138446	DD	SE	ENSG00000129595	EPB41L4A	3	1	FALSE	FALSE	TRUE	TRUE	FALSE	FALSE	FALSE
DD:SE:138573	DD	SE	ENSG00000087842	PIR	4	1	FALSE	TRUE	TRUE	TRUE	TRUE	FALSE	TRUE
DD:SE:138595	DD	SE	ENSG00000138780	GSTCD	4	1	FALSE	TRUE	TRUE	TRUE	TRUE	FALSE	TRUE
DD:SE:138858	DD	SE	ENSG00000129657	SEC14L1	11	1	TRUE	FALSE	TRUE	TRUE	TRUE	TRUE	FALSE
DD:SE:138883	DD	SE	ENSG00000185507	IRF7	2	3	FALSE	FALSE	TRUE	TRUE	FALSE	FALSE	FALSE
DD:SE:138955	DD	SE	ENSG00000101266	CSNK2A1	1	4	TRUE	FALSE	TRUE	TRUE	TRUE	TRUE	FALSE
DD:SE:139093	DD	SE	ENSG00000003756	RBM5	3	1	TRUE	FALSE	TRUE	TRUE	TRUE	TRUE	FALSE
DD:SE:139096	DD	SE	ENSG00000003756	RBM5	3	1	TRUE	FALSE	TRUE	TRUE	TRUE	TRUE	FALSE
DD:SE:139528	DD	SE	ENSG00000164830	OXR1	7	1	FALSE	FALSE	TRUE	TRUE	FALSE	FALSE	FALSE
DD:SE:139659	DD	SE	ENSG00000092094	OSGEP	2	2	TRUE	TRUE	TRUE	TRUE	FALSE	TRUE	TRUE
DD:SE:139761	DD	SE	ENSG00000104320	NBN	7	1	FALSE	FALSE	TRUE	TRUE	FALSE	FALSE	FALSE
DD:SE:140171	DD	SE	ENSG00000159579	RSPRY1	6	1	FALSE	FALSE	TRUE	TRUE	FALSE	FALSE	FALSE
DD:SE:140323	DD	SE	ENSG00000112584	FAM120B	6	1	TRUE	TRUE	TRUE	TRUE	FALSE	TRUE	TRUE
DD:SE:140660	DD	SE	ENSG00000114120	SLC25A36	1	1	FALSE	FALSE	TRUE	TRUE	FALSE	FALSE	FALSE
DD:SE:140873	DD	SE	ENSG00000205323	SARNP	4	1	TRUE	TRUE	TRUE	TRUE	FALSE	TRUE	TRUE
DD:SE:140975	DD	SE	ENSG00000144741	SLC25A26	1	3	TRUE	TRUE	TRUE	TRUE	FALSE	TRUE	TRUE
DD:SE:141564	DD	SE	ENSG00000077782	FGFR1	2	3	FALSE	TRUE	TRUE	TRUE	TRUE	FALSE	TRUE
DD:SE:141658	DD	SE	ENSG00000100033	PRODH	6	4	FALSE	FALSE	TRUE	TRUE	FALSE	FALSE	FALSE
DD:SE:141746	DD	SE	ENSG00000145982	FARS2	4	1	FALSE	TRUE	TRUE	TRUE	TRUE	FALSE	TRUE
DD:SE:141968	DD	SE	ENSG00000050748	MAPK9	4	11	TRUE	FALSE	TRUE	TRUE	TRUE	TRUE	FALSE
DD:SE:141988	DD	SE	ENSG00000104689	TNFRSF10A	1	1	FALSE	FALSE	TRUE	TRUE	FALSE	FALSE	FALSE
DD:SE:142249	DD	SE	ENSG00000166669	ATF7IP2	15	6	FALSE	TRUE	TRUE	TRUE	TRUE	FALSE	TRUE
DD:SE:142274	DD	SE	ENSG00000136710	CCDC115	1	2	TRUE	FALSE	TRUE	TRUE	TRUE	TRUE	FALSE
DD:SE:142523	DD	SE	ENSG00000134070	IRAK2	13	1	FALSE	TRUE	TRUE	TRUE	TRUE	FALSE	TRUE
DD:SE:142782	DD	SE	ENSG00000172366	MCRIP2	3	3	TRUE	FALSE	TRUE	TRUE	TRUE	TRUE	FALSE
DD:SE:142783	DD	SE	ENSG00000172366	MCRIP2	2	1	FALSE	FALSE	FALSE	FALSE	NA	FALSE	FALSE
DD:SE:142814	DD	SE	ENSG00000119403	PHF19	1	1	TRUE	TRUE	TRUE	TRUE	FALSE	TRUE	TRUE
DD:SE:142912	DD	SE	ENSG00000111647	BLTP3B	19	1	TRUE	FALSE	TRUE	TRUE	TRUE	TRUE	FALSE
DD:SE:142921	DD	SE	ENSG00000168393	DTYMK	1	1	FALSE	TRUE	TRUE	TRUE	TRUE	FALSE	TRUE
DD:SE:142962	DD	SE	ENSG00000119977	TCTN3	5	1	TRUE	FALSE	TRUE	TRUE	TRUE	TRUE	FALSE
DD:SE:142975	DD	SE	ENSG00000136930	PSMB7	2	1	TRUE	TRUE	TRUE	TRUE	FALSE	TRUE	TRUE
DD:SE:143018	DD	SE	ENSG00000138073	PREB	4	1	TRUE	FALSE	TRUE	FALSE	NA	TRUE	FALSE
DD:SE:143067	DD	SE	ENSG00000144824	PHLDB2	5	2	FALSE	FALSE	TRUE	TRUE	FALSE	FALSE	FALSE
DD:SE:143141	DD	SE	ENSG00000085982	USP40	8	1	FALSE	TRUE	TRUE	TRUE	TRUE	FALSE	TRUE
DD:SE:143194	DD	SE	ENSG00000176783	RUFY1	1	7	TRUE	FALSE	TRUE	TRUE	TRUE	TRUE	FALSE
DD:SE:143238	DD	SE	ENSG00000148606	POLR3A	7	1	FALSE	FALSE	TRUE	TRUE	FALSE	FALSE	FALSE
DD:SE:143316	DD	SE	ENSG00000163607	GTPBP8	2	1	FALSE	TRUE	TRUE	TRUE	TRUE	FALSE	TRUE
DD:SE:143324	DD	SE	ENSG00000163608	NEPRO	6	2	TRUE	TRUE	TRUE	TRUE	FALSE	TRUE	TRUE
DD:SE:143349	DD	SE	ENSG00000163608	NEPRO	3	4	TRUE	TRUE	TRUE	TRUE	FALSE	TRUE	TRUE
DD:SE:143401	DD	SE	ENSG00000139370	SLC15A4	2	2	FALSE	TRUE	TRUE	TRUE	TRUE	FALSE	TRUE
DD:SE:143639	DD	SE	ENSG00000186566	GPATCH8	2	1	FALSE	FALSE	TRUE	TRUE	FALSE	FALSE	FALSE
DD:SE:143936	DD	SE	ENSG00000183020	AP2A2	8	1	FALSE	TRUE	TRUE	TRUE	TRUE	FALSE	TRUE
DD:SE:144080	DD	SE	ENSG00000180353	HCLS1	5	1	FALSE	FALSE	TRUE	TRUE	FALSE	FALSE	FALSE
DD:SE:144317	DD	SE	ENSG00000144909	OSBPL11	4	1	TRUE	TRUE	TRUE	TRUE	FALSE	TRUE	TRUE
DD:SE:144390	DD	SE	ENSG00000159685	CHCHD6	7	1	TRUE	FALSE	TRUE	FALSE	NA	TRUE	FALSE
DD:SE:144392	DD	SE	ENSG00000159685	CHCHD6	2	5	TRUE	TRUE	TRUE	TRUE	FALSE	TRUE	TRUE
DD:SE:144996	DD	SE	ENSG00000055044	NOP58	1	4	FALSE	TRUE	TRUE	TRUE	TRUE	FALSE	TRUE
DD:SE:145018	DD	SE	ENSG00000055044	NOP58	4	1	FALSE	TRUE	TRUE	TRUE	TRUE	FALSE	TRUE
DD:SE:145119	DD	SE	ENSG00000118007	STAG1	11	1	FALSE	FALSE	TRUE	TRUE	FALSE	FALSE	FALSE
DD:SE:145215	DD	SE	ENSG00000129515	SNX6	3	1	FALSE	TRUE	TRUE	TRUE	TRUE	FALSE	TRUE
DD:SE:145243	DD	SE	ENSG00000131899	LLGL1	14	1	TRUE	FALSE	TRUE	TRUE	TRUE	TRUE	FALSE
DD:SE:145244	DD	SE	ENSG00000131899	LLGL1	12	3	TRUE	TRUE	TRUE	TRUE	FALSE	TRUE	TRUE
DD:SE:145435	DD	SE	ENSG00000117054	ACADM	2	2	TRUE	TRUE	TRUE	TRUE	FALSE	TRUE	TRUE
DD:SE:145450	DD	SE	ENSG00000117054	ACADM	2	2	TRUE	TRUE	TRUE	TRUE	FALSE	TRUE	TRUE
DD:SE:145489	DD	SE	ENSG00000211456	SACM1L	1	8	FALSE	TRUE	TRUE	TRUE	TRUE	FALSE	TRUE
DD:SE:145496	DD	SE	ENSG00000211456	SACM1L	5	1	TRUE	TRUE	TRUE	TRUE	FALSE	TRUE	TRUE
DD:SE:145517	DD	SE	ENSG00000211456	SACM1L	3	1	TRUE	TRUE	TRUE	TRUE	FALSE	TRUE	TRUE
DD:SE:145804	DD	SE	ENSG00000163714	U2SURP	4	1	FALSE	TRUE	TRUE	TRUE	TRUE	FALSE	TRUE
DD:SE:145847	DD	SE	ENSG00000181804	SLC9A9	16	1	FALSE	FALSE	TRUE	TRUE	FALSE	FALSE	FALSE
DD:SE:145920	DD	SE	ENSG00000176273	SLC35G1	1	1	FALSE	FALSE	TRUE	TRUE	FALSE	FALSE	FALSE
DD:SE:145921	DD	SE	ENSG00000176273	SLC35G1	1	1	FALSE	FALSE	TRUE	TRUE	FALSE	FALSE	FALSE
DD:SE:146044	DD	SE	ENSG00000133805	AMPD3	17	4	TRUE	FALSE	TRUE	TRUE	TRUE	TRUE	FALSE
DD:SE:146378	DD	SE	ENSG00000196428	TSC22D2	1	1	TRUE	FALSE	TRUE	TRUE	TRUE	TRUE	FALSE
DD:SE:146464	DD	SE	ENSG00000100372	SLC25A17	3	1	FALSE	TRUE	TRUE	TRUE	TRUE	FALSE	TRUE
DD:SE:146488	DD	SE	ENSG00000100372	SLC25A17	1	2	FALSE	TRUE	TRUE	TRUE	TRUE	FALSE	TRUE
DD:SE:146509	DD	SE	ENSG00000198467	TPM2	3	2	TRUE	FALSE	TRUE	TRUE	TRUE	TRUE	FALSE
DD:SE:146535	DD	SE	ENSG00000163655	GMPS	2	1	FALSE	FALSE	TRUE	TRUE	FALSE	FALSE	FALSE
DD:SE:146748	DD	SE	ENSG00000078070	MCCC1	6	3	TRUE	TRUE	TRUE	TRUE	FALSE	TRUE	TRUE
DD:SE:146858	DD	SE	ENSG00000118855	MFSD1	2	1	TRUE	TRUE	TRUE	TRUE	FALSE	TRUE	TRUE
DD:SE:146869	DD	SE	ENSG00000118855	MFSD1	1	2	TRUE	TRUE	TRUE	TRUE	FALSE	TRUE	TRUE
DD:SE:146878	DD	SE	ENSG00000081087	OSTM1	1	3	TRUE	TRUE	TRUE	TRUE	FALSE	TRUE	TRUE
DD:SE:146909	DD	SE	ENSG00000106638	TBL2	1	4	TRUE	TRUE	TRUE	TRUE	FALSE	TRUE	TRUE
DD:SE:146960	DD	SE	ENSG00000042429	MED17	3	1	TRUE	TRUE	TRUE	TRUE	FALSE	TRUE	TRUE
DD:SE:147012	DD	SE	ENSG00000165630	PRPF18	1	4	FALSE	FALSE	TRUE	TRUE	FALSE	FALSE	FALSE
DD:SE:147393	DD	SE	ENSG00000116863	ADPRS	1	1	FALSE	FALSE	TRUE	TRUE	FALSE	FALSE	FALSE
DD:SE:147406	DD	SE	ENSG00000084652	TXLNA	11	1	FALSE	FALSE	TRUE	TRUE	FALSE	FALSE	FALSE
DD:SE:147467	DD	SE	ENSG00000198554	WDHD1	12	1	TRUE	TRUE	TRUE	TRUE	FALSE	TRUE	TRUE
DD:SE:147545	DD	SE	ENSG00000183684	ALYREF	3	6	TRUE	TRUE	TRUE	TRUE	FALSE	TRUE	TRUE
DD:SE:147677	DD	SE	ENSG00000156398	SFXN2	13	6	TRUE	TRUE	TRUE	TRUE	FALSE	TRUE	TRUE
DD:SE:147873	DD	SE	ENSG00000063761	ADCK1	2	8	FALSE	TRUE	TRUE	TRUE	TRUE	FALSE	TRUE
DD:SE:147918	DD	SE	ENSG00000171109	MFN1	6	1	FALSE	TRUE	TRUE	TRUE	TRUE	FALSE	TRUE
DD:SE:148387	DD	SE	ENSG00000081026	MAGI3	7	1	TRUE	FALSE	TRUE	TRUE	TRUE	TRUE	FALSE
DD:SE:148628	DD	SE	ENSG00000104635	SLC39A14	1	3	TRUE	FALSE	TRUE	TRUE	TRUE	TRUE	FALSE
DD:SE:148851	DD	SE	ENSG00000050426	LETMD1	1	4	FALSE	TRUE	TRUE	TRUE	TRUE	FALSE	TRUE
DD:SE:148892	DD	SE	ENSG00000050426	LETMD1	12	1	TRUE	FALSE	TRUE	TRUE	TRUE	TRUE	FALSE
DD:SE:148937	DD	SE	ENSG00000172053	QARS1	4	1	FALSE	FALSE	TRUE	TRUE	FALSE	FALSE	FALSE
DD:SE:149161	DD	SE	ENSG00000127249	ATP13A4	4	3	TRUE	TRUE	TRUE	TRUE	FALSE	TRUE	TRUE
DD:SE:149285	DD	SE	ENSG00000167113	COQ4	3	2	TRUE	TRUE	TRUE	TRUE	FALSE	TRUE	TRUE
DD:SE:149291	DD	SE	ENSG00000167113	COQ4	4	2	TRUE	TRUE	TRUE	TRUE	FALSE	TRUE	TRUE
DD:SE:149313	DD	SE	ENSG00000127980	PEX1	2	2	FALSE	FALSE	TRUE	TRUE	FALSE	FALSE	FALSE
DD:SE:149378	DD	SE	ENSG00000132334	PTPRE	16	1	FALSE	FALSE	TRUE	TRUE	FALSE	FALSE	FALSE
DD:SE:149498	DD	SE	ENSG00000107625	DDX50	1	2	FALSE	FALSE	TRUE	TRUE	FALSE	FALSE	FALSE
DD:SE:149720	DD	SE	ENSG00000148426	PROSER2	2	11	FALSE	FALSE	TRUE	TRUE	FALSE	FALSE	FALSE
DD:SE:150093	DD	SE	ENSG00000164031	DNAJB14	1	5	TRUE	TRUE	TRUE	TRUE	FALSE	TRUE	TRUE
DD:SE:150117	DD	SE	ENSG00000164031	DNAJB14	1	4	FALSE	TRUE	TRUE	TRUE	TRUE	FALSE	TRUE
DD:SE:150186	DD	SE	ENSG00000168152	THAP9	4	5	FALSE	TRUE	TRUE	TRUE	TRUE	FALSE	TRUE
DD:SE:150202	DD	SE	ENSG00000189306	RRP7A	1	1	FALSE	FALSE	TRUE	TRUE	FALSE	FALSE	FALSE
DD:SE:150204	DD	SE	ENSG00000189306	RRP7A	1	1	FALSE	FALSE	TRUE	TRUE	FALSE	FALSE	FALSE
DD:SE:150231	DD	SE	ENSG00000090316	MAEA	2	1	FALSE	TRUE	TRUE	TRUE	TRUE	FALSE	TRUE
DD:SE:150379	DD	SE	ENSG00000100151	PICK1	6	1	TRUE	FALSE	TRUE	TRUE	TRUE	TRUE	FALSE
DD:SE:150404	DD	SE	ENSG00000087266	SH3BP2	1	17	FALSE	FALSE	TRUE	TRUE	FALSE	FALSE	FALSE
DD:SE:150501	DD	SE	ENSG00000214078	CPNE1	7	1	FALSE	TRUE	TRUE	TRUE	TRUE	FALSE	TRUE
DD:SE:150605	DD	SE	ENSG00000071994	PDCD2	4	2	TRUE	TRUE	TRUE	TRUE	FALSE	TRUE	TRUE
DD:SE:150696	DD	SE	ENSG00000165629	ATP5F1C	4	1	TRUE	FALSE	TRUE	FALSE	NA	TRUE	FALSE
DD:SE:150740	DD	SE	ENSG00000141127	PRPSAP2	6	2	TRUE	TRUE	TRUE	TRUE	FALSE	TRUE	TRUE
DD:SE:150900	DD	SE	ENSG00000004478	FKBP4	1	1	FALSE	FALSE	TRUE	TRUE	FALSE	FALSE	FALSE
DD:SE:151144	DD	SE	ENSG00000104856	RELB	4	1	TRUE	FALSE	TRUE	TRUE	TRUE	TRUE	FALSE
DD:SE:151259	DD	SE	ENSG00000103051	COG4	1	4	TRUE	TRUE	TRUE	TRUE	FALSE	TRUE	TRUE
DD:SE:151320	DD	SE	ENSG00000111300	NAA25	5	2	TRUE	TRUE	TRUE	TRUE	FALSE	TRUE	TRUE
DD:SE:151537	DD	SE	ENSG00000171720	HDAC3	2	2	TRUE	FALSE	TRUE	TRUE	TRUE	TRUE	FALSE
DD:SE:151723	DD	SE	ENSG00000154124	OTULIN	4	2	TRUE	TRUE	TRUE	TRUE	FALSE	TRUE	TRUE
DD:SE:151900	DD	SE	ENSG00000115602	IL1RL1	7	3	FALSE	TRUE	TRUE	TRUE	TRUE	FALSE	TRUE
DD:SE:151902	DD	SE	ENSG00000115602	IL1RL1	3	7	TRUE	FALSE	TRUE	TRUE	TRUE	TRUE	FALSE
DD:SE:151984	DD	SE	ENSG00000115234	SNX17	1	1	FALSE	FALSE	TRUE	TRUE	FALSE	FALSE	FALSE
DD:SE:151989	DD	SE	ENSG00000115234	SNX17	1	1	TRUE	FALSE	TRUE	TRUE	TRUE	TRUE	FALSE
DD:SE:152059	DD	SE	ENSG00000169299	PGM2	1	3	FALSE	TRUE	TRUE	TRUE	TRUE	FALSE	TRUE
DD:SE:152068	DD	SE	ENSG00000169299	PGM2	3	1	TRUE	TRUE	TRUE	TRUE	FALSE	TRUE	TRUE
DD:SE:152072	DD	SE	ENSG00000169299	PGM2	3	1	TRUE	TRUE	TRUE	TRUE	FALSE	TRUE	TRUE
DD:SE:152130	DD	SE	ENSG00000136877	FPGS	6	1	FALSE	TRUE	TRUE	TRUE	TRUE	FALSE	TRUE
DD:SE:152152	DD	SE	ENSG00000167720	SRR	2	1	FALSE	FALSE	TRUE	TRUE	FALSE	FALSE	FALSE
DD:SE:152318	DD	SE	ENSG00000129071	MBD4	1	1	FALSE	FALSE	TRUE	TRUE	FALSE	FALSE	FALSE
DD:SE:152320	DD	SE	ENSG00000129071	MBD4	1	1	FALSE	FALSE	TRUE	TRUE	FALSE	FALSE	FALSE
DD:SE:152364	DD	SE	ENSG00000014824	SLC30A9	3	2	FALSE	TRUE	TRUE	TRUE	TRUE	FALSE	TRUE
DD:SE:152804	DD	SE	ENSG00000196262	PPIA	1	1	FALSE	FALSE	TRUE	TRUE	FALSE	FALSE	FALSE
DD:SE:152807	DD	SE	ENSG00000196262	PPIA	1	1	FALSE	FALSE	TRUE	TRUE	FALSE	FALSE	FALSE
DD:SE:152838	DD	SE	ENSG00000117408	IPO13	3	1	TRUE	FALSE	TRUE	TRUE	TRUE	TRUE	FALSE
DD:SE:152858	DD	SE	ENSG00000117408	IPO13	7	1	FALSE	TRUE	TRUE	TRUE	TRUE	FALSE	TRUE
DD:SE:153254	DD	SE	ENSG00000101577	LPIN2	2	1	FALSE	TRUE	TRUE	TRUE	TRUE	FALSE	TRUE
DD:SE:153530	DD	SE	ENSG00000158019	BABAM2	6	1	FALSE	TRUE	TRUE	TRUE	TRUE	FALSE	TRUE
DD:SE:153626	DD	SE	ENSG00000107854	TNKS2	3	1	FALSE	FALSE	TRUE	TRUE	FALSE	FALSE	FALSE
DD:SE:153755	DD	SE	ENSG00000155827	RNF20	5	1	FALSE	FALSE	TRUE	TRUE	FALSE	FALSE	FALSE
DD:SE:154130	DD	SE	ENSG00000138744	NAAA	3	3	FALSE	TRUE	TRUE	TRUE	TRUE	FALSE	TRUE
DD:SE:154174	DD	SE	ENSG00000138750	NUP54	6	1	TRUE	TRUE	TRUE	TRUE	FALSE	TRUE	TRUE
DD:SE:154208	DD	SE	ENSG00000138750	NUP54	4	1	TRUE	TRUE	TRUE	TRUE	FALSE	TRUE	TRUE
DD:SE:154269	DD	SE	ENSG00000138760	SCARB2	1	1	FALSE	TRUE	TRUE	TRUE	TRUE	FALSE	TRUE
DD:SE:154345	DD	SE	ENSG00000136152	COG3	7	2	TRUE	TRUE	TRUE	TRUE	FALSE	TRUE	TRUE
DD:SE:154427	DD	SE	ENSG00000015532	XYLT2	5	2	FALSE	TRUE	TRUE	TRUE	TRUE	FALSE	TRUE
DD:SE:154774	DD	SE	ENSG00000119899	SLC17A5	9	1	TRUE	FALSE	TRUE	TRUE	TRUE	TRUE	FALSE
DD:SE:154907	DD	SE	ENSG00000141101	NOB1	2	1	FALSE	FALSE	TRUE	TRUE	FALSE	FALSE	FALSE
DD:SE:154920	DD	SE	ENSG00000065457	ADAT1	4	1	TRUE	FALSE	TRUE	TRUE	TRUE	TRUE	FALSE
DD:SE:154922	DD	SE	ENSG00000065457	ADAT1	2	1	TRUE	FALSE	TRUE	TRUE	TRUE	TRUE	FALSE
DD:SE:155094	DD	SE	ENSG00000179988	PSTK	7	2	FALSE	FALSE	TRUE	TRUE	FALSE	FALSE	FALSE
DD:SE:155129	DD	SE	ENSG00000170502	NUDT9	3	1	FALSE	TRUE	TRUE	TRUE	TRUE	FALSE	TRUE
DD:SE:155165	DD	SE	ENSG00000225830	ERCC6	5	1	FALSE	FALSE	TRUE	TRUE	FALSE	FALSE	FALSE
DD:SE:155168	DD	SE	ENSG00000225830	ERCC6	12	2	FALSE	TRUE	TRUE	TRUE	TRUE	FALSE	TRUE
DD:SE:155302	DD	SE	ENSG00000105321	CCDC9	10	1	FALSE	FALSE	TRUE	TRUE	FALSE	FALSE	FALSE
DD:SE:155540	DD	SE	ENSG00000184792	OSBP2	5	1	FALSE	FALSE	TRUE	TRUE	FALSE	FALSE	FALSE
DD:SE:155550	DD	SE	ENSG00000284770	TBCE	6	4	TRUE	TRUE	TRUE	TRUE	FALSE	TRUE	TRUE
DD:SE:155560	DD	SE	ENSG00000284770	TBCE	2	2	TRUE	TRUE	TRUE	TRUE	FALSE	TRUE	TRUE
DD:SE:155562	DD	SE	ENSG00000284770	TBCE	5	2	TRUE	TRUE	TRUE	TRUE	FALSE	TRUE	TRUE
DD:SE:155582	DD	SE	ENSG00000284770	TBCE	2	8	TRUE	TRUE	TRUE	TRUE	FALSE	TRUE	TRUE
DD:SE:155761	DD	SE	ENSG00000047188	YTHDC2	5	2	FALSE	FALSE	TRUE	TRUE	FALSE	FALSE	FALSE
DD:SE:156057	DD	SE	ENSG00000066557	LRRC40	6	1	TRUE	FALSE	TRUE	TRUE	TRUE	TRUE	FALSE
DD:SE:156252	DD	SE	ENSG00000138658	ZGRF1	9	1	FALSE	TRUE	TRUE	TRUE	TRUE	FALSE	TRUE
DD:SE:156421	DD	SE	ENSG00000106524	ANKMY2	1	8	TRUE	TRUE	TRUE	TRUE	FALSE	TRUE	TRUE
DD:SE:156431	DD	SE	ENSG00000106524	ANKMY2	1	6	FALSE	TRUE	TRUE	TRUE	TRUE	FALSE	TRUE
DD:SE:156498	DD	SE	ENSG00000170085	SIMC1	1	5	FALSE	TRUE	TRUE	TRUE	TRUE	FALSE	TRUE
DD:SE:156519	DD	SE	ENSG00000173848	NET1	9	1	FALSE	FALSE	TRUE	TRUE	FALSE	FALSE	FALSE
DD:SE:156690	DD	SE	ENSG00000198690	FAN1	9	1	TRUE	TRUE	TRUE	TRUE	FALSE	TRUE	TRUE
DD:SE:156807	DD	SE	ENSG00000145293	ENOPH1	2	2	FALSE	FALSE	TRUE	TRUE	FALSE	FALSE	FALSE
DD:SE:156840	DD	SE	ENSG00000185359	HGS	2	1	FALSE	TRUE	TRUE	TRUE	TRUE	FALSE	TRUE
DD:SE:156995	DD	SE	ENSG00000165501	LRR1	1	4	FALSE	TRUE	TRUE	TRUE	TRUE	FALSE	TRUE
DD:SE:157154	DD	SE	ENSG00000152457	DCLRE1C	3	10	TRUE	TRUE	TRUE	TRUE	FALSE	TRUE	TRUE
DD:SE:157194	DD	SE	ENSG00000152457	DCLRE1C	4	8	TRUE	TRUE	TRUE	TRUE	FALSE	TRUE	TRUE
DD:SE:157233	DD	SE	ENSG00000152465	NMT2	3	6	TRUE	FALSE	TRUE	TRUE	TRUE	TRUE	FALSE
DD:SE:157249	DD	SE	ENSG00000148481	MINDY3	7	2	TRUE	TRUE	TRUE	TRUE	FALSE	TRUE	TRUE
DD:SE:157266	DD	SE	ENSG00000148481	MINDY3	6	1	TRUE	TRUE	TRUE	TRUE	FALSE	TRUE	TRUE
DD:SE:157295	DD	SE	ENSG00000148481	MINDY3	6	2	TRUE	TRUE	TRUE	TRUE	FALSE	TRUE	TRUE
DD:SE:157798	DD	SE	ENSG00000123352	SPATS2	2	2	TRUE	FALSE	TRUE	TRUE	TRUE	TRUE	FALSE
DD:SE:158074	DD	SE	ENSG00000103429	BFAR	2	1	FALSE	TRUE	TRUE	TRUE	TRUE	FALSE	TRUE
DD:SE:158177	DD	SE	ENSG00000138463	SLC49A4	1	1	FALSE	FALSE	TRUE	TRUE	FALSE	FALSE	FALSE
DD:SE:158319	DD	SE	ENSG00000090674	MCOLN1	3	1	TRUE	FALSE	TRUE	TRUE	TRUE	TRUE	FALSE
DD:SE:158455	DD	SE	ENSG00000108100	CCNY	4	1	FALSE	FALSE	TRUE	TRUE	FALSE	FALSE	FALSE
DD:SE:158467	DD	SE	ENSG00000108100	CCNY	3	1	FALSE	FALSE	TRUE	TRUE	FALSE	FALSE	FALSE
DD:SE:158468	DD	SE	ENSG00000108100	CCNY	1	1	FALSE	FALSE	TRUE	TRUE	FALSE	FALSE	FALSE
DD:SE:158521	DD	SE	ENSG00000162390	ACOT11	15	2	TRUE	FALSE	TRUE	TRUE	TRUE	TRUE	FALSE
DD:SE:159241	DD	SE	ENSG00000264230	ANXA8L1	1	1	TRUE	FALSE	TRUE	TRUE	TRUE	TRUE	FALSE
DD:SE:159244	DD	SE	ENSG00000264230	ANXA8L1	5	1	TRUE	TRUE	TRUE	TRUE	FALSE	TRUE	TRUE
DD:SE:159355	DD	SE	ENSG00000132004	FBXW9	2	2	FALSE	TRUE	TRUE	TRUE	TRUE	FALSE	TRUE
DD:SE:159361	DD	SE	ENSG00000132004	FBXW9	2	2	TRUE	FALSE	TRUE	TRUE	TRUE	TRUE	FALSE
DD:SE:159511	DD	SE	ENSG00000204152	TIMM23B	2	2	TRUE	FALSE	TRUE	TRUE	TRUE	TRUE	FALSE
DD:SE:159666	DD	SE	ENSG00000129518	EAPP	2	1	FALSE	FALSE	TRUE	TRUE	FALSE	FALSE	FALSE
DD:SE:159684	DD	SE	ENSG00000122958	VPS26A	1	1	FALSE	FALSE	TRUE	TRUE	FALSE	FALSE	FALSE
DD:SE:159699	DD	SE	ENSG00000108064	TFAM	1	3	FALSE	FALSE	FALSE	TRUE	NA	FALSE	FALSE
DD:SE:160150	DD	SE	ENSG00000096746	HNRNPH3	5	4	FALSE	FALSE	TRUE	TRUE	FALSE	FALSE	FALSE
DD:SE:160155	DD	SE	ENSG00000096746	HNRNPH3	2	1	FALSE	FALSE	TRUE	TRUE	FALSE	FALSE	FALSE
DD:SE:160160	DD	SE	ENSG00000096746	HNRNPH3	2	1	FALSE	FALSE	TRUE	TRUE	FALSE	FALSE	FALSE
DD:SE:160276	DD	SE	ENSG00000111358	GTF2H3	6	1	TRUE	FALSE	TRUE	TRUE	TRUE	TRUE	FALSE
DD:SE:160282	DD	SE	ENSG00000111358	GTF2H3	6	1	TRUE	FALSE	TRUE	TRUE	TRUE	TRUE	FALSE
DD:SE:160332	DD	SE	ENSG00000060339	CCAR1	6	2	TRUE	TRUE	TRUE	TRUE	FALSE	TRUE	TRUE
DD:SE:160418	DD	SE	ENSG00000198954	KIFBP	1	1	TRUE	FALSE	TRUE	TRUE	TRUE	TRUE	FALSE
DD:SE:160519	DD	SE	ENSG00000156502	SUPV3L1	3	1	FALSE	FALSE	TRUE	TRUE	FALSE	FALSE	FALSE
DD:SE:160753	DD	SE	ENSG00000235173	HGH1	6	1	TRUE	TRUE	TRUE	TRUE	FALSE	TRUE	TRUE
DD:SE:160970	DD	SE	ENSG00000156026	MCU	1	2	FALSE	FALSE	TRUE	TRUE	FALSE	FALSE	FALSE
DD:SE:160984	DD	SE	ENSG00000156026	MCU	1	2	FALSE	FALSE	TRUE	TRUE	FALSE	FALSE	FALSE
DD:SE:161022	DD	SE	ENSG00000077458	FAM76B	5	4	TRUE	FALSE	TRUE	TRUE	TRUE	TRUE	FALSE
DD:SE:161049	DD	SE	ENSG00000122884	P4HA1	1	1	TRUE	FALSE	TRUE	TRUE	TRUE	TRUE	FALSE
DD:SE:161053	DD	SE	ENSG00000122884	P4HA1	1	2	TRUE	TRUE	TRUE	TRUE	FALSE	TRUE	TRUE
DD:SE:161374	DD	SE	ENSG00000100325	ASCC2	2	1	FALSE	FALSE	TRUE	TRUE	FALSE	FALSE	FALSE
DD:SE:161450	DD	SE	ENSG00000148660	CAMK2G	10	1	FALSE	FALSE	TRUE	TRUE	FALSE	FALSE	FALSE
DD:SE:161568	DD	SE	ENSG00000156671	SAMD8	2	2	FALSE	TRUE	TRUE	TRUE	TRUE	FALSE	TRUE
DD:SE:161577	DD	SE	ENSG00000165637	VDAC2	1	1	FALSE	FALSE	TRUE	TRUE	FALSE	FALSE	FALSE
DD:SE:161630	DD	SE	ENSG00000173409	ARV1	2	1	TRUE	TRUE	TRUE	TRUE	FALSE	TRUE	TRUE
DD:SE:161662	DD	SE	ENSG00000133131	MORC4	7	2	FALSE	FALSE	TRUE	TRUE	FALSE	FALSE	FALSE
DD:SE:161931	DD	SE	ENSG00000110811	P3H3	8	1	TRUE	TRUE	TRUE	TRUE	FALSE	TRUE	TRUE
DD:SE:162098	DD	SE	ENSG00000138138	ATAD1	5	1	TRUE	TRUE	TRUE	TRUE	FALSE	TRUE	TRUE
DD:SE:162144	DD	SE	ENSG00000171862	PTEN	5	1	FALSE	TRUE	TRUE	TRUE	TRUE	FALSE	TRUE
DD:SE:162162	DD	SE	ENSG00000135678	CPM	5	1	TRUE	FALSE	TRUE	TRUE	TRUE	TRUE	FALSE
DD:SE:162211	DD	SE	ENSG00000138134	STAMBPL1	7	2	FALSE	TRUE	TRUE	TRUE	TRUE	FALSE	TRUE
DD:SE:162227	DD	SE	ENSG00000151715	TMEM45B	6	2	FALSE	TRUE	TRUE	TRUE	TRUE	FALSE	TRUE
DD:SE:162356	DD	SE	ENSG00000112039	FANCE	10	4	TRUE	TRUE	TRUE	TRUE	FALSE	TRUE	TRUE
DD:SE:162563	DD	SE	ENSG00000164332	UBLCP1	1	1	FALSE	TRUE	TRUE	TRUE	TRUE	FALSE	TRUE
DD:SE:162573	DD	SE	ENSG00000132646	PCNA	2	1	FALSE	FALSE	TRUE	TRUE	FALSE	FALSE	FALSE
DD:SE:162847	DD	SE	ENSG00000148690	FRA10AC1	8	2	TRUE	TRUE	TRUE	TRUE	FALSE	TRUE	TRUE
DD:SE:162917	DD	SE	ENSG00000108239	TBC1D12	14	3	TRUE	TRUE	TRUE	TRUE	FALSE	TRUE	TRUE
DD:SE:162936	DD	SE	ENSG00000108239	TBC1D12	16	2	TRUE	TRUE	TRUE	TRUE	FALSE	TRUE	TRUE
DD:SE:162992	DD	SE	ENSG00000108242	CYP2C18	5	1	FALSE	FALSE	TRUE	TRUE	FALSE	FALSE	FALSE
DD:SE:163076	DD	SE	ENSG00000107438	PDLIM1	1	1	FALSE	FALSE	TRUE	FALSE	NA	FALSE	FALSE
DD:SE:163566	DD	SE	ENSG00000120053	GOT1	1	1	FALSE	TRUE	TRUE	TRUE	TRUE	FALSE	TRUE
DD:SE:163622	DD	SE	ENSG00000175105	ZNF654	6	2	FALSE	FALSE	TRUE	TRUE	FALSE	FALSE	FALSE
DD:SE:163656	DD	SE	ENSG00000119929	CUTC	3	3	FALSE	TRUE	TRUE	TRUE	TRUE	FALSE	TRUE
DD:SE:163658	DD	SE	ENSG00000119929	CUTC	2	1	TRUE	FALSE	TRUE	TRUE	TRUE	TRUE	FALSE
DD:SE:163702	DD	SE	ENSG00000106290	TAF6	5	1	FALSE	FALSE	TRUE	TRUE	FALSE	FALSE	FALSE
DD:SE:163972	DD	SE	ENSG00000166135	HIF1AN	1	1	FALSE	FALSE	TRUE	TRUE	FALSE	FALSE	FALSE
DD:SE:164213	DD	SE	ENSG00000166171	DPCD	2	2	TRUE	FALSE	TRUE	TRUE	TRUE	TRUE	FALSE
DD:SE:164305	DD	SE	ENSG00000126775	ATG14	24	1	TRUE	TRUE	TRUE	TRUE	FALSE	TRUE	TRUE
DD:SE:164502	DD	SE	ENSG00000156374	PCGF6	1	1	TRUE	FALSE	TRUE	TRUE	TRUE	TRUE	FALSE
DD:SE:164510	DD	SE	ENSG00000156374	PCGF6	4	2	TRUE	TRUE	TRUE	TRUE	FALSE	TRUE	TRUE
DD:SE:164525	DD	SE	ENSG00000091732	ZC3HC1	1	1	FALSE	TRUE	TRUE	TRUE	TRUE	FALSE	TRUE
DD:SE:164526	DD	SE	ENSG00000091732	ZC3HC1	3	1	TRUE	TRUE	TRUE	TRUE	FALSE	TRUE	TRUE
DD:SE:164619	DD	SE	ENSG00000107960	STN1	2	2	TRUE	FALSE	TRUE	TRUE	TRUE	TRUE	FALSE
DD:SE:164704	DD	SE	ENSG00000186866	POFUT2	2	9	TRUE	FALSE	TRUE	TRUE	TRUE	TRUE	FALSE
DD:SE:164706	DD	SE	ENSG00000186866	POFUT2	9	1	FALSE	FALSE	TRUE	TRUE	FALSE	FALSE	FALSE
DD:SE:164778	DD	SE	ENSG00000162086	ZNF75A	3	2	FALSE	TRUE	TRUE	TRUE	TRUE	FALSE	TRUE
DD:SE:164858	DD	SE	ENSG00000148700	ADD3	5	2	FALSE	FALSE	TRUE	TRUE	FALSE	FALSE	FALSE
DD:SE:164933	DD	SE	ENSG00000103544	VPS35L	1	5	FALSE	FALSE	TRUE	TRUE	FALSE	FALSE	FALSE
DD:SE:165197	DD	SE	ENSG00000057757	PITHD1	1	1	FALSE	FALSE	TRUE	TRUE	FALSE	FALSE	FALSE
DD:SE:165216	DD	SE	ENSG00000071243	ING3	2	2	FALSE	TRUE	TRUE	TRUE	TRUE	FALSE	TRUE
DD:SE:165509	DD	SE	ENSG00000149016	TUT1	3	1	FALSE	TRUE	TRUE	TRUE	TRUE	FALSE	TRUE
DD:SE:165598	DD	SE	ENSG00000151923	TIAL1	1	5	FALSE	FALSE	TRUE	TRUE	FALSE	FALSE	FALSE
DD:SE:165864	DD	SE	ENSG00000196954	CASP4	2	1	FALSE	FALSE	TRUE	TRUE	FALSE	FALSE	FALSE
DD:SE:165905	DD	SE	ENSG00000196177	ACADSB	1	1	FALSE	FALSE	TRUE	TRUE	FALSE	FALSE	FALSE
DD:SE:166115	DD	SE	ENSG00000053372	MRTO4	2	1	TRUE	FALSE	TRUE	TRUE	TRUE	TRUE	FALSE
DD:SE:166308	DD	SE	ENSG00000166535	A2ML1	5	2	TRUE	TRUE	TRUE	TRUE	FALSE	TRUE	TRUE
DD:SE:166444	DD	SE	ENSG00000139613	SMARCC2	10	1	FALSE	TRUE	TRUE	TRUE	TRUE	FALSE	TRUE
DD:SE:166520	DD	SE	ENSG00000175470	PPP2R2D	1	5	FALSE	FALSE	TRUE	TRUE	FALSE	FALSE	FALSE
DD:SE:166653	DD	SE	ENSG00000113593	PPWD1	1	8	FALSE	TRUE	TRUE	TRUE	TRUE	FALSE	TRUE
DD:SE:166663	DD	SE	ENSG00000113593	PPWD1	7	1	TRUE	FALSE	TRUE	TRUE	TRUE	TRUE	FALSE
DD:SE:166670	DD	SE	ENSG00000106785	TRIM14	3	1	FALSE	TRUE	TRUE	TRUE	TRUE	FALSE	TRUE
DD:SE:166736	DD	SE	ENSG00000148832	PAOX	5	5	FALSE	TRUE	TRUE	TRUE	TRUE	FALSE	TRUE
DD:SE:166824	DD	SE	ENSG00000185627	PSMD13	3	1	TRUE	FALSE	TRUE	TRUE	TRUE	TRUE	FALSE
DD:SE:166830	DD	SE	ENSG00000185627	PSMD13	2	1	FALSE	TRUE	TRUE	TRUE	TRUE	FALSE	TRUE
DD:SE:166911	DD	SE	ENSG00000040275	SPDL1	1	6	FALSE	FALSE	TRUE	TRUE	FALSE	FALSE	FALSE
DD:SE:166933	DD	SE	ENSG00000174775	HRAS	4	3	TRUE	FALSE	TRUE	TRUE	TRUE	TRUE	FALSE
DD:SE:166995	DD	SE	ENSG00000177225	GATD1	1	3	FALSE	TRUE	TRUE	TRUE	TRUE	FALSE	TRUE
DD:SE:167210	DD	SE	ENSG00000244242	IFITM10	1	1	TRUE	FALSE	TRUE	TRUE	TRUE	TRUE	FALSE
DD:SE:167337	DD	SE	ENSG00000089775	ZBTB25	2	5	FALSE	FALSE	TRUE	TRUE	FALSE	FALSE	FALSE
DD:SE:167477	DD	SE	ENSG00000223501	VPS52	3	1	FALSE	FALSE	TRUE	TRUE	FALSE	FALSE	FALSE
DD:SE:167660	DD	SE	ENSG00000101413	RPRD1B	4	1	TRUE	FALSE	TRUE	TRUE	TRUE	TRUE	FALSE
DD:SE:167690	DD	SE	ENSG00000005801	ZNF195	1	3	FALSE	FALSE	TRUE	TRUE	FALSE	FALSE	FALSE
DD:SE:167724	DD	SE	ENSG00000005801	ZNF195	1	3	FALSE	TRUE	TRUE	TRUE	TRUE	FALSE	TRUE
DD:SE:168032	DD	SE	ENSG00000196510	ANAPC7	2	1	FALSE	FALSE	TRUE	TRUE	FALSE	FALSE	FALSE
DD:SE:168035	DD	SE	ENSG00000196510	ANAPC7	2	2	FALSE	FALSE	TRUE	TRUE	FALSE	FALSE	FALSE
DD:SE:168224	DD	SE	ENSG00000182446	NPLOC4	1	1	FALSE	FALSE	TRUE	TRUE	FALSE	FALSE	FALSE
DD:SE:168407	DD	SE	ENSG00000215126	ZNG1F	6	3	TRUE	FALSE	TRUE	TRUE	TRUE	TRUE	FALSE
DD:SE:168458	DD	SE	ENSG00000166333	ILK	5	2	TRUE	TRUE	TRUE	TRUE	FALSE	TRUE	TRUE
DD:SE:168464	DD	SE	ENSG00000166333	ILK	5	2	TRUE	TRUE	TRUE	TRUE	FALSE	TRUE	TRUE
DD:SE:168490	DD	SE	ENSG00000130529	TRPM4	3	2	FALSE	FALSE	TRUE	TRUE	FALSE	FALSE	FALSE
DD:SE:168553	DD	SE	ENSG00000139324	TMTC3	4	1	FALSE	FALSE	TRUE	TRUE	FALSE	FALSE	FALSE
DD:SE:168595	DD	SE	ENSG00000166394	CYB5R2	2	11	TRUE	FALSE	TRUE	TRUE	TRUE	TRUE	FALSE
DD:SE:168622	DD	SE	ENSG00000132294	EFR3A	1	4	TRUE	FALSE	TRUE	TRUE	TRUE	TRUE	FALSE
DD:SE:168836	DD	SE	ENSG00000166478	ZNF143	1	3	FALSE	FALSE	TRUE	TRUE	FALSE	FALSE	FALSE
DD:SE:168845	DD	SE	ENSG00000166478	ZNF143	4	1	FALSE	FALSE	TRUE	TRUE	FALSE	FALSE	FALSE
DD:SE:168889	DD	SE	ENSG00000102858	MGRN1	2	1	FALSE	TRUE	TRUE	TRUE	TRUE	FALSE	TRUE
DD:SE:169017	DD	SE	ENSG00000198276	UCKL1	11	2	TRUE	TRUE	TRUE	TRUE	FALSE	TRUE	TRUE
DD:SE:169125	DD	SE	ENSG00000110328	GALNT18	5	1	FALSE	TRUE	TRUE	TRUE	TRUE	FALSE	TRUE
DD:SE:169140	DD	SE	ENSG00000110328	GALNT18	14	1	TRUE	FALSE	TRUE	TRUE	TRUE	TRUE	FALSE
DD:SE:169308	DD	SE	ENSG00000197702	PARVA	4	1	FALSE	TRUE	TRUE	TRUE	TRUE	FALSE	TRUE
DD:SE:169469	DD	SE	ENSG00000197601	FAR1	2	1	FALSE	TRUE	TRUE	TRUE	TRUE	FALSE	TRUE
DD:SE:169730	DD	SE	ENSG00000143207	COP1	4	1	FALSE	FALSE	TRUE	TRUE	FALSE	FALSE	FALSE
DD:SE:169833	DD	SE	ENSG00000110756	HPS5	14	2	FALSE	TRUE	TRUE	TRUE	TRUE	FALSE	TRUE
DD:SE:170176	DD	SE	ENSG00000185238	PRMT3	6	1	TRUE	TRUE	TRUE	TRUE	FALSE	TRUE	TRUE
DD:SE:170503	DD	SE	ENSG00000148950	IMMP1L	2	1	FALSE	FALSE	FALSE	TRUE	NA	FALSE	FALSE
DD:SE:170632	DD	SE	ENSG00000121690	DEPDC7	3	1	TRUE	TRUE	TRUE	TRUE	FALSE	TRUE	TRUE
DD:SE:170634	DD	SE	ENSG00000121690	DEPDC7	5	1	TRUE	TRUE	TRUE	TRUE	FALSE	TRUE	TRUE
DD:SE:170886	DD	SE	ENSG00000110435	PDHX	2	1	FALSE	TRUE	TRUE	TRUE	TRUE	FALSE	TRUE
DD:SE:170928	DD	SE	ENSG00000124275	MTRR	7	5	TRUE	TRUE	TRUE	TRUE	FALSE	TRUE	TRUE
DD:SE:170934	DD	SE	ENSG00000124275	MTRR	12	1	TRUE	FALSE	TRUE	TRUE	TRUE	TRUE	FALSE
DD:SE:171333	DD	SE	ENSG00000121671	CRY2	5	1	TRUE	FALSE	TRUE	TRUE	TRUE	TRUE	FALSE
DD:SE:171459	DD	SE	ENSG00000165097	KDM1B	7	2	FALSE	TRUE	TRUE	TRUE	TRUE	FALSE	TRUE
DD:SE:171463	DD	SE	ENSG00000165097	KDM1B	2	1	TRUE	FALSE	TRUE	TRUE	TRUE	TRUE	FALSE
DD:SE:171834	DD	SE	ENSG00000089050	RBBP9	5	4	TRUE	TRUE	TRUE	TRUE	FALSE	TRUE	TRUE
DD:SE:172211	DD	SE	ENSG00000001497	LAS1L	5	1	FALSE	FALSE	TRUE	TRUE	FALSE	FALSE	FALSE
DD:SE:172252	DD	SE	ENSG00000100416	TRMU	4	3	TRUE	TRUE	TRUE	TRUE	FALSE	TRUE	TRUE
DD:SE:172334	DD	SE	ENSG00000153066	TXNDC11	4	3	FALSE	TRUE	TRUE	TRUE	TRUE	FALSE	TRUE
DD:SE:172343	DD	SE	ENSG00000153066	TXNDC11	4	4	TRUE	TRUE	TRUE	TRUE	FALSE	TRUE	TRUE
DD:SE:172366	DD	SE	ENSG00000153066	TXNDC11	6	4	TRUE	FALSE	TRUE	TRUE	TRUE	TRUE	FALSE
DD:SE:172397	DD	SE	ENSG00000083720	OXCT1	2	1	TRUE	TRUE	TRUE	TRUE	FALSE	TRUE	TRUE
DD:SE:172439	DD	SE	ENSG00000168487	BMP1	5	1	TRUE	TRUE	TRUE	TRUE	FALSE	TRUE	TRUE
DD:SE:172598	DD	SE	ENSG00000213593	TMX2	1	1	TRUE	FALSE	TRUE	TRUE	TRUE	TRUE	FALSE
DD:SE:172711	DD	SE	ENSG00000141084	RANBP10	10	1	TRUE	FALSE	TRUE	TRUE	TRUE	TRUE	FALSE
DD:SE:172725	DD	SE	ENSG00000141084	RANBP10	1	12	FALSE	TRUE	TRUE	TRUE	TRUE	FALSE	TRUE
DD:SE:172737	DD	SE	ENSG00000141084	RANBP10	11	2	TRUE	FALSE	TRUE	TRUE	TRUE	TRUE	FALSE
DD:SE:172748	DD	SE	ENSG00000126790	L3HYPDH	2	4	TRUE	TRUE	TRUE	TRUE	FALSE	TRUE	TRUE
DD:SE:173137	DD	SE	ENSG00000149476	TKFC	1	6	FALSE	FALSE	TRUE	TRUE	FALSE	FALSE	FALSE
DD:SE:173193	DD	SE	ENSG00000167985	SDHAF2	1	1	TRUE	FALSE	TRUE	TRUE	TRUE	TRUE	FALSE
DD:SE:173528	DD	SE	ENSG00000162222	TTC9C	3	7	TRUE	TRUE	TRUE	TRUE	FALSE	TRUE	TRUE
DD:SE:173873	DD	SE	ENSG00000164674	SYTL3	2	3	FALSE	FALSE	TRUE	TRUE	FALSE	FALSE	FALSE
DD:SE:173912	DD	SE	ENSG00000084112	SSH1	5	3	FALSE	FALSE	TRUE	TRUE	FALSE	FALSE	FALSE
DD:SE:174092	DD	SE	ENSG00000149761	NUDT22	3	1	FALSE	TRUE	TRUE	TRUE	TRUE	FALSE	TRUE
DD:SE:174110	DD	SE	ENSG00000137996	RTCA	4	2	FALSE	TRUE	TRUE	TRUE	TRUE	FALSE	TRUE
DD:SE:174406	DD	SE	ENSG00000162300	ZFPL1	3	1	FALSE	FALSE	TRUE	TRUE	FALSE	FALSE	FALSE
DD:SE:174558	DD	SE	ENSG00000142186	SCYL1	6	1	FALSE	FALSE	TRUE	TRUE	FALSE	FALSE	FALSE
DD:SE:174586	DD	SE	ENSG00000173039	RELA	3	1	FALSE	FALSE	TRUE	TRUE	FALSE	FALSE	FALSE
DD:SE:174746	DD	SE	ENSG00000172500	FIBP	5	1	TRUE	TRUE	TRUE	TRUE	FALSE	TRUE	TRUE
DD:SE:174748	DD	SE	ENSG00000175592	FOSL1	1	1	FALSE	FALSE	TRUE	TRUE	FALSE	FALSE	FALSE
DD:SE:174778	DD	SE	ENSG00000120256	LRP11	8	2	FALSE	TRUE	TRUE	TRUE	TRUE	FALSE	TRUE
DD:SE:174808	DD	SE	ENSG00000174851	YIF1A	1	1	FALSE	TRUE	TRUE	TRUE	TRUE	FALSE	TRUE
DD:SE:175185	DD	SE	ENSG00000175634	RPS6KB2	2	3	TRUE	TRUE	TRUE	TRUE	FALSE	TRUE	TRUE
DD:SE:175193	DD	SE	ENSG00000175634	RPS6KB2	2	1	TRUE	TRUE	TRUE	TRUE	FALSE	TRUE	TRUE
DD:SE:175311	DD	SE	ENSG00000006534	ALDH3B1	5	1	TRUE	TRUE	TRUE	TRUE	FALSE	TRUE	TRUE
DD:SE:175631	DD	SE	ENSG00000067365	METTL22	3	6	FALSE	TRUE	TRUE	TRUE	TRUE	FALSE	TRUE
DD:SE:175634	DD	SE	ENSG00000067365	METTL22	6	1	TRUE	FALSE	TRUE	TRUE	TRUE	TRUE	FALSE
DD:SE:175918	DD	SE	ENSG00000137478	FCHSD2	9	1	FALSE	TRUE	TRUE	TRUE	TRUE	FALSE	TRUE
DD:SE:176019	DD	SE	ENSG00000175575	PAAF1	3	1	FALSE	FALSE	TRUE	TRUE	FALSE	FALSE	FALSE
DD:SE:176043	DD	SE	ENSG00000188761	BCL2L15	9	3	TRUE	FALSE	TRUE	FALSE	NA	TRUE	FALSE
DD:SE:176107	DD	SE	ENSG00000077514	POLD3	3	1	FALSE	TRUE	TRUE	TRUE	TRUE	FALSE	TRUE
DD:SE:176179	DD	SE	ENSG00000162139	NEU3	1	5	FALSE	FALSE	TRUE	TRUE	FALSE	FALSE	FALSE
DD:SE:176220	DD	SE	ENSG00000149243	KLHL35	2	2	TRUE	TRUE	TRUE	TRUE	FALSE	TRUE	TRUE
DD:SE:176632	DD	SE	ENSG00000053501	USE1	5	1	TRUE	TRUE	TRUE	TRUE	FALSE	TRUE	TRUE
DD:SE:176829	DD	SE	ENSG00000171204	TMEM126B	1	1	TRUE	FALSE	TRUE	TRUE	TRUE	TRUE	FALSE
DD:SE:176832	DD	SE	ENSG00000171204	TMEM126B	1	1	FALSE	TRUE	TRUE	TRUE	TRUE	FALSE	TRUE
DD:SE:176866	DD	SE	ENSG00000149196	HIKESHI	1	4	FALSE	TRUE	TRUE	TRUE	TRUE	FALSE	TRUE
DD:SE:176903	DD	SE	ENSG00000166575	TMEM135	8	1	TRUE	FALSE	TRUE	TRUE	TRUE	TRUE	FALSE
DD:SE:176920	DD	SE	ENSG00000166575	TMEM135	11	1	FALSE	TRUE	TRUE	TRUE	TRUE	FALSE	TRUE
DD:SE:176947	DD	SE	ENSG00000127507	ADGRE2	3	2	FALSE	TRUE	TRUE	TRUE	TRUE	FALSE	TRUE
DD:SE:176948	DD	SE	ENSG00000127507	ADGRE2	1	5	FALSE	TRUE	TRUE	TRUE	TRUE	FALSE	TRUE
DD:SE:176949	DD	SE	ENSG00000127507	ADGRE2	7	2	FALSE	TRUE	TRUE	TRUE	TRUE	FALSE	TRUE
DD:SE:177246	DD	SE	ENSG00000020922	MRE11	9	1	FALSE	FALSE	TRUE	TRUE	FALSE	FALSE	FALSE
DD:SE:177450	DD	SE	ENSG00000136100	VPS36	3	2	TRUE	TRUE	TRUE	TRUE	FALSE	TRUE	TRUE
DD:SE:177494	DD	SE	ENSG00000083814	ZNF671	1	1	FALSE	TRUE	TRUE	TRUE	TRUE	FALSE	TRUE
DD:SE:177495	DD	SE	ENSG00000083814	ZNF671	1	3	FALSE	FALSE	TRUE	TRUE	FALSE	FALSE	FALSE
DD:SE:177502	DD	SE	ENSG00000125354	SEPTIN6	13	1	TRUE	TRUE	TRUE	TRUE	FALSE	TRUE	TRUE
DD:SE:177668	DD	SE	ENSG00000166855	CLPX	2	1	TRUE	TRUE	TRUE	TRUE	FALSE	TRUE	TRUE
DD:SE:177670	DD	SE	ENSG00000166855	CLPX	5	1	TRUE	TRUE	TRUE	TRUE	FALSE	TRUE	TRUE
DD:SE:177702	DD	SE	ENSG00000137692	DCUN1D5	2	1	TRUE	FALSE	TRUE	TRUE	TRUE	TRUE	FALSE
DD:SE:177819	DD	SE	ENSG00000149313	AASDHPPT	1	1	FALSE	TRUE	TRUE	TRUE	TRUE	FALSE	TRUE
DD:SE:177936	DD	SE	ENSG00000110660	SLC35F2	3	1	TRUE	TRUE	TRUE	TRUE	FALSE	TRUE	TRUE
DD:SE:178178	DD	SE	ENSG00000101146	RAE1	2	1	FALSE	TRUE	TRUE	TRUE	TRUE	FALSE	TRUE
DD:SE:178188	DD	SE	ENSG00000101811	CSTF2	1	1	FALSE	FALSE	TRUE	TRUE	FALSE	FALSE	FALSE
DD:SE:178332	DD	SE	ENSG00000150779	TIMM8B	1	1	FALSE	FALSE	FALSE	TRUE	NA	FALSE	FALSE
DD:SE:178426	DD	SE	ENSG00000107614	TRDMT1	3	9	TRUE	FALSE	TRUE	TRUE	TRUE	TRUE	FALSE
DD:SE:178439	DD	SE	ENSG00000150782	IL18	1	1	FALSE	FALSE	FALSE	TRUE	NA	FALSE	FALSE
DD:SE:178632	DD	SE	ENSG00000083535	PIBF1	12	2	TRUE	FALSE	TRUE	TRUE	TRUE	TRUE	FALSE
DD:SE:178681	DD	SE	ENSG00000125630	POLR1B	11	1	TRUE	FALSE	TRUE	TRUE	TRUE	TRUE	FALSE
DD:SE:178689	DD	SE	ENSG00000125630	POLR1B	1	9	FALSE	TRUE	TRUE	TRUE	TRUE	FALSE	TRUE
DD:SE:178695	DD	SE	ENSG00000125630	POLR1B	9	1	TRUE	FALSE	TRUE	TRUE	TRUE	TRUE	FALSE
DD:SE:178745	DD	SE	ENSG00000197323	TRIM33	5	1	TRUE	FALSE	TRUE	TRUE	TRUE	TRUE	FALSE
DD:SE:178887	DD	SE	ENSG00000143797	MBOAT2	1	4	TRUE	FALSE	TRUE	TRUE	TRUE	TRUE	FALSE
DD:SE:178892	DD	SE	ENSG00000143797	MBOAT2	4	1	FALSE	TRUE	TRUE	TRUE	TRUE	FALSE	TRUE
DD:SE:179128	DD	SE	ENSG00000110344	UBE4A	2	2	FALSE	FALSE	TRUE	TRUE	FALSE	FALSE	FALSE
DD:SE:179325	DD	SE	ENSG00000278259	MYO19	9	1	FALSE	TRUE	TRUE	TRUE	TRUE	FALSE	TRUE
DD:SE:179533	DD	SE	ENSG00000160695	VPS11	8	1	TRUE	FALSE	TRUE	TRUE	TRUE	TRUE	FALSE
DD:SE:179721	DD	SE	ENSG00000102921	N4BP1	4	2	FALSE	TRUE	TRUE	TRUE	TRUE	FALSE	TRUE
DD:SE:179777	DD	SE	ENSG00000105641	SLC5A5	8	1	TRUE	TRUE	TRUE	TRUE	FALSE	TRUE	TRUE
DD:SE:179893	DD	SE	ENSG00000154114	TBCEL	14	3	TRUE	TRUE	TRUE	TRUE	FALSE	TRUE	TRUE
DD:SE:180262	DD	SE	ENSG00000198718	TOGARAM1	7	2	TRUE	TRUE	TRUE	TRUE	FALSE	TRUE	TRUE
DD:SE:180329	DD	SE	ENSG00000144233	AMMECR1L	7	1	TRUE	TRUE	TRUE	TRUE	FALSE	TRUE	TRUE
DD:SE:180482	DD	SE	ENSG00000182934	SRPRA	7	1	TRUE	FALSE	TRUE	TRUE	TRUE	TRUE	FALSE
DD:SE:180523	DD	SE	ENSG00000110074	FOXRED1	4	2	TRUE	FALSE	TRUE	TRUE	TRUE	TRUE	FALSE
DD:SE:180778	DD	SE	ENSG00000096060	FKBP5	2	1	FALSE	TRUE	TRUE	TRUE	TRUE	FALSE	TRUE
DD:SE:180813	DD	SE	ENSG00000135597	REPS1	10	1	TRUE	TRUE	TRUE	TRUE	FALSE	TRUE	TRUE
DD:SE:180903	DD	SE	ENSG00000014164	ZC3H3	2	1	FALSE	FALSE	TRUE	TRUE	FALSE	FALSE	FALSE
DD:SE:181041	DD	SE	ENSG00000135297	MTO1	1	7	TRUE	TRUE	TRUE	TRUE	FALSE	TRUE	TRUE
DD:SE:181045	DD	SE	ENSG00000135297	MTO1	7	2	TRUE	TRUE	TRUE	TRUE	FALSE	TRUE	TRUE
DD:SE:181064	DD	SE	ENSG00000135297	MTO1	2	7	TRUE	TRUE	TRUE	TRUE	FALSE	TRUE	TRUE
DD:SE:181319	DD	SE	ENSG00000011105	TSPAN9	1	4	FALSE	FALSE	TRUE	TRUE	FALSE	FALSE	FALSE
DD:SE:181409	DD	SE	ENSG00000047621	C12orf4	4	1	FALSE	FALSE	TRUE	TRUE	FALSE	FALSE	FALSE
DD:SE:181422	DD	SE	ENSG00000111247	RAD51AP1	1	2	FALSE	FALSE	TRUE	TRUE	FALSE	FALSE	FALSE
DD:SE:181431	DD	SE	ENSG00000111247	RAD51AP1	5	2	TRUE	TRUE	TRUE	TRUE	FALSE	TRUE	TRUE
DD:SE:181460	DD	SE	ENSG00000011243	AKAP8L	1	4	TRUE	FALSE	TRUE	TRUE	TRUE	TRUE	FALSE
DD:SE:181483	DD	SE	ENSG00000011243	AKAP8L	1	1	FALSE	FALSE	TRUE	TRUE	FALSE	FALSE	FALSE
DD:SE:181613	DD	SE	ENSG00000111321	LTBR	1	2	TRUE	FALSE	TRUE	TRUE	TRUE	TRUE	FALSE
DD:SE:181627	DD	SE	ENSG00000111321	LTBR	1	1	FALSE	TRUE	TRUE	TRUE	TRUE	FALSE	TRUE
DD:SE:181650	DD	SE	ENSG00000180488	MIGA1	20	5	FALSE	TRUE	TRUE	TRUE	TRUE	FALSE	TRUE
DD:SE:181788	DD	SE	ENSG00000111653	ING4	5	2	TRUE	TRUE	TRUE	TRUE	FALSE	TRUE	TRUE
DD:SE:181814	DD	SE	ENSG00000111652	COPS7A	5	1	FALSE	TRUE	TRUE	TRUE	TRUE	FALSE	TRUE
DD:SE:181937	DD	SE	ENSG00000182054	IDH2	1	1	FALSE	FALSE	TRUE	TRUE	FALSE	FALSE	FALSE
DD:SE:182009	DD	SE	ENSG00000125877	ITPA	1	1	FALSE	FALSE	FALSE	TRUE	NA	FALSE	FALSE
DD:SE:182020	DD	SE	ENSG00000125877	ITPA	2	1	FALSE	FALSE	TRUE	FALSE	NA	FALSE	FALSE
DD:SE:182045	DD	SE	ENSG00000174606	ANGEL2	5	3	FALSE	TRUE	TRUE	TRUE	TRUE	FALSE	TRUE
DD:SE:182149	DD	SE	ENSG00000156599	ZDHHC5	4	1	FALSE	TRUE	TRUE	TRUE	TRUE	FALSE	TRUE
DD:SE:182173	DD	SE	ENSG00000172296	SPTLC3	8	1	FALSE	TRUE	TRUE	TRUE	TRUE	FALSE	TRUE
DD:SE:182189	DD	SE	ENSG00000108784	NAGLU	4	3	FALSE	FALSE	TRUE	TRUE	FALSE	FALSE	FALSE
DD:SE:182380	DD	SE	ENSG00000182827	ACBD3	3	1	FALSE	TRUE	TRUE	TRUE	TRUE	FALSE	TRUE
DD:SE:182472	DD	SE	ENSG00000172243	CLEC7A	6	4	TRUE	TRUE	TRUE	TRUE	FALSE	TRUE	TRUE
DD:SE:182499	DD	SE	ENSG00000111196	MAGOHB	3	3	TRUE	TRUE	TRUE	TRUE	FALSE	TRUE	TRUE
DD:SE:182732	DD	SE	ENSG00000150961	SEC24D	1	2	FALSE	FALSE	TRUE	TRUE	FALSE	FALSE	FALSE
DD:SE:183151	DD	SE	ENSG00000139154	AEBP2	5	2	FALSE	TRUE	TRUE	TRUE	TRUE	FALSE	TRUE
DD:SE:183227	DD	SE	ENSG00000121350	PYROXD1	3	2	FALSE	TRUE	TRUE	TRUE	TRUE	FALSE	TRUE
DD:SE:183284	DD	SE	ENSG00000111726	CMAS	1	1	FALSE	TRUE	TRUE	TRUE	TRUE	FALSE	TRUE
DD:SE:183339	DD	SE	ENSG00000139163	ETNK1	1	1	TRUE	FALSE	TRUE	TRUE	TRUE	TRUE	FALSE
DD:SE:183427	DD	SE	ENSG00000007392	LUC7L	4	8	FALSE	TRUE	TRUE	TRUE	TRUE	FALSE	TRUE
DD:SE:183436	DD	SE	ENSG00000007392	LUC7L	4	3	TRUE	FALSE	TRUE	TRUE	TRUE	TRUE	FALSE
DD:SE:183514	DD	SE	ENSG00000065491	TBC1D22B	4	1	TRUE	TRUE	TRUE	TRUE	FALSE	TRUE	TRUE
DD:SE:183649	DD	SE	ENSG00000133687	TMTC1	16	1	TRUE	FALSE	TRUE	TRUE	TRUE	TRUE	FALSE
DD:SE:183872	DD	SE	ENSG00000123983	ACSL3	6	2	FALSE	TRUE	TRUE	TRUE	TRUE	FALSE	TRUE
DD:SE:184549	DD	SE	ENSG00000151239	TWF1	1	2	FALSE	FALSE	TRUE	TRUE	FALSE	FALSE	FALSE
DD:SE:184704	DD	SE	ENSG00000005175	RPAP3	1	4	TRUE	TRUE	TRUE	TRUE	FALSE	TRUE	TRUE
DD:SE:184801	DD	SE	ENSG00000177981	ASB8	2	5	TRUE	FALSE	TRUE	TRUE	TRUE	TRUE	FALSE
DD:SE:184854	DD	SE	ENSG00000134452	FBH1	8	1	FALSE	TRUE	TRUE	TRUE	TRUE	FALSE	TRUE
DD:SE:184937	DD	SE	ENSG00000139620	KANSL2	3	9	TRUE	FALSE	TRUE	TRUE	TRUE	TRUE	FALSE
DD:SE:184941	DD	SE	ENSG00000139620	KANSL2	12	4	TRUE	TRUE	TRUE	TRUE	FALSE	TRUE	TRUE
DD:SE:184976	DD	SE	ENSG00000174243	DDX23	1	1	FALSE	FALSE	TRUE	TRUE	FALSE	FALSE	FALSE
DD:SE:185418	DD	SE	ENSG00000135457	TFCP2	9	1	FALSE	TRUE	TRUE	TRUE	TRUE	FALSE	TRUE
DD:SE:185441	DD	SE	ENSG00000139629	GALNT6	9	4	TRUE	TRUE	TRUE	TRUE	FALSE	TRUE	TRUE
DD:SE:185513	DD	SE	ENSG00000179526	SHARPIN	2	1	FALSE	TRUE	TRUE	TRUE	TRUE	FALSE	TRUE
DD:SE:186063	DD	SE	ENSG00000159210	SNF8	1	2	TRUE	TRUE	TRUE	TRUE	FALSE	TRUE	TRUE
DD:SE:186081	DD	SE	ENSG00000273611	ZNHIT3	2	1	FALSE	FALSE	TRUE	TRUE	FALSE	FALSE	FALSE
DD:SE:186140	DD	SE	ENSG00000042429	MED17	1	3	TRUE	TRUE	TRUE	TRUE	FALSE	TRUE	TRUE
DD:SE:186198	DD	SE	ENSG00000129315	CCNT1	2	1	FALSE	TRUE	TRUE	TRUE	TRUE	FALSE	TRUE
DD:SE:186293	DD	SE	ENSG00000121104	FAM117A	1	1	FALSE	FALSE	TRUE	TRUE	FALSE	FALSE	FALSE
DD:SE:186519	DD	SE	ENSG00000166881	NEMP1	10	3	TRUE	FALSE	TRUE	TRUE	TRUE	TRUE	FALSE
DD:SE:186595	DD	SE	ENSG00000182199	SHMT2	5	3	FALSE	TRUE	TRUE	TRUE	TRUE	FALSE	TRUE
DD:SE:186634	DD	SE	ENSG00000179912	R3HDM2	11	1	FALSE	FALSE	TRUE	TRUE	FALSE	FALSE	FALSE
DD:SE:186635	DD	SE	ENSG00000179912	R3HDM2	6	2	FALSE	FALSE	TRUE	TRUE	FALSE	FALSE	FALSE
DD:SE:186657	DD	SE	ENSG00000110921	MVK	1	2	FALSE	FALSE	TRUE	TRUE	FALSE	FALSE	FALSE
DD:SE:186661	DD	SE	ENSG00000110921	MVK	1	1	FALSE	FALSE	TRUE	TRUE	FALSE	FALSE	FALSE
DD:SE:186662	DD	SE	ENSG00000110921	MVK	1	1	FALSE	TRUE	TRUE	TRUE	TRUE	FALSE	TRUE
DD:SE:186706	DD	SE	ENSG00000175203	DCTN2	6	1	FALSE	TRUE	TRUE	TRUE	TRUE	FALSE	TRUE
DD:SE:186733	DD	SE	ENSG00000175203	DCTN2	1	2	FALSE	TRUE	TRUE	TRUE	TRUE	FALSE	TRUE
DD:SE:186925	DD	SE	ENSG00000079785	DDX1	1	1	FALSE	TRUE	TRUE	TRUE	TRUE	FALSE	TRUE
DD:SE:187065	DD	SE	ENSG00000072364	AFF4	12	1	FALSE	FALSE	TRUE	TRUE	FALSE	FALSE	FALSE
DD:SE:187187	DD	SE	ENSG00000183258	DDX41	3	1	FALSE	FALSE	TRUE	TRUE	FALSE	FALSE	FALSE
DD:SE:187414	DD	SE	ENSG00000124193	SRSF6	3	6	TRUE	FALSE	TRUE	TRUE	TRUE	TRUE	FALSE
DD:SE:187517	DD	SE	ENSG00000176953	NFATC2IP	2	1	FALSE	TRUE	TRUE	TRUE	TRUE	FALSE	TRUE
DD:SE:187533	DD	SE	ENSG00000176953	NFATC2IP	1	1	FALSE	TRUE	TRUE	TRUE	TRUE	FALSE	TRUE
DD:SE:187588	DD	SE	ENSG00000033627	ATP6V0A1	5	1	TRUE	TRUE	TRUE	TRUE	FALSE	TRUE	TRUE
DD:SE:187622	DD	SE	ENSG00000033627	ATP6V0A1	1	6	TRUE	TRUE	TRUE	TRUE	FALSE	TRUE	TRUE
DD:SE:187653	DD	SE	ENSG00000166226	CCT2	3	1	FALSE	FALSE	TRUE	TRUE	FALSE	FALSE	FALSE
DD:SE:187756	DD	SE	ENSG00000111596	CNOT2	1	5	TRUE	TRUE	TRUE	TRUE	FALSE	TRUE	TRUE
DD:SE:187955	DD	SE	ENSG00000121749	TBC1D15	5	2	TRUE	TRUE	TRUE	TRUE	FALSE	TRUE	TRUE
DD:SE:187960	DD	SE	ENSG00000121749	TBC1D15	2	6	TRUE	TRUE	TRUE	TRUE	FALSE	TRUE	TRUE
DD:SE:188107	DD	SE	ENSG00000129534	MIS18BP1	6	1	FALSE	FALSE	TRUE	TRUE	FALSE	FALSE	FALSE
DD:SE:188183	DD	SE	ENSG00000186908	ZDHHC17	6	16	TRUE	TRUE	TRUE	TRUE	FALSE	TRUE	TRUE
DD:SE:188219	DD	SE	ENSG00000087301	TXNDC16	2	1	TRUE	TRUE	TRUE	TRUE	FALSE	TRUE	TRUE
DD:SE:188309	DD	SE	ENSG00000085721	RRN3	3	2	TRUE	FALSE	TRUE	TRUE	TRUE	TRUE	FALSE
DD:SE:188405	DD	SE	ENSG00000127720	METTL25	11	2	TRUE	TRUE	TRUE	TRUE	FALSE	TRUE	TRUE
DD:SE:188513	DD	SE	ENSG00000133641	RLIG1	3	2	FALSE	TRUE	TRUE	TRUE	TRUE	FALSE	TRUE
DD:SE:188536	DD	SE	ENSG00000136492	BRIP1	16	2	TRUE	FALSE	TRUE	TRUE	TRUE	TRUE	FALSE
DD:SE:188639	DD	SE	ENSG00000164258	NDUFS4	1	1	TRUE	FALSE	TRUE	TRUE	TRUE	TRUE	FALSE
DD:SE:188928	DD	SE	ENSG00000118046	STK11	1	7	TRUE	TRUE	TRUE	TRUE	FALSE	TRUE	TRUE
DD:SE:188965	DD	SE	ENSG00000257218	GATC	2	6	TRUE	TRUE	TRUE	TRUE	FALSE	TRUE	TRUE
DD:SE:188975	DD	SE	ENSG00000089682	RBM41	3	1	FALSE	TRUE	TRUE	TRUE	TRUE	FALSE	TRUE
DD:SE:188985	DD	SE	ENSG00000089682	RBM41	3	15	FALSE	TRUE	TRUE	TRUE	TRUE	FALSE	TRUE
DD:SE:189196	DD	SE	ENSG00000120860	WASHC3	1	3	TRUE	FALSE	TRUE	TRUE	TRUE	TRUE	FALSE
DD:SE:189219	DD	SE	ENSG00000075188	NUP37	1	4	FALSE	FALSE	TRUE	TRUE	FALSE	FALSE	FALSE
DD:SE:189309	DD	SE	ENSG00000139372	TDG	2	1	FALSE	TRUE	TRUE	TRUE	TRUE	FALSE	TRUE
DD:SE:189327	DD	SE	ENSG00000111727	HCFC2	6	1	TRUE	FALSE	TRUE	TRUE	TRUE	TRUE	FALSE
DD:SE:189557	DD	SE	ENSG00000075856	SART3	2	5	TRUE	FALSE	TRUE	TRUE	TRUE	TRUE	FALSE
DD:SE:189708	DD	SE	ENSG00000047579	DTNBP1	1	4	FALSE	TRUE	TRUE	TRUE	TRUE	FALSE	TRUE
DD:SE:189725	DD	SE	ENSG00000111199	TRPV4	2	1	TRUE	FALSE	TRUE	TRUE	TRUE	TRUE	FALSE
DD:SE:189737	DD	SE	ENSG00000006194	ZNF263	2	1	FALSE	FALSE	TRUE	TRUE	FALSE	FALSE	FALSE
DD:SE:189738	DD	SE	ENSG00000006194	ZNF263	1	1	FALSE	FALSE	TRUE	TRUE	FALSE	FALSE	FALSE
DD:SE:189739	DD	SE	ENSG00000006194	ZNF263	1	1	FALSE	FALSE	TRUE	TRUE	FALSE	FALSE	FALSE
DD:SE:189742	DD	SE	ENSG00000006194	ZNF263	1	1	FALSE	FALSE	TRUE	TRUE	FALSE	FALSE	FALSE
DD:SE:189857	DD	SE	ENSG00000111231	GPN3	3	1	FALSE	TRUE	TRUE	TRUE	TRUE	FALSE	TRUE
DD:SE:189862	DD	SE	ENSG00000177082	WDR73	2	3	TRUE	FALSE	TRUE	TRUE	TRUE	TRUE	FALSE
DD:SE:189876	DD	SE	ENSG00000151164	RAD9B	10	12	FALSE	FALSE	TRUE	TRUE	FALSE	FALSE	FALSE
DD:SE:190079	DD	SE	ENSG00000111271	ACAD10	11	1	FALSE	FALSE	TRUE	TRUE	FALSE	FALSE	FALSE
DD:SE:190122	DD	SE	ENSG00000089248	ERP29	1	1	FALSE	FALSE	TRUE	TRUE	FALSE	FALSE	FALSE
DD:SE:190235	DD	SE	ENSG00000178691	SUZ12	4	1	FALSE	TRUE	TRUE	TRUE	TRUE	FALSE	TRUE
DD:SE:190297	DD	SE	ENSG00000186815	TPCN1	3	11	TRUE	TRUE	TRUE	TRUE	FALSE	TRUE	TRUE
DD:SE:190319	DD	SE	ENSG00000011295	TTC19	2	3	TRUE	TRUE	TRUE	TRUE	FALSE	TRUE	TRUE
DD:SE:190569	DD	SE	ENSG00000123130	ACOT9	4	1	FALSE	TRUE	TRUE	TRUE	TRUE	FALSE	TRUE
DD:SE:190594	DD	SE	ENSG00000111412	SPRING1	1	1	TRUE	FALSE	TRUE	TRUE	TRUE	TRUE	FALSE
DD:SE:190611	DD	SE	ENSG00000174989	FBXW8	12	6	TRUE	TRUE	TRUE	TRUE	FALSE	TRUE	TRUE
DD:SE:190626	DD	SE	ENSG00000174989	FBXW8	6	1	TRUE	TRUE	TRUE	TRUE	FALSE	TRUE	TRUE
DD:SE:190648	DD	SE	ENSG00000135108	FBXO21	1	7	FALSE	FALSE	TRUE	TRUE	FALSE	FALSE	FALSE
DD:SE:190669	DD	SE	ENSG00000111445	RFC5	1	6	FALSE	TRUE	TRUE	TRUE	TRUE	FALSE	TRUE
DD:SE:190671	DD	SE	ENSG00000111445	RFC5	1	6	FALSE	TRUE	TRUE	TRUE	TRUE	FALSE	TRUE
DD:SE:190986	DD	SE	ENSG00000022840	RNF10	1	3	FALSE	TRUE	TRUE	TRUE	TRUE	FALSE	TRUE
DD:SE:191059	DD	SE	ENSG00000022840	RNF10	7	1	FALSE	TRUE	TRUE	TRUE	TRUE	FALSE	TRUE
DD:SE:191283	DD	SE	ENSG00000110801	PSMD9	2	1	FALSE	TRUE	TRUE	TRUE	TRUE	FALSE	TRUE
DD:SE:191287	DD	SE	ENSG00000110801	PSMD9	1	1	TRUE	TRUE	TRUE	TRUE	FALSE	TRUE	TRUE
DD:SE:191571	DD	SE	ENSG00000150977	RILPL2	3	2	TRUE	TRUE	TRUE	TRUE	FALSE	TRUE	TRUE
DD:SE:191577	DD	SE	ENSG00000185344	ATP6V0A2	4	1	FALSE	FALSE	TRUE	TRUE	FALSE	FALSE	FALSE
DD:SE:191687	DD	SE	ENSG00000163935	SFMBT1	11	1	FALSE	TRUE	TRUE	TRUE	TRUE	FALSE	TRUE
DD:SE:191918	DD	SE	ENSG00000073060	SCARB1	6	1	TRUE	TRUE	TRUE	TRUE	FALSE	TRUE	TRUE
DD:SE:191935	DD	SE	ENSG00000107833	NPM3	1	1	FALSE	FALSE	TRUE	FALSE	NA	FALSE	FALSE
DD:SE:191991	DD	SE	ENSG00000187778	MCRS1	3	1	FALSE	TRUE	TRUE	TRUE	TRUE	FALSE	TRUE
DD:SE:192103	DD	SE	ENSG00000122008	POLK	5	1	FALSE	TRUE	TRUE	TRUE	TRUE	FALSE	TRUE
DD:SE:192111	DD	SE	ENSG00000122008	POLK	5	1	FALSE	TRUE	TRUE	TRUE	TRUE	FALSE	TRUE
DD:SE:192167	DD	SE	ENSG00000183765	CHEK2	12	4	TRUE	TRUE	TRUE	TRUE	FALSE	TRUE	TRUE
DD:SE:192302	DD	SE	ENSG00000184967	NOC4L	3	1	TRUE	FALSE	TRUE	TRUE	TRUE	TRUE	FALSE
DD:SE:192319	DD	SE	ENSG00000184967	NOC4L	3	1	FALSE	TRUE	TRUE	TRUE	TRUE	FALSE	TRUE
DD:SE:192508	DD	SE	ENSG00000196387	ZNF140	3	3	TRUE	FALSE	TRUE	TRUE	TRUE	TRUE	FALSE
DD:SE:192727	DD	SE	ENSG00000150456	EEF1AKMT1	4	1	TRUE	FALSE	TRUE	TRUE	TRUE	TRUE	FALSE
DD:SE:192747	DD	SE	ENSG00000165487	MICU2	4	1	FALSE	TRUE	TRUE	TRUE	TRUE	FALSE	TRUE
DD:SE:192759	DD	SE	ENSG00000165487	MICU2	6	1	TRUE	FALSE	TRUE	TRUE	TRUE	TRUE	FALSE
DD:SE:192992	DD	SE	ENSG00000151849	CENPJ	1	10	TRUE	TRUE	TRUE	TRUE	FALSE	TRUE	TRUE
DD:SE:192998	DD	SE	ENSG00000151849	CENPJ	20	1	TRUE	TRUE	TRUE	TRUE	FALSE	TRUE	TRUE
DD:SE:193031	DD	SE	ENSG00000132964	CDK8	8	2	TRUE	TRUE	TRUE	TRUE	FALSE	TRUE	TRUE
DD:SE:193059	DD	SE	ENSG00000132970	WASF3	3	1	FALSE	TRUE	TRUE	TRUE	TRUE	FALSE	TRUE
DD:SE:193060	DD	SE	ENSG00000132970	WASF3	3	1	FALSE	TRUE	TRUE	TRUE	TRUE	FALSE	TRUE
DD:SE:193149	DD	SE	ENSG00000161526	SAP30BP	4	1	TRUE	TRUE	TRUE	TRUE	FALSE	TRUE	TRUE
DD:SE:193154	DD	SE	ENSG00000161526	SAP30BP	1	4	TRUE	TRUE	TRUE	TRUE	FALSE	TRUE	TRUE
DD:SE:193208	DD	SE	ENSG00000182944	EWSR1	1	1	FALSE	TRUE	TRUE	TRUE	TRUE	FALSE	TRUE
DD:SE:193215	DD	SE	ENSG00000182944	EWSR1	1	1	FALSE	TRUE	TRUE	TRUE	TRUE	FALSE	TRUE
DD:SE:193295	DD	SE	ENSG00000163521	GLB1L	7	5	FALSE	FALSE	TRUE	TRUE	FALSE	FALSE	FALSE
DD:SE:193408	DD	SE	ENSG00000187676	B3GLCT	9	1	TRUE	TRUE	TRUE	TRUE	FALSE	TRUE	TRUE
DD:SE:193576	DD	SE	ENSG00000244754	N4BP2L2	2	2	FALSE	FALSE	TRUE	TRUE	FALSE	FALSE	FALSE
DD:SE:193646	DD	SE	ENSG00000118894	EEF2KMT	2	4	FALSE	TRUE	TRUE	TRUE	TRUE	FALSE	TRUE
DD:SE:193681	DD	SE	ENSG00000011638	LDAF1	2	3	TRUE	FALSE	TRUE	TRUE	TRUE	TRUE	FALSE
DD:SE:193790	DD	SE	ENSG00000133103	COG6	3	1	FALSE	TRUE	TRUE	TRUE	TRUE	FALSE	TRUE
DD:SE:194056	DD	SE	ENSG00000172766	NAA16	3	2	TRUE	FALSE	TRUE	TRUE	TRUE	TRUE	FALSE
DD:SE:194270	DD	SE	ENSG00000083635	NUFIP1	5	2	FALSE	TRUE	TRUE	TRUE	TRUE	FALSE	TRUE
DD:SE:194280	DD	SE	ENSG00000083635	NUFIP1	6	2	TRUE	FALSE	TRUE	TRUE	TRUE	TRUE	FALSE
DD:SE:194719	DD	SE	ENSG00000136147	PHF11	3	2	TRUE	FALSE	TRUE	TRUE	TRUE	TRUE	FALSE
DD:SE:194786	DD	SE	ENSG00000141867	BRD4	2	3	FALSE	FALSE	TRUE	TRUE	FALSE	FALSE	FALSE
DD:SE:194794	DD	SE	ENSG00000164985	PSIP1	5	2	FALSE	FALSE	TRUE	TRUE	FALSE	FALSE	FALSE
DD:SE:194860	DD	SE	ENSG00000102786	INTS6	7	1	FALSE	FALSE	TRUE	TRUE	FALSE	FALSE	FALSE
DD:SE:194887	DD	SE	ENSG00000102786	INTS6	4	1	FALSE	FALSE	TRUE	TRUE	FALSE	FALSE	FALSE
DD:SE:194901	DD	SE	ENSG00000102786	INTS6	1	4	FALSE	FALSE	TRUE	TRUE	FALSE	FALSE	FALSE
DD:SE:195147	DD	SE	ENSG00000163328	GPR155	8	1	FALSE	TRUE	TRUE	TRUE	TRUE	FALSE	TRUE
DD:SE:195263	DD	SE	ENSG00000121775	TMEM39B	8	1	FALSE	FALSE	TRUE	TRUE	FALSE	FALSE	FALSE
DD:SE:195267	DD	SE	ENSG00000121775	TMEM39B	2	13	TRUE	TRUE	TRUE	TRUE	FALSE	TRUE	TRUE
DD:SE:195320	DD	SE	ENSG00000136122	BORA	1	2	FALSE	FALSE	TRUE	TRUE	FALSE	FALSE	FALSE
DD:SE:195324	DD	SE	ENSG00000136122	BORA	2	1	FALSE	FALSE	TRUE	TRUE	FALSE	FALSE	FALSE
DD:SE:195356	DD	SE	ENSG00000083520	DIS3	1	1	FALSE	FALSE	TRUE	TRUE	FALSE	FALSE	FALSE
DD:SE:195357	DD	SE	ENSG00000083520	DIS3	1	1	FALSE	FALSE	TRUE	TRUE	FALSE	FALSE	FALSE
DD:SE:195358	DD	SE	ENSG00000083520	DIS3	1	1	FALSE	FALSE	TRUE	TRUE	FALSE	FALSE	FALSE
DD:SE:195359	DD	SE	ENSG00000083520	DIS3	1	1	FALSE	FALSE	TRUE	TRUE	FALSE	FALSE	FALSE
DD:SE:195424	DD	SE	ENSG00000134909	ARHGAP32	9	1	FALSE	FALSE	TRUE	TRUE	FALSE	FALSE	FALSE
DD:SE:195729	DD	SE	ENSG00000102471	NDFIP2	1	2	TRUE	FALSE	TRUE	TRUE	TRUE	TRUE	FALSE
DD:SE:195794	DD	SE	ENSG00000156253	RWDD2B	2	2	FALSE	FALSE	TRUE	TRUE	FALSE	FALSE	FALSE
DD:SE:196011	DD	SE	ENSG00000185761	ADAMTSL5	19	5	FALSE	FALSE	TRUE	TRUE	FALSE	FALSE	FALSE
DD:SE:196087	DD	SE	ENSG00000088451	TGDS	6	3	TRUE	TRUE	TRUE	TRUE	FALSE	TRUE	TRUE
DD:SE:196565	DD	SE	ENSG00000177663	IL17RA	7	1	FALSE	FALSE	TRUE	TRUE	FALSE	FALSE	FALSE
DD:SE:196587	DD	SE	ENSG00000134901	POGLUT2	1	6	FALSE	FALSE	TRUE	TRUE	FALSE	FALSE	FALSE
DD:SE:196618	DD	SE	ENSG00000134897	BIVM	10	3	FALSE	TRUE	TRUE	TRUE	TRUE	FALSE	TRUE
DD:SE:196692	DD	SE	ENSG00000185404	SP140L	4	5	TRUE	FALSE	TRUE	TRUE	TRUE	TRUE	FALSE
DD:SE:196731	DD	SE	ENSG00000108848	LUC7L3	1	7	FALSE	TRUE	TRUE	TRUE	TRUE	FALSE	TRUE
DD:SE:196814	DD	SE	ENSG00000088448	ANKRD10	2	3	TRUE	FALSE	TRUE	TRUE	TRUE	TRUE	FALSE
DD:SE:196888	DD	SE	ENSG00000126216	TUBGCP3	1	2	TRUE	FALSE	TRUE	TRUE	TRUE	TRUE	FALSE
DD:SE:196993	DD	SE	ENSG00000150401	DCUN1D2	11	5	TRUE	FALSE	TRUE	TRUE	TRUE	TRUE	FALSE
DD:SE:197077	DD	SE	ENSG00000185989	RASA3	14	2	TRUE	FALSE	TRUE	TRUE	TRUE	TRUE	FALSE
DD:SE:197081	DD	SE	ENSG00000130177	CDC16	3	2	TRUE	FALSE	TRUE	TRUE	TRUE	TRUE	FALSE
DD:SE:197115	DD	SE	ENSG00000130177	CDC16	5	1	FALSE	TRUE	TRUE	TRUE	TRUE	FALSE	TRUE
DD:SE:197137	DD	SE	ENSG00000175198	PCCA	4	1	TRUE	FALSE	TRUE	TRUE	TRUE	TRUE	FALSE
DD:SE:197204	DD	SE	ENSG00000100227	POLDIP3	1	4	TRUE	FALSE	TRUE	TRUE	TRUE	TRUE	FALSE
DD:SE:197309	DD	SE	ENSG00000100814	CCNB1IP1	1	8	TRUE	FALSE	TRUE	TRUE	TRUE	TRUE	FALSE
DD:SE:197311	DD	SE	ENSG00000100814	CCNB1IP1	1	8	FALSE	FALSE	TRUE	TRUE	FALSE	FALSE	FALSE
DD:SE:197562	DD	SE	ENSG00000054611	TBC1D22A	7	1	TRUE	TRUE	TRUE	TRUE	FALSE	TRUE	TRUE
DD:SE:197603	DD	SE	ENSG00000177706	FAM20C	8	1	FALSE	TRUE	TRUE	TRUE	TRUE	FALSE	TRUE
DD:SE:197754	DD	SE	ENSG00000159593	NAE1	1	2	FALSE	FALSE	TRUE	TRUE	FALSE	FALSE	FALSE
DD:SE:198064	DD	SE	ENSG00000187630	DHRS4L2	2	1	TRUE	FALSE	TRUE	TRUE	TRUE	TRUE	FALSE
DD:SE:198066	DD	SE	ENSG00000187630	DHRS4L2	1	3	FALSE	FALSE	TRUE	TRUE	FALSE	FALSE	FALSE
DD:SE:198117	DD	SE	ENSG00000143093	STRIP1	2	1	FALSE	TRUE	TRUE	TRUE	TRUE	FALSE	TRUE
DD:SE:198297	DD	SE	ENSG00000067369	TP53BP1	1	2	FALSE	FALSE	TRUE	TRUE	FALSE	FALSE	FALSE
DD:SE:198312	DD	SE	ENSG00000157379	DHRS1	7	1	TRUE	TRUE	TRUE	TRUE	FALSE	TRUE	TRUE
DD:SE:198319	DD	SE	ENSG00000157379	DHRS1	4	1	TRUE	TRUE	TRUE	TRUE	FALSE	TRUE	TRUE
DD:SE:198394	DD	SE	ENSG00000141295	SCRN2	4	1	FALSE	FALSE	TRUE	TRUE	FALSE	FALSE	FALSE
DD:SE:198453	DD	SE	ENSG00000092108	SCFD1	1	9	FALSE	TRUE	TRUE	TRUE	TRUE	FALSE	TRUE
DD:SE:198505	DD	SE	ENSG00000196792	STRN3	1	1	FALSE	TRUE	TRUE	TRUE	TRUE	FALSE	TRUE
DD:SE:198667	DD	SE	ENSG00000103148	NPRL3	1	14	FALSE	FALSE	TRUE	TRUE	FALSE	FALSE	FALSE
DD:SE:198766	DD	SE	ENSG00000100883	SRP54	2	1	FALSE	TRUE	TRUE	TRUE	TRUE	FALSE	TRUE
DD:SE:198866	DD	SE	ENSG00000161395	PGAP3	1	2	FALSE	TRUE	TRUE	TRUE	TRUE	FALSE	TRUE
DD:SE:198884	DD	SE	ENSG00000092020	PPP2R3C	4	2	TRUE	TRUE	TRUE	TRUE	FALSE	TRUE	TRUE
DD:SE:198921	DD	SE	ENSG00000092020	PPP2R3C	4	2	TRUE	TRUE	TRUE	TRUE	FALSE	TRUE	TRUE
DD:SE:198962	DD	SE	ENSG00000100916	BRMS1L	1	8	TRUE	TRUE	TRUE	TRUE	FALSE	TRUE	TRUE
DD:SE:198971	DD	SE	ENSG00000100916	BRMS1L	9	1	TRUE	TRUE	TRUE	TRUE	FALSE	TRUE	TRUE
DD:SE:199146	DD	SE	ENSG00000151498	ACAD8	3	1	TRUE	FALSE	TRUE	TRUE	TRUE	TRUE	FALSE
DD:SE:199291	DD	SE	ENSG00000185246	PRPF39	4	8	TRUE	TRUE	TRUE	TRUE	FALSE	TRUE	TRUE
DD:SE:199294	DD	SE	ENSG00000185246	PRPF39	2	8	TRUE	TRUE	TRUE	TRUE	FALSE	TRUE	TRUE
DD:SE:199303	DD	SE	ENSG00000185246	PRPF39	6	8	TRUE	TRUE	TRUE	TRUE	FALSE	TRUE	TRUE
DD:SE:199337	DD	SE	ENSG00000079134	THOC1	6	1	TRUE	FALSE	TRUE	TRUE	TRUE	TRUE	FALSE
DD:SE:199365	DD	SE	ENSG00000104218	CSPP1	2	13	FALSE	FALSE	TRUE	TRUE	FALSE	FALSE	FALSE
DD:SE:199534	DD	SE	ENSG00000143476	DTL	12	1	TRUE	FALSE	TRUE	TRUE	TRUE	TRUE	FALSE
DD:SE:199537	DD	SE	ENSG00000143476	DTL	8	1	TRUE	FALSE	TRUE	TRUE	TRUE	TRUE	FALSE
DD:SE:199542	DD	SE	ENSG00000197776	KLHDC1	8	5	TRUE	TRUE	TRUE	TRUE	FALSE	TRUE	TRUE
DD:SE:199664	DD	SE	ENSG00000125375	DMAC2L	2	2	FALSE	FALSE	TRUE	TRUE	FALSE	FALSE	FALSE
DD:SE:199959	DD	SE	ENSG00000198252	STYX	4	1	FALSE	FALSE	TRUE	TRUE	FALSE	FALSE	FALSE
DD:SE:199990	DD	SE	ENSG00000100528	CNIH1	1	1	FALSE	TRUE	TRUE	TRUE	TRUE	FALSE	TRUE
DD:SE:200009	DD	SE	ENSG00000131981	LGALS3	1	1	FALSE	FALSE	TRUE	TRUE	FALSE	FALSE	FALSE
DD:SE:200024	DD	SE	ENSG00000126787	DLGAP5	6	2	FALSE	TRUE	TRUE	TRUE	TRUE	FALSE	TRUE
DD:SE:200086	DD	SE	ENSG00000070269	TMEM260	12	4	TRUE	TRUE	TRUE	TRUE	FALSE	TRUE	TRUE
DD:SE:200099	DD	SE	ENSG00000070269	TMEM260	7	6	TRUE	TRUE	TRUE	TRUE	FALSE	TRUE	TRUE
DD:SE:200161	DD	SE	ENSG00000053770	AP5M1	1	1	FALSE	FALSE	TRUE	TRUE	FALSE	FALSE	FALSE
DD:SE:200431	DD	SE	ENSG00000112031	MTRF1L	2	3	TRUE	FALSE	TRUE	TRUE	TRUE	TRUE	FALSE
DD:SE:200461	DD	SE	ENSG00000020426	MNAT1	8	1	FALSE	FALSE	TRUE	TRUE	FALSE	FALSE	FALSE
DD:SE:200575	DD	SE	ENSG00000154001	PPP2R5E	5	2	FALSE	FALSE	TRUE	TRUE	FALSE	FALSE	FALSE
DD:SE:200619	DD	SE	ENSG00000120913	PDLIM2	6	2	FALSE	TRUE	TRUE	TRUE	TRUE	FALSE	TRUE
DD:SE:200833	DD	SE	ENSG00000125952	MAX	2	2	TRUE	FALSE	TRUE	TRUE	TRUE	TRUE	FALSE
DD:SE:201338	DD	SE	ENSG00000129219	PLD2	12	1	TRUE	FALSE	TRUE	TRUE	TRUE	TRUE	FALSE
DD:SE:201429	DD	SE	ENSG00000165861	ZFYVE1	5	1	FALSE	TRUE	TRUE	TRUE	TRUE	FALSE	TRUE
DD:SE:201453	DD	SE	ENSG00000119707	RBM25	1	3	TRUE	FALSE	TRUE	TRUE	TRUE	TRUE	FALSE
DD:SE:201659	DD	SE	ENSG00000144535	DIS3L2	1	3	FALSE	TRUE	TRUE	TRUE	TRUE	FALSE	TRUE
DD:SE:201714	DD	SE	ENSG00000119723	COQ6	11	3	TRUE	FALSE	TRUE	TRUE	TRUE	TRUE	FALSE
DD:SE:201910	DD	SE	ENSG00000006744	ELAC2	4	1	FALSE	FALSE	TRUE	TRUE	FALSE	FALSE	FALSE
DD:SE:202080	DD	SE	ENSG00000100591	AHSA1	2	1	FALSE	FALSE	TRUE	TRUE	FALSE	FALSE	FALSE
DD:SE:202109	DD	SE	ENSG00000100601	ALKBH1	2	2	TRUE	TRUE	TRUE	TRUE	FALSE	TRUE	TRUE
DD:SE:202125	DD	SE	ENSG00000100603	SNW1	1	1	FALSE	FALSE	TRUE	TRUE	FALSE	FALSE	FALSE
DD:SE:202199	DD	SE	ENSG00000166387	PPFIBP2	21	2	TRUE	FALSE	TRUE	TRUE	TRUE	TRUE	FALSE
DD:SE:202242	DD	SE	ENSG00000117305	HMGCL	1	1	FALSE	TRUE	TRUE	TRUE	TRUE	FALSE	TRUE
DD:SE:202482	DD	SE	ENSG00000143549	TPM3	1	1	FALSE	TRUE	TRUE	TRUE	TRUE	FALSE	TRUE
DD:SE:202642	DD	SE	ENSG00000137513	NARS2	7	1	TRUE	TRUE	TRUE	TRUE	FALSE	TRUE	TRUE
DD:SE:202653	DD	SE	ENSG00000137513	NARS2	6	2	TRUE	TRUE	TRUE	TRUE	FALSE	TRUE	TRUE
DD:SE:202750	DD	SE	ENSG00000012963	UBR7	4	1	TRUE	TRUE	TRUE	TRUE	FALSE	TRUE	TRUE
DD:SE:202802	DD	SE	ENSG00000119698	PPP4R4	1	4	FALSE	FALSE	TRUE	TRUE	FALSE	FALSE	FALSE
DD:SE:202948	DD	SE	ENSG00000167608	TMC4	10	1	TRUE	TRUE	TRUE	TRUE	FALSE	TRUE	TRUE
DD:SE:202960	DD	SE	ENSG00000167608	TMC4	4	1	TRUE	FALSE	TRUE	TRUE	TRUE	TRUE	FALSE
DD:SE:203143	DD	SE	ENSG00000090061	CCNK	2	1	FALSE	FALSE	TRUE	TRUE	FALSE	FALSE	FALSE
DD:SE:203164	DD	SE	ENSG00000088833	NSFL1C	1	2	FALSE	FALSE	TRUE	TRUE	FALSE	FALSE	FALSE
DD:SE:203166	DD	SE	ENSG00000088833	NSFL1C	2	1	FALSE	FALSE	TRUE	TRUE	FALSE	FALSE	FALSE
DD:SE:203353	DD	SE	ENSG00000084073	ZMPSTE24	1	3	TRUE	FALSE	TRUE	TRUE	TRUE	TRUE	FALSE
DD:SE:203516	DD	SE	ENSG00000080823	MOK	5	5	TRUE	TRUE	TRUE	TRUE	FALSE	TRUE	TRUE
DD:SE:203651	DD	SE	ENSG00000075413	MARK3	7	1	FALSE	TRUE	TRUE	TRUE	TRUE	FALSE	TRUE
DD:SE:204176	DD	SE	ENSG00000152952	PLOD2	1	6	FALSE	TRUE	TRUE	TRUE	TRUE	FALSE	TRUE
DD:SE:204358	DD	SE	ENSG00000136141	LRCH1	9	2	TRUE	FALSE	TRUE	TRUE	TRUE	TRUE	FALSE
DD:SE:204602	DD	SE	ENSG00000105176	URI1	2	2	FALSE	TRUE	TRUE	TRUE	TRUE	FALSE	TRUE
DD:SE:204932	DD	SE	ENSG00000129347	KRI1	6	1	FALSE	TRUE	TRUE	TRUE	TRUE	FALSE	TRUE
DD:SE:204947	DD	SE	ENSG00000129347	KRI1	4	1	TRUE	FALSE	TRUE	TRUE	TRUE	TRUE	FALSE
DD:SE:204948	DD	SE	ENSG00000153774	CFDP1	2	5	TRUE	TRUE	TRUE	TRUE	FALSE	TRUE	TRUE
DD:SE:204963	DD	SE	ENSG00000153774	CFDP1	6	1	TRUE	FALSE	TRUE	FALSE	NA	TRUE	FALSE
DD:SE:205002	DD	SE	ENSG00000104047	DTWD1	1	5	FALSE	FALSE	TRUE	TRUE	FALSE	FALSE	FALSE
DD:SE:205613	DD	SE	ENSG00000162601	MYSM1	8	3	FALSE	FALSE	TRUE	TRUE	FALSE	FALSE	FALSE
DD:SE:205681	DD	SE	ENSG00000119812	FAM98A	1	1	FALSE	FALSE	TRUE	TRUE	FALSE	FALSE	FALSE
DD:SE:205788	DD	SE	ENSG00000176454	LPCAT4	1	2	FALSE	TRUE	TRUE	TRUE	TRUE	FALSE	TRUE
DD:SE:205892	DD	SE	ENSG00000131591	C1orf159	2	7	TRUE	TRUE	TRUE	TRUE	FALSE	TRUE	TRUE
DD:SE:205978	DD	SE	ENSG00000123600	METTL8	2	1	FALSE	FALSE	TRUE	TRUE	FALSE	FALSE	FALSE
DD:SE:206007	DD	SE	ENSG00000186073	CDIN1	9	2	FALSE	TRUE	TRUE	TRUE	TRUE	FALSE	TRUE
DD:SE:206109	DD	SE	ENSG00000156970	BUB1B	9	1	FALSE	FALSE	TRUE	TRUE	FALSE	FALSE	FALSE
DD:SE:206387	DD	SE	ENSG00000137815	RTF1	2	1	FALSE	FALSE	TRUE	TRUE	FALSE	FALSE	FALSE
DD:SE:206422	DD	SE	ENSG00000092445	TYRO3	8	1	TRUE	FALSE	TRUE	TRUE	TRUE	TRUE	FALSE
DD:SE:206621	DD	SE	ENSG00000103978	TMEM87A	3	1	FALSE	TRUE	TRUE	TRUE	TRUE	FALSE	TRUE
DD:SE:206649	DD	SE	ENSG00000170260	ZNF212	3	4	FALSE	FALSE	TRUE	TRUE	FALSE	FALSE	FALSE
DD:SE:206730	DD	SE	ENSG00000166946	CCNDBP1	3	2	TRUE	TRUE	TRUE	TRUE	FALSE	TRUE	TRUE
DD:SE:206741	DD	SE	ENSG00000166946	CCNDBP1	5	3	TRUE	TRUE	TRUE	TRUE	FALSE	TRUE	TRUE
DD:SE:206902	DD	SE	ENSG00000176390	CRLF3	4	1	TRUE	TRUE	TRUE	TRUE	FALSE	TRUE	TRUE
DD:SE:206993	DD	SE	ENSG00000104863	LIN7B	3	11	TRUE	TRUE	TRUE	TRUE	FALSE	TRUE	TRUE
DD:SE:207282	DD	SE	ENSG00000141562	NARF	1	4	TRUE	FALSE	TRUE	TRUE	TRUE	TRUE	FALSE
DD:SE:207331	DD	SE	ENSG00000265590	CFAP298-TCP10L	1	5	TRUE	FALSE	TRUE	TRUE	TRUE	TRUE	FALSE
DD:SE:207350	DD	SE	ENSG00000159079	CFAP298	3	1	FALSE	TRUE	TRUE	TRUE	TRUE	FALSE	TRUE
DD:SE:207483	DD	SE	ENSG00000156958	GALK2	2	6	TRUE	FALSE	TRUE	TRUE	TRUE	TRUE	FALSE
DD:SE:207503	DD	SE	ENSG00000138592	USP8	10	1	FALSE	FALSE	TRUE	TRUE	FALSE	FALSE	FALSE
DD:SE:207924	DD	SE	ENSG00000069943	PIGB	1	2	FALSE	TRUE	TRUE	TRUE	TRUE	FALSE	TRUE
DD:SE:207956	DD	SE	ENSG00000069943	PIGB	3	2	FALSE	TRUE	TRUE	TRUE	TRUE	FALSE	TRUE
DD:SE:208209	DD	SE	ENSG00000140299	BNIP2	1	4	TRUE	FALSE	TRUE	TRUE	TRUE	TRUE	FALSE
DD:SE:208407	DD	SE	ENSG00000186205	MTARC1	1	1	TRUE	FALSE	TRUE	TRUE	TRUE	TRUE	FALSE
DD:SE:208526	DD	SE	ENSG00000028528	SNX1	2	1	FALSE	TRUE	TRUE	TRUE	TRUE	FALSE	TRUE
DD:SE:208597	DD	SE	ENSG00000103671	TRIP4	3	1	FALSE	TRUE	TRUE	TRUE	TRUE	FALSE	TRUE
DD:SE:208856	DD	SE	ENSG00000160613	PCSK7	6	1	TRUE	TRUE	TRUE	TRUE	FALSE	TRUE	TRUE
DD:SE:209034	DD	SE	ENSG00000137764	MAP2K5	20	2	TRUE	FALSE	TRUE	TRUE	TRUE	TRUE	FALSE
DD:SE:209335	DD	SE	ENSG00000153187	HNRNPU	2	1	FALSE	FALSE	TRUE	TRUE	FALSE	FALSE	FALSE
DD:SE:209861	DD	SE	ENSG00000090376	IRAK3	12	1	TRUE	FALSE	TRUE	TRUE	TRUE	TRUE	FALSE
DD:SE:210024	DD	SE	ENSG00000081181	ARG2	1	1	FALSE	FALSE	TRUE	TRUE	FALSE	FALSE	FALSE
DD:SE:210184	DD	SE	ENSG00000168904	LRRC28	1	1	FALSE	FALSE	TRUE	TRUE	FALSE	FALSE	FALSE
DD:SE:210210	DD	SE	ENSG00000140367	UBE2Q2	3	1	FALSE	TRUE	TRUE	TRUE	TRUE	FALSE	TRUE
DD:SE:210250	DD	SE	ENSG00000167196	FBXO22	2	1	FALSE	TRUE	TRUE	TRUE	TRUE	FALSE	TRUE
DD:SE:210253	DD	SE	ENSG00000167196	FBXO22	1	2	FALSE	FALSE	TRUE	TRUE	FALSE	FALSE	FALSE
DD:SE:210408	DD	SE	ENSG00000136425	CIB2	1	1	FALSE	FALSE	TRUE	TRUE	FALSE	FALSE	FALSE
DD:SE:210441	DD	SE	ENSG00000166411	IDH3A	3	1	TRUE	FALSE	TRUE	TRUE	TRUE	TRUE	FALSE
DD:SE:210568	DD	SE	ENSG00000128513	POT1	13	3	TRUE	TRUE	TRUE	TRUE	FALSE	TRUE	TRUE
DD:SE:210765	DD	SE	ENSG00000103888	CEMIP	6	1	FALSE	TRUE	TRUE	TRUE	TRUE	FALSE	TRUE
DD:SE:211011	DD	SE	ENSG00000064726	BTBD1	2	3	TRUE	FALSE	TRUE	TRUE	TRUE	TRUE	FALSE
DD:SE:211016	DD	SE	ENSG00000064726	BTBD1	3	2	TRUE	TRUE	TRUE	TRUE	FALSE	TRUE	TRUE
DD:SE:211023	DD	SE	ENSG00000173660	UQCRH	1	1	TRUE	FALSE	TRUE	TRUE	TRUE	TRUE	FALSE
DD:SE:211560	DD	SE	ENSG00000157823	AP3S2	1	2	TRUE	TRUE	TRUE	TRUE	FALSE	TRUE	TRUE
DD:SE:211734	DD	SE	ENSG00000174928	C3orf33	1	3	TRUE	TRUE	TRUE	TRUE	FALSE	TRUE	TRUE
DD:SE:211917	DD	SE	ENSG00000119689	DLST	1	1	FALSE	FALSE	TRUE	TRUE	FALSE	FALSE	FALSE
DD:SE:212396	DD	SE	ENSG00000131873	CHSY1	2	8	TRUE	FALSE	TRUE	TRUE	TRUE	TRUE	FALSE
DD:SE:212411	DD	SE	ENSG00000131876	SNRPA1	1	1	FALSE	TRUE	TRUE	TRUE	TRUE	FALSE	TRUE
DD:SE:212580	DD	SE	ENSG00000242612	DECR2	1	4	FALSE	TRUE	TRUE	TRUE	TRUE	FALSE	TRUE
DD:SE:212583	DD	SE	ENSG00000242612	DECR2	1	4	TRUE	TRUE	TRUE	TRUE	FALSE	TRUE	TRUE
DD:SE:212629	DD	SE	ENSG00000186111	PIP5K1C	1	12	FALSE	TRUE	TRUE	TRUE	TRUE	FALSE	TRUE
DD:SE:212674	DD	SE	ENSG00000130731	METTL26	5	2	TRUE	TRUE	TRUE	TRUE	FALSE	TRUE	TRUE
DD:SE:212812	DD	SE	ENSG00000151575	TEX9	1	1	TRUE	TRUE	TRUE	TRUE	FALSE	TRUE	TRUE
DD:SE:212871	DD	SE	ENSG00000105618	PRPF31	3	1	FALSE	TRUE	TRUE	TRUE	TRUE	FALSE	TRUE
DD:SE:213163	DD	SE	ENSG00000158161	EYA3	4	9	TRUE	FALSE	TRUE	TRUE	TRUE	TRUE	FALSE
DD:SE:213300	DD	SE	ENSG00000162063	CCNF	11	2	FALSE	TRUE	TRUE	TRUE	TRUE	FALSE	TRUE
DD:SE:213411	DD	SE	ENSG00000152348	ATG10	4	1	FALSE	FALSE	TRUE	TRUE	FALSE	FALSE	FALSE
DD:SE:213581	DD	SE	ENSG00000103351	CLUAP1	4	1	FALSE	TRUE	TRUE	TRUE	TRUE	FALSE	TRUE
DD:SE:213733	DD	SE	ENSG00000153406	NMRAL1	3	4	FALSE	FALSE	TRUE	TRUE	FALSE	FALSE	FALSE
DD:SE:213888	DD	SE	ENSG00000141646	SMAD4	3	12	TRUE	FALSE	TRUE	TRUE	TRUE	TRUE	FALSE
DD:SE:214017	DD	SE	ENSG00000154920	EME1	2	2	FALSE	FALSE	TRUE	TRUE	FALSE	FALSE	FALSE
DD:SE:214088	DD	SE	ENSG00000158411	MITD1	3	7	TRUE	TRUE	TRUE	TRUE	FALSE	TRUE	TRUE
DD:SE:214108	DD	SE	ENSG00000113240	CLK4	2	3	FALSE	FALSE	TRUE	TRUE	FALSE	FALSE	FALSE
DD:SE:214110	DD	SE	ENSG00000113240	CLK4	2	3	FALSE	FALSE	TRUE	TRUE	FALSE	FALSE	FALSE
DD:SE:214134	DD	SE	ENSG00000038532	CLEC16A	17	1	FALSE	TRUE	TRUE	TRUE	TRUE	FALSE	TRUE
DD:SE:214200	DD	SE	ENSG00000103067	ESRP2	8	2	TRUE	FALSE	TRUE	TRUE	TRUE	TRUE	FALSE
DD:SE:214311	DD	SE	ENSG00000166401	SERPINB8	7	1	FALSE	TRUE	TRUE	TRUE	TRUE	FALSE	TRUE
DD:SE:214352	DD	SE	ENSG00000140694	PARN	7	1	FALSE	TRUE	TRUE	TRUE	TRUE	FALSE	TRUE
DD:SE:214590	DD	SE	ENSG00000166780	BMERB1	3	1	FALSE	FALSE	TRUE	TRUE	FALSE	FALSE	FALSE
DD:SE:214679	DD	SE	ENSG00000067182	TNFRSF1A	1	4	TRUE	FALSE	TRUE	TRUE	TRUE	TRUE	FALSE
DD:SE:214806	DD	SE	ENSG00000102606	ARHGEF7	16	2	FALSE	TRUE	TRUE	TRUE	TRUE	FALSE	TRUE
DD:SE:214955	DD	SE	ENSG00000088766	CRLS1	4	1	FALSE	FALSE	TRUE	TRUE	FALSE	FALSE	FALSE
DD:SE:214981	DD	SE	ENSG00000088766	CRLS1	4	1	FALSE	TRUE	TRUE	TRUE	TRUE	FALSE	TRUE
DD:SE:215234	DD	SE	ENSG00000066654	THUMPD1	3	1	TRUE	FALSE	TRUE	TRUE	TRUE	TRUE	FALSE
DD:SE:215440	DD	SE	ENSG00000106541	AGR2	2	2	FALSE	FALSE	TRUE	TRUE	FALSE	FALSE	FALSE
DD:SE:215607	DD	SE	ENSG00000083093	PALB2	4	2	FALSE	TRUE	TRUE	TRUE	TRUE	FALSE	TRUE
DD:SE:215680	DD	SE	ENSG00000155666	KDM8	2	2	TRUE	FALSE	TRUE	TRUE	TRUE	TRUE	FALSE
DD:SE:215707	DD	SE	ENSG00000163701	IL17RE	8	2	TRUE	FALSE	TRUE	TRUE	TRUE	TRUE	FALSE
DD:SE:215956	DD	SE	ENSG00000265808	SEC22B	3	1	FALSE	FALSE	TRUE	FALSE	NA	FALSE	FALSE
DD:SE:215986	DD	SE	ENSG00000029725	RABEP1	7	1	FALSE	FALSE	TRUE	TRUE	FALSE	FALSE	FALSE
DD:SE:215991	DD	SE	ENSG00000029725	RABEP1	5	1	FALSE	FALSE	TRUE	TRUE	FALSE	FALSE	FALSE
DD:SE:216068	DD	SE	ENSG00000149923	PPP4C	3	1	FALSE	TRUE	TRUE	TRUE	TRUE	FALSE	TRUE
DD:SE:216159	DD	SE	ENSG00000156858	PRR14	5	3	FALSE	TRUE	TRUE	TRUE	TRUE	FALSE	TRUE
DD:SE:216224	DD	SE	ENSG00000103507	BCKDK	2	1	FALSE	TRUE	TRUE	TRUE	TRUE	FALSE	TRUE
DD:SE:216249	DD	SE	ENSG00000138018	SELENOI	2	1	TRUE	TRUE	TRUE	TRUE	FALSE	TRUE	TRUE
DD:SE:216330	DD	SE	ENSG00000089280	FUS	2	2	FALSE	TRUE	TRUE	TRUE	TRUE	FALSE	TRUE
DD:SE:216361	DD	SE	ENSG00000140688	RUSF1	1	1	FALSE	TRUE	TRUE	TRUE	TRUE	FALSE	TRUE
DD:SE:216493	DD	SE	ENSG00000140859	KIFC3	2	4	FALSE	FALSE	TRUE	TRUE	FALSE	FALSE	FALSE
DD:SE:216698	DD	SE	ENSG00000109618	SEPSECS	10	1	TRUE	TRUE	TRUE	TRUE	FALSE	TRUE	TRUE
DD:SE:216913	DD	SE	ENSG00000130734	ATG4D	2	2	TRUE	FALSE	TRUE	TRUE	TRUE	TRUE	FALSE
DD:SE:217015	DD	SE	ENSG00000166164	BRD7	6	1	FALSE	TRUE	TRUE	TRUE	TRUE	FALSE	TRUE
DD:SE:217203	DD	SE	ENSG00000159461	AMFR	3	1	FALSE	TRUE	TRUE	TRUE	TRUE	FALSE	TRUE
DD:SE:217322	DD	SE	ENSG00000102900	NUP93	1	1	FALSE	TRUE	TRUE	TRUE	TRUE	FALSE	TRUE
DD:SE:217645	DD	SE	ENSG00000103037	SETD6	2	2	TRUE	TRUE	TRUE	TRUE	FALSE	TRUE	TRUE
DD:SE:217649	DD	SE	ENSG00000103037	SETD6	4	2	FALSE	TRUE	TRUE	TRUE	TRUE	FALSE	TRUE
DD:SE:217880	DD	SE	ENSG00000160953	PWWP3A	1	3	FALSE	TRUE	TRUE	TRUE	TRUE	FALSE	TRUE
DD:SE:217882	DD	SE	ENSG00000160953	PWWP3A	1	3	FALSE	TRUE	TRUE	TRUE	TRUE	FALSE	TRUE
DD:SE:217901	DD	SE	ENSG00000160953	PWWP3A	5	1	FALSE	TRUE	TRUE	TRUE	TRUE	FALSE	TRUE
DD:SE:218049	DD	SE	ENSG00000105135	ILVBL	4	1	TRUE	TRUE	TRUE	TRUE	FALSE	TRUE	TRUE
DD:SE:218205	DD	SE	ENSG00000124067	SLC12A4	5	1	TRUE	TRUE	TRUE	TRUE	FALSE	TRUE	TRUE
DD:SE:218211	DD	SE	ENSG00000124067	SLC12A4	1	5	FALSE	TRUE	TRUE	TRUE	TRUE	FALSE	TRUE
DD:SE:218242	DD	SE	ENSG00000189077	TMEM120A	4	2	TRUE	TRUE	TRUE	TRUE	FALSE	TRUE	TRUE
DD:SE:218385	DD	SE	ENSG00000039068	CDH1	2	1	TRUE	TRUE	TRUE	TRUE	FALSE	TRUE	TRUE
DD:SE:218412	DD	SE	ENSG00000103047	TANGO6	7	1	FALSE	TRUE	TRUE	TRUE	TRUE	FALSE	TRUE
DD:SE:218465	DD	SE	ENSG00000141076	UTP4	4	1	FALSE	TRUE	TRUE	TRUE	TRUE	FALSE	TRUE
DD:SE:218605	DD	SE	ENSG00000090857	PDPR	11	3	TRUE	TRUE	TRUE	TRUE	FALSE	TRUE	TRUE
DD:SE:218640	DD	SE	ENSG00000090861	AARS1	7	1	TRUE	TRUE	TRUE	TRUE	FALSE	TRUE	TRUE
DD:SE:218676	DD	SE	ENSG00000157349	DDX19B	2	1	FALSE	FALSE	TRUE	TRUE	FALSE	FALSE	FALSE
DD:SE:218729	DD	SE	ENSG00000168872	DDX19A	1	2	FALSE	FALSE	TRUE	TRUE	FALSE	FALSE	FALSE
DD:SE:218772	DD	SE	ENSG00000125753	VASP	1	1	FALSE	TRUE	TRUE	TRUE	TRUE	FALSE	TRUE
DD:SE:218880	DD	SE	ENSG00000196911	KPNA5	3	1	FALSE	FALSE	TRUE	TRUE	FALSE	FALSE	FALSE
DD:SE:219262	DD	SE	ENSG00000148187	MRRF	1	6	TRUE	FALSE	TRUE	TRUE	TRUE	TRUE	FALSE
DD:SE:219459	DD	SE	ENSG00000065427	KARS1	2	1	FALSE	FALSE	TRUE	TRUE	FALSE	FALSE	FALSE
DD:SE:219784	DD	SE	ENSG00000101199	ARFGAP1	4	1	TRUE	TRUE	TRUE	TRUE	FALSE	TRUE	TRUE
DD:SE:219861	DD	SE	ENSG00000128833	MYO5C	8	1	TRUE	FALSE	TRUE	TRUE	TRUE	TRUE	FALSE
DD:SE:220383	DD	SE	ENSG00000141002	TCF25	1	6	FALSE	FALSE	TRUE	TRUE	FALSE	FALSE	FALSE
DD:SE:220401	DD	SE	ENSG00000141002	TCF25	5	1	FALSE	FALSE	TRUE	TRUE	FALSE	FALSE	FALSE
DD:SE:220498	DD	SE	ENSG00000181031	RPH3AL	11	3	FALSE	TRUE	TRUE	TRUE	TRUE	FALSE	TRUE
DD:SE:220824	DD	SE	ENSG00000132376	INPP5K	3	1	FALSE	FALSE	TRUE	TRUE	FALSE	FALSE	FALSE
DD:SE:221140	DD	SE	ENSG00000127804	METTL16	12	1	TRUE	FALSE	TRUE	TRUE	TRUE	TRUE	FALSE
DD:SE:221360	DD	SE	ENSG00000164576	SAP30L	1	3	FALSE	FALSE	FALSE	TRUE	NA	FALSE	FALSE
DD:SE:221361	DD	SE	ENSG00000164576	SAP30L	1	3	TRUE	FALSE	TRUE	TRUE	TRUE	TRUE	FALSE
DD:SE:221430	DD	SE	ENSG00000025772	TOMM34	1	1	FALSE	TRUE	TRUE	TRUE	TRUE	FALSE	TRUE
DD:SE:221478	DD	SE	ENSG00000091640	SPAG7	2	1	FALSE	TRUE	TRUE	TRUE	TRUE	FALSE	TRUE
DD:SE:221556	DD	SE	ENSG00000119326	CTNNAL1	4	1	TRUE	TRUE	TRUE	TRUE	FALSE	TRUE	TRUE
DD:SE:221558	DD	SE	ENSG00000119326	CTNNAL1	4	1	TRUE	TRUE	TRUE	TRUE	FALSE	TRUE	TRUE
DD:SE:221580	DD	SE	ENSG00000119326	CTNNAL1	4	1	TRUE	FALSE	TRUE	TRUE	TRUE	TRUE	FALSE
DD:SE:221650	DD	SE	ENSG00000108559	NUP88	4	2	TRUE	TRUE	TRUE	TRUE	FALSE	TRUE	TRUE
DD:SE:221665	DD	SE	ENSG00000108559	NUP88	2	6	TRUE	TRUE	TRUE	TRUE	FALSE	TRUE	TRUE
DD:SE:221701	DD	SE	ENSG00000134716	CYP2J2	1	2	TRUE	FALSE	TRUE	TRUE	TRUE	TRUE	FALSE
DD:SE:221819	DD	SE	ENSG00000132530	XAF1	7	12	TRUE	FALSE	TRUE	TRUE	TRUE	TRUE	FALSE
DD:SE:222116	DD	SE	ENSG00000141504	SAT2	2	1	FALSE	FALSE	FALSE	TRUE	NA	FALSE	FALSE
DD:SE:222164	DD	SE	ENSG00000101782	RIOK3	3	2	TRUE	TRUE	TRUE	TRUE	FALSE	TRUE	TRUE
DD:SE:222410	DD	SE	ENSG00000171311	EXOSC1	5	1	TRUE	FALSE	TRUE	FALSE	NA	TRUE	FALSE
DD:SE:222421	DD	SE	ENSG00000171311	EXOSC1	1	3	FALSE	TRUE	TRUE	TRUE	TRUE	FALSE	TRUE
DD:SE:222433	DD	SE	ENSG00000178999	AURKB	8	1	FALSE	FALSE	TRUE	TRUE	FALSE	FALSE	FALSE
DD:SE:222505	DD	SE	ENSG00000178921	PFAS	15	2	TRUE	TRUE	TRUE	TRUE	FALSE	TRUE	TRUE
DD:SE:222590	DD	SE	ENSG00000154914	USP43	5	1	TRUE	FALSE	TRUE	TRUE	TRUE	TRUE	FALSE
DD:SE:222719	DD	SE	ENSG00000159423	ALDH4A1	3	1	FALSE	TRUE	TRUE	TRUE	TRUE	FALSE	TRUE
DD:SE:222808	DD	SE	ENSG00000154832	CXXC1	1	5	FALSE	TRUE	TRUE	TRUE	TRUE	FALSE	TRUE
DD:SE:223059	DD	SE	ENSG00000175662	TOM1L2	8	1	TRUE	TRUE	TRUE	TRUE	FALSE	TRUE	TRUE
DD:SE:223084	DD	SE	ENSG00000171953	ATPAF2	1	2	TRUE	FALSE	TRUE	TRUE	TRUE	TRUE	FALSE
DD:SE:223088	DD	SE	ENSG00000171953	ATPAF2	2	1	FALSE	TRUE	TRUE	TRUE	TRUE	FALSE	TRUE
DD:SE:223095	DD	SE	ENSG00000171953	ATPAF2	3	1	TRUE	FALSE	TRUE	TRUE	TRUE	TRUE	FALSE
DD:SE:223208	DD	SE	ENSG00000177731	FLII	12	1	FALSE	TRUE	TRUE	TRUE	TRUE	FALSE	TRUE
DD:SE:223497	DD	SE	ENSG00000076984	MAP2K7	1	3	FALSE	FALSE	TRUE	TRUE	FALSE	FALSE	FALSE
DD:SE:223521	DD	SE	ENSG00000108599	AKAP10	10	1	TRUE	TRUE	TRUE	TRUE	FALSE	TRUE	TRUE
DD:SE:223610	DD	SE	ENSG00000204611	ZNF616	1	2	FALSE	FALSE	TRUE	TRUE	FALSE	FALSE	FALSE
DD:SE:223633	DD	SE	ENSG00000109016	DHRS7B	2	1	FALSE	TRUE	TRUE	TRUE	TRUE	FALSE	TRUE
DD:SE:223825	DD	SE	ENSG00000244045	TMEM199	1	2	TRUE	FALSE	TRUE	TRUE	TRUE	TRUE	FALSE
DD:SE:223830	DD	SE	ENSG00000076351	SLC46A1	6	1	TRUE	FALSE	TRUE	TRUE	TRUE	TRUE	FALSE
DD:SE:224331	DD	SE	ENSG00000117859	OSBPL9	4	2	FALSE	TRUE	TRUE	TRUE	TRUE	FALSE	TRUE
DD:SE:224490	DD	SE	ENSG00000108587	GOSR1	4	1	FALSE	TRUE	TRUE	TRUE	TRUE	FALSE	TRUE
DD:SE:224562	DD	SE	ENSG00000099219	ERMP1	5	2	TRUE	TRUE	TRUE	TRUE	FALSE	TRUE	TRUE
DD:SE:224565	DD	SE	ENSG00000099219	ERMP1	2	2	TRUE	FALSE	TRUE	TRUE	TRUE	TRUE	FALSE
DD:SE:224609	DD	SE	ENSG00000115241	PPM1G	2	1	FALSE	FALSE	TRUE	TRUE	FALSE	FALSE	FALSE
DD:SE:224694	DD	SE	ENSG00000088280	ASAP3	1	1	FALSE	FALSE	TRUE	TRUE	FALSE	FALSE	FALSE
DD:SE:224723	DD	SE	ENSG00000108651	UTP6	5	1	FALSE	TRUE	TRUE	TRUE	TRUE	FALSE	TRUE
DD:SE:224725	DD	SE	ENSG00000108651	UTP6	5	1	TRUE	FALSE	TRUE	TRUE	TRUE	TRUE	FALSE
DD:SE:224730	DD	SE	ENSG00000108651	UTP6	5	1	TRUE	FALSE	TRUE	TRUE	TRUE	TRUE	FALSE
DD:SE:224930	DD	SE	ENSG00000081177	EXD2	9	2	FALSE	FALSE	TRUE	TRUE	FALSE	FALSE	FALSE
DD:SE:225028	DD	SE	ENSG00000140374	ETFA	1	1	FALSE	TRUE	TRUE	TRUE	TRUE	FALSE	TRUE
DD:SE:225139	DD	SE	ENSG00000185379	RAD51D	2	2	TRUE	FALSE	TRUE	TRUE	TRUE	TRUE	FALSE
DD:SE:225185	DD	SE	ENSG00000139687	RB1	11	1	FALSE	TRUE	TRUE	TRUE	TRUE	FALSE	TRUE
DD:SE:225479	DD	SE	ENSG00000276234	TADA2A	8	3	TRUE	TRUE	TRUE	TRUE	FALSE	TRUE	TRUE
DD:SE:225950	DD	SE	ENSG00000108349	CASC3	4	1	FALSE	FALSE	TRUE	TRUE	FALSE	FALSE	FALSE
DD:SE:225957	DD	SE	ENSG00000100226	GTPBP1	2	2	TRUE	TRUE	TRUE	TRUE	FALSE	TRUE	TRUE
DD:SE:226001	DD	SE	ENSG00000073584	SMARCE1	1	1	FALSE	FALSE	TRUE	TRUE	FALSE	FALSE	FALSE
DD:SE:226131	DD	SE	ENSG00000141696	P3H4	5	2	TRUE	TRUE	TRUE	TRUE	FALSE	TRUE	TRUE
DD:SE:226133	DD	SE	ENSG00000141696	P3H4	1	1	FALSE	TRUE	TRUE	TRUE	TRUE	FALSE	TRUE
DD:SE:226161	DD	SE	ENSG00000141698	NT5C3B	6	1	FALSE	FALSE	TRUE	FALSE	NA	FALSE	FALSE
DD:SE:226189	DD	SE	ENSG00000168259	DNAJC7	1	3	TRUE	TRUE	TRUE	TRUE	FALSE	TRUE	TRUE
DD:SE:226218	DD	SE	ENSG00000168259	DNAJC7	1	3	TRUE	TRUE	TRUE	TRUE	FALSE	TRUE	TRUE
DD:SE:226282	DD	SE	ENSG00000093144	ECHDC1	1	4	TRUE	FALSE	TRUE	TRUE	TRUE	TRUE	FALSE
DD:SE:226439	DD	SE	ENSG00000266967	AARSD1	2	2	TRUE	TRUE	TRUE	TRUE	FALSE	TRUE	TRUE
DD:SE:227213	DD	SE	ENSG00000136448	NMT1	1	3	TRUE	TRUE	TRUE	TRUE	FALSE	TRUE	TRUE
DD:SE:227562	DD	SE	ENSG00000185480	PARPBP	3	2	FALSE	FALSE	TRUE	TRUE	FALSE	FALSE	FALSE
DD:SE:227904	DD	SE	ENSG00000167107	ACSF2	3	3	TRUE	TRUE	TRUE	TRUE	FALSE	TRUE	TRUE
DD:SE:228188	DD	SE	ENSG00000011143	MKS1	7	2	FALSE	TRUE	TRUE	TRUE	TRUE	FALSE	TRUE
DD:SE:228267	DD	SE	ENSG00000108384	RAD51C	6	1	FALSE	TRUE	TRUE	TRUE	TRUE	FALSE	TRUE
DD:SE:228271	DD	SE	ENSG00000108384	RAD51C	2	7	TRUE	TRUE	TRUE	TRUE	FALSE	TRUE	TRUE
DD:SE:228583	DD	SE	ENSG00000128708	HAT1	3	1	FALSE	FALSE	TRUE	TRUE	FALSE	FALSE	FALSE
DD:SE:228677	DD	SE	ENSG00000108443	RPS6KB1	1	10	FALSE	TRUE	TRUE	TRUE	TRUE	FALSE	TRUE
DD:SE:228718	DD	SE	ENSG00000189050	RNFT1	2	2	FALSE	TRUE	TRUE	TRUE	TRUE	FALSE	TRUE
DD:SE:228719	DD	SE	ENSG00000189050	RNFT1	1	2	FALSE	TRUE	TRUE	TRUE	TRUE	FALSE	TRUE
DD:SE:228820	DD	SE	ENSG00000170836	PPM1D	1	1	FALSE	TRUE	TRUE	TRUE	TRUE	FALSE	TRUE
DD:SE:228825	DD	SE	ENSG00000170836	PPM1D	1	1	FALSE	FALSE	TRUE	TRUE	FALSE	FALSE	FALSE
DD:SE:228993	DD	SE	ENSG00000198231	DDX42	5	1	FALSE	FALSE	TRUE	TRUE	FALSE	FALSE	FALSE
DD:SE:229004	DD	SE	ENSG00000108592	FTSJ3	3	2	FALSE	TRUE	TRUE	TRUE	TRUE	FALSE	TRUE
DD:SE:229111	DD	SE	ENSG00000136478	TEX2	4	1	FALSE	TRUE	TRUE	TRUE	TRUE	FALSE	TRUE
DD:SE:229174	DD	SE	ENSG00000165113	GKAP1	2	7	FALSE	FALSE	TRUE	TRUE	FALSE	FALSE	FALSE
DD:SE:229385	DD	SE	ENSG00000076003	MCM6	3	1	FALSE	TRUE	TRUE	TRUE	TRUE	FALSE	TRUE
DD:SE:229753	DD	SE	ENSG00000167862	MRPL58	1	2	FALSE	FALSE	TRUE	TRUE	FALSE	FALSE	FALSE
DD:SE:229789	DD	SE	ENSG00000124523	SIRT5	8	2	FALSE	TRUE	TRUE	TRUE	TRUE	FALSE	TRUE
DD:SE:229824	DD	SE	ENSG00000125458	NT5C	3	1	FALSE	TRUE	TRUE	TRUE	TRUE	FALSE	TRUE
DD:SE:229835	DD	SE	ENSG00000137269	LRRC1	3	3	FALSE	TRUE	TRUE	TRUE	TRUE	FALSE	TRUE
DD:SE:230113	DD	SE	ENSG00000186625	KATNA1	4	1	FALSE	FALSE	TRUE	TRUE	FALSE	FALSE	FALSE
DD:SE:230174	DD	SE	ENSG00000161533	ACOX1	2	1	FALSE	FALSE	TRUE	TRUE	FALSE	FALSE	FALSE
DD:SE:230176	DD	SE	ENSG00000161533	ACOX1	1	1	FALSE	FALSE	TRUE	TRUE	FALSE	FALSE	FALSE
DD:SE:230177	DD	SE	ENSG00000161533	ACOX1	1	2	TRUE	FALSE	TRUE	TRUE	TRUE	TRUE	FALSE
DD:SE:230200	DD	SE	ENSG00000167881	SRP68	1	1	FALSE	FALSE	TRUE	TRUE	FALSE	FALSE	FALSE
DD:SE:230243	DD	SE	ENSG00000178053	MLF1	1	1	FALSE	FALSE	TRUE	TRUE	FALSE	FALSE	FALSE
DD:SE:230298	DD	SE	ENSG00000070526	ST6GALNAC1	2	1	TRUE	TRUE	TRUE	TRUE	FALSE	TRUE	TRUE
DD:SE:230306	DD	SE	ENSG00000070526	ST6GALNAC1	1	2	TRUE	TRUE	TRUE	TRUE	FALSE	TRUE	TRUE
DD:SE:230331	DD	SE	ENSG00000070495	JMJD6	1	2	TRUE	FALSE	TRUE	TRUE	TRUE	TRUE	FALSE
DD:SE:230332	DD	SE	ENSG00000070495	JMJD6	1	2	TRUE	FALSE	TRUE	TRUE	TRUE	TRUE	FALSE
DD:SE:230464	DD	SE	ENSG00000141524	TMC6	8	2	FALSE	TRUE	TRUE	TRUE	TRUE	FALSE	TRUE
DD:SE:230506	DD	SE	ENSG00000183077	AFMID	1	1	FALSE	FALSE	TRUE	FALSE	NA	FALSE	FALSE
DD:SE:231082	DD	SE	ENSG00000164053	ATRIP	1	12	FALSE	TRUE	TRUE	TRUE	TRUE	FALSE	TRUE
DD:SE:231086	DD	SE	ENSG00000164053	ATRIP	12	1	TRUE	FALSE	TRUE	TRUE	TRUE	TRUE	FALSE
DD:SE:231152	DD	SE	ENSG00000171456	ASXL1	5	8	FALSE	TRUE	FALSE	TRUE	NA	FALSE	TRUE
DD:SE:231153	DD	SE	ENSG00000171456	ASXL1	1	9	FALSE	FALSE	TRUE	TRUE	FALSE	FALSE	FALSE
DD:SE:231459	DD	SE	ENSG00000112983	BRD8	10	2	FALSE	TRUE	TRUE	TRUE	TRUE	FALSE	TRUE
DD:SE:231545	DD	SE	ENSG00000129354	AP1M2	1	1	FALSE	TRUE	TRUE	TRUE	TRUE	FALSE	TRUE
DD:SE:231547	DD	SE	ENSG00000129354	AP1M2	1	1	FALSE	TRUE	TRUE	TRUE	TRUE	FALSE	TRUE
DD:SE:231654	DD	SE	ENSG00000163689	CFAP20DC	5	2	FALSE	FALSE	TRUE	TRUE	FALSE	FALSE	FALSE
DD:SE:231745	DD	SE	ENSG00000141385	AFG3L2	4	1	TRUE	TRUE	TRUE	TRUE	FALSE	TRUE	TRUE
DD:SE:231807	DD	SE	ENSG00000159140	SON	2	4	TRUE	FALSE	TRUE	TRUE	TRUE	TRUE	FALSE
DD:SE:231861	DD	SE	ENSG00000101624	CEP76	4	2	FALSE	TRUE	TRUE	TRUE	TRUE	FALSE	TRUE
DD:SE:231987	DD	SE	ENSG00000177150	FAM210A	1	2	FALSE	FALSE	TRUE	TRUE	FALSE	FALSE	FALSE
DD:SE:231989	DD	SE	ENSG00000177150	FAM210A	2	1	FALSE	FALSE	TRUE	FALSE	NA	FALSE	FALSE
DD:SE:232145	DD	SE	ENSG00000141446	ESCO1	1	2	TRUE	FALSE	TRUE	TRUE	TRUE	TRUE	FALSE
DD:SE:232173	DD	SE	ENSG00000158201	ABHD3	4	3	FALSE	TRUE	TRUE	TRUE	TRUE	FALSE	TRUE
DD:SE:232305	DD	SE	ENSG00000075234	TTC38	2	5	TRUE	TRUE	TRUE	TRUE	FALSE	TRUE	TRUE
DD:SE:232309	DD	SE	ENSG00000075234	TTC38	2	5	TRUE	TRUE	TRUE	TRUE	FALSE	TRUE	TRUE
DD:SE:232388	DD	SE	ENSG00000141380	SS18	1	3	FALSE	FALSE	TRUE	TRUE	FALSE	FALSE	FALSE
DD:SE:232593	DD	SE	ENSG00000153339	TRAPPC8	10	1	TRUE	FALSE	TRUE	TRUE	TRUE	TRUE	FALSE
DD:SE:232939	DD	SE	ENSG00000204604	ZNF468	1	3	FALSE	FALSE	TRUE	TRUE	FALSE	FALSE	FALSE
DD:SE:233031	DD	SE	ENSG00000104774	MAN2B1	2	1	FALSE	FALSE	TRUE	TRUE	FALSE	FALSE	FALSE
DD:SE:233129	DD	SE	ENSG00000082212	ME2	1	1	FALSE	TRUE	TRUE	TRUE	TRUE	FALSE	TRUE
DD:SE:233213	DD	SE	ENSG00000134046	MBD2	1	3	TRUE	FALSE	TRUE	TRUE	TRUE	TRUE	FALSE
DD:SE:233698	DD	SE	ENSG00000164307	ERAP1	8	1	TRUE	FALSE	TRUE	TRUE	TRUE	TRUE	FALSE
DD:SE:233740	DD	SE	ENSG00000134444	RELCH	8	2	TRUE	TRUE	TRUE	TRUE	FALSE	TRUE	TRUE
DD:SE:233765	DD	SE	ENSG00000134444	RELCH	1	3	FALSE	TRUE	TRUE	TRUE	TRUE	FALSE	TRUE
DD:SE:233770	DD	SE	ENSG00000134444	RELCH	1	3	FALSE	TRUE	TRUE	TRUE	TRUE	FALSE	TRUE
DD:SE:233838	DD	SE	ENSG00000119844	AFTPH	3	1	FALSE	TRUE	TRUE	TRUE	TRUE	FALSE	TRUE
DD:SE:233962	DD	SE	ENSG00000128573	FOXP2	19	2	TRUE	TRUE	TRUE	TRUE	FALSE	TRUE	TRUE
DD:SE:233991	DD	SE	ENSG00000034677	RNF19A	3	1	FALSE	FALSE	TRUE	TRUE	FALSE	FALSE	FALSE
DD:SE:234011	DD	SE	ENSG00000166479	TMX3	1	1	FALSE	FALSE	TRUE	TRUE	FALSE	FALSE	FALSE
DD:SE:234013	DD	SE	ENSG00000166479	TMX3	5	1	TRUE	TRUE	TRUE	TRUE	FALSE	TRUE	TRUE
DD:SE:234180	DD	SE	ENSG00000167904	TMEM68	3	1	FALSE	TRUE	TRUE	TRUE	TRUE	FALSE	TRUE
DD:SE:234252	DD	SE	ENSG00000141759	TXNL4A	2	2	TRUE	TRUE	TRUE	TRUE	FALSE	TRUE	TRUE
DD:SE:234268	DD	SE	ENSG00000141759	TXNL4A	2	2	TRUE	TRUE	TRUE	TRUE	FALSE	TRUE	TRUE
DD:SE:234385	DD	SE	ENSG00000011304	PTBP1	5	2	FALSE	TRUE	TRUE	TRUE	TRUE	FALSE	TRUE
DD:SE:234403	DD	SE	ENSG00000175221	MED16	6	1	TRUE	FALSE	TRUE	TRUE	TRUE	TRUE	FALSE
DD:SE:234538	DD	SE	ENSG00000099817	POLR2E	2	1	TRUE	TRUE	TRUE	TRUE	FALSE	TRUE	TRUE
DD:SE:234602	DD	SE	ENSG00000071626	DAZAP1	3	1	FALSE	FALSE	TRUE	TRUE	FALSE	FALSE	FALSE
DD:SE:235136	DD	SE	ENSG00000142002	DPP9	7	1	TRUE	FALSE	TRUE	FALSE	NA	TRUE	FALSE
DD:SE:235225	DD	SE	ENSG00000160633	SAFB	4	2	FALSE	FALSE	TRUE	TRUE	FALSE	FALSE	FALSE
DD:SE:235313	DD	SE	ENSG00000141994	DUS3L	2	1	FALSE	TRUE	TRUE	TRUE	TRUE	FALSE	TRUE
DD:SE:235898	DD	SE	ENSG00000206072	SERPINB11	3	2	TRUE	FALSE	TRUE	TRUE	TRUE	TRUE	FALSE
DD:SE:236018	DD	SE	ENSG00000105397	TYK2	7	1	TRUE	TRUE	TRUE	TRUE	FALSE	TRUE	TRUE
DD:SE:236073	DD	SE	ENSG00000079999	KEAP1	3	1	FALSE	TRUE	TRUE	TRUE	TRUE	FALSE	TRUE
DD:SE:236173	DD	SE	ENSG00000130164	LDLR	2	1	FALSE	TRUE	TRUE	TRUE	TRUE	FALSE	TRUE
DD:SE:236321	DD	SE	ENSG00000130159	ECSIT	1	3	TRUE	FALSE	TRUE	TRUE	TRUE	TRUE	FALSE
DD:SE:236492	DD	SE	ENSG00000131828	PDHA1	1	1	FALSE	TRUE	TRUE	TRUE	TRUE	FALSE	TRUE
DD:SE:236572	DD	SE	ENSG00000198356	GET3	1	1	FALSE	TRUE	TRUE	TRUE	TRUE	FALSE	TRUE
DD:SE:236647	DD	SE	ENSG00000179262	RAD23A	2	1	FALSE	TRUE	TRUE	TRUE	TRUE	FALSE	TRUE
DD:SE:236756	DD	SE	ENSG00000151092	NGLY1	4	1	FALSE	TRUE	TRUE	TRUE	TRUE	FALSE	TRUE
DD:SE:236759	DD	SE	ENSG00000151092	NGLY1	1	1	FALSE	TRUE	TRUE	TRUE	TRUE	FALSE	TRUE
DD:SE:236782	DD	SE	ENSG00000132003	ZSWIM4	16	1	FALSE	TRUE	TRUE	TRUE	TRUE	FALSE	TRUE
DD:SE:236811	DD	SE	ENSG00000065665	SEC61A2	4	1	TRUE	FALSE	TRUE	TRUE	TRUE	TRUE	FALSE
DD:SE:236813	DD	SE	ENSG00000065665	SEC61A2	1	4	FALSE	TRUE	TRUE	TRUE	TRUE	FALSE	TRUE
DD:SE:236814	DD	SE	ENSG00000065665	SEC61A2	4	1	TRUE	FALSE	TRUE	TRUE	TRUE	TRUE	FALSE
DD:SE:236928	DD	SE	ENSG00000123146	ADGRE5	18	1	TRUE	TRUE	TRUE	TRUE	FALSE	TRUE	TRUE
DD:SE:236935	DD	SE	ENSG00000123136	DDX39A	2	2	TRUE	TRUE	TRUE	TRUE	FALSE	TRUE	TRUE
DD:SE:236936	DD	SE	ENSG00000123136	DDX39A	1	2	FALSE	TRUE	TRUE	TRUE	TRUE	FALSE	TRUE
DD:SE:237074	DD	SE	ENSG00000136381	IREB2	6	1	FALSE	TRUE	TRUE	TRUE	TRUE	FALSE	TRUE
DD:SE:237175	DD	SE	ENSG00000186529	CYP4F3	9	1	TRUE	FALSE	TRUE	TRUE	TRUE	TRUE	FALSE
DD:SE:237191	DD	SE	ENSG00000138639	ARHGAP24	8	1	FALSE	FALSE	TRUE	TRUE	FALSE	FALSE	FALSE
DD:SE:237241	DD	SE	ENSG00000171903	CYP4F11	7	2	FALSE	FALSE	TRUE	TRUE	FALSE	FALSE	FALSE
DD:SE:237282	DD	SE	ENSG00000127527	EPS15L1	1	1	TRUE	FALSE	TRUE	TRUE	TRUE	TRUE	FALSE
DD:SE:237288	DD	SE	ENSG00000127527	EPS15L1	3	3	FALSE	TRUE	TRUE	TRUE	TRUE	FALSE	TRUE
DD:SE:237380	DD	SE	ENSG00000185133	INPP5J	1	4	TRUE	TRUE	TRUE	TRUE	FALSE	TRUE	TRUE
DD:SE:237397	DD	SE	ENSG00000131351	HAUS8	5	1	TRUE	FALSE	TRUE	TRUE	TRUE	TRUE	FALSE
DD:SE:237513	DD	SE	ENSG00000130313	PGLS	1	2	TRUE	FALSE	TRUE	TRUE	TRUE	TRUE	FALSE
DD:SE:237561	DD	SE	ENSG00000130309	COLGALT1	1	3	TRUE	FALSE	TRUE	TRUE	TRUE	TRUE	FALSE
DD:SE:237766	DD	SE	ENSG00000105656	ELL	4	1	FALSE	FALSE	TRUE	TRUE	FALSE	FALSE	FALSE
DD:SE:238113	DD	SE	ENSG00000105705	SUGP1	3	1	TRUE	FALSE	TRUE	TRUE	TRUE	TRUE	FALSE
DD:SE:238378	DD	SE	ENSG00000173894	CBX2	11	2	TRUE	TRUE	TRUE	TRUE	FALSE	TRUE	TRUE
DD:SE:238400	DD	SE	ENSG00000140416	TPM1	1	4	TRUE	FALSE	TRUE	TRUE	TRUE	TRUE	FALSE
DD:SE:238432	DD	SE	ENSG00000113597	TRAPPC13	6	1	FALSE	FALSE	TRUE	TRUE	FALSE	FALSE	FALSE
DD:SE:238654	DD	SE	ENSG00000124160	NCOA5	2	2	FALSE	FALSE	TRUE	TRUE	FALSE	FALSE	FALSE
DD:SE:238697	DD	SE	ENSG00000204954	UQCC6	4	4	FALSE	FALSE	TRUE	TRUE	FALSE	FALSE	FALSE
DD:SE:238699	DD	SE	ENSG00000204954	UQCC6	3	4	TRUE	FALSE	TRUE	TRUE	TRUE	TRUE	FALSE
DD:SE:238780	DD	SE	ENSG00000178904	DPY19L3	7	3	FALSE	TRUE	TRUE	TRUE	TRUE	FALSE	TRUE
DD:SE:238822	DD	SE	ENSG00000115750	TAF1B	5	2	FALSE	TRUE	TRUE	TRUE	TRUE	FALSE	TRUE
DD:SE:238881	DD	SE	ENSG00000161955	TNFSF13	7	1	FALSE	TRUE	TRUE	TRUE	TRUE	FALSE	TRUE
DD:SE:239113	DD	SE	ENSG00000126261	UBA2	1	2	FALSE	FALSE	TRUE	TRUE	FALSE	FALSE	FALSE
DD:SE:239215	DD	SE	ENSG00000171861	MRM3	2	1	FALSE	TRUE	TRUE	TRUE	TRUE	FALSE	TRUE
DD:SE:239362	DD	SE	ENSG00000181392	SYNE4	6	4	FALSE	TRUE	TRUE	TRUE	TRUE	FALSE	TRUE
DD:SE:239788	DD	SE	ENSG00000198858	R3HDM4	6	1	FALSE	TRUE	TRUE	TRUE	TRUE	FALSE	TRUE
DD:SE:239905	DD	SE	ENSG00000171174	RBKS	8	2	TRUE	FALSE	TRUE	TRUE	TRUE	TRUE	FALSE
DD:SE:240031	DD	SE	ENSG00000068903	SIRT2	1	1	FALSE	FALSE	TRUE	TRUE	FALSE	FALSE	FALSE
DD:SE:240074	DD	SE	ENSG00000105197	TIMM50	2	1	FALSE	TRUE	TRUE	TRUE	TRUE	FALSE	TRUE
DD:SE:240193	DD	SE	ENSG00000160392	C19orf47	2	10	FALSE	FALSE	TRUE	TRUE	FALSE	FALSE	FALSE
DD:SE:240305	DD	SE	ENSG00000151779	NBAS	7	1	FALSE	TRUE	TRUE	TRUE	TRUE	FALSE	TRUE
DD:SE:240445	DD	SE	ENSG00000167600	CYP2S1	6	1	TRUE	FALSE	TRUE	TRUE	TRUE	TRUE	FALSE
DD:SE:240755	DD	SE	ENSG00000105755	ETHE1	2	2	FALSE	TRUE	TRUE	TRUE	TRUE	FALSE	TRUE
DD:SE:240913	DD	SE	ENSG00000174791	RIN1	6	1	FALSE	TRUE	TRUE	TRUE	TRUE	FALSE	TRUE
DD:SE:240929	DD	SE	ENSG00000142273	CBLC	6	3	TRUE	TRUE	TRUE	TRUE	FALSE	TRUE	TRUE
DD:SE:240939	DD	SE	ENSG00000142273	CBLC	2	2	TRUE	TRUE	TRUE	TRUE	FALSE	TRUE	TRUE
DD:SE:241001	DD	SE	ENSG00000034693	PEX3	3	1	TRUE	TRUE	TRUE	TRUE	FALSE	TRUE	TRUE
DD:SE:241381	DD	SE	ENSG00000112339	HBS1L	4	1	FALSE	TRUE	TRUE	TRUE	TRUE	FALSE	TRUE
DD:SE:241578	DD	SE	ENSG00000087076	HSD17B14	3	5	FALSE	TRUE	TRUE	TRUE	TRUE	FALSE	TRUE
DD:SE:241682	DD	SE	ENSG00000104872	PIH1D1	4	2	TRUE	FALSE	TRUE	TRUE	TRUE	TRUE	FALSE
DD:SE:241939	DD	SE	ENSG00000105053	VRK3	7	2	FALSE	TRUE	TRUE	TRUE	TRUE	FALSE	TRUE
DD:SE:242090	DD	SE	ENSG00000169035	KLK7	1	1	FALSE	FALSE	TRUE	TRUE	FALSE	FALSE	FALSE
DD:SE:242097	DD	SE	ENSG00000129455	KLK8	2	1	FALSE	FALSE	TRUE	TRUE	FALSE	FALSE	FALSE
DD:SE:242099	DD	SE	ENSG00000129455	KLK8	1	1	FALSE	FALSE	TRUE	TRUE	FALSE	FALSE	FALSE
DD:SE:242152	DD	SE	ENSG00000167703	SLC43A2	7	2	FALSE	TRUE	TRUE	TRUE	TRUE	FALSE	TRUE
DD:SE:242489	DD	SE	ENSG00000198346	ZNF813	10	2	TRUE	TRUE	TRUE	TRUE	FALSE	TRUE	TRUE
DD:SE:242565	DD	SE	ENSG00000089057	SLC23A2	16	2	TRUE	FALSE	TRUE	TRUE	TRUE	TRUE	FALSE
DD:SE:242657	DD	SE	ENSG00000170889	RPS9	3	3	TRUE	FALSE	TRUE	TRUE	TRUE	TRUE	FALSE
DD:SE:242776	DD	SE	ENSG00000131037	EPS8L1	4	1	FALSE	FALSE	TRUE	TRUE	FALSE	FALSE	FALSE
DD:SE:242951	DD	SE	ENSG00000052749	RRP12	3	1	FALSE	FALSE	TRUE	TRUE	FALSE	FALSE	FALSE
DD:SE:243138	DD	SE	ENSG00000148634	HERC4	1	5	FALSE	FALSE	TRUE	TRUE	FALSE	FALSE	FALSE
DD:SE:243174	DD	SE	ENSG00000196867	ZFP28	1	8	FALSE	FALSE	TRUE	TRUE	FALSE	FALSE	FALSE
DD:SE:243280	DD	SE	ENSG00000204514	ZNF814	1	1	FALSE	FALSE	TRUE	TRUE	FALSE	FALSE	FALSE
DD:SE:243442	DD	SE	ENSG00000125818	PSMF1	2	1	FALSE	FALSE	TRUE	TRUE	FALSE	FALSE	FALSE
DD:SE:243504	DD	SE	ENSG00000125835	SNRPB	2	2	TRUE	FALSE	TRUE	TRUE	TRUE	TRUE	FALSE
DD:SE:243510	DD	SE	ENSG00000013523	ANGEL1	2	2	TRUE	FALSE	TRUE	TRUE	TRUE	TRUE	FALSE
DD:SE:243796	DD	SE	ENSG00000092140	G2E3	7	2	FALSE	TRUE	TRUE	TRUE	TRUE	FALSE	TRUE
DD:SE:244054	DD	SE	ENSG00000125772	GPCPD1	5	3	FALSE	FALSE	TRUE	TRUE	FALSE	FALSE	FALSE
DD:SE:244056	DD	SE	ENSG00000125772	GPCPD1	3	1	FALSE	FALSE	TRUE	TRUE	FALSE	FALSE	FALSE
DD:SE:244176	DD	SE	ENSG00000149346	SLX4IP	1	1	FALSE	FALSE	TRUE	TRUE	FALSE	FALSE	FALSE
DD:SE:244220	DD	SE	ENSG00000101247	NDUFAF5	3	4	TRUE	FALSE	TRUE	TRUE	TRUE	TRUE	FALSE
DD:SE:244347	DD	SE	ENSG00000105671	DDX49	1	4	TRUE	TRUE	TRUE	TRUE	FALSE	TRUE	TRUE
DD:SE:244476	DD	SE	ENSG00000089351	GRAMD1A	5	1	FALSE	TRUE	TRUE	TRUE	TRUE	FALSE	TRUE
DD:SE:244630	DD	SE	ENSG00000154930	ACSS1	11	2	FALSE	TRUE	TRUE	TRUE	TRUE	FALSE	TRUE
DD:SE:244662	DD	SE	ENSG00000101003	GINS1	3	7	TRUE	TRUE	TRUE	TRUE	FALSE	TRUE	TRUE
DD:SE:245093	DD	SE	ENSG00000137648	TMPRSS4	3	2	FALSE	TRUE	TRUE	TRUE	TRUE	FALSE	TRUE
DD:SE:245175	DD	SE	ENSG00000101391	CDK5RAP1	5	1	TRUE	FALSE	TRUE	TRUE	TRUE	TRUE	FALSE
DD:SE:245506	DD	SE	ENSG00000244005	NFS1	1	3	FALSE	TRUE	TRUE	TRUE	TRUE	FALSE	TRUE
DD:SE:245566	DD	SE	ENSG00000131051	RBM39	4	5	TRUE	FALSE	TRUE	TRUE	TRUE	TRUE	FALSE
DD:SE:245769	DD	SE	ENSG00000080839	RBL1	1	1	FALSE	FALSE	TRUE	TRUE	FALSE	FALSE	FALSE
DD:SE:245833	DD	SE	ENSG00000073792	IGF2BP2	1	7	FALSE	TRUE	TRUE	TRUE	TRUE	FALSE	TRUE
DD:SE:246140	DD	SE	ENSG00000166913	YWHAB	1	3	TRUE	FALSE	TRUE	TRUE	TRUE	TRUE	FALSE
DD:SE:246141	DD	SE	ENSG00000166913	YWHAB	1	3	TRUE	FALSE	TRUE	TRUE	TRUE	TRUE	FALSE
DD:SE:246173	DD	SE	ENSG00000101104	PABPC1L	1	3	TRUE	TRUE	TRUE	TRUE	FALSE	TRUE	TRUE
DD:SE:246230	DD	SE	ENSG00000101473	ACOT8	1	4	TRUE	TRUE	TRUE	TRUE	FALSE	TRUE	TRUE
DD:SE:246753	DD	SE	ENSG00000240849	PEDS1	1	2	TRUE	FALSE	TRUE	TRUE	TRUE	TRUE	FALSE
DD:SE:246766	DD	SE	ENSG00000205670	SMIM11	3	1	FALSE	FALSE	FALSE	TRUE	NA	FALSE	FALSE
DD:SE:246819	DD	SE	ENSG00000000419	DPM1	6	1	TRUE	TRUE	TRUE	TRUE	FALSE	TRUE	TRUE
DD:SE:246841	DD	SE	ENSG00000117475	BLZF1	4	1	FALSE	FALSE	TRUE	TRUE	FALSE	FALSE	FALSE
DD:SE:246923	DD	SE	ENSG00000124164	VAPB	1	1	FALSE	FALSE	TRUE	TRUE	FALSE	FALSE	FALSE
DD:SE:247316	DD	SE	ENSG00000101187	SLCO4A1	10	8	TRUE	TRUE	TRUE	TRUE	FALSE	TRUE	TRUE
DD:SE:247410	DD	SE	ENSG00000101246	ARFRP1	6	1	FALSE	TRUE	TRUE	TRUE	TRUE	FALSE	TRUE
DD:SE:247463	DD	SE	ENSG00000101152	DNAJC5	1	5	TRUE	FALSE	TRUE	TRUE	TRUE	TRUE	FALSE
DD:SE:247557	DD	SE	ENSG00000170445	HARS1	1	2	TRUE	FALSE	TRUE	TRUE	TRUE	TRUE	FALSE
DD:SE:247878	DD	SE	ENSG00000154719	MRPL39	9	1	TRUE	FALSE	TRUE	TRUE	TRUE	TRUE	FALSE
DD:SE:248021	DD	SE	ENSG00000166979	EVA1C	3	3	TRUE	TRUE	TRUE	TRUE	FALSE	TRUE	TRUE
DD:SE:248027	DD	SE	ENSG00000166979	EVA1C	5	1	TRUE	TRUE	TRUE	TRUE	FALSE	TRUE	TRUE
DD:SE:248068	DD	SE	ENSG00000159082	SYNJ1	10	2	FALSE	FALSE	TRUE	TRUE	FALSE	FALSE	FALSE
DD:SE:248184	DD	SE	ENSG00000142188	TMEM50B	1	1	TRUE	FALSE	TRUE	TRUE	TRUE	TRUE	FALSE
DD:SE:248258	DD	SE	ENSG00000159147	DONSON	1	2	TRUE	FALSE	TRUE	TRUE	TRUE	TRUE	FALSE
DD:SE:248262	DD	SE	ENSG00000159147	DONSON	5	1	TRUE	TRUE	TRUE	TRUE	FALSE	TRUE	TRUE
DD:SE:248292	DD	SE	ENSG00000205758	CRYZL1	4	2	TRUE	TRUE	TRUE	TRUE	FALSE	TRUE	TRUE
DD:SE:248446	DD	SE	ENSG00000081154	PCNP	1	1	TRUE	FALSE	TRUE	TRUE	TRUE	TRUE	FALSE
DD:SE:248450	DD	SE	ENSG00000081154	PCNP	1	1	TRUE	FALSE	TRUE	TRUE	TRUE	TRUE	FALSE
DD:SE:248488	DD	SE	ENSG00000159256	MORC3	6	1	TRUE	FALSE	TRUE	TRUE	TRUE	TRUE	FALSE
DD:SE:248741	DD	SE	ENSG00000138756	BMP2K	14	3	TRUE	FALSE	TRUE	TRUE	TRUE	TRUE	FALSE
DD:SE:248788	DD	SE	ENSG00000157601	MX1	16	1	TRUE	TRUE	TRUE	TRUE	FALSE	TRUE	TRUE
DD:SE:248890	DD	SE	ENSG00000160214	RRP1	2	1	FALSE	TRUE	TRUE	TRUE	TRUE	FALSE	TRUE
DD:SE:248972	DD	SE	ENSG00000160218	TRAPPC10	1	6	TRUE	FALSE	TRUE	TRUE	TRUE	TRUE	FALSE
DD:SE:249287	DD	SE	ENSG00000099968	BCL2L13	7	1	FALSE	TRUE	TRUE	TRUE	TRUE	FALSE	TRUE
DD:SE:249293	DD	SE	ENSG00000099968	BCL2L13	6	4	FALSE	TRUE	TRUE	TRUE	TRUE	FALSE	TRUE
DD:SE:249369	DD	SE	ENSG00000184979	USP18	6	1	TRUE	TRUE	TRUE	TRUE	FALSE	TRUE	TRUE
DD:SE:249564	DD	SE	ENSG00000183597	TANGO2	4	7	FALSE	TRUE	TRUE	TRUE	TRUE	FALSE	TRUE
DD:SE:249571	DD	SE	ENSG00000183597	TANGO2	3	3	TRUE	FALSE	TRUE	TRUE	TRUE	TRUE	FALSE
DD:SE:249622	DD	SE	ENSG00000099917	MED15	2	4	FALSE	TRUE	TRUE	TRUE	TRUE	FALSE	TRUE
DD:SE:249904	DD	SE	ENSG00000182325	FBXL6	5	3	FALSE	FALSE	TRUE	TRUE	FALSE	FALSE	FALSE
DD:SE:249906	DD	SE	ENSG00000182325	FBXL6	1	3	FALSE	FALSE	TRUE	TRUE	FALSE	FALSE	FALSE
DD:SE:249968	DD	SE	ENSG00000073417	PDE8A	8	1	TRUE	TRUE	TRUE	TRUE	FALSE	TRUE	TRUE
DD:SE:250050	DD	SE	ENSG00000163811	WDR43	1	1	TRUE	FALSE	TRUE	TRUE	TRUE	TRUE	FALSE
DD:SE:251080	DD	SE	ENSG00000174915	PTDSS2	5	1	TRUE	FALSE	TRUE	TRUE	TRUE	TRUE	FALSE
DD:SE:251133	DD	SE	ENSG00000100353	EIF3D	1	1	FALSE	TRUE	TRUE	TRUE	TRUE	FALSE	TRUE
DD:SE:251135	DD	SE	ENSG00000100353	EIF3D	1	1	TRUE	TRUE	TRUE	TRUE	FALSE	TRUE	TRUE
DD:SE:251238	DD	SE	ENSG00000128340	RAC2	3	1	FALSE	FALSE	TRUE	TRUE	FALSE	FALSE	FALSE
DD:SE:251282	DD	SE	ENSG00000100092	SH3BP1	6	1	FALSE	FALSE	TRUE	TRUE	FALSE	FALSE	FALSE
DD:SE:251309	DD	SE	ENSG00000100116	GCAT	2	1	FALSE	FALSE	TRUE	TRUE	FALSE	FALSE	FALSE
DD:SE:251312	DD	SE	ENSG00000100116	GCAT	5	1	TRUE	FALSE	TRUE	TRUE	TRUE	TRUE	FALSE
DD:SE:251411	DD	SE	ENSG00000100129	EIF3L	1	1	FALSE	FALSE	TRUE	TRUE	FALSE	FALSE	FALSE
DD:SE:251538	DD	SE	ENSG00000213923	CSNK1E	2	6	FALSE	FALSE	TRUE	TRUE	FALSE	FALSE	FALSE
DD:SE:251649	DD	SE	ENSG00000148358	GPR107	4	1	FALSE	TRUE	TRUE	TRUE	TRUE	FALSE	TRUE
DD:SE:251692	DD	SE	ENSG00000239900	ADSL	3	1	TRUE	FALSE	TRUE	TRUE	TRUE	TRUE	FALSE
DD:SE:251728	DD	SE	ENSG00000196236	XPNPEP3	1	6	TRUE	TRUE	TRUE	TRUE	FALSE	TRUE	TRUE
DD:SE:251862	DD	SE	ENSG00000100413	POLR3H	1	3	FALSE	TRUE	TRUE	TRUE	TRUE	FALSE	TRUE
DD:SE:252086	DD	SE	ENSG00000184182	UBE2F	2	1	TRUE	TRUE	TRUE	TRUE	FALSE	TRUE	TRUE
DD:SE:252155	DD	SE	ENSG00000093000	NUP50	1	3	FALSE	FALSE	TRUE	TRUE	FALSE	FALSE	FALSE
DD:SE:252245	DD	SE	ENSG00000186951	PPARA	6	2	FALSE	FALSE	TRUE	TRUE	FALSE	FALSE	FALSE
DD:SE:252563	DD	SE	ENSG00000205593	DENND6B	11	8	FALSE	FALSE	TRUE	TRUE	FALSE	FALSE	FALSE
DD:SE:252709	DD	SE	ENSG00000079974	RABL2B	6	1	FALSE	TRUE	TRUE	TRUE	TRUE	FALSE	TRUE
DD:SE:253382	DD	SE	ENSG00000044446	PHKA2	14	2	FALSE	FALSE	TRUE	TRUE	FALSE	FALSE	FALSE
DD:SE:253618	DD	SE	ENSG00000130066	SAT1	1	1	TRUE	FALSE	TRUE	TRUE	TRUE	TRUE	FALSE
DD:SE:253647	DD	SE	ENSG00000101868	POLA1	15	3	TRUE	FALSE	TRUE	TRUE	TRUE	TRUE	FALSE
DD:SE:253667	DD	SE	ENSG00000101868	POLA1	10	2	FALSE	TRUE	TRUE	TRUE	TRUE	FALSE	TRUE
DD:SE:253704	DD	SE	ENSG00000088298	EDEM2	2	1	FALSE	FALSE	TRUE	TRUE	FALSE	FALSE	FALSE
DD:SE:253814	DD	SE	ENSG00000198947	DMD	8	3	FALSE	TRUE	TRUE	TRUE	TRUE	FALSE	TRUE
DD:SE:254285	DD	SE	ENSG00000069509	FUNDC1	1	1	FALSE	FALSE	TRUE	FALSE	NA	FALSE	FALSE
DD:SE:254293	DD	SE	ENSG00000147121	KRBOX4	11	1	TRUE	FALSE	TRUE	TRUE	TRUE	TRUE	FALSE
DD:SE:254338	DD	SE	ENSG00000137776	SLTM	2	2	FALSE	TRUE	TRUE	TRUE	TRUE	FALSE	TRUE
DD:SE:254343	DD	SE	ENSG00000137776	SLTM	4	2	FALSE	TRUE	TRUE	TRUE	TRUE	FALSE	TRUE
DD:SE:254384	DD	SE	ENSG00000102225	CDK16	1	1	FALSE	FALSE	TRUE	TRUE	FALSE	FALSE	FALSE
DD:SE:254561	DD	SE	ENSG00000164078	MST1R	5	2	FALSE	TRUE	TRUE	TRUE	TRUE	FALSE	TRUE
DD:SE:254695	DD	SE	ENSG00000196998	WDR45	1	8	FALSE	FALSE	TRUE	TRUE	FALSE	FALSE	FALSE
DD:SE:254799	DD	SE	ENSG00000244509	APOBEC3C	1	1	FALSE	TRUE	TRUE	TRUE	TRUE	FALSE	TRUE
DD:SE:255027	DD	SE	ENSG00000106080	FKBP14	2	2	TRUE	FALSE	TRUE	TRUE	TRUE	TRUE	FALSE
DD:SE:255103	DD	SE	ENSG00000102043	MTMR8	13	5	FALSE	TRUE	TRUE	TRUE	TRUE	FALSE	TRUE
DD:SE:255376	DD	SE	ENSG00000131269	ABCB7	3	1	FALSE	TRUE	TRUE	TRUE	TRUE	FALSE	TRUE
DD:SE:255501	DD	SE	ENSG00000075223	SEMA3C	1	13	FALSE	TRUE	TRUE	TRUE	TRUE	FALSE	TRUE
DD:SE:255603	DD	SE	ENSG00000198039	ZNF273	7	3	TRUE	FALSE	TRUE	TRUE	TRUE	TRUE	FALSE
DD:SE:255853	DD	SE	ENSG00000147231	RADX	3	1	TRUE	TRUE	TRUE	TRUE	FALSE	TRUE	TRUE
DD:SE:256025	DD	SE	ENSG00000139505	MTMR6	5	1	FALSE	TRUE	TRUE	TRUE	TRUE	FALSE	TRUE
DD:SE:256081	DD	SE	ENSG00000268104	SLC6A14	2	1	FALSE	TRUE	TRUE	TRUE	TRUE	FALSE	TRUE
DD:SE:256127	DD	SE	ENSG00000074266	EED	5	1	TRUE	TRUE	TRUE	TRUE	FALSE	TRUE	TRUE
DD:SE:256146	DD	SE	ENSG00000074266	EED	3	1	TRUE	TRUE	TRUE	TRUE	FALSE	TRUE	TRUE
DD:SE:256205	DD	SE	ENSG00000175556	LONRF3	13	2	TRUE	TRUE	TRUE	TRUE	FALSE	TRUE	TRUE
DD:SE:256265	DD	SE	ENSG00000018610	STEEP1	12	1	TRUE	TRUE	TRUE	TRUE	FALSE	TRUE	TRUE
DD:SE:256463	DD	SE	ENSG00000156709	AIFM1	1	1	FALSE	TRUE	TRUE	TRUE	TRUE	FALSE	TRUE
DD:SE:256637	DD	SE	ENSG00000198689	SLC9A6	5	1	FALSE	FALSE	TRUE	TRUE	FALSE	FALSE	FALSE
DD:A5SS:19	DD	A5SS	ENSG00000130826	DKC1	2	1	FALSE	FALSE	TRUE	TRUE	FALSE	FALSE	FALSE
DD:A5SS:89	DD	A5SS	ENSG00000165684	SNAPC4	5	1	TRUE	FALSE	TRUE	TRUE	TRUE	TRUE	FALSE
DD:A5SS:149	DD	A5SS	ENSG00000148356	LRSAM1	1	7	TRUE	TRUE	TRUE	TRUE	FALSE	TRUE	TRUE
DD:A5SS:190	DD	A5SS	ENSG00000147535	PLPP5	2	4	TRUE	FALSE	TRUE	TRUE	TRUE	TRUE	FALSE
DD:A5SS:215	DD	A5SS	ENSG00000105875	WDR91	2	7	TRUE	TRUE	TRUE	TRUE	FALSE	TRUE	TRUE
DD:A5SS:216	DD	A5SS	ENSG00000138698	RAP1GDS1	1	5	FALSE	FALSE	TRUE	TRUE	FALSE	FALSE	FALSE
DD:A5SS:306	DD	A5SS	ENSG00000116922	AIRIM	10	2	FALSE	TRUE	TRUE	TRUE	TRUE	FALSE	TRUE
DD:A5SS:366	DD	A5SS	ENSG00000160408	ST6GALNAC6	8	2	FALSE	TRUE	TRUE	TRUE	TRUE	FALSE	TRUE
DD:A5SS:398	DD	A5SS	ENSG00000061936	SFSWAP	6	2	FALSE	FALSE	TRUE	TRUE	FALSE	FALSE	FALSE
DD:A5SS:421	DD	A5SS	ENSG00000064313	TAF2	7	2	TRUE	FALSE	TRUE	TRUE	TRUE	TRUE	FALSE
DD:A5SS:456	DD	A5SS	ENSG00000128805	ARHGAP22	12	5	FALSE	FALSE	TRUE	TRUE	FALSE	FALSE	FALSE
DD:A5SS:473	DD	A5SS	ENSG00000131408	NR1H2	2	1	FALSE	FALSE	TRUE	TRUE	FALSE	FALSE	FALSE
DD:A5SS:502	DD	A5SS	ENSG00000104231	ZFAND1	3	2	FALSE	FALSE	TRUE	TRUE	FALSE	FALSE	FALSE
DD:A5SS:506	DD	A5SS	ENSG00000114745	GORASP1	1	1	TRUE	FALSE	TRUE	TRUE	TRUE	TRUE	FALSE
DD:A5SS:508	DD	A5SS	ENSG00000114745	GORASP1	3	1	TRUE	TRUE	TRUE	TRUE	FALSE	TRUE	TRUE
DD:A5SS:518	DD	A5SS	ENSG00000058063	ATP11B	3	2	FALSE	TRUE	TRUE	TRUE	TRUE	FALSE	TRUE
DD:A5SS:593	DD	A5SS	ENSG00000106628	POLD2	1	2	TRUE	FALSE	TRUE	TRUE	TRUE	TRUE	FALSE
DD:A5SS:604	DD	A5SS	ENSG00000168701	TMEM208	2	3	TRUE	FALSE	TRUE	TRUE	TRUE	TRUE	FALSE
DD:A5SS:655	DD	A5SS	ENSG00000147687	TATDN1	2	5	FALSE	FALSE	TRUE	TRUE	FALSE	FALSE	FALSE
DD:A5SS:678	DD	A5SS	ENSG00000132950	ZMYM5	3	1	FALSE	FALSE	TRUE	TRUE	FALSE	FALSE	FALSE
DD:A5SS:715	DD	A5SS	ENSG00000165233	CARD19	4	3	TRUE	TRUE	TRUE	TRUE	FALSE	TRUE	TRUE
DD:A5SS:800	DD	A5SS	ENSG00000122566	HNRNPA2B1	3	1	TRUE	FALSE	TRUE	TRUE	TRUE	TRUE	FALSE
DD:A5SS:818	DD	A5SS	ENSG00000120697	ALG5	3	1	TRUE	TRUE	TRUE	TRUE	FALSE	TRUE	TRUE
DD:A5SS:845	DD	A5SS	ENSG00000091127	PUS7	8	3	FALSE	TRUE	TRUE	TRUE	TRUE	FALSE	TRUE
DD:A5SS:855	DD	A5SS	ENSG00000106397	PLOD3	4	1	TRUE	FALSE	TRUE	TRUE	TRUE	TRUE	FALSE
DD:A5SS:877	DD	A5SS	ENSG00000221838	AP4M1	2	8	FALSE	TRUE	TRUE	TRUE	TRUE	FALSE	TRUE
DD:A5SS:889	DD	A5SS	ENSG00000197037	ZSCAN25	1	28	TRUE	TRUE	TRUE	TRUE	FALSE	TRUE	TRUE
DD:A5SS:939	DD	A5SS	ENSG00000106077	ABHD11	4	1	TRUE	FALSE	TRUE	TRUE	TRUE	TRUE	FALSE
DD:A5SS:964	DD	A5SS	ENSG00000196233	LCOR	10	1	FALSE	TRUE	TRUE	TRUE	TRUE	FALSE	TRUE
DD:A5SS:988	DD	A5SS	ENSG00000134900	TPP2	2	10	TRUE	FALSE	TRUE	TRUE	TRUE	TRUE	FALSE
DD:A5SS:1035	DD	A5SS	ENSG00000179335	CLK3	2	1	FALSE	FALSE	TRUE	TRUE	FALSE	FALSE	FALSE
DD:A5SS:1046	DD	A5SS	ENSG00000106086	PLEKHA8	3	14	FALSE	FALSE	TRUE	TRUE	FALSE	FALSE	FALSE
DD:A5SS:1068	DD	A5SS	ENSG00000175048	ZDHHC14	17	4	FALSE	TRUE	TRUE	TRUE	TRUE	FALSE	TRUE
DD:A5SS:1149	DD	A5SS	ENSG00000289720	ENSG00000289720	1	7	TRUE	TRUE	TRUE	TRUE	FALSE	TRUE	TRUE
DD:A5SS:1200	DD	A5SS	ENSG00000112306	RPS12	4	7	FALSE	FALSE	FALSE	TRUE	NA	FALSE	FALSE
DD:A5SS:1203	DD	A5SS	ENSG00000165275	TRMT10B	2	4	TRUE	FALSE	TRUE	TRUE	TRUE	TRUE	FALSE
DD:A5SS:1252	DD	A5SS	ENSG00000122299	ZC3H7A	5	1	FALSE	TRUE	TRUE	TRUE	TRUE	FALSE	TRUE
DD:A5SS:1258	DD	A5SS	ENSG00000101158	NELFCD	2	4	TRUE	TRUE	TRUE	TRUE	FALSE	TRUE	TRUE
DD:A5SS:1260	DD	A5SS	ENSG00000101158	NELFCD	3	2	TRUE	TRUE	TRUE	TRUE	FALSE	TRUE	TRUE
DD:A5SS:1580	DD	A5SS	ENSG00000161010	MRNIP	2	6	FALSE	TRUE	TRUE	TRUE	TRUE	FALSE	TRUE
DD:A5SS:1610	DD	A5SS	ENSG00000120370	GORAB	6	4	TRUE	TRUE	TRUE	TRUE	FALSE	TRUE	TRUE
DD:A5SS:1636	DD	A5SS	ENSG00000141499	WRAP53	5	2	TRUE	TRUE	TRUE	TRUE	FALSE	TRUE	TRUE
DD:A5SS:1762	DD	A5SS	ENSG00000156873	PHKG2	7	1	TRUE	FALSE	TRUE	TRUE	TRUE	TRUE	FALSE
DD:A5SS:1777	DD	A5SS	ENSG00000122512	PMS2	10	1	TRUE	TRUE	TRUE	TRUE	FALSE	TRUE	TRUE
DD:A5SS:1831	DD	A5SS	ENSG00000095564	BTAF1	2	4	FALSE	FALSE	TRUE	TRUE	FALSE	FALSE	FALSE
DD:A5SS:1910	DD	A5SS	ENSG00000015479	MATR3	1	2	FALSE	FALSE	TRUE	TRUE	FALSE	FALSE	FALSE
DD:A5SS:1912	DD	A5SS	ENSG00000115317	HTRA2	1	5	TRUE	FALSE	TRUE	TRUE	TRUE	TRUE	FALSE
DD:A5SS:1946	DD	A5SS	ENSG00000172262	ZNF131	3	4	TRUE	FALSE	TRUE	TRUE	TRUE	TRUE	FALSE
DD:A5SS:1949	DD	A5SS	ENSG00000197822	OCLN	4	1	FALSE	TRUE	TRUE	TRUE	TRUE	FALSE	TRUE
DD:A5SS:2061	DD	A5SS	ENSG00000115514	TXNDC9	1	2	FALSE	FALSE	TRUE	TRUE	FALSE	FALSE	FALSE
DD:A5SS:2125	DD	A5SS	ENSG00000136925	TSTD2	1	8	TRUE	TRUE	TRUE	TRUE	FALSE	TRUE	TRUE
DD:A5SS:2141	DD	A5SS	ENSG00000064703	DDX20	1	3	TRUE	FALSE	TRUE	TRUE	TRUE	TRUE	FALSE
DD:A5SS:2142	DD	A5SS	ENSG00000064703	DDX20	4	1	TRUE	FALSE	TRUE	TRUE	TRUE	TRUE	FALSE
DD:A5SS:2177	DD	A5SS	ENSG00000172345	STARD5	1	2	FALSE	FALSE	TRUE	TRUE	FALSE	FALSE	FALSE
DD:A5SS:2189	DD	A5SS	ENSG00000113504	SLC12A7	1	6	TRUE	FALSE	TRUE	TRUE	TRUE	TRUE	FALSE
DD:A5SS:2219	DD	A5SS	ENSG00000197024	ZNF398	6	1	FALSE	FALSE	TRUE	TRUE	FALSE	FALSE	FALSE
DD:A5SS:2251	DD	A5SS	ENSG00000168538	TRAPPC11	1	3	FALSE	FALSE	TRUE	TRUE	FALSE	FALSE	FALSE
DD:A5SS:2260	DD	A5SS	ENSG00000105677	TMEM147	2	1	FALSE	TRUE	TRUE	TRUE	TRUE	FALSE	TRUE
DD:A5SS:2274	DD	A5SS	ENSG00000073536	NLE1	2	4	FALSE	FALSE	TRUE	TRUE	FALSE	FALSE	FALSE
DD:A5SS:2342	DD	A5SS	ENSG00000137274	BPHL	2	1	TRUE	TRUE	TRUE	TRUE	FALSE	TRUE	TRUE
DD:A5SS:2437	DD	A5SS	ENSG00000178935	ZNF552	2	7	TRUE	TRUE	TRUE	TRUE	FALSE	TRUE	TRUE
DD:A5SS:2439	DD	A5SS	ENSG00000155066	PROM2	3	1	FALSE	FALSE	TRUE	TRUE	FALSE	FALSE	FALSE
DD:A5SS:2447	DD	A5SS	ENSG00000092208	GEMIN2	6	1	TRUE	TRUE	TRUE	TRUE	FALSE	TRUE	TRUE
DD:A5SS:2628	DD	A5SS	ENSG00000213983	AP1G2	18	2	TRUE	FALSE	TRUE	TRUE	TRUE	TRUE	FALSE
DD:A5SS:2664	DD	A5SS	ENSG00000082258	CCNT2	3	3	FALSE	FALSE	TRUE	TRUE	FALSE	FALSE	FALSE
DD:A5SS:2748	DD	A5SS	ENSG00000169607	CKAP2L	5	1	FALSE	FALSE	TRUE	TRUE	FALSE	FALSE	FALSE
DD:A5SS:2757	DD	A5SS	ENSG00000115295	CLIP4	2	10	TRUE	TRUE	TRUE	TRUE	FALSE	TRUE	TRUE
DD:A5SS:2803	DD	A5SS	ENSG00000082996	RNF13	1	1	TRUE	FALSE	TRUE	TRUE	TRUE	TRUE	FALSE
DD:A5SS:2828	DD	A5SS	ENSG00000070010	UFD1	1	1	FALSE	FALSE	TRUE	TRUE	FALSE	FALSE	FALSE
DD:A5SS:2870	DD	A5SS	ENSG00000116001	TIA1	1	9	TRUE	FALSE	TRUE	TRUE	TRUE	TRUE	FALSE
DD:A5SS:2889	DD	A5SS	ENSG00000147852	VLDLR	9	4	TRUE	TRUE	TRUE	TRUE	FALSE	TRUE	TRUE
DD:A5SS:2985	DD	A5SS	ENSG00000095059	DHPS	1	4	FALSE	TRUE	TRUE	TRUE	TRUE	FALSE	TRUE
DD:A5SS:2986	DD	A5SS	ENSG00000095059	DHPS	1	1	FALSE	FALSE	TRUE	TRUE	FALSE	FALSE	FALSE
DD:A5SS:2987	DD	A5SS	ENSG00000095059	DHPS	4	1	TRUE	FALSE	TRUE	TRUE	TRUE	TRUE	FALSE
DD:A5SS:3017	DD	A5SS	ENSG00000184432	COPB2	2	1	FALSE	TRUE	TRUE	TRUE	TRUE	FALSE	TRUE
DD:A5SS:3042	DD	A5SS	ENSG00000175193	PARL	2	4	TRUE	FALSE	TRUE	TRUE	TRUE	TRUE	FALSE
DD:A5SS:3109	DD	A5SS	ENSG00000136631	VPS45	1	2	TRUE	FALSE	TRUE	TRUE	TRUE	TRUE	FALSE
DD:A5SS:3178	DD	A5SS	ENSG00000136271	DDX56	1	3	TRUE	TRUE	TRUE	TRUE	FALSE	TRUE	TRUE
DD:A5SS:3181	DD	A5SS	ENSG00000136271	DDX56	1	3	TRUE	TRUE	TRUE	TRUE	FALSE	TRUE	TRUE
DD:A5SS:3253	DD	A5SS	ENSG00000187231	SESTD1	1	10	TRUE	TRUE	TRUE	TRUE	FALSE	TRUE	TRUE
DD:A5SS:3297	DD	A5SS	ENSG00000101052	IFT52	1	5	FALSE	TRUE	TRUE	TRUE	TRUE	FALSE	TRUE
DD:A5SS:3316	DD	A5SS	ENSG00000166224	SGPL1	11	1	FALSE	TRUE	TRUE	TRUE	TRUE	FALSE	TRUE
DD:A5SS:3325	DD	A5SS	ENSG00000172663	TMEM134	1	2	TRUE	TRUE	TRUE	TRUE	FALSE	TRUE	TRUE
DD:A5SS:3326	DD	A5SS	ENSG00000172663	TMEM134	2	4	TRUE	TRUE	TRUE	TRUE	FALSE	TRUE	TRUE
DD:A5SS:3340	DD	A5SS	ENSG00000215375	MYL5	3	26	TRUE	FALSE	TRUE	TRUE	TRUE	TRUE	FALSE
DD:A5SS:3347	DD	A5SS	ENSG00000213928	IRF9	5	1	TRUE	TRUE	TRUE	TRUE	FALSE	TRUE	TRUE
DD:A5SS:3371	DD	A5SS	ENSG00000129465	RIPK3	3	7	TRUE	FALSE	TRUE	TRUE	TRUE	TRUE	FALSE
DD:A5SS:3378	DD	A5SS	ENSG00000198860	TSEN15	2	1	TRUE	FALSE	TRUE	TRUE	TRUE	TRUE	FALSE
DD:A5SS:3385	DD	A5SS	ENSG00000155229	MMS19	13	1	FALSE	TRUE	TRUE	TRUE	TRUE	FALSE	TRUE
DD:A5SS:3388	DD	A5SS	ENSG00000106400	ZNHIT1	1	1	FALSE	FALSE	FALSE	TRUE	NA	FALSE	FALSE
DD:A5SS:3407	DD	A5SS	ENSG00000102901	CENPT	24	1	TRUE	TRUE	TRUE	TRUE	FALSE	TRUE	TRUE
DD:A5SS:3448	DD	A5SS	ENSG00000243335	KCTD7	4	1	FALSE	FALSE	TRUE	TRUE	FALSE	FALSE	FALSE
DD:A5SS:3566	DD	A5SS	ENSG00000171960	PPIH	3	12	TRUE	TRUE	TRUE	TRUE	FALSE	TRUE	TRUE
DD:A5SS:3710	DD	A5SS	ENSG00000086189	DIMT1	1	3	FALSE	TRUE	TRUE	TRUE	TRUE	FALSE	TRUE
DD:A5SS:3738	DD	A5SS	ENSG00000121578	B4GALT4	9	5	FALSE	TRUE	TRUE	TRUE	TRUE	FALSE	TRUE
DD:A5SS:3759	DD	A5SS	ENSG00000164180	TMEM161B	1	30	FALSE	TRUE	TRUE	TRUE	TRUE	FALSE	TRUE
DD:A5SS:3840	DD	A5SS	ENSG00000125459	MSTO1	2	6	FALSE	FALSE	TRUE	TRUE	FALSE	FALSE	FALSE
DD:A5SS:3844	DD	A5SS	ENSG00000125459	MSTO1	1	7	FALSE	FALSE	TRUE	TRUE	FALSE	FALSE	FALSE
DD:A5SS:3852	DD	A5SS	ENSG00000077152	UBE2T	1	4	TRUE	FALSE	TRUE	TRUE	TRUE	TRUE	FALSE
DD:A5SS:3863	DD	A5SS	ENSG00000104381	GDAP1	4	1	FALSE	TRUE	TRUE	TRUE	TRUE	FALSE	TRUE
DD:A5SS:3866	DD	A5SS	ENSG00000104381	GDAP1	1	1	FALSE	TRUE	TRUE	TRUE	TRUE	FALSE	TRUE
DD:A5SS:3884	DD	A5SS	ENSG00000144029	MRPS5	2	2	TRUE	TRUE	TRUE	TRUE	FALSE	TRUE	TRUE
DD:A5SS:3989	DD	A5SS	ENSG00000142910	TINAGL1	7	2	FALSE	FALSE	TRUE	TRUE	FALSE	FALSE	FALSE
DD:A5SS:4047	DD	A5SS	ENSG00000198836	OPA1	1	12	TRUE	FALSE	TRUE	TRUE	TRUE	TRUE	FALSE
DD:A5SS:4122	DD	A5SS	ENSG00000089195	TRMT6	2	3	FALSE	FALSE	TRUE	TRUE	FALSE	FALSE	FALSE
DD:A5SS:4142	DD	A5SS	ENSG00000225697	SLC26A6	8	3	FALSE	TRUE	TRUE	TRUE	TRUE	FALSE	TRUE
DD:A5SS:4199	DD	A5SS	ENSG00000134910	STT3A	2	1	TRUE	TRUE	TRUE	TRUE	FALSE	TRUE	TRUE
DD:A5SS:4240	DD	A5SS	ENSG00000196655	TRAPPC4	1	1	TRUE	FALSE	TRUE	TRUE	TRUE	TRUE	FALSE
DD:A5SS:4262	DD	A5SS	ENSG00000174720	LARP7	7	2	FALSE	TRUE	TRUE	TRUE	TRUE	FALSE	TRUE
DD:A5SS:4388	DD	A5SS	ENSG00000043514	TRIT1	10	1	TRUE	FALSE	TRUE	TRUE	TRUE	TRUE	FALSE
DD:A5SS:4422	DD	A5SS	ENSG00000070061	ELP1	1	8	TRUE	TRUE	TRUE	TRUE	FALSE	TRUE	TRUE
DD:A5SS:4467	DD	A5SS	ENSG00000150756	ATPSCKMT	5	1	TRUE	FALSE	TRUE	FALSE	NA	TRUE	FALSE
DD:A5SS:4492	DD	A5SS	ENSG00000105146	AURKC	1	6	TRUE	FALSE	TRUE	TRUE	TRUE	TRUE	FALSE
DD:A5SS:4546	DD	A5SS	ENSG00000113522	RAD50	9	1	FALSE	FALSE	TRUE	TRUE	FALSE	FALSE	FALSE
DD:A5SS:4571	DD	A5SS	ENSG00000128604	IRF5	25	3	TRUE	FALSE	TRUE	TRUE	TRUE	TRUE	FALSE
DD:A5SS:4646	DD	A5SS	ENSG00000117481	NSUN4	5	1	TRUE	FALSE	TRUE	TRUE	TRUE	TRUE	FALSE
DD:A5SS:4672	DD	A5SS	ENSG00000143436	MRPL9	1	3	TRUE	TRUE	TRUE	TRUE	FALSE	TRUE	TRUE
DD:A5SS:4700	DD	A5SS	ENSG00000163516	ANKZF1	7	3	TRUE	TRUE	TRUE	TRUE	FALSE	TRUE	TRUE
DD:A5SS:4715	DD	A5SS	ENSG00000124356	STAMBP	1	13	TRUE	TRUE	TRUE	TRUE	FALSE	TRUE	TRUE
DD:A5SS:4716	DD	A5SS	ENSG00000124356	STAMBP	12	1	TRUE	TRUE	TRUE	TRUE	FALSE	TRUE	TRUE
DD:A5SS:4762	DD	A5SS	ENSG00000141349	G6PC3	2	2	TRUE	FALSE	TRUE	TRUE	TRUE	TRUE	FALSE
DD:A5SS:4816	DD	A5SS	ENSG00000105865	DUS4L	6	8	TRUE	FALSE	TRUE	TRUE	TRUE	TRUE	FALSE
DD:A5SS:4843	DD	A5SS	ENSG00000128463	EMC4	1	2	TRUE	FALSE	TRUE	TRUE	TRUE	TRUE	FALSE
DD:A5SS:5071	DD	A5SS	ENSG00000135249	RINT1	5	1	TRUE	FALSE	TRUE	TRUE	TRUE	TRUE	FALSE
DD:A5SS:5095	DD	A5SS	ENSG00000003509	NDUFAF7	4	3	TRUE	TRUE	TRUE	TRUE	FALSE	TRUE	TRUE
DD:A5SS:5096	DD	A5SS	ENSG00000003509	NDUFAF7	1	3	FALSE	TRUE	TRUE	TRUE	TRUE	FALSE	TRUE
DD:A5SS:5267	DD	A5SS	ENSG00000197530	MIB2	10	6	FALSE	TRUE	TRUE	TRUE	TRUE	FALSE	TRUE
DD:A5SS:5268	DD	A5SS	ENSG00000197530	MIB2	2	6	FALSE	TRUE	TRUE	TRUE	TRUE	FALSE	TRUE
DD:A5SS:5335	DD	A5SS	ENSG00000102317	RBM3	2	3	FALSE	FALSE	TRUE	TRUE	FALSE	FALSE	FALSE
DD:A5SS:5342	DD	A5SS	ENSG00000258315	C17orf49	6	1	FALSE	FALSE	TRUE	FALSE	NA	FALSE	FALSE
DD:A5SS:5351	DD	A5SS	ENSG00000140521	POLG	6	11	TRUE	FALSE	TRUE	TRUE	TRUE	TRUE	FALSE
DD:A5SS:5386	DD	A5SS	ENSG00000117226	GBP3	2	9	TRUE	TRUE	TRUE	TRUE	FALSE	TRUE	TRUE
DD:A5SS:5400	DD	A5SS	ENSG00000165688	PMPCA	1	1	TRUE	FALSE	TRUE	TRUE	TRUE	TRUE	FALSE
DD:A5SS:5408	DD	A5SS	ENSG00000147955	SIGMAR1	2	1	FALSE	TRUE	TRUE	TRUE	TRUE	FALSE	TRUE
DD:A5SS:5442	DD	A5SS	ENSG00000172269	DPAGT1	1	2	TRUE	TRUE	TRUE	TRUE	FALSE	TRUE	TRUE
DD:A5SS:5451	DD	A5SS	ENSG00000155906	RMND1	3	5	TRUE	TRUE	TRUE	TRUE	FALSE	TRUE	TRUE
DD:A5SS:5536	DD	A5SS	ENSG00000122481	RWDD3	3	3	TRUE	FALSE	TRUE	TRUE	TRUE	TRUE	FALSE
DD:A5SS:5541	DD	A5SS	ENSG00000156170	NDUFAF6	3	2	TRUE	FALSE	TRUE	TRUE	TRUE	TRUE	FALSE
DD:A5SS:5606	DD	A5SS	ENSG00000163743	RCHY1	1	3	TRUE	FALSE	TRUE	TRUE	TRUE	TRUE	FALSE
DD:A5SS:5716	DD	A5SS	ENSG00000173040	EVC2	11	3	TRUE	TRUE	TRUE	TRUE	FALSE	TRUE	TRUE
DD:A5SS:5761	DD	A5SS	ENSG00000090621	PABPC4	1	7	FALSE	FALSE	TRUE	TRUE	FALSE	FALSE	FALSE
DD:A5SS:5812	DD	A5SS	ENSG00000235098	ANKRD65	3	2	FALSE	FALSE	TRUE	TRUE	FALSE	FALSE	FALSE
DD:A5SS:5890	DD	A5SS	ENSG00000143258	USP21	11	2	FALSE	TRUE	TRUE	TRUE	TRUE	FALSE	TRUE
DD:A5SS:5928	DD	A5SS	ENSG00000148335	NTMT1	3	3	FALSE	TRUE	TRUE	TRUE	TRUE	FALSE	TRUE
DD:A5SS:5929	DD	A5SS	ENSG00000161202	DVL3	4	1	FALSE	FALSE	TRUE	TRUE	FALSE	FALSE	FALSE
DD:A5SS:5969	DD	A5SS	ENSG00000163938	GNL3	1	3	FALSE	FALSE	TRUE	TRUE	FALSE	FALSE	FALSE
DD:A5SS:6008	DD	A5SS	ENSG00000140326	CDAN1	13	3	TRUE	TRUE	TRUE	TRUE	FALSE	TRUE	TRUE
DD:A5SS:6058	DD	A5SS	ENSG00000157470	FAM81A	13	5	TRUE	FALSE	TRUE	TRUE	TRUE	TRUE	FALSE
DD:A5SS:6249	DD	A5SS	ENSG00000088179	PTPN4	4	5	FALSE	FALSE	TRUE	TRUE	FALSE	FALSE	FALSE
DD:A5SS:6258	DD	A5SS	ENSG00000104783	KCNN4	1	9	TRUE	TRUE	TRUE	TRUE	FALSE	TRUE	TRUE
DD:A5SS:6319	DD	A5SS	ENSG00000177646	ACAD9	1	2	TRUE	FALSE	TRUE	TRUE	TRUE	TRUE	FALSE
DD:A5SS:6355	DD	A5SS	ENSG00000150768	DLAT	1	1	FALSE	FALSE	TRUE	TRUE	FALSE	FALSE	FALSE
DD:A5SS:6378	DD	A5SS	ENSG00000182240	BACE2	2	2	FALSE	TRUE	TRUE	TRUE	TRUE	FALSE	TRUE
DD:A5SS:6513	DD	A5SS	ENSG00000047346	ATOSA	1	7	FALSE	FALSE	TRUE	TRUE	FALSE	FALSE	FALSE
DD:A5SS:6545	DD	A5SS	ENSG00000100532	CGRRF1	1	5	TRUE	TRUE	TRUE	TRUE	FALSE	TRUE	TRUE
DD:A5SS:6563	DD	A5SS	ENSG00000101182	PSMA7	1	1	FALSE	FALSE	FALSE	TRUE	NA	FALSE	FALSE
DD:A5SS:6660	DD	A5SS	ENSG00000183696	UPP1	3	1	FALSE	FALSE	TRUE	TRUE	FALSE	FALSE	FALSE
DD:A5SS:6662	DD	A5SS	ENSG00000183696	UPP1	1	2	TRUE	FALSE	TRUE	TRUE	TRUE	TRUE	FALSE
DD:A5SS:6678	DD	A5SS	ENSG00000115524	SF3B1	1	3	FALSE	TRUE	TRUE	TRUE	TRUE	FALSE	TRUE
DD:A5SS:6683	DD	A5SS	ENSG00000169251	NMD3	4	1	TRUE	FALSE	TRUE	TRUE	TRUE	TRUE	FALSE
DD:A5SS:6690	DD	A5SS	ENSG00000162971	TYW5	1	4	FALSE	TRUE	TRUE	TRUE	TRUE	FALSE	TRUE
DD:A5SS:6691	DD	A5SS	ENSG00000155729	KCTD18	6	4	FALSE	TRUE	TRUE	TRUE	TRUE	FALSE	TRUE
DD:A5SS:6747	DD	A5SS	ENSG00000146223	RPL7L1	1	2	FALSE	FALSE	FALSE	TRUE	NA	FALSE	FALSE
DD:A5SS:6784	DD	A5SS	ENSG00000163481	RNF25	3	1	FALSE	FALSE	TRUE	TRUE	FALSE	FALSE	FALSE
DD:A5SS:6793	DD	A5SS	ENSG00000198925	ATG9A	4	1	FALSE	TRUE	TRUE	TRUE	TRUE	FALSE	TRUE
DD:A5SS:6837	DD	A5SS	ENSG00000187091	PLCD1	8	1	TRUE	TRUE	TRUE	TRUE	FALSE	TRUE	TRUE
DD:A5SS:6871	DD	A5SS	ENSG00000132323	ILKAP	2	2	FALSE	FALSE	TRUE	TRUE	FALSE	FALSE	FALSE
DD:A5SS:6876	DD	A5SS	ENSG00000132323	ILKAP	3	3	FALSE	FALSE	TRUE	TRUE	FALSE	FALSE	FALSE
DD:A5SS:6889	DD	A5SS	ENSG00000177302	TOP3A	1	11	FALSE	TRUE	TRUE	TRUE	TRUE	FALSE	TRUE
DD:A5SS:6981	DD	A5SS	ENSG00000163703	CRELD1	8	1	FALSE	TRUE	TRUE	TRUE	TRUE	FALSE	TRUE
DD:A5SS:7023	DD	A5SS	ENSG00000131368	MRPS25	1	1	TRUE	FALSE	TRUE	TRUE	TRUE	TRUE	FALSE
DD:A5SS:7025	DD	A5SS	ENSG00000168404	MLKL	3	11	TRUE	TRUE	TRUE	TRUE	FALSE	TRUE	TRUE
DD:A5SS:7101	DD	A5SS	ENSG00000124155	PIGT	1	1	FALSE	TRUE	TRUE	TRUE	TRUE	FALSE	TRUE
DD:A5SS:7139	DD	A5SS	ENSG00000126226	PCID2	1	5	FALSE	TRUE	TRUE	TRUE	TRUE	FALSE	TRUE
DD:A5SS:7167	DD	A5SS	ENSG00000100889	PCK2	1	12	FALSE	FALSE	TRUE	TRUE	FALSE	FALSE	FALSE
DD:A5SS:7168	DD	A5SS	ENSG00000114812	VIPR1	12	5	TRUE	TRUE	TRUE	TRUE	FALSE	TRUE	TRUE
DD:A5SS:7279	DD	A5SS	ENSG00000092094	OSGEP	3	3	TRUE	TRUE	TRUE	TRUE	FALSE	TRUE	TRUE
DD:A5SS:7353	DD	A5SS	ENSG00000145241	CENPC	3	3	TRUE	FALSE	TRUE	TRUE	TRUE	TRUE	FALSE
DD:A5SS:7419	DD	A5SS	ENSG00000145191	EIF2B5	1	3	TRUE	TRUE	TRUE	TRUE	FALSE	TRUE	TRUE
DD:A5SS:7487	DD	A5SS	ENSG00000135686	KLHL36	2	1	FALSE	TRUE	TRUE	TRUE	TRUE	FALSE	TRUE
DD:A5SS:7498	DD	A5SS	ENSG00000089327	FXYD5	1	8	TRUE	FALSE	TRUE	TRUE	TRUE	TRUE	FALSE
DD:A5SS:7521	DD	A5SS	ENSG00000163608	NEPRO	1	6	TRUE	TRUE	TRUE	TRUE	FALSE	TRUE	TRUE
DD:A5SS:7528	DD	A5SS	ENSG00000075089	ACTR6	1	2	TRUE	FALSE	TRUE	TRUE	TRUE	TRUE	FALSE
DD:A5SS:7534	DD	A5SS	ENSG00000163389	POGLUT1	1	5	TRUE	TRUE	TRUE	TRUE	FALSE	TRUE	TRUE
DD:A5SS:7543	DD	A5SS	ENSG00000132793	LPIN3	7	2	TRUE	TRUE	TRUE	TRUE	FALSE	TRUE	TRUE
DD:A5SS:7577	DD	A5SS	ENSG00000033011	ALG1	1	3	TRUE	FALSE	TRUE	TRUE	TRUE	TRUE	FALSE
DD:A5SS:7620	DD	A5SS	ENSG00000117054	ACADM	2	2	TRUE	TRUE	TRUE	TRUE	FALSE	TRUE	TRUE
DD:A5SS:7664	DD	A5SS	ENSG00000135838	NPL	1	15	FALSE	FALSE	TRUE	TRUE	FALSE	FALSE	FALSE
DD:A5SS:7696	DD	A5SS	ENSG00000106638	TBL2	4	1	TRUE	TRUE	TRUE	TRUE	FALSE	TRUE	TRUE
DD:A5SS:7831	DD	A5SS	ENSG00000127980	PEX1	5	5	FALSE	FALSE	TRUE	TRUE	FALSE	FALSE	FALSE
DD:A5SS:7843	DD	A5SS	ENSG00000170412	GPRC5C	8	2	FALSE	FALSE	TRUE	TRUE	FALSE	FALSE	FALSE
DD:A5SS:7966	DD	A5SS	ENSG00000154124	OTULIN	3	4	TRUE	TRUE	TRUE	TRUE	FALSE	TRUE	TRUE
DD:A5SS:8228	DD	A5SS	ENSG00000006634	DBF4	6	3	FALSE	TRUE	TRUE	TRUE	TRUE	FALSE	TRUE
DD:A5SS:8369	DD	A5SS	ENSG00000162236	STX5	1	4	TRUE	TRUE	TRUE	TRUE	FALSE	TRUE	TRUE
DD:A5SS:8373	DD	A5SS	ENSG00000170222	ADPRM	3	2	TRUE	FALSE	TRUE	TRUE	TRUE	TRUE	FALSE
DD:A5SS:8399	DD	A5SS	ENSG00000165801	ARHGEF40	16	1	TRUE	FALSE	TRUE	TRUE	TRUE	TRUE	FALSE
DD:A5SS:8404	DD	A5SS	ENSG00000096746	HNRNPH3	6	1	FALSE	FALSE	TRUE	TRUE	FALSE	FALSE	FALSE
DD:A5SS:8500	DD	A5SS	ENSG00000185163	DDX51	2	6	TRUE	FALSE	TRUE	TRUE	TRUE	TRUE	FALSE
DD:A5SS:8571	DD	A5SS	ENSG00000107521	HPS1	1	6	TRUE	TRUE	TRUE	TRUE	FALSE	TRUE	TRUE
DD:A5SS:8643	DD	A5SS	ENSG00000186866	POFUT2	2	5	TRUE	TRUE	TRUE	TRUE	FALSE	TRUE	TRUE
DD:A5SS:8693	DD	A5SS	ENSG00000203791	EEF1AKMT2	2	4	TRUE	TRUE	TRUE	TRUE	FALSE	TRUE	TRUE
DD:A5SS:8748	DD	A5SS	ENSG00000196547	MAN2A2	13	1	FALSE	TRUE	TRUE	TRUE	TRUE	FALSE	TRUE
DD:A5SS:8791	DD	A5SS	ENSG00000177830	CHID1	3	1	FALSE	TRUE	TRUE	TRUE	TRUE	FALSE	TRUE
DD:A5SS:8830	DD	A5SS	ENSG00000148291	SURF2	1	3	FALSE	TRUE	TRUE	TRUE	TRUE	FALSE	TRUE
DD:A5SS:8845	DD	A5SS	ENSG00000166311	SMPD1	1	3	TRUE	FALSE	TRUE	TRUE	TRUE	TRUE	FALSE
DD:A5SS:8854	DD	A5SS	ENSG00000130529	TRPM4	3	2	FALSE	FALSE	TRUE	TRUE	FALSE	FALSE	FALSE
DD:A5SS:8981	DD	A5SS	ENSG00000161179	YDJC	2	2	TRUE	FALSE	TRUE	TRUE	TRUE	TRUE	FALSE
DD:A5SS:9025	DD	A5SS	ENSG00000001497	LAS1L	5	1	FALSE	FALSE	TRUE	TRUE	FALSE	FALSE	FALSE
DD:A5SS:9170	DD	A5SS	ENSG00000162300	ZFPL1	4	1	FALSE	FALSE	TRUE	TRUE	FALSE	FALSE	FALSE
DD:A5SS:9249	DD	A5SS	ENSG00000197345	MRPL21	2	6	FALSE	TRUE	TRUE	TRUE	TRUE	FALSE	TRUE
DD:A5SS:9338	DD	A5SS	ENSG00000171202	TMEM126A	4	1	FALSE	TRUE	TRUE	TRUE	TRUE	FALSE	TRUE
DD:A5SS:9353	DD	A5SS	ENSG00000180773	SLC36A4	5	2	TRUE	FALSE	TRUE	TRUE	TRUE	TRUE	FALSE
DD:A5SS:9402	DD	A5SS	ENSG00000166855	CLPX	5	2	TRUE	TRUE	TRUE	TRUE	FALSE	TRUE	TRUE
DD:A5SS:9587	DD	A5SS	ENSG00000144233	AMMECR1L	3	10	TRUE	TRUE	TRUE	TRUE	FALSE	TRUE	TRUE
DD:A5SS:9671	DD	A5SS	ENSG00000111247	RAD51AP1	2	2	TRUE	FALSE	TRUE	TRUE	TRUE	TRUE	FALSE
DD:A5SS:9672	DD	A5SS	ENSG00000111247	RAD51AP1	3	5	TRUE	TRUE	TRUE	TRUE	FALSE	TRUE	TRUE
DD:A5SS:9674	DD	A5SS	ENSG00000111247	RAD51AP1	9	4	TRUE	TRUE	TRUE	TRUE	FALSE	TRUE	TRUE
DD:A5SS:9885	DD	A5SS	ENSG00000167528	ZNF641	1	14	FALSE	FALSE	TRUE	TRUE	FALSE	FALSE	FALSE
DD:A5SS:9904	DD	A5SS	ENSG00000135451	TROAP	26	3	TRUE	FALSE	TRUE	TRUE	TRUE	TRUE	FALSE
DD:A5SS:10008	DD	A5SS	ENSG00000105298	CACTIN	6	9	TRUE	TRUE	TRUE	TRUE	FALSE	TRUE	TRUE
DD:A5SS:10067	DD	A5SS	ENSG00000148225	WDR31	10	2	TRUE	FALSE	TRUE	TRUE	TRUE	TRUE	FALSE
DD:A5SS:10074	DD	A5SS	ENSG00000184575	XPOT	9	1	FALSE	TRUE	TRUE	TRUE	TRUE	FALSE	TRUE
DD:A5SS:10092	DD	A5SS	ENSG00000111530	CAND1	2	1	FALSE	TRUE	TRUE	TRUE	TRUE	FALSE	TRUE
DD:A5SS:10110	DD	A5SS	ENSG00000102125	TAFAZZIN	3	9	TRUE	TRUE	TRUE	TRUE	FALSE	TRUE	TRUE
DD:A5SS:10133	DD	A5SS	ENSG00000147316	MCPH1	6	1	FALSE	TRUE	TRUE	TRUE	TRUE	FALSE	TRUE
DD:A5SS:10134	DD	A5SS	ENSG00000103266	STUB1	1	2	TRUE	FALSE	TRUE	TRUE	TRUE	TRUE	FALSE
DD:A5SS:10146	DD	A5SS	ENSG00000140598	EFL1	1	6	TRUE	FALSE	TRUE	TRUE	TRUE	TRUE	FALSE
DD:A5SS:10170	DD	A5SS	ENSG00000177889	UBE2N	1	1	FALSE	TRUE	TRUE	TRUE	TRUE	FALSE	TRUE
DD:A5SS:10200	DD	A5SS	ENSG00000137871	ZNF280D	5	1	TRUE	TRUE	TRUE	TRUE	FALSE	TRUE	TRUE
DD:A5SS:10204	DD	A5SS	ENSG00000110851	PRDM4	5	1	FALSE	FALSE	TRUE	TRUE	FALSE	FALSE	FALSE
DD:A5SS:10219	DD	A5SS	ENSG00000177082	WDR73	2	3	TRUE	FALSE	TRUE	TRUE	TRUE	TRUE	FALSE
DD:A5SS:10225	DD	A5SS	ENSG00000186298	PPP1CC	3	1	FALSE	TRUE	TRUE	TRUE	TRUE	FALSE	TRUE
DD:A5SS:10231	DD	A5SS	ENSG00000204842	ATXN2	2	21	TRUE	FALSE	TRUE	TRUE	TRUE	TRUE	FALSE
DD:A5SS:10241	DD	A5SS	ENSG00000011295	TTC19	2	4	TRUE	TRUE	TRUE	TRUE	FALSE	TRUE	TRUE
DD:A5SS:10281	DD	A5SS	ENSG00000110801	PSMD9	1	2	TRUE	FALSE	TRUE	TRUE	TRUE	TRUE	FALSE
DD:A5SS:10361	DD	A5SS	ENSG00000182944	EWSR1	2	1	FALSE	TRUE	TRUE	TRUE	TRUE	FALSE	TRUE
DD:A5SS:10382	DD	A5SS	ENSG00000244754	N4BP2L2	6	1	FALSE	FALSE	TRUE	TRUE	FALSE	FALSE	FALSE
DD:A5SS:10472	DD	A5SS	ENSG00000102103	PQBP1	7	2	FALSE	TRUE	TRUE	TRUE	TRUE	FALSE	TRUE
DD:A5SS:10495	DD	A5SS	ENSG00000156253	RWDD2B	3	2	FALSE	FALSE	TRUE	TRUE	FALSE	FALSE	FALSE
DD:A5SS:10568	DD	A5SS	ENSG00000136319	TTC5	2	1	FALSE	TRUE	TRUE	TRUE	TRUE	FALSE	TRUE
DD:A5SS:10585	DD	A5SS	ENSG00000111424	VDR	3	13	TRUE	FALSE	TRUE	TRUE	TRUE	TRUE	FALSE
DD:A5SS:10607	DD	A5SS	ENSG00000092098	RNF31	1	5	TRUE	FALSE	TRUE	TRUE	TRUE	TRUE	FALSE
DD:A5SS:10618	DD	A5SS	ENSG00000254505	CHMP4A	1	3	TRUE	TRUE	TRUE	TRUE	FALSE	TRUE	TRUE
DD:A5SS:10686	DD	A5SS	ENSG00000162894	FCMR	1	1	FALSE	TRUE	TRUE	TRUE	TRUE	FALSE	TRUE
DD:A5SS:10700	DD	A5SS	ENSG00000165516	KLHDC2	2	1	TRUE	TRUE	TRUE	TRUE	FALSE	TRUE	TRUE
DD:A5SS:10704	DD	A5SS	ENSG00000100483	VCPKMT	2	3	FALSE	TRUE	TRUE	TRUE	TRUE	FALSE	TRUE
DD:A5SS:10743	DD	A5SS	ENSG00000160193	WDR4	7	3	TRUE	TRUE	TRUE	TRUE	FALSE	TRUE	TRUE
DD:A5SS:10814	DD	A5SS	ENSG00000119725	ZNF410	4	1	TRUE	FALSE	TRUE	TRUE	TRUE	TRUE	FALSE
DD:A5SS:10822	DD	A5SS	ENSG00000167778	SPRYD3	1	1	FALSE	FALSE	TRUE	TRUE	FALSE	FALSE	FALSE
DD:A5SS:11023	DD	A5SS	ENSG00000003393	ALS2	1	4	TRUE	FALSE	TRUE	TRUE	TRUE	TRUE	FALSE
DD:A5SS:11060	DD	A5SS	ENSG00000159314	ARHGAP27	5	1	FALSE	FALSE	TRUE	FALSE	NA	FALSE	FALSE
DD:A5SS:11117	DD	A5SS	ENSG00000104129	DNAJC17	1	6	TRUE	TRUE	TRUE	TRUE	FALSE	TRUE	TRUE
DD:A5SS:11160	DD	A5SS	ENSG00000101311	FERMT1	5	3	FALSE	FALSE	TRUE	TRUE	FALSE	FALSE	FALSE
DD:A5SS:11257	DD	A5SS	ENSG00000128973	CLN6	2	3	TRUE	TRUE	TRUE	TRUE	FALSE	TRUE	TRUE
DD:A5SS:11366	DD	A5SS	ENSG00000168944	CEP120	1	15	TRUE	TRUE	TRUE	TRUE	FALSE	TRUE	TRUE
DD:A5SS:11576	DD	A5SS	ENSG00000100410	PHF5A	1	1	FALSE	FALSE	FALSE	TRUE	NA	FALSE	FALSE
DD:A5SS:11650	DD	A5SS	ENSG00000213648	SULT1A4	14	1	TRUE	FALSE	TRUE	TRUE	TRUE	TRUE	FALSE
DD:A5SS:11734	DD	A5SS	ENSG00000130734	ATG4D	2	2	TRUE	TRUE	TRUE	TRUE	FALSE	TRUE	TRUE
DD:A5SS:11762	DD	A5SS	ENSG00000125124	BBS2	8	1	TRUE	TRUE	TRUE	TRUE	FALSE	TRUE	TRUE
DD:A5SS:11785	DD	A5SS	ENSG00000102890	ELMO3	4	1	FALSE	FALSE	TRUE	TRUE	FALSE	FALSE	FALSE
DD:A5SS:11789	DD	A5SS	ENSG00000104731	KLHDC4	6	1	TRUE	FALSE	TRUE	TRUE	TRUE	TRUE	FALSE
DD:A5SS:11839	DD	A5SS	ENSG00000105135	ILVBL	4	1	TRUE	TRUE	TRUE	TRUE	FALSE	TRUE	TRUE
DD:A5SS:11844	DD	A5SS	ENSG00000102977	ACD	5	1	TRUE	TRUE	TRUE	TRUE	FALSE	TRUE	TRUE
DD:A5SS:11868	DD	A5SS	ENSG00000090861	AARS1	7	1	TRUE	TRUE	TRUE	TRUE	FALSE	TRUE	TRUE
DD:A5SS:11902	DD	A5SS	ENSG00000114735	HEMK1	9	3	TRUE	TRUE	TRUE	TRUE	FALSE	TRUE	TRUE
DD:A5SS:11908	DD	A5SS	ENSG00000128833	MYO5C	6	1	FALSE	TRUE	TRUE	TRUE	TRUE	FALSE	TRUE
DD:A5SS:11943	DD	A5SS	ENSG00000167699	GLOD4	1	1	FALSE	FALSE	TRUE	TRUE	FALSE	FALSE	FALSE
DD:A5SS:12016	DD	A5SS	ENSG00000187838	PLSCR3	6	2	TRUE	FALSE	TRUE	TRUE	TRUE	TRUE	FALSE
DD:A5SS:12023	DD	A5SS	ENSG00000141504	SAT2	5	1	TRUE	FALSE	TRUE	TRUE	TRUE	TRUE	FALSE
DD:A5SS:12025	DD	A5SS	ENSG00000101782	RIOK3	3	2	FALSE	TRUE	TRUE	TRUE	TRUE	FALSE	TRUE
DD:A5SS:12049	DD	A5SS	ENSG00000178999	AURKB	10	3	TRUE	FALSE	TRUE	TRUE	TRUE	TRUE	FALSE
DD:A5SS:12085	DD	A5SS	ENSG00000108591	DRG2	1	2	FALSE	FALSE	TRUE	TRUE	FALSE	FALSE	FALSE
DD:A5SS:12116	DD	A5SS	ENSG00000119125	GDA	2	2	TRUE	FALSE	TRUE	TRUE	TRUE	TRUE	FALSE
DD:A5SS:12128	DD	A5SS	ENSG00000130713	EXOSC2	1	4	TRUE	TRUE	TRUE	TRUE	FALSE	TRUE	TRUE
DD:A5SS:12262	DD	A5SS	ENSG00000186166	CENATAC	6	5	TRUE	TRUE	TRUE	TRUE	FALSE	TRUE	TRUE
DD:A5SS:12280	DD	A5SS	ENSG00000131470	PSMC3IP	2	2	FALSE	TRUE	TRUE	TRUE	TRUE	FALSE	TRUE
DD:A5SS:12383	DD	A5SS	ENSG00000167107	ACSF2	4	1	TRUE	FALSE	TRUE	TRUE	TRUE	TRUE	FALSE
DD:A5SS:12450	DD	A5SS	ENSG00000090686	USP48	1	5	TRUE	FALSE	TRUE	TRUE	TRUE	TRUE	FALSE
DD:A5SS:12467	DD	A5SS	ENSG00000136935	GOLGA1	2	10	FALSE	TRUE	TRUE	TRUE	TRUE	FALSE	TRUE
DD:A5SS:12496	DD	A5SS	ENSG00000125458	NT5C	4	4	TRUE	FALSE	TRUE	TRUE	TRUE	TRUE	FALSE
DD:A5SS:12498	DD	A5SS	ENSG00000125458	NT5C	4	1	FALSE	TRUE	TRUE	TRUE	TRUE	FALSE	TRUE
DD:A5SS:12614	DD	A5SS	ENSG00000152240	HAUS1	1	2	TRUE	TRUE	TRUE	TRUE	FALSE	TRUE	TRUE
DD:A5SS:12626	DD	A5SS	ENSG00000101751	POLI	3	12	FALSE	FALSE	TRUE	TRUE	FALSE	FALSE	FALSE
DD:A5SS:12692	DD	A5SS	ENSG00000099817	POLR2E	2	1	TRUE	TRUE	TRUE	TRUE	FALSE	TRUE	TRUE
DD:A5SS:12781	DD	A5SS	ENSG00000105397	TYK2	9	1	TRUE	TRUE	TRUE	TRUE	FALSE	TRUE	TRUE
DD:A5SS:12802	DD	A5SS	ENSG00000126249	PDCD2L	4	1	FALSE	FALSE	TRUE	TRUE	FALSE	FALSE	FALSE
DD:A5SS:12815	DD	A5SS	ENSG00000123154	WDR83	5	1	FALSE	FALSE	TRUE	TRUE	FALSE	FALSE	FALSE
DD:A5SS:12823	DD	A5SS	ENSG00000104907	TRMT1	9	4	TRUE	TRUE	TRUE	TRUE	FALSE	TRUE	TRUE
DD:A5SS:12839	DD	A5SS	ENSG00000037757	MRI1	24	2	TRUE	TRUE	TRUE	TRUE	FALSE	TRUE	TRUE
DD:A5SS:12841	DD	A5SS	ENSG00000151092	NGLY1	1	1	FALSE	TRUE	TRUE	TRUE	TRUE	FALSE	TRUE
DD:A5SS:12851	DD	A5SS	ENSG00000186204	CYP4F12	6	3	TRUE	TRUE	TRUE	TRUE	FALSE	TRUE	TRUE
DD:A5SS:12862	DD	A5SS	ENSG00000127527	EPS15L1	10	1	TRUE	FALSE	TRUE	TRUE	TRUE	TRUE	FALSE
DD:A5SS:12922	DD	A5SS	ENSG00000140416	TPM1	1	2	TRUE	FALSE	TRUE	TRUE	TRUE	TRUE	FALSE
DD:A5SS:13019	DD	A5SS	ENSG00000089123	TASP1	4	1	TRUE	FALSE	TRUE	FALSE	NA	TRUE	FALSE
DD:A5SS:13029	DD	A5SS	ENSG00000198001	IRAK4	15	4	TRUE	FALSE	TRUE	TRUE	TRUE	TRUE	FALSE
DD:A5SS:13086	DD	A5SS	ENSG00000104859	CLASRP	9	2	TRUE	TRUE	TRUE	TRUE	FALSE	TRUE	TRUE
DD:A5SS:13087	DD	A5SS	ENSG00000104859	CLASRP	8	1	TRUE	FALSE	TRUE	TRUE	TRUE	TRUE	FALSE
DD:A5SS:13110	DD	A5SS	ENSG00000142273	CBLC	3	7	TRUE	TRUE	TRUE	TRUE	FALSE	TRUE	TRUE
DD:A5SS:13194	DD	A5SS	ENSG00000167757	KLK11	1	3	TRUE	FALSE	TRUE	TRUE	TRUE	TRUE	FALSE
DD:A5SS:13197	DD	A5SS	ENSG00000186474	KLK12	2	8	TRUE	FALSE	TRUE	TRUE	TRUE	TRUE	FALSE
DD:A5SS:13198	DD	A5SS	ENSG00000167759	KLK13	2	4	TRUE	FALSE	TRUE	TRUE	TRUE	TRUE	FALSE
DD:A5SS:13250	DD	A5SS	ENSG00000100209	HSCB	2	3	TRUE	FALSE	TRUE	TRUE	TRUE	TRUE	FALSE
DD:A5SS:13276	DD	A5SS	ENSG00000101365	IDH3B	6	1	TRUE	TRUE	TRUE	TRUE	FALSE	TRUE	TRUE
DD:A5SS:13288	DD	A5SS	ENSG00000125779	PANK2	1	3	FALSE	TRUE	TRUE	TRUE	TRUE	FALSE	TRUE
DD:A5SS:13335	DD	A5SS	ENSG00000101294	HM13	1	2	FALSE	FALSE	TRUE	TRUE	FALSE	FALSE	FALSE
DD:A5SS:13457	DD	A5SS	ENSG00000000419	DPM1	6	1	TRUE	TRUE	TRUE	TRUE	FALSE	TRUE	TRUE
DD:A5SS:13518	DD	A5SS	ENSG00000166979	EVA1C	3	3	TRUE	TRUE	TRUE	TRUE	FALSE	TRUE	TRUE
DD:A5SS:13519	DD	A5SS	ENSG00000166979	EVA1C	3	9	TRUE	TRUE	TRUE	TRUE	FALSE	TRUE	TRUE
DD:A5SS:13523	DD	A5SS	ENSG00000159086	PAXBP1	5	4	TRUE	TRUE	TRUE	TRUE	FALSE	TRUE	TRUE
DD:A5SS:13647	DD	A5SS	ENSG00000178026	LRRC75B	13	20	TRUE	TRUE	TRUE	TRUE	FALSE	TRUE	TRUE
DD:A5SS:13668	DD	A5SS	ENSG00000138942	RNF185	1	6	TRUE	TRUE	TRUE	TRUE	FALSE	TRUE	TRUE
DD:A5SS:13762	DD	A5SS	ENSG00000120616	EPC1	1	2	FALSE	FALSE	TRUE	TRUE	FALSE	FALSE	FALSE
DD:A5SS:13770	DD	A5SS	ENSG00000165195	PIGA	1	1	FALSE	TRUE	TRUE	TRUE	TRUE	FALSE	TRUE
DD:A5SS:13882	DD	A5SS	ENSG00000095066	HOOK2	2	7	FALSE	TRUE	TRUE	TRUE	TRUE	FALSE	TRUE
DD:A3SS:77	DD	A3SS	ENSG00000102081	FMR1	13	1	FALSE	TRUE	TRUE	TRUE	TRUE	FALSE	TRUE
DD:A3SS:163	DD	A3SS	ENSG00000175354	PTPN2	4	2	FALSE	TRUE	TRUE	TRUE	TRUE	FALSE	TRUE
DD:A3SS:168	DD	A3SS	ENSG00000148248	SURF4	1	1	FALSE	FALSE	TRUE	TRUE	FALSE	FALSE	FALSE
DD:A3SS:205	DD	A3SS	ENSG00000171097	KYAT1	1	5	FALSE	FALSE	TRUE	TRUE	FALSE	FALSE	FALSE
DD:A3SS:217	DD	A3SS	ENSG00000148334	PTGES2	1	2	TRUE	TRUE	TRUE	TRUE	FALSE	TRUE	TRUE
DD:A3SS:226	DD	A3SS	ENSG00000106992	AK1	2	1	FALSE	TRUE	TRUE	TRUE	TRUE	FALSE	TRUE
DD:A3SS:270	DD	A3SS	ENSG00000134905	CARS2	2	3	TRUE	TRUE	TRUE	TRUE	FALSE	TRUE	TRUE
DD:A3SS:275	DD	A3SS	ENSG00000006712	PAF1	2	1	FALSE	FALSE	TRUE	TRUE	FALSE	FALSE	FALSE
DD:A3SS:298	DD	A3SS	ENSG00000168291	PDHB	1	2	TRUE	FALSE	TRUE	TRUE	TRUE	TRUE	FALSE
DD:A3SS:662	DD	A3SS	ENSG00000155096	AZIN1	2	3	FALSE	FALSE	TRUE	TRUE	FALSE	FALSE	FALSE
DD:A3SS:711	DD	A3SS	ENSG00000164941	INTS8	9	3	TRUE	TRUE	TRUE	TRUE	FALSE	TRUE	TRUE
DD:A3SS:756	DD	A3SS	ENSG00000114745	GORASP1	1	1	TRUE	FALSE	TRUE	TRUE	TRUE	TRUE	FALSE
DD:A3SS:757	DD	A3SS	ENSG00000114745	GORASP1	1	1	TRUE	FALSE	TRUE	TRUE	TRUE	TRUE	FALSE
DD:A3SS:913	DD	A3SS	ENSG00000104756	KCTD9	2	5	FALSE	FALSE	TRUE	TRUE	FALSE	FALSE	FALSE
DD:A3SS:989	DD	A3SS	ENSG00000144591	GMPPA	5	1	TRUE	FALSE	TRUE	TRUE	TRUE	TRUE	FALSE
DD:A3SS:1085	DD	A3SS	ENSG00000123240	OPTN	1	4	FALSE	FALSE	TRUE	TRUE	FALSE	FALSE	FALSE
DD:A3SS:1160	DD	A3SS	ENSG00000106348	IMPDH1	1	6	FALSE	FALSE	TRUE	TRUE	FALSE	FALSE	FALSE
DD:A3SS:1197	DD	A3SS	ENSG00000198898	CAPZA2	1	1	TRUE	FALSE	TRUE	TRUE	TRUE	TRUE	FALSE
DD:A3SS:1233	DD	A3SS	ENSG00000129484	PARP2	4	2	FALSE	FALSE	TRUE	TRUE	FALSE	FALSE	FALSE
DD:A3SS:1379	DD	A3SS	ENSG00000135164	DMTF1	3	10	TRUE	FALSE	TRUE	TRUE	TRUE	TRUE	FALSE
DD:A3SS:1380	DD	A3SS	ENSG00000135164	DMTF1	2	10	TRUE	FALSE	TRUE	TRUE	TRUE	TRUE	FALSE
DD:A3SS:1419	DD	A3SS	ENSG00000106077	ABHD11	1	1	TRUE	FALSE	TRUE	TRUE	TRUE	TRUE	FALSE
DD:A3SS:1508	DD	A3SS	ENSG00000122678	POLM	3	6	TRUE	TRUE	TRUE	TRUE	FALSE	TRUE	TRUE
DD:A3SS:1527	DD	A3SS	ENSG00000136840	ST6GALNAC4	2	6	TRUE	TRUE	TRUE	TRUE	FALSE	TRUE	TRUE
DD:A3SS:1566	DD	A3SS	ENSG00000179335	CLK3	2	1	FALSE	FALSE	TRUE	TRUE	FALSE	FALSE	FALSE
DD:A3SS:1607	DD	A3SS	ENSG00000119953	SMNDC1	2	5	TRUE	FALSE	TRUE	TRUE	TRUE	TRUE	FALSE
DD:A3SS:1630	DD	A3SS	ENSG00000136261	BZW2	3	1	FALSE	TRUE	TRUE	TRUE	TRUE	FALSE	TRUE
DD:A3SS:1774	DD	A3SS	ENSG00000089127	OAS1	4	2	FALSE	TRUE	TRUE	TRUE	TRUE	FALSE	TRUE
DD:A3SS:1794	DD	A3SS	ENSG00000160345	PIERCE1	3	2	FALSE	FALSE	TRUE	TRUE	FALSE	FALSE	FALSE
DD:A3SS:1813	DD	A3SS	ENSG00000112357	PEX7	1	13	FALSE	TRUE	FALSE	TRUE	NA	FALSE	TRUE
DD:A3SS:1814	DD	A3SS	ENSG00000275835	TUBGCP5	2	8	TRUE	FALSE	TRUE	TRUE	TRUE	TRUE	FALSE
DD:A3SS:1844	DD	A3SS	ENSG00000112319	EYA4	23	1	FALSE	TRUE	TRUE	TRUE	TRUE	FALSE	TRUE
DD:A3SS:1853	DD	A3SS	ENSG00000126460	PRRG2	2	6	TRUE	TRUE	TRUE	TRUE	FALSE	TRUE	TRUE
DD:A3SS:1901	DD	A3SS	ENSG00000242114	MTFP1	1	1	TRUE	FALSE	TRUE	TRUE	TRUE	TRUE	FALSE
DD:A3SS:1961	DD	A3SS	ENSG00000102312	PORCN	3	5	FALSE	FALSE	TRUE	TRUE	FALSE	FALSE	FALSE
DD:A3SS:2002	DD	A3SS	ENSG00000130717	UCK1	5	1	TRUE	FALSE	TRUE	FALSE	NA	TRUE	FALSE
DD:A3SS:2151	DD	A3SS	ENSG00000096063	SRPK1	1	4	FALSE	TRUE	TRUE	TRUE	TRUE	FALSE	TRUE
DD:A3SS:2209	DD	A3SS	ENSG00000146409	SLC18B1	1	4	TRUE	FALSE	TRUE	TRUE	TRUE	TRUE	FALSE
DD:A3SS:2210	DD	A3SS	ENSG00000234545	FAM133B	5	2	FALSE	TRUE	TRUE	TRUE	TRUE	FALSE	TRUE
DD:A3SS:2221	DD	A3SS	ENSG00000151694	ADAM17	1	4	FALSE	FALSE	TRUE	TRUE	FALSE	FALSE	FALSE
DD:A3SS:2230	DD	A3SS	ENSG00000109736	MFSD10	4	1	FALSE	TRUE	TRUE	TRUE	TRUE	FALSE	TRUE
DD:A3SS:2270	DD	A3SS	ENSG00000109113	RAB34	6	1	TRUE	TRUE	TRUE	TRUE	FALSE	TRUE	TRUE
DD:A3SS:2288	DD	A3SS	ENSG00000204386	NEU1	2	1	FALSE	TRUE	TRUE	TRUE	TRUE	FALSE	TRUE
DD:A3SS:2329	DD	A3SS	ENSG00000137312	FLOT1	3	1	FALSE	FALSE	TRUE	TRUE	FALSE	FALSE	FALSE
DD:A3SS:2339	DD	A3SS	ENSG00000166471	TMEM41B	2	7	TRUE	TRUE	TRUE	TRUE	FALSE	TRUE	TRUE
DD:A3SS:2342	DD	A3SS	ENSG00000168118	RAB4A	1	2	FALSE	TRUE	TRUE	TRUE	TRUE	FALSE	TRUE
DD:A3SS:2413	DD	A3SS	ENSG00000171206	TRIM8	1	8	TRUE	FALSE	TRUE	TRUE	TRUE	TRUE	FALSE
DD:A3SS:2500	DD	A3SS	ENSG00000079385	CEACAM1	3	3	TRUE	TRUE	TRUE	TRUE	FALSE	TRUE	TRUE
DD:A3SS:2514	DD	A3SS	ENSG00000168216	LMBRD1	2	2	TRUE	TRUE	TRUE	TRUE	FALSE	TRUE	TRUE
DD:A3SS:2516	DD	A3SS	ENSG00000146063	TRIM41	10	4	TRUE	TRUE	TRUE	TRUE	FALSE	TRUE	TRUE
DD:A3SS:2590	DD	A3SS	ENSG00000173137	ADCK5	7	1	TRUE	TRUE	TRUE	TRUE	FALSE	TRUE	TRUE
DD:A3SS:2594	DD	A3SS	ENSG00000106258	CYP3A5	8	6	TRUE	TRUE	TRUE	TRUE	FALSE	TRUE	TRUE
DD:A3SS:2612	DD	A3SS	ENSG00000141499	WRAP53	3	4	TRUE	TRUE	TRUE	TRUE	FALSE	TRUE	TRUE
DD:A3SS:2638	DD	A3SS	ENSG00000113272	THG1L	2	1	FALSE	TRUE	TRUE	TRUE	TRUE	FALSE	TRUE
DD:A3SS:2655	DD	A3SS	ENSG00000204348	DXO	4	4	FALSE	TRUE	TRUE	TRUE	TRUE	FALSE	TRUE
DD:A3SS:2708	DD	A3SS	ENSG00000157800	SLC37A3	1	5	TRUE	TRUE	TRUE	TRUE	FALSE	TRUE	TRUE
DD:A3SS:2798	DD	A3SS	ENSG00000178694	NSUN3	4	1	TRUE	FALSE	TRUE	TRUE	TRUE	TRUE	FALSE
DD:A3SS:2883	DD	A3SS	ENSG00000065485	PDIA5	3	2	TRUE	TRUE	TRUE	TRUE	FALSE	TRUE	TRUE
DD:A3SS:2912	DD	A3SS	ENSG00000023892	DEF6	1	3	TRUE	FALSE	TRUE	TRUE	TRUE	TRUE	FALSE
DD:A3SS:3026	DD	A3SS	ENSG00000113356	POLR3G	3	1	FALSE	FALSE	TRUE	TRUE	FALSE	FALSE	FALSE
DD:A3SS:3027	DD	A3SS	ENSG00000092036	HAUS4	1	11	TRUE	FALSE	TRUE	TRUE	TRUE	TRUE	FALSE
DD:A3SS:3082	DD	A3SS	ENSG00000140931	CMTM3	1	3	TRUE	FALSE	TRUE	TRUE	TRUE	TRUE	FALSE
DD:A3SS:3269	DD	A3SS	ENSG00000112992	NNT	1	4	FALSE	FALSE	TRUE	TRUE	FALSE	FALSE	FALSE
DD:A3SS:3415	DD	A3SS	ENSG00000124279	FASTKD3	5	5	TRUE	FALSE	TRUE	TRUE	TRUE	TRUE	FALSE
DD:A3SS:3417	DD	A3SS	ENSG00000000460	FIRRM	15	3	TRUE	FALSE	TRUE	TRUE	TRUE	TRUE	FALSE
DD:A3SS:3432	DD	A3SS	ENSG00000146918	NCAPG2	12	1	TRUE	FALSE	TRUE	TRUE	TRUE	TRUE	FALSE
DD:A3SS:3438	DD	A3SS	ENSG00000100335	MIEF1	2	2	FALSE	TRUE	TRUE	TRUE	TRUE	FALSE	TRUE
DD:A3SS:3496	DD	A3SS	ENSG00000168538	TRAPPC11	3	1	FALSE	FALSE	TRUE	TRUE	FALSE	FALSE	FALSE
DD:A3SS:3694	DD	A3SS	ENSG00000132600	PRMT7	2	10	TRUE	FALSE	TRUE	TRUE	TRUE	TRUE	FALSE
DD:A3SS:3812	DD	A3SS	ENSG00000132906	CASP9	1	7	TRUE	TRUE	TRUE	TRUE	FALSE	TRUE	TRUE
DD:A3SS:3892	DD	A3SS	ENSG00000107959	PITRM1	1	8	TRUE	FALSE	TRUE	TRUE	TRUE	TRUE	FALSE
DD:A3SS:3900	DD	A3SS	ENSG00000107959	PITRM1	5	1	TRUE	FALSE	TRUE	TRUE	TRUE	TRUE	FALSE
DD:A3SS:3910	DD	A3SS	ENSG00000115211	EIF2B4	3	1	FALSE	TRUE	TRUE	TRUE	TRUE	FALSE	TRUE
DD:A3SS:4013	DD	A3SS	ENSG00000124357	NAGK	4	1	FALSE	TRUE	TRUE	TRUE	TRUE	FALSE	TRUE
DD:A3SS:4074	DD	A3SS	ENSG00000143971	ETAA1	4	1	FALSE	TRUE	TRUE	TRUE	TRUE	FALSE	TRUE
DD:A3SS:4306	DD	A3SS	ENSG00000070814	TCOF1	10	3	FALSE	TRUE	TRUE	TRUE	TRUE	FALSE	TRUE
DD:A3SS:4314	DD	A3SS	ENSG00000171566	PLRG1	3	1	TRUE	TRUE	TRUE	TRUE	FALSE	TRUE	TRUE
DD:A3SS:4574	DD	A3SS	ENSG00000147852	VLDLR	10	2	TRUE	TRUE	TRUE	TRUE	FALSE	TRUE	TRUE
DD:A3SS:4757	DD	A3SS	ENSG00000108654	DDX5	1	1	TRUE	FALSE	TRUE	TRUE	TRUE	TRUE	FALSE
DD:A3SS:4758	DD	A3SS	ENSG00000108654	DDX5	1	1	TRUE	FALSE	TRUE	TRUE	TRUE	TRUE	FALSE
DD:A3SS:4848	DD	A3SS	ENSG00000125447	GGA3	1	5	FALSE	TRUE	TRUE	TRUE	TRUE	FALSE	TRUE
DD:A3SS:4849	DD	A3SS	ENSG00000169490	TM2D2	1	1	FALSE	FALSE	TRUE	TRUE	FALSE	FALSE	FALSE
DD:A3SS:4901	DD	A3SS	ENSG00000162302	RPS6KA4	8	1	TRUE	FALSE	TRUE	TRUE	TRUE	TRUE	FALSE
DD:A3SS:4932	DD	A3SS	ENSG00000117682	DHDDS	2	9	TRUE	FALSE	TRUE	TRUE	TRUE	TRUE	FALSE
DD:A3SS:4941	DD	A3SS	ENSG00000111667	USP5	1	2	TRUE	FALSE	TRUE	TRUE	TRUE	TRUE	FALSE
DD:A3SS:4961	DD	A3SS	ENSG00000110619	CARS1	1	6	TRUE	FALSE	TRUE	TRUE	TRUE	TRUE	FALSE
DD:A3SS:4967	DD	A3SS	ENSG00000110619	CARS1	2	6	FALSE	TRUE	TRUE	TRUE	TRUE	FALSE	TRUE
DD:A3SS:4988	DD	A3SS	ENSG00000013441	CLK1	5	1	TRUE	FALSE	TRUE	TRUE	TRUE	TRUE	FALSE
DD:A3SS:5110	DD	A3SS	ENSG00000122335	SERAC1	7	2	TRUE	TRUE	TRUE	TRUE	FALSE	TRUE	TRUE
DD:A3SS:5117	DD	A3SS	ENSG00000141580	WDR45B	3	1	FALSE	TRUE	TRUE	TRUE	TRUE	FALSE	TRUE
DD:A3SS:5169	DD	A3SS	ENSG00000113812	ACTR8	1	5	TRUE	TRUE	TRUE	TRUE	FALSE	TRUE	TRUE
DD:A3SS:5202	DD	A3SS	ENSG00000172663	TMEM134	3	4	TRUE	TRUE	TRUE	TRUE	FALSE	TRUE	TRUE
DD:A3SS:5345	DD	A3SS	ENSG00000141013	GAS8	3	5	FALSE	FALSE	TRUE	TRUE	FALSE	FALSE	FALSE
DD:A3SS:5364	DD	A3SS	ENSG00000088836	SLC4A11	16	1	TRUE	TRUE	TRUE	TRUE	FALSE	TRUE	TRUE
DD:A3SS:5369	DD	A3SS	ENSG00000001084	GCLC	1	1	FALSE	FALSE	TRUE	TRUE	FALSE	FALSE	FALSE
DD:A3SS:5408	DD	A3SS	ENSG00000167291	TBC1D16	7	3	TRUE	FALSE	TRUE	TRUE	TRUE	TRUE	FALSE
DD:A3SS:5409	DD	A3SS	ENSG00000167291	TBC1D16	7	8	TRUE	TRUE	TRUE	TRUE	FALSE	TRUE	TRUE
DD:A3SS:5432	DD	A3SS	ENSG00000135341	MAP3K7	2	3	TRUE	TRUE	TRUE	TRUE	FALSE	TRUE	TRUE
DD:A3SS:5446	DD	A3SS	ENSG00000157881	PANK4	7	6	TRUE	TRUE	TRUE	TRUE	FALSE	TRUE	TRUE
DD:A3SS:5467	DD	A3SS	ENSG00000000457	SCYL3	2	8	FALSE	FALSE	TRUE	TRUE	FALSE	FALSE	FALSE
DD:A3SS:5492	DD	A3SS	ENSG00000247596	TWF2	1	1	FALSE	TRUE	TRUE	TRUE	TRUE	FALSE	TRUE
DD:A3SS:5588	DD	A3SS	ENSG00000018189	RUFY3	4	6	TRUE	FALSE	TRUE	TRUE	TRUE	TRUE	FALSE
DD:A3SS:5662	DD	A3SS	ENSG00000157625	TAB3	18	2	TRUE	TRUE	TRUE	TRUE	FALSE	TRUE	TRUE
DD:A3SS:5691	DD	A3SS	ENSG00000213930	GALT	5	1	TRUE	TRUE	TRUE	TRUE	FALSE	TRUE	TRUE
DD:A3SS:5737	DD	A3SS	ENSG00000133731	IMPA1	4	1	TRUE	FALSE	TRUE	TRUE	TRUE	TRUE	FALSE
DD:A3SS:5836	DD	A3SS	ENSG00000162298	SYVN1	5	1	FALSE	FALSE	TRUE	TRUE	FALSE	FALSE	FALSE
DD:A3SS:5859	DD	A3SS	ENSG00000109805	NCAPG	12	1	TRUE	FALSE	TRUE	TRUE	TRUE	TRUE	FALSE
DD:A3SS:5887	DD	A3SS	ENSG00000172613	RAD9A	7	1	TRUE	FALSE	TRUE	TRUE	TRUE	TRUE	FALSE
DD:A3SS:5907	DD	A3SS	ENSG00000154102	C16orf74	3	3	FALSE	FALSE	TRUE	TRUE	FALSE	FALSE	FALSE
DD:A3SS:5909	DD	A3SS	ENSG00000086189	DIMT1	4	1	FALSE	TRUE	TRUE	TRUE	TRUE	FALSE	TRUE
DD:A3SS:5921	DD	A3SS	ENSG00000127080	IPPK	1	1	FALSE	TRUE	TRUE	TRUE	TRUE	FALSE	TRUE
DD:A3SS:5974	DD	A3SS	ENSG00000164180	TMEM161B	34	3	TRUE	TRUE	TRUE	TRUE	FALSE	TRUE	TRUE
DD:A3SS:6067	DD	A3SS	ENSG00000110931	CAMKK2	1	12	FALSE	TRUE	TRUE	TRUE	TRUE	FALSE	TRUE
DD:A3SS:6112	DD	A3SS	ENSG00000160058	BSDC1	4	1	FALSE	FALSE	TRUE	TRUE	FALSE	FALSE	FALSE
DD:A3SS:6113	DD	A3SS	ENSG00000160058	BSDC1	2	1	FALSE	FALSE	TRUE	TRUE	FALSE	FALSE	FALSE
DD:A3SS:6143	DD	A3SS	ENSG00000144029	MRPS5	2	2	TRUE	TRUE	TRUE	TRUE	FALSE	TRUE	TRUE
DD:A3SS:6183	DD	A3SS	ENSG00000059691	GATB	3	1	FALSE	TRUE	TRUE	TRUE	TRUE	FALSE	TRUE
DD:A3SS:6202	DD	A3SS	ENSG00000013375	PGM3	4	1	TRUE	TRUE	TRUE	TRUE	FALSE	TRUE	TRUE
DD:A3SS:6219	DD	A3SS	ENSG00000125967	NECAB3	2	15	TRUE	TRUE	TRUE	TRUE	FALSE	TRUE	TRUE
DD:A3SS:6437	DD	A3SS	ENSG00000168883	USP39	2	7	FALSE	TRUE	TRUE	TRUE	TRUE	FALSE	TRUE
DD:A3SS:6446	DD	A3SS	ENSG00000115486	GGCX	3	2	FALSE	TRUE	TRUE	TRUE	TRUE	FALSE	TRUE
DD:A3SS:6507	DD	A3SS	ENSG00000163161	ERCC3	2	1	FALSE	TRUE	TRUE	TRUE	TRUE	FALSE	TRUE
DD:A3SS:6678	DD	A3SS	ENSG00000103066	PLA2G15	3	1	FALSE	FALSE	TRUE	TRUE	FALSE	FALSE	FALSE
DD:A3SS:6696	DD	A3SS	ENSG00000108819	PPP1R9B	1	4	TRUE	TRUE	TRUE	TRUE	FALSE	TRUE	TRUE
DD:A3SS:6750	DD	A3SS	ENSG00000142528	ZNF473	1	1	FALSE	FALSE	TRUE	TRUE	FALSE	FALSE	FALSE
DD:A3SS:6751	DD	A3SS	ENSG00000086827	ZW10	4	2	FALSE	TRUE	TRUE	TRUE	TRUE	FALSE	TRUE
DD:A3SS:6830	DD	A3SS	ENSG00000186141	POLR3C	1	6	TRUE	TRUE	TRUE	TRUE	FALSE	TRUE	TRUE
DD:A3SS:6910	DD	A3SS	ENSG00000163798	SLC4A1AP	2	1	FALSE	TRUE	TRUE	TRUE	TRUE	FALSE	TRUE
DD:A3SS:6961	DD	A3SS	ENSG00000070061	ELP1	5	1	TRUE	TRUE	TRUE	TRUE	FALSE	TRUE	TRUE
DD:A3SS:7337	DD	A3SS	ENSG00000028310	BRD9	1	5	FALSE	FALSE	TRUE	TRUE	FALSE	FALSE	FALSE
DD:A3SS:7452	DD	A3SS	ENSG00000117640	MTFR1L	1	1	FALSE	FALSE	TRUE	TRUE	FALSE	FALSE	FALSE
DD:A3SS:7631	DD	A3SS	ENSG00000172171	TEFM	4	1	FALSE	TRUE	TRUE	TRUE	TRUE	FALSE	TRUE
DD:A3SS:7787	DD	A3SS	ENSG00000159348	CYB5R1	1	2	FALSE	FALSE	TRUE	TRUE	FALSE	FALSE	FALSE
DD:A3SS:7796	DD	A3SS	ENSG00000087077	TRIP6	1	1	FALSE	FALSE	TRUE	TRUE	FALSE	FALSE	FALSE
DD:A3SS:7995	DD	A3SS	ENSG00000156603	MED19	1	2	FALSE	FALSE	TRUE	TRUE	FALSE	FALSE	FALSE
DD:A3SS:8098	DD	A3SS	ENSG00000168894	RNF181	1	1	FALSE	TRUE	TRUE	TRUE	TRUE	FALSE	TRUE
DD:A3SS:8180	DD	A3SS	ENSG00000064102	INTS13	3	1	FALSE	TRUE	TRUE	TRUE	TRUE	FALSE	TRUE
DD:A3SS:8225	DD	A3SS	ENSG00000128059	PPAT	3	1	TRUE	FALSE	TRUE	TRUE	TRUE	TRUE	FALSE
DD:A3SS:8253	DD	A3SS	ENSG00000089818	NECAP1	1	1	FALSE	TRUE	TRUE	TRUE	TRUE	FALSE	TRUE
DD:A3SS:8320	DD	A3SS	ENSG00000168374	ARF4	1	1	TRUE	FALSE	TRUE	TRUE	TRUE	TRUE	FALSE
DD:A3SS:8359	DD	A3SS	ENSG00000177239	MAN1B1	2	1	FALSE	TRUE	TRUE	TRUE	TRUE	FALSE	TRUE
DD:A3SS:8569	DD	A3SS	ENSG00000164548	TRA2A	2	1	FALSE	FALSE	TRUE	TRUE	FALSE	FALSE	FALSE
DD:A3SS:8624	DD	A3SS	ENSG00000196923	PDLIM7	1	1	TRUE	FALSE	TRUE	TRUE	TRUE	TRUE	FALSE
DD:A3SS:8712	DD	A3SS	ENSG00000103356	EARS2	1	4	TRUE	TRUE	TRUE	TRUE	FALSE	TRUE	TRUE
DD:A3SS:8737	DD	A3SS	ENSG00000168710	AHCYL1	5	1	TRUE	FALSE	TRUE	TRUE	TRUE	TRUE	FALSE
DD:A3SS:8806	DD	A3SS	ENSG00000123473	STIL	24	1	FALSE	FALSE	TRUE	TRUE	FALSE	FALSE	FALSE
DD:A3SS:8818	DD	A3SS	ENSG00000091140	DLD	1	2	FALSE	FALSE	TRUE	TRUE	FALSE	FALSE	FALSE
DD:A3SS:8857	DD	A3SS	ENSG00000101452	DHX35	3	7	TRUE	TRUE	TRUE	TRUE	FALSE	TRUE	TRUE
DD:A3SS:8898	DD	A3SS	ENSG00000115204	MPV17	3	1	FALSE	TRUE	TRUE	TRUE	TRUE	FALSE	TRUE
DD:A3SS:9027	DD	A3SS	ENSG00000125089	SH3TC1	1	9	TRUE	TRUE	TRUE	TRUE	FALSE	TRUE	TRUE
DD:A3SS:9082	DD	A3SS	ENSG00000143499	SMYD2	3	1	FALSE	TRUE	TRUE	TRUE	TRUE	FALSE	TRUE
DD:A3SS:9088	DD	A3SS	ENSG00000175467	SART1	1	2	FALSE	FALSE	TRUE	TRUE	FALSE	FALSE	FALSE
DD:A3SS:9090	DD	A3SS	ENSG00000175467	SART1	1	2	FALSE	FALSE	TRUE	TRUE	FALSE	FALSE	FALSE
DD:A3SS:9098	DD	A3SS	ENSG00000123992	DNPEP	3	1	TRUE	TRUE	TRUE	TRUE	FALSE	TRUE	TRUE
DD:A3SS:9105	DD	A3SS	ENSG00000166986	MARS1	3	1	FALSE	TRUE	TRUE	TRUE	TRUE	FALSE	TRUE
DD:A3SS:9175	DD	A3SS	ENSG00000161202	DVL3	1	3	FALSE	FALSE	TRUE	TRUE	FALSE	FALSE	FALSE
DD:A3SS:9191	DD	A3SS	ENSG00000072756	TRNT1	1	3	TRUE	TRUE	TRUE	TRUE	FALSE	TRUE	TRUE
DD:A3SS:9210	DD	A3SS	ENSG00000169242	EFNA1	4	1	FALSE	FALSE	TRUE	TRUE	FALSE	FALSE	FALSE
DD:A3SS:9223	DD	A3SS	ENSG00000082213	C5orf22	6	1	FALSE	TRUE	TRUE	TRUE	TRUE	FALSE	TRUE
DD:A3SS:9233	DD	A3SS	ENSG00000115307	AUP1	1	2	TRUE	FALSE	TRUE	TRUE	TRUE	TRUE	FALSE
DD:A3SS:9493	DD	A3SS	ENSG00000070669	ASNS	1	6	TRUE	FALSE	TRUE	TRUE	TRUE	TRUE	FALSE
DD:A3SS:9545	DD	A3SS	ENSG00000104783	KCNN4	11	1	TRUE	TRUE	TRUE	TRUE	FALSE	TRUE	TRUE
DD:A3SS:9790	DD	A3SS	ENSG00000176261	ZBTB8OS	2	2	FALSE	FALSE	TRUE	TRUE	FALSE	FALSE	FALSE
DD:A3SS:9793	DD	A3SS	ENSG00000119912	IDE	1	6	TRUE	TRUE	TRUE	TRUE	FALSE	TRUE	TRUE
DD:A3SS:9896	DD	A3SS	ENSG00000015153	YAF2	3	3	TRUE	FALSE	TRUE	TRUE	TRUE	TRUE	FALSE
DD:A3SS:9994	DD	A3SS	ENSG00000129197	RPAIN	7	2	TRUE	TRUE	TRUE	TRUE	FALSE	TRUE	TRUE
DD:A3SS:10021	DD	A3SS	ENSG00000173559	NABP1	2	3	TRUE	TRUE	TRUE	TRUE	FALSE	TRUE	TRUE
DD:A3SS:10068	DD	A3SS	ENSG00000079616	KIF22	1	1	TRUE	FALSE	TRUE	TRUE	TRUE	TRUE	FALSE
DD:A3SS:10121	DD	A3SS	ENSG00000156802	ATAD2	12	1	TRUE	FALSE	TRUE	TRUE	TRUE	TRUE	FALSE
DD:A3SS:10183	DD	A3SS	ENSG00000103168	TAF1C	9	3	TRUE	FALSE	TRUE	TRUE	TRUE	TRUE	FALSE
DD:A3SS:10190	DD	A3SS	ENSG00000139044	B4GALNT3	1	8	TRUE	TRUE	TRUE	TRUE	FALSE	TRUE	TRUE
DD:A3SS:10193	DD	A3SS	ENSG00000164062	APEH	4	1	FALSE	FALSE	TRUE	TRUE	FALSE	FALSE	FALSE
DD:A3SS:10236	DD	A3SS	ENSG00000163481	RNF25	1	3	FALSE	FALSE	TRUE	TRUE	FALSE	FALSE	FALSE
DD:A3SS:10248	DD	A3SS	ENSG00000144567	RETREG2	2	1	FALSE	TRUE	TRUE	TRUE	TRUE	FALSE	TRUE
DD:A3SS:10271	DD	A3SS	ENSG00000129946	SHC2	2	1	FALSE	FALSE	TRUE	TRUE	FALSE	FALSE	FALSE
DD:A3SS:10377	DD	A3SS	ENSG00000087157	PGS1	4	2	TRUE	TRUE	TRUE	TRUE	FALSE	TRUE	TRUE
DD:A3SS:10385	DD	A3SS	ENSG00000111665	CDCA3	10	2	TRUE	TRUE	TRUE	TRUE	FALSE	TRUE	TRUE
DD:A3SS:10486	DD	A3SS	ENSG00000117543	DPH5	5	2	FALSE	TRUE	TRUE	TRUE	TRUE	FALSE	TRUE
DD:A3SS:10510	DD	A3SS	ENSG00000100650	SRSF5	1	3	FALSE	FALSE	TRUE	TRUE	FALSE	FALSE	FALSE
DD:A3SS:10594	DD	A3SS	ENSG00000142330	CAPN10	2	7	TRUE	TRUE	TRUE	TRUE	FALSE	TRUE	TRUE
DD:A3SS:10596	DD	A3SS	ENSG00000142330	CAPN10	8	1	TRUE	TRUE	TRUE	TRUE	FALSE	TRUE	TRUE
DD:A3SS:10615	DD	A3SS	ENSG00000250571	GLI4	14	4	FALSE	FALSE	TRUE	TRUE	FALSE	FALSE	FALSE
DD:A3SS:10628	DD	A3SS	ENSG00000148343	MIGA2	1	4	TRUE	TRUE	TRUE	TRUE	FALSE	TRUE	TRUE
DD:A3SS:10671	DD	A3SS	ENSG00000170954	ZNF415	6	3	TRUE	FALSE	TRUE	TRUE	TRUE	TRUE	FALSE
DD:A3SS:10726	DD	A3SS	ENSG00000026950	BTN3A1	13	3	TRUE	FALSE	TRUE	TRUE	TRUE	TRUE	FALSE
DD:A3SS:10739	DD	A3SS	ENSG00000112855	HARS2	1	4	FALSE	TRUE	TRUE	TRUE	TRUE	FALSE	TRUE
DD:A3SS:10794	DD	A3SS	ENSG00000049860	HEXB	2	1	TRUE	TRUE	TRUE	TRUE	FALSE	TRUE	TRUE
DD:A3SS:10865	DD	A3SS	ENSG00000003756	RBM5	3	1	TRUE	FALSE	TRUE	TRUE	TRUE	TRUE	FALSE
DD:A3SS:10908	DD	A3SS	ENSG00000214087	ARL16	4	1	TRUE	FALSE	TRUE	TRUE	TRUE	TRUE	FALSE
DD:A3SS:10910	DD	A3SS	ENSG00000092094	OSGEP	2	2	TRUE	TRUE	TRUE	TRUE	FALSE	TRUE	TRUE
DD:A3SS:11066	DD	A3SS	ENSG00000145191	EIF2B5	1	3	TRUE	TRUE	TRUE	TRUE	FALSE	TRUE	TRUE
DD:A3SS:11204	DD	A3SS	ENSG00000163608	NEPRO	5	2	TRUE	TRUE	TRUE	TRUE	FALSE	TRUE	TRUE
DD:A3SS:11212	DD	A3SS	ENSG00000139370	SLC15A4	2	2	FALSE	TRUE	TRUE	TRUE	TRUE	FALSE	TRUE
DD:A3SS:11213	DD	A3SS	ENSG00000146826	TRAPPC14	1	8	TRUE	FALSE	TRUE	TRUE	TRUE	TRUE	FALSE
DD:A3SS:11224	DD	A3SS	ENSG00000163389	POGLUT1	1	4	TRUE	TRUE	TRUE	TRUE	FALSE	TRUE	TRUE
DD:A3SS:11374	DD	A3SS	ENSG00000221829	FANCG	14	1	TRUE	TRUE	TRUE	TRUE	FALSE	TRUE	TRUE
DD:A3SS:11411	DD	A3SS	ENSG00000119402	FBXW2	3	3	FALSE	FALSE	TRUE	TRUE	FALSE	FALSE	FALSE
DD:A3SS:11449	DD	A3SS	ENSG00000169972	PUSL1	5	2	FALSE	TRUE	TRUE	TRUE	TRUE	FALSE	TRUE
DD:A3SS:11550	DD	A3SS	ENSG00000114770	ABCC5	2	3	TRUE	FALSE	TRUE	TRUE	TRUE	TRUE	FALSE
DD:A3SS:11779	DD	A3SS	ENSG00000062485	CS	2	1	FALSE	TRUE	TRUE	TRUE	TRUE	FALSE	TRUE
DD:A3SS:11796	DD	A3SS	ENSG00000155275	TRMT44	5	3	FALSE	FALSE	TRUE	TRUE	FALSE	FALSE	FALSE
DD:A3SS:11814	DD	A3SS	ENSG00000103051	COG4	3	1	TRUE	TRUE	TRUE	TRUE	FALSE	TRUE	TRUE
DD:A3SS:11837	DD	A3SS	ENSG00000137522	RNF121	3	1	FALSE	FALSE	TRUE	TRUE	FALSE	FALSE	FALSE
DD:A3SS:11850	DD	A3SS	ENSG00000126602	TRAP1	1	2	FALSE	FALSE	TRUE	TRUE	FALSE	FALSE	FALSE
DD:A3SS:11871	DD	A3SS	ENSG00000136877	FPGS	6	1	TRUE	FALSE	TRUE	FALSE	NA	TRUE	FALSE
DD:A3SS:12062	DD	A3SS	ENSG00000117360	PRPF3	2	5	TRUE	FALSE	TRUE	TRUE	TRUE	TRUE	FALSE
DD:A3SS:12065	DD	A3SS	ENSG00000130640	TUBGCP2	9	1	FALSE	TRUE	TRUE	TRUE	TRUE	FALSE	TRUE
DD:A3SS:12101	DD	A3SS	ENSG00000140983	RHOT2	8	1	TRUE	FALSE	TRUE	TRUE	TRUE	TRUE	FALSE
DD:A3SS:12104	DD	A3SS	ENSG00000140983	RHOT2	7	1	TRUE	FALSE	TRUE	TRUE	TRUE	TRUE	FALSE
DD:A3SS:12166	DD	A3SS	ENSG00000138821	SLC39A8	6	2	FALSE	TRUE	TRUE	TRUE	TRUE	FALSE	TRUE
DD:A3SS:12176	DD	A3SS	ENSG00000284770	TBCE	2	5	TRUE	TRUE	TRUE	TRUE	FALSE	TRUE	TRUE
DD:A3SS:12199	DD	A3SS	ENSG00000147576	ADHFE1	13	13	TRUE	TRUE	TRUE	TRUE	FALSE	TRUE	TRUE
DD:A3SS:12216	DD	A3SS	ENSG00000140987	ZSCAN32	3	8	TRUE	FALSE	TRUE	TRUE	TRUE	TRUE	FALSE
DD:A3SS:12486	DD	A3SS	ENSG00000182979	MTA1	6	2	FALSE	TRUE	TRUE	TRUE	TRUE	FALSE	TRUE
DD:A3SS:12672	DD	A3SS	ENSG00000106290	TAF6	5	1	FALSE	FALSE	TRUE	TRUE	FALSE	FALSE	FALSE
DD:A3SS:12680	DD	A3SS	ENSG00000095485	CWF19L1	10	3	TRUE	TRUE	TRUE	TRUE	FALSE	TRUE	TRUE
DD:A3SS:12706	DD	A3SS	ENSG00000107819	SFXN3	1	4	TRUE	TRUE	TRUE	TRUE	FALSE	TRUE	TRUE
DD:A3SS:12707	DD	A3SS	ENSG00000107819	SFXN3	1	6	TRUE	TRUE	TRUE	TRUE	FALSE	TRUE	TRUE
DD:A3SS:12733	DD	A3SS	ENSG00000156374	PCGF6	1	4	FALSE	TRUE	FALSE	TRUE	NA	FALSE	TRUE
DD:A3SS:12757	DD	A3SS	ENSG00000186866	POFUT2	11	1	TRUE	FALSE	TRUE	TRUE	TRUE	TRUE	FALSE
DD:A3SS:12766	DD	A3SS	ENSG00000125733	TRIP10	1	1	FALSE	TRUE	TRUE	TRUE	TRUE	FALSE	TRUE
DD:A3SS:12848	DD	A3SS	ENSG00000073111	MCM2	1	5	TRUE	FALSE	TRUE	TRUE	TRUE	TRUE	FALSE
DD:A3SS:12859	DD	A3SS	ENSG00000196954	CASP4	1	2	FALSE	FALSE	TRUE	TRUE	FALSE	FALSE	FALSE
DD:A3SS:12899	DD	A3SS	ENSG00000175470	PPP2R2D	5	2	FALSE	FALSE	TRUE	TRUE	FALSE	FALSE	FALSE
DD:A3SS:12944	DD	A3SS	ENSG00000148824	MTG1	3	1	FALSE	TRUE	TRUE	TRUE	TRUE	FALSE	TRUE
DD:A3SS:12965	DD	A3SS	ENSG00000196547	MAN2A2	1	10	FALSE	TRUE	TRUE	TRUE	TRUE	FALSE	TRUE
DD:A3SS:12986	DD	A3SS	ENSG00000174775	HRAS	4	1	TRUE	FALSE	TRUE	TRUE	TRUE	TRUE	FALSE
DD:A3SS:13162	DD	A3SS	ENSG00000166788	SAAL1	1	3	FALSE	FALSE	TRUE	TRUE	FALSE	FALSE	FALSE
DD:A3SS:13207	DD	A3SS	ENSG00000111581	NUP107	1	7	FALSE	FALSE	TRUE	TRUE	FALSE	FALSE	FALSE
DD:A3SS:13317	DD	A3SS	ENSG00000100416	TRMU	3	3	TRUE	TRUE	TRUE	TRUE	FALSE	TRUE	TRUE
DD:A3SS:13319	DD	A3SS	ENSG00000100416	TRMU	3	1	TRUE	TRUE	TRUE	TRUE	FALSE	TRUE	TRUE
DD:A3SS:13333	DD	A3SS	ENSG00000168487	BMP1	3	2	TRUE	FALSE	TRUE	TRUE	TRUE	TRUE	FALSE
DD:A3SS:13337	DD	A3SS	ENSG00000168487	BMP1	3	5	TRUE	TRUE	TRUE	TRUE	FALSE	TRUE	TRUE
DD:A3SS:13361	DD	A3SS	ENSG00000213593	TMX2	1	1	TRUE	FALSE	TRUE	TRUE	TRUE	TRUE	FALSE
DD:A3SS:13449	DD	A3SS	ENSG00000104946	TBC1D17	2	2	TRUE	FALSE	TRUE	TRUE	TRUE	TRUE	FALSE
DD:A3SS:13452	DD	A3SS	ENSG00000162191	UBXN1	3	1	FALSE	TRUE	TRUE	TRUE	TRUE	FALSE	TRUE
DD:A3SS:13603	DD	A3SS	ENSG00000172732	MUS81	8	1	TRUE	TRUE	TRUE	TRUE	FALSE	TRUE	TRUE
DD:A3SS:13651	DD	A3SS	ENSG00000173992	CCS	3	7	TRUE	FALSE	TRUE	TRUE	TRUE	TRUE	FALSE
DD:A3SS:13656	DD	A3SS	ENSG00000173653	RCE1	3	2	FALSE	TRUE	TRUE	TRUE	TRUE	FALSE	TRUE
DD:A3SS:13657	DD	A3SS	ENSG00000173599	PC	4	1	TRUE	TRUE	TRUE	TRUE	FALSE	TRUE	TRUE
DD:A3SS:13665	DD	A3SS	ENSG00000172830	SSH3	8	2	FALSE	TRUE	TRUE	TRUE	TRUE	FALSE	TRUE
DD:A3SS:13671	DD	A3SS	ENSG00000175634	RPS6KB2	4	1	TRUE	TRUE	TRUE	TRUE	FALSE	TRUE	TRUE
DD:A3SS:13710	DD	A3SS	ENSG00000161618	ALDH16A1	4	1	FALSE	FALSE	TRUE	TRUE	FALSE	FALSE	FALSE
DD:A3SS:13755	DD	A3SS	ENSG00000175575	PAAF1	3	1	FALSE	FALSE	TRUE	TRUE	FALSE	FALSE	FALSE
DD:A3SS:13781	DD	A3SS	ENSG00000139546	TARBP2	2	7	TRUE	TRUE	TRUE	TRUE	FALSE	TRUE	TRUE
DD:A3SS:13788	DD	A3SS	ENSG00000159063	ALG8	3	1	FALSE	TRUE	TRUE	TRUE	TRUE	FALSE	TRUE
DD:A3SS:13916	DD	A3SS	ENSG00000132680	KHDC4	4	5	TRUE	TRUE	TRUE	TRUE	FALSE	TRUE	TRUE
DD:A3SS:13938	DD	A3SS	ENSG00000111364	DDX55	8	2	TRUE	FALSE	TRUE	TRUE	TRUE	TRUE	FALSE
DD:A3SS:14078	DD	A3SS	ENSG00000154114	TBCEL	15	4	TRUE	TRUE	TRUE	TRUE	FALSE	TRUE	TRUE
DD:A3SS:14192	DD	A3SS	ENSG00000110074	FOXRED1	4	2	TRUE	FALSE	TRUE	TRUE	TRUE	TRUE	FALSE
DD:A3SS:14261	DD	A3SS	ENSG00000135297	MTO1	1	2	FALSE	TRUE	TRUE	TRUE	TRUE	FALSE	TRUE
DD:A3SS:14263	DD	A3SS	ENSG00000135297	MTO1	3	7	TRUE	TRUE	TRUE	TRUE	FALSE	TRUE	TRUE
DD:A3SS:14300	DD	A3SS	ENSG00000011243	AKAP8L	1	4	TRUE	FALSE	TRUE	TRUE	TRUE	TRUE	FALSE
DD:A3SS:14310	DD	A3SS	ENSG00000011243	AKAP8L	5	1	TRUE	FALSE	TRUE	TRUE	TRUE	TRUE	FALSE
DD:A3SS:14337	DD	A3SS	ENSG00000111653	ING4	7	1	TRUE	TRUE	TRUE	TRUE	FALSE	TRUE	TRUE
DD:A3SS:14378	DD	A3SS	ENSG00000157764	BRAF	6	1	TRUE	TRUE	TRUE	TRUE	FALSE	TRUE	TRUE
DD:A3SS:14592	DD	A3SS	ENSG00000065029	ZNF76	1	6	TRUE	FALSE	TRUE	TRUE	TRUE	TRUE	FALSE
DD:A3SS:14797	DD	A3SS	ENSG00000182199	SHMT2	3	5	FALSE	TRUE	TRUE	TRUE	TRUE	FALSE	TRUE
DD:A3SS:14944	DD	A3SS	ENSG00000033627	ATP6V0A1	2	6	TRUE	TRUE	TRUE	TRUE	FALSE	TRUE	TRUE
DD:A3SS:14982	DD	A3SS	ENSG00000186908	ZDHHC17	15	7	TRUE	TRUE	TRUE	TRUE	FALSE	TRUE	TRUE
DD:A3SS:15020	DD	A3SS	ENSG00000112365	ZBTB24	9	1	TRUE	TRUE	TRUE	TRUE	FALSE	TRUE	TRUE
DD:A3SS:15085	DD	A3SS	ENSG00000110906	KCTD10	1	1	TRUE	FALSE	TRUE	TRUE	TRUE	TRUE	FALSE
DD:A3SS:15103	DD	A3SS	ENSG00000064961	HMG20B	1	3	FALSE	FALSE	TRUE	TRUE	FALSE	FALSE	FALSE
DD:A3SS:15208	DD	A3SS	ENSG00000150967	ABCB9	9	3	FALSE	FALSE	TRUE	TRUE	FALSE	FALSE	FALSE
DD:A3SS:15218	DD	A3SS	ENSG00000111325	OGFOD2	3	5	TRUE	FALSE	TRUE	TRUE	TRUE	TRUE	FALSE
DD:A3SS:15325	DD	A3SS	ENSG00000184056	VPS33B	1	2	FALSE	FALSE	TRUE	TRUE	FALSE	FALSE	FALSE
DD:A3SS:15326	DD	A3SS	ENSG00000161526	SAP30BP	1	4	TRUE	TRUE	TRUE	TRUE	FALSE	TRUE	TRUE
DD:A3SS:15370	DD	A3SS	ENSG00000120699	EXOSC8	4	2	FALSE	TRUE	TRUE	TRUE	TRUE	FALSE	TRUE
DD:A3SS:15398	DD	A3SS	ENSG00000119392	GLE1	4	1	TRUE	TRUE	TRUE	TRUE	FALSE	TRUE	TRUE
DD:A3SS:15456	DD	A3SS	ENSG00000253710	ALG11	2	1	FALSE	TRUE	TRUE	TRUE	TRUE	FALSE	TRUE
DD:A3SS:15628	DD	A3SS	ENSG00000150401	DCUN1D2	4	6	TRUE	TRUE	TRUE	TRUE	FALSE	TRUE	TRUE
DD:A3SS:15664	DD	A3SS	ENSG00000165792	METTL17	8	7	TRUE	TRUE	TRUE	TRUE	FALSE	TRUE	TRUE
DD:A3SS:15745	DD	A3SS	ENSG00000100908	EMC9	4	2	FALSE	FALSE	TRUE	TRUE	FALSE	FALSE	FALSE
DD:A3SS:15746	DD	A3SS	ENSG00000100908	EMC9	2	2	TRUE	FALSE	TRUE	TRUE	TRUE	TRUE	FALSE
DD:A3SS:15753	DD	A3SS	ENSG00000100911	PSME2	1	1	TRUE	FALSE	TRUE	TRUE	TRUE	TRUE	FALSE
DD:A3SS:15790	DD	A3SS	ENSG00000157379	DHRS1	7	1	TRUE	TRUE	TRUE	TRUE	FALSE	TRUE	TRUE
DD:A3SS:15842	DD	A3SS	ENSG00000079134	THOC1	6	1	FALSE	TRUE	TRUE	TRUE	TRUE	FALSE	TRUE
DD:A3SS:15897	DD	A3SS	ENSG00000112031	MTRF1L	2	3	TRUE	FALSE	TRUE	TRUE	TRUE	TRUE	FALSE
DD:A3SS:15898	DD	A3SS	ENSG00000112031	MTRF1L	5	3	TRUE	TRUE	TRUE	TRUE	FALSE	TRUE	TRUE
DD:A3SS:15948	DD	A3SS	ENSG00000242802	AP5Z1	1	7	TRUE	TRUE	TRUE	TRUE	FALSE	TRUE	TRUE
DD:A3SS:15957	DD	A3SS	ENSG00000102710	SUPT20H	4	6	TRUE	FALSE	TRUE	TRUE	TRUE	TRUE	FALSE
DD:A3SS:15958	DD	A3SS	ENSG00000102710	SUPT20H	4	1	TRUE	FALSE	TRUE	TRUE	TRUE	TRUE	FALSE
DD:A3SS:15967	DD	A3SS	ENSG00000129219	PLD2	13	1	TRUE	FALSE	TRUE	TRUE	TRUE	TRUE	FALSE
DD:A3SS:16009	DD	A3SS	ENSG00000119725	ZNF410	4	1	FALSE	TRUE	TRUE	TRUE	TRUE	FALSE	TRUE
DD:A3SS:16043	DD	A3SS	ENSG00000100601	ALKBH1	4	4	TRUE	TRUE	TRUE	TRUE	FALSE	TRUE	TRUE
DD:A3SS:16069	DD	A3SS	ENSG00000100784	RPS6KA5	1	9	FALSE	FALSE	TRUE	TRUE	FALSE	FALSE	FALSE
DD:A3SS:16133	DD	A3SS	ENSG00000088833	NSFL1C	3	1	FALSE	FALSE	TRUE	TRUE	FALSE	FALSE	FALSE
DD:A3SS:16200	DD	A3SS	ENSG00000100711	ZFYVE21	1	1	FALSE	FALSE	TRUE	TRUE	FALSE	FALSE	FALSE
DD:A3SS:16222	DD	A3SS	ENSG00000185347	TEDC1	16	5	FALSE	FALSE	TRUE	TRUE	FALSE	FALSE	FALSE
DD:A3SS:16252	DD	A3SS	ENSG00000100897	DCAF11	4	1	FALSE	FALSE	TRUE	TRUE	FALSE	FALSE	FALSE
DD:A3SS:16375	DD	A3SS	ENSG00000123600	METTL8	8	1	FALSE	TRUE	TRUE	TRUE	TRUE	FALSE	TRUE
DD:A3SS:16388	DD	A3SS	ENSG00000128944	KNSTRN	2	1	TRUE	TRUE	TRUE	TRUE	FALSE	TRUE	TRUE
DD:A3SS:16390	DD	A3SS	ENSG00000128944	KNSTRN	1	3	TRUE	TRUE	TRUE	TRUE	FALSE	TRUE	TRUE
DD:A3SS:16398	DD	A3SS	ENSG00000104129	DNAJC17	1	7	TRUE	TRUE	TRUE	TRUE	FALSE	TRUE	TRUE
DD:A3SS:16461	DD	A3SS	ENSG00000099622	CIRBP	1	3	FALSE	TRUE	TRUE	TRUE	TRUE	FALSE	TRUE
DD:A3SS:16559	DD	A3SS	ENSG00000128915	ICE2	3	5	FALSE	TRUE	TRUE	TRUE	TRUE	FALSE	TRUE
DD:A3SS:16723	DD	A3SS	ENSG00000140403	DNAJA4	11	1	FALSE	TRUE	TRUE	TRUE	TRUE	FALSE	TRUE
DD:A3SS:16778	DD	A3SS	ENSG00000116874	WARS2	1	5	FALSE	FALSE	TRUE	TRUE	FALSE	FALSE	FALSE
DD:A3SS:16801	DD	A3SS	ENSG00000120533	ENY2	3	1	FALSE	TRUE	TRUE	TRUE	TRUE	FALSE	TRUE
DD:A3SS:16830	DD	A3SS	ENSG00000140519	RHCG	6	5	TRUE	TRUE	TRUE	TRUE	FALSE	TRUE	TRUE
DD:A3SS:16836	DD	A3SS	ENSG00000100722	ZC3H14	1	8	FALSE	FALSE	TRUE	TRUE	FALSE	FALSE	FALSE
DD:A3SS:16902	DD	A3SS	ENSG00000171163	ZNF692	10	3	TRUE	TRUE	TRUE	TRUE	FALSE	TRUE	TRUE
DD:A3SS:16915	DD	A3SS	ENSG00000130731	METTL26	1	2	TRUE	TRUE	TRUE	TRUE	FALSE	TRUE	TRUE
DD:A3SS:17003	DD	A3SS	ENSG00000085644	ZNF213	6	10	TRUE	FALSE	TRUE	TRUE	TRUE	TRUE	FALSE
DD:A3SS:17024	DD	A3SS	ENSG00000217930	PAM16	4	2	TRUE	TRUE	TRUE	TRUE	FALSE	TRUE	TRUE
DD:A3SS:17090	DD	A3SS	ENSG00000239382	ALKBH6	2	6	TRUE	TRUE	TRUE	TRUE	FALSE	TRUE	TRUE
DD:A3SS:17107	DD	A3SS	ENSG00000005189	REXO5	19	8	FALSE	TRUE	TRUE	TRUE	TRUE	FALSE	TRUE
DD:A3SS:17137	DD	A3SS	ENSG00000181929	PRKAG1	1	2	TRUE	FALSE	TRUE	TRUE	TRUE	TRUE	FALSE
DD:A3SS:17164	DD	A3SS	ENSG00000261740	BOLA2-SMG1P6	2	2	TRUE	FALSE	TRUE	TRUE	TRUE	TRUE	FALSE
DD:A3SS:17173	DD	A3SS	ENSG00000149923	PPP4C	1	3	FALSE	FALSE	TRUE	TRUE	FALSE	FALSE	FALSE
DD:A3SS:17235	DD	A3SS	ENSG00000141030	COPS3	1	4	FALSE	FALSE	TRUE	TRUE	FALSE	FALSE	FALSE
DD:A3SS:17275	DD	A3SS	ENSG00000125124	BBS2	2	6	TRUE	TRUE	TRUE	TRUE	FALSE	TRUE	TRUE
DD:A3SS:17276	DD	A3SS	ENSG00000125124	BBS2	1	6	TRUE	TRUE	TRUE	TRUE	FALSE	TRUE	TRUE
DD:A3SS:17279	DD	A3SS	ENSG00000125124	BBS2	7	1	TRUE	TRUE	TRUE	TRUE	FALSE	TRUE	TRUE
DD:A3SS:17322	DD	A3SS	ENSG00000103037	SETD6	2	4	TRUE	FALSE	TRUE	TRUE	TRUE	TRUE	FALSE
DD:A3SS:17323	DD	A3SS	ENSG00000103037	SETD6	2	2	TRUE	TRUE	TRUE	TRUE	FALSE	TRUE	TRUE
DD:A3SS:17324	DD	A3SS	ENSG00000103037	SETD6	4	2	FALSE	TRUE	TRUE	TRUE	TRUE	FALSE	TRUE
DD:A3SS:17407	DD	A3SS	ENSG00000102977	ACD	1	5	TRUE	TRUE	TRUE	TRUE	FALSE	TRUE	TRUE
DD:A3SS:17408	DD	A3SS	ENSG00000102977	ACD	5	1	TRUE	TRUE	TRUE	TRUE	FALSE	TRUE	TRUE
DD:A3SS:17428	DD	A3SS	ENSG00000168807	SNTB2	4	1	TRUE	TRUE	TRUE	TRUE	FALSE	TRUE	TRUE
DD:A3SS:17429	DD	A3SS	ENSG00000132604	TERF2	2	9	TRUE	TRUE	TRUE	TRUE	FALSE	TRUE	TRUE
DD:A3SS:17435	DD	A3SS	ENSG00000090857	PDPR	6	12	TRUE	FALSE	TRUE	TRUE	TRUE	TRUE	FALSE
DD:A3SS:17437	DD	A3SS	ENSG00000090861	AARS1	7	1	TRUE	TRUE	TRUE	TRUE	FALSE	TRUE	TRUE
DD:A3SS:17637	DD	A3SS	ENSG00000108509	CAMTA2	1	3	FALSE	FALSE	TRUE	TRUE	FALSE	FALSE	FALSE
DD:A3SS:17678	DD	A3SS	ENSG00000108839	ALOX12	3	1	FALSE	FALSE	TRUE	TRUE	FALSE	FALSE	FALSE
DD:A3SS:17771	DD	A3SS	ENSG00000154832	CXXC1	5	1	TRUE	FALSE	TRUE	TRUE	TRUE	TRUE	FALSE
DD:A3SS:17813	DD	A3SS	ENSG00000076984	MAP2K7	4	1	FALSE	FALSE	TRUE	TRUE	FALSE	FALSE	FALSE
DD:A3SS:17859	DD	A3SS	ENSG00000004139	SARM1	7	2	TRUE	TRUE	TRUE	TRUE	FALSE	TRUE	TRUE
DD:A3SS:17895	DD	A3SS	ENSG00000154222	CC2D1B	14	1	TRUE	FALSE	TRUE	TRUE	TRUE	TRUE	FALSE
DD:A3SS:17926	DD	A3SS	ENSG00000163584	RPL22L1	7	3	TRUE	FALSE	TRUE	TRUE	TRUE	TRUE	FALSE
DD:A3SS:17966	DD	A3SS	ENSG00000081177	EXD2	9	1	FALSE	TRUE	TRUE	TRUE	TRUE	FALSE	TRUE
DD:A3SS:17996	DD	A3SS	ENSG00000127311	HELB	1	9	TRUE	TRUE	TRUE	TRUE	FALSE	TRUE	TRUE
DD:A3SS:18084	DD	A3SS	ENSG00000173757	STAT5B	11	1	TRUE	TRUE	TRUE	TRUE	FALSE	TRUE	TRUE
DD:A3SS:18209	DD	A3SS	ENSG00000121073	SLC35B1	2	2	FALSE	TRUE	TRUE	TRUE	TRUE	FALSE	TRUE
DD:A3SS:18218	DD	A3SS	ENSG00000166260	COX11	1	3	FALSE	TRUE	TRUE	TRUE	TRUE	FALSE	TRUE
DD:A3SS:18256	DD	A3SS	ENSG00000148459	PDSS1	3	8	TRUE	TRUE	TRUE	TRUE	FALSE	TRUE	TRUE
DD:A3SS:18293	DD	A3SS	ENSG00000165046	LETM2	6	2	TRUE	TRUE	TRUE	TRUE	FALSE	TRUE	TRUE
DD:A3SS:18347	DD	A3SS	ENSG00000138448	ITGAV	1	10	FALSE	FALSE	TRUE	TRUE	FALSE	FALSE	FALSE
DD:A3SS:18458	DD	A3SS	ENSG00000185813	PCYT2	1	5	FALSE	TRUE	TRUE	TRUE	TRUE	FALSE	TRUE
DD:A3SS:18466	DD	A3SS	ENSG00000141551	CSNK1D	3	1	TRUE	TRUE	TRUE	TRUE	FALSE	TRUE	TRUE
DD:A3SS:18516	DD	A3SS	ENSG00000101624	CEP76	6	3	TRUE	FALSE	TRUE	TRUE	TRUE	TRUE	FALSE
DD:A3SS:18607	DD	A3SS	ENSG00000124784	RIOK1	1	2	FALSE	FALSE	TRUE	TRUE	FALSE	FALSE	FALSE
DD:A3SS:18677	DD	A3SS	ENSG00000176225	RTTN	15	1	TRUE	FALSE	TRUE	TRUE	TRUE	TRUE	FALSE
DD:A3SS:18692	DD	A3SS	ENSG00000100124	ANKRD54	2	1	TRUE	FALSE	TRUE	TRUE	TRUE	TRUE	FALSE
DD:A3SS:18744	DD	A3SS	ENSG00000099625	CBARP	6	7	TRUE	FALSE	TRUE	TRUE	TRUE	TRUE	FALSE
DD:A3SS:18745	DD	A3SS	ENSG00000099625	CBARP	2	8	TRUE	FALSE	TRUE	TRUE	TRUE	TRUE	FALSE
DD:A3SS:18788	DD	A3SS	ENSG00000130332	LSM7	3	1	FALSE	TRUE	TRUE	TRUE	TRUE	FALSE	TRUE
DD:A3SS:18813	DD	A3SS	ENSG00000077463	SIRT6	6	1	TRUE	FALSE	TRUE	TRUE	TRUE	TRUE	FALSE
DD:A3SS:18862	DD	A3SS	ENSG00000141994	DUS3L	1	2	TRUE	FALSE	TRUE	TRUE	TRUE	TRUE	FALSE
DD:A3SS:18895	DD	A3SS	ENSG00000167775	CD320	1	1	FALSE	TRUE	TRUE	TRUE	TRUE	FALSE	TRUE
DD:A3SS:18946	DD	A3SS	ENSG00000039650	PNKP	4	6	FALSE	FALSE	TRUE	TRUE	FALSE	FALSE	FALSE
DD:A3SS:18975	DD	A3SS	ENSG00000179262	RAD23A	2	2	FALSE	TRUE	TRUE	TRUE	TRUE	FALSE	TRUE
DD:A3SS:19040	DD	A3SS	ENSG00000130479	MAP1S	3	1	FALSE	FALSE	TRUE	TRUE	FALSE	FALSE	FALSE
DD:A3SS:19133	DD	A3SS	ENSG00000105705	SUGP1	1	2	FALSE	FALSE	TRUE	TRUE	FALSE	FALSE	FALSE
DD:A3SS:19134	DD	A3SS	ENSG00000105705	SUGP1	1	2	TRUE	FALSE	TRUE	TRUE	TRUE	TRUE	FALSE
DD:A3SS:19135	DD	A3SS	ENSG00000105705	SUGP1	1	1	TRUE	FALSE	TRUE	TRUE	TRUE	TRUE	FALSE
DD:A3SS:19148	DD	A3SS	ENSG00000105726	ATP13A1	2	1	FALSE	TRUE	TRUE	TRUE	TRUE	FALSE	TRUE
DD:A3SS:19422	DD	A3SS	ENSG00000011478	QPCTL	9	1	TRUE	TRUE	TRUE	TRUE	FALSE	TRUE	TRUE
DD:A3SS:19504	DD	A3SS	ENSG00000104872	PIH1D1	2	6	TRUE	TRUE	TRUE	TRUE	FALSE	TRUE	TRUE
DD:A3SS:19590	DD	A3SS	ENSG00000088038	CNOT3	1	1	FALSE	FALSE	TRUE	TRUE	FALSE	FALSE	FALSE
DD:A3SS:19591	DD	A3SS	ENSG00000088038	CNOT3	1	7	FALSE	TRUE	TRUE	TRUE	TRUE	FALSE	TRUE
DD:A3SS:19599	DD	A3SS	ENSG00000170889	RPS9	3	3	TRUE	FALSE	TRUE	TRUE	TRUE	TRUE	FALSE
DD:A3SS:19650	DD	A3SS	ENSG00000164466	SFXN1	4	1	TRUE	FALSE	TRUE	TRUE	TRUE	TRUE	FALSE
DD:A3SS:19677	DD	A3SS	ENSG00000125835	SNRPB	2	2	TRUE	FALSE	TRUE	TRUE	TRUE	TRUE	FALSE
DD:A3SS:19731	DD	A3SS	ENSG00000101247	NDUFAF5	3	5	TRUE	TRUE	TRUE	TRUE	FALSE	TRUE	TRUE
DD:A3SS:19867	DD	A3SS	ENSG00000138231	DBR1	4	1	FALSE	TRUE	TRUE	TRUE	TRUE	FALSE	TRUE
DD:A3SS:19970	DD	A3SS	ENSG00000000419	DPM1	1	4	TRUE	TRUE	TRUE	TRUE	FALSE	TRUE	TRUE
DD:A3SS:20024	DD	A3SS	ENSG00000203896	LIME1	2	4	FALSE	FALSE	TRUE	TRUE	FALSE	FALSE	FALSE
DD:A3SS:20033	DD	A3SS	ENSG00000116815	CD58	1	1	TRUE	FALSE	TRUE	TRUE	TRUE	TRUE	FALSE
DD:A3SS:20097	DD	A3SS	ENSG00000205758	CRYZL1	2	5	TRUE	TRUE	TRUE	TRUE	FALSE	TRUE	TRUE
DD:A3SS:20116	DD	A3SS	ENSG00000100284	TOM1	1	3	TRUE	FALSE	TRUE	TRUE	TRUE	TRUE	FALSE
DD:A3SS:20246	DD	A3SS	ENSG00000099977	DDT	1	2	FALSE	FALSE	TRUE	TRUE	FALSE	FALSE	FALSE
DD:A3SS:20282	DD	A3SS	ENSG00000183963	SMTN	1	6	FALSE	FALSE	TRUE	TRUE	FALSE	FALSE	FALSE
DD:A3SS:20308	DD	A3SS	ENSG00000100353	EIF3D	1	1	TRUE	FALSE	TRUE	TRUE	TRUE	TRUE	FALSE
DD:A3SS:20332	DD	A3SS	ENSG00000239900	ADSL	1	4	TRUE	TRUE	TRUE	TRUE	FALSE	TRUE	TRUE
DD:A3SS:20360	DD	A3SS	ENSG00000077942	FBLN1	5	2	FALSE	FALSE	TRUE	TRUE	FALSE	FALSE	FALSE
DD:A3SS:20371	DD	A3SS	ENSG00000182858	ALG12	3	1	FALSE	TRUE	TRUE	TRUE	TRUE	FALSE	TRUE
DD:A3SS:20380	DD	A3SS	ENSG00000128159	TUBGCP6	14	6	TRUE	TRUE	TRUE	TRUE	FALSE	TRUE	TRUE
DD:A3SS:20428	DD	A3SS	ENSG00000169249	ZRSR2	7	2	FALSE	FALSE	TRUE	TRUE	FALSE	FALSE	FALSE
DD:A3SS:20495	DD	A3SS	ENSG00000140395	SKIC8	1	4	TRUE	TRUE	TRUE	TRUE	FALSE	TRUE	TRUE
DD:A3SS:20497	DD	A3SS	ENSG00000140395	SKIC8	1	4	FALSE	TRUE	TRUE	TRUE	TRUE	FALSE	TRUE
DD:A3SS:20627	DD	A3SS	ENSG00000163755	HPS3	3	1	FALSE	TRUE	TRUE	TRUE	TRUE	FALSE	TRUE
