gene_id	dominant_isoform_id	non_dominant_isoform_id	event_type	direction	five_prime	three_prime	bp_diff	cumulative_shift	is_causal	is_contributing	cause_type	net_shift	net_frame_status
ENSG00000000971	PB.2640.10	PB.2640.20	A3SS	GAIN	196737475	196737475	1	1	TRUE	TRUE	frame_disruption	1	frame_disrupted
ENSG00000000971	PB.2640.10	PB.2640.39	A3SS	GAIN	196726456	196726469	14	14	TRUE	TRUE	frame_disruption	15	frame_preserved
ENSG00000002016	ENST00000952665.1	ENST00000545564.6	SE	GAIN	926946	926796	151	151	TRUE	TRUE	frame_disruption	-3864	frame_preserved
ENSG00000003436	PB.18194.128	PB.18194.98	Partial_IR_5	LOSS	187488337	187487680	656	-656	TRUE	TRUE	frame_disruption	-656	frame_disrupted
ENSG00000003509	ENST00000885392.1	PB.16672.15	Partial_IR_5	GAIN	37241638	37241791	154	154	TRUE	TRUE	direct_stop_insertion	213	frame_preserved
ENSG00000003509	ENST00000885392.1	PB.16672.22	Partial_IR_5	GAIN	37241638	37242693	1056	1056	TRUE	TRUE	direct_stop_insertion	933	frame_preserved
ENSG00000003509	PB.16672.15	PB.16672.22	Partial_IR_3	LOSS	37248135	37248257	123	-123	FALSE	TRUE	NA	-123	frame_preserved
ENSG00000003756	ENST00000852702.1	ENST00000438369.5	SE	GAIN	50092979	50093042	64	64	TRUE	TRUE	frame_disruption	-18927	frame_preserved
ENSG00000003756	ENST00000852702.1	PB.21601.7	A3SS	GAIN	50105549	50105626	78	78	FALSE	TRUE	NA	43	frame_disrupted
ENSG00000003756	ENST00000852702.1	PB.21601.7	A3SS	GAIN	50109603	50109608	6	84	FALSE	TRUE	NA	43	frame_disrupted
ENSG00000003756	ENST00000852702.1	PB.21601.7	A5SS	LOSS	50113528	50113544	17	67	TRUE	TRUE	frame_disruption	43	frame_disrupted
ENSG00000004455	PB.665.83	ENST00000695599.1	Partial_IR_5	GAIN	33036735	33031840	4896	4896	TRUE	TRUE	direct_stop_insertion	5109	frame_preserved
ENSG00000004455	PB.665.83	PB.665.7	SE	GAIN	33021461	33021367	95	95	TRUE	TRUE	frame_disruption	95	frame_disrupted
ENSG00000004455	PB.665.83	PB.665.86	SE	LOSS	33021703	33021593	111	-111	FALSE	TRUE	NA	-16	frame_disrupted
ENSG00000004455	PB.665.83	PB.665.86	SE	GAIN	33021461	33021367	95	-16	TRUE	TRUE	frame_disruption	-16	frame_disrupted
ENSG00000005206	PB.14829.26	PB.14829.23	Missing_Internal	GAIN	2343965	2344039	75	75	FALSE	TRUE	NA	138	frame_preserved
ENSG00000005206	PB.14829.26	PB.14829.23	Missing_Internal	GAIN	2344362	2344424	63	138	FALSE	TRUE	NA	138	frame_preserved
ENSG00000005206	PB.14829.26	PB.14829.38	Missing_Internal	GAIN	2343965	2344039	75	75	FALSE	TRUE	NA	38	frame_disrupted
ENSG00000005206	PB.14829.26	PB.14829.38	Missing_Internal	GAIN	2344362	2344424	63	138	FALSE	TRUE	NA	38	frame_disrupted
ENSG00000005206	PB.14829.26	PB.14829.38	SE	LOSS	2344553	2344652	100	38	TRUE	TRUE	frame_disruption	38	frame_disrupted
ENSG00000005893	PB.34230.32	PB.34230.52	Missing_Internal	GAIN	120439293	120438701	593	593	TRUE	TRUE	frame_disruption	-4396	frame_disrupted
ENSG00000006125	ENST00000967994.1	PB.13088.57	A3SS	GAIN	35598230	35598232	3	3	FALSE	TRUE	NA	130	frame_disrupted
ENSG00000006125	ENST00000967994.1	PB.13088.57	SE	GAIN	35642462	35642527	66	69	FALSE	TRUE	NA	130	frame_disrupted
ENSG00000006125	ENST00000967994.1	PB.13088.57	SE	LOSS	35670857	35670898	42	27	FALSE	TRUE	NA	130	frame_disrupted
ENSG00000006125	ENST00000967994.1	PB.13088.57	SE	GAIN	35707907	35708009	103	130	TRUE	TRUE	frame_disruption	130	frame_disrupted
ENSG00000006530	ENST00000649286.2	ENST00000650365.1	SE	LOSS	141593146	141593185	40	-40	TRUE	TRUE	frame_disruption	-2330	frame_disrupted
ENSG00000006695	PB.12788.46	ENST00000581931.5	SE	LOSS	14102118	14102242	125	-125	TRUE	TRUE	frame_disruption	-201	frame_preserved
ENSG00000006695	PB.12788.46	PB.12788.42	SE	LOSS	14102118	14102242	125	-125	TRUE	TRUE	frame_disruption	-201	frame_preserved
ENSG00000006704	PB.29408.111	PB.29408.108	A5SS	GAIN	74589929	74589929	1	1	TRUE	TRUE	frame_disruption	1	frame_disrupted
ENSG00000006757	ENST00000889418.1	PB.33378.11	SE	GAIN	7912093	7912028	66	66	FALSE	TRUE	NA	66	frame_preserved
ENSG00000006757	ENST00000889418.1	PB.33378.43	Partial_IR_5	GAIN	7922003	7921881	123	123	TRUE	TRUE	direct_stop_insertion	53	frame_disrupted
ENSG00000007129	ENST00000890425.1	ENST00000457737.5	SE	GAIN	41579270	41579628	359	359	TRUE	TRUE	frame_disruption	359	frame_disrupted
ENSG00000007306	ENST00000869058.1	PB.15720.4	SE	GAIN	41684895	41684400	496	496	TRUE	TRUE	frame_disruption	505	frame_disrupted
ENSG00000007341	ENST00000904305.1	PB.1723.109	Alt_TES	LOSS	112523514	112606678	83164	-83164	TRUE	TRUE	frame_disruption	-83164	frame_disrupted
ENSG00000007341	ENST00000904305.1	PB.1723.84	SE	GAIN	112579376	112579307	70	70	TRUE	TRUE	frame_disruption	-15971	frame_disrupted
ENSG00000007944	ENST00000356840.8	ENST00000349606.5	SE	LOSS	16130557	16130747	191	-191	TRUE	TRUE	frame_disruption	-191	frame_disrupted
ENSG00000008128	ENST00000937803.1	PB.61.201	A5SS	GAIN	1719357	1719328	30	30	FALSE	TRUE	NA	164	frame_disrupted
ENSG00000008128	ENST00000937803.1	PB.61.201	A3SS	GAIN	1709133	1709128	6	36	FALSE	TRUE	NA	164	frame_disrupted
ENSG00000008128	ENST00000937803.1	PB.61.201	Partial_IR_5	GAIN	1704903	1704776	128	164	TRUE	TRUE	direct_stop_insertion	164	frame_disrupted
ENSG00000008282	ENST00000470347.1	PB.29819.19	A3SS	GAIN	106093150	106093138	13	13	TRUE	TRUE	frame_disruption	-93	frame_preserved
ENSG00000008382	ENST00000359935.8	ENST00000594716.5	Missing_Internal	GAIN	4354949	4355021	73	73	TRUE	TRUE	frame_disruption	-608	frame_disrupted
ENSG00000009335	PB.30434.34	PB.30434.42	SE	GAIN	157169048	157169122	75	75	FALSE	TRUE	NA	-31208	frame_disrupted
ENSG00000009335	PB.30434.34	PB.30434.42	Partial_IR_5	GAIN	157231328	157232492	1165	1240	TRUE	TRUE	direct_stop_insertion	-31208	frame_disrupted
ENSG00000010295	ENST00000356896.8	PB.6662.3	Partial_IR_3	GAIN	6541853	6541643	211	211	TRUE	TRUE	direct_stop_insertion	211	frame_disrupted
ENSG00000010704	ENST00000309234.11	PB.27003.12	Partial_IR_3	GAIN	26094186	26094403	218	218	TRUE	TRUE	direct_stop_insertion	218	frame_disrupted
ENSG00000010704	ENST00000714164.1	ENST00000714168.1	Missing_Internal	GAIN	26090841	26091104	264	264	FALSE	TRUE	NA	996	frame_preserved
ENSG00000010704	ENST00000714164.1	ENST00000714168.1	Missing_Internal	GAIN	26091314	26091589	276	540	FALSE	TRUE	NA	996	frame_preserved
ENSG00000010704	ENST00000714164.1	ENST00000714168.1	Missing_Internal	GAIN	26092685	26093026	342	882	FALSE	TRUE	NA	996	frame_preserved
ENSG00000010704	ENST00000714164.1	ENST00000714168.1	Missing_Internal	GAIN	26093119	26093232	114	996	FALSE	TRUE	NA	996	frame_preserved
ENSG00000010704	ENST00000714164.1	PB.27003.12	Missing_Internal	GAIN	26090841	26091104	264	264	FALSE	TRUE	NA	930	frame_preserved
ENSG00000010704	ENST00000714164.1	PB.27003.12	Missing_Internal	GAIN	26091314	26091589	276	540	FALSE	TRUE	NA	930	frame_preserved
ENSG00000010704	ENST00000714164.1	PB.27003.12	Missing_Internal	GAIN	26092685	26092960	276	816	FALSE	TRUE	NA	930	frame_preserved
ENSG00000010704	ENST00000714164.1	PB.27003.12	Missing_Internal	GAIN	26093119	26093232	114	930	FALSE	TRUE	NA	930	frame_preserved
ENSG00000011143	PB.13573.15	PB.13573.6	SE	GAIN	58211022	58210980	43	43	TRUE	TRUE	frame_disruption	43	frame_disrupted
ENSG00000011376	ENST00000265537.8	ENST00000651549.1	SE	LOSS	45500027	45500144	118	-118	TRUE	TRUE	frame_disruption	-118	frame_disrupted
ENSG00000011478	ENST00000366382.8	ENST00000677024.1	Partial_IR_5	GAIN	45692911	45693103	193	193	TRUE	TRUE	direct_stop_insertion	-1564	frame_disrupted
ENSG00000011478	ENST00000366382.8	PB.15845.10	Partial_IR_5	GAIN	45693557	45694123	567	567	TRUE	TRUE	direct_stop_insertion	-8110	frame_disrupted
ENSG00000011478	ENST00000677024.1	PB.15845.10	Partial_IR_5	LOSS	45692911	45693103	193	-193	TRUE	TRUE	frame_disruption	-193	frame_disrupted
ENSG00000012817	ENST00000893731.1	PB.34539.7	Missing_Internal	GAIN	19741488	19741318	171	171	FALSE	TRUE	NA	988	frame_disrupted
ENSG00000012817	ENST00000893731.1	PB.34539.7	Missing_Internal	GAIN	19739662	19739528	135	306	FALSE	TRUE	NA	988	frame_disrupted
ENSG00000012817	ENST00000893731.1	PB.34539.7	Partial_IR_3	GAIN	19710260	19709579	682	988	TRUE	TRUE	direct_stop_insertion	988	frame_disrupted
ENSG00000012817	ENST00000893731.1	PB.34539.81	Missing_Internal	GAIN	19741488	19741318	171	171	FALSE	TRUE	NA	-9507	frame_preserved
ENSG00000012817	ENST00000893731.1	PB.34539.81	Missing_Internal	GAIN	19739662	19739528	135	306	FALSE	TRUE	NA	-9507	frame_preserved
ENSG00000012817	ENST00000893731.1	PB.34539.81	A5SS	GAIN	19716278	19716275	4	310	TRUE	TRUE	frame_disruption	-9507	frame_preserved
ENSG00000013288	PB.23404.36	PB.23404.23	SE	LOSS	6591401	6591493	93	-93	FALSE	TRUE	NA	246	frame_preserved
ENSG00000013288	PB.23404.36	PB.23404.23	SE	GAIN	6605951	6606111	161	68	TRUE	TRUE	frame_disruption	246	frame_preserved
ENSG00000013288	PB.23404.36	PB.23404.41	SE	LOSS	6591401	6591493	93	-93	FALSE	TRUE	NA	-14	frame_disrupted
ENSG00000013288	PB.23404.36	PB.23404.41	A3SS	LOSS	6594534	6594569	36	-129	FALSE	TRUE	NA	-14	frame_disrupted
ENSG00000013288	PB.23404.36	PB.23404.41	Partial_IR_5	GAIN	6617493	6617607	115	-14	TRUE	TRUE	direct_stop_insertion	-14	frame_disrupted
ENSG00000013725	ENST00000899029.1	ENST00000344931.9	Missing_Internal	GAIN	61006574	61006642	69	69	FALSE	TRUE	NA	979	frame_disrupted
ENSG00000013725	ENST00000899029.1	ENST00000344931.9	Missing_Internal	GAIN	61007560	61007910	351	420	FALSE	TRUE	NA	979	frame_disrupted
ENSG00000013725	ENST00000899029.1	ENST00000344931.9	Missing_Internal	GAIN	61008534	61008845	312	732	FALSE	TRUE	NA	979	frame_disrupted
ENSG00000013725	ENST00000899029.1	ENST00000344931.9	Missing_Internal	GAIN	61009572	61009874	303	1035	FALSE	TRUE	NA	979	frame_disrupted
ENSG00000013725	ENST00000899029.1	ENST00000344931.9	Missing_Internal	GAIN	61011070	61011135	66	1101	FALSE	TRUE	NA	979	frame_disrupted
ENSG00000013725	ENST00000899029.1	ENST00000344931.9	A3SS	LOSS	61015713	61015732	20	1081	TRUE	TRUE	frame_disruption	979	frame_disrupted
ENSG00000014641	PB.16942.7	PB.16942.8	Partial_IR_5	GAIN	63597575	63598890	1316	1316	TRUE	TRUE	direct_stop_insertion	-7625	frame_disrupted
ENSG00000015532	ENST00000854775.1	PB.13490.11	A5SS	GAIN	50358481	50358540	60	60	FALSE	TRUE	NA	60	frame_preserved
ENSG00000020577	ENST00000954346.1	PB.9494.13	SE	GAIN	54702062	54702580	519	519	FALSE	TRUE	NA	519	frame_preserved
ENSG00000022556	PB.16122.19	PB.16122.29	SE	GAIN	54989557	54989752	196	196	TRUE	TRUE	frame_disruption	-176	frame_disrupted
ENSG00000022556	PB.16122.19	PB.16122.8	A5SS	LOSS	54990097	54990192	96	-96	FALSE	TRUE	NA	-294	frame_preserved
ENSG00000022556	PB.16122.19	PB.16122.8	SE	GAIN	54990220	54990393	174	78	FALSE	TRUE	NA	-294	frame_preserved
ENSG00000022556	PB.16122.19	PB.16122.8	Partial_IR_5	LOSS	54990673	54991044	372	-294	FALSE	TRUE	NA	-294	frame_preserved
ENSG00000023041	ENST00000876834.1	PB.4612.9	A3SS	GAIN	112443606	112443577	30	30	FALSE	TRUE	NA	30	frame_preserved
ENSG00000023608	PB.9584.10	PB.9584.22	Partial_IR_3	LOSS	61768434	61768646	213	-213	FALSE	TRUE	NA	-213	frame_preserved
ENSG00000023608	PB.9584.18	PB.9584.10	Partial_IR_3	GAIN	61768434	61768635	202	202	TRUE	TRUE	direct_stop_insertion	202	frame_disrupted
ENSG00000023608	PB.9584.18	PB.9584.22	A3SS	LOSS	61768636	61768646	11	-11	TRUE	TRUE	frame_disruption	-11	frame_disrupted
ENSG00000025770	ENST00000910458.1	ENST00000418794.1	A5SS	LOSS	50515775	50515779	5	-5	TRUE	TRUE	frame_disruption	-5418	frame_preserved
ENSG00000025770	ENST00000910458.1	PB.20972.18	SE	LOSS	50515720	50515779	60	-60	FALSE	TRUE	NA	-60	frame_preserved
ENSG00000025770	ENST00000954525.1	ENST00000418794.1	SE	GAIN	50515720	50515774	55	55	TRUE	TRUE	frame_disruption	-5352	frame_preserved
ENSG00000028137	PB.218.17	PB.218.11	Missing_Internal	LOSS	12193955	12194032	78	-78	FALSE	TRUE	NA	-113	frame_disrupted
ENSG00000028137	PB.218.17	PB.218.11	Missing_Internal	LOSS	12194584	12194618	35	-113	TRUE	TRUE	frame_disruption	-113	frame_disrupted
ENSG00000031823	ENST00000587463.5	PB.14931.120	A5SS	LOSS	5957918	5957906	11	-11	TRUE	TRUE	frame_disruption	-11	frame_disrupted
ENSG00000032742	PB.8327.90	PB.8327.91	SE	GAIN	20624115	20624182	68	68	TRUE	TRUE	frame_disruption	68	frame_disrupted
ENSG00000033011	PB.11487.21	PB.11487.27	A3SS	GAIN	5082556	5082558	3	3	FALSE	TRUE	NA	2	frame_disrupted
ENSG00000033011	PB.11487.21	PB.11487.27	A3SS	LOSS	5083682	5083682	1	2	TRUE	TRUE	frame_disruption	2	frame_disrupted
ENSG00000033011	PB.11487.29	PB.11487.27	A3SS	GAIN	5082556	5082558	3	3	FALSE	TRUE	NA	2	frame_disrupted
ENSG00000033011	PB.11487.29	PB.11487.27	A3SS	LOSS	5083682	5083682	1	2	TRUE	TRUE	frame_disruption	2	frame_disrupted
ENSG00000033627	ENST00000589727.5	PB.13261.81	Missing_Internal	GAIN	42466429	42466507	79	79	TRUE	TRUE	frame_disruption	177	frame_preserved
ENSG00000033627	ENST00000589727.5	PB.13261.89	Missing_Internal	GAIN	42466429	42466507	79	79	TRUE	TRUE	frame_disruption	290	frame_disrupted
ENSG00000037241	ENST00000906540.1	PB.26520.11	Missing_Internal	GAIN	172964522	172964935	414	414	FALSE	TRUE	NA	95	frame_disrupted
ENSG00000037241	ENST00000906540.1	PB.26520.11	Missing_Internal	LOSS	172968459	172968599	141	273	FALSE	TRUE	NA	95	frame_disrupted
ENSG00000037241	ENST00000906540.1	PB.26520.11	Missing_Internal	LOSS	172969413	172969590	178	95	TRUE	TRUE	frame_disruption	95	frame_disrupted
ENSG00000037757	ENST00000912602.1	PB.15169.24	SE	LOSS	13768359	13768447	89	-89	TRUE	TRUE	frame_disruption	-15	frame_preserved
ENSG00000040731	PB.25086.5	ENST00000510477.5	SE	LOSS	24505248	24505112	137	-137	TRUE	TRUE	frame_disruption	-137	frame_disrupted
ENSG00000040933	ENST00000715897.1	PB.17359.29	Partial_IR_5	GAIN	98555692	98555808	117	117	TRUE	TRUE	direct_stop_insertion	-10	frame_disrupted
ENSG00000042429	ENST00000639457.1	PB.6045.187	SE	LOSS	93794250	93794439	190	-190	TRUE	TRUE	frame_disruption	-190	frame_disrupted
ENSG00000042429	ENST00000639457.1	PB.6045.198	SE	LOSS	93794250	93794439	190	-190	TRUE	TRUE	frame_disruption	-190	frame_disrupted
ENSG00000042429	ENST00000639457.1	PB.6045.199	SE	LOSS	93794250	93794439	190	-190	TRUE	TRUE	frame_disruption	-190	frame_disrupted
ENSG00000042813	ENST00000903719.1	ENST00000413331.1	Partial_IR_5	GAIN	50093067	50092863	205	205	TRUE	TRUE	direct_stop_insertion	-145690	frame_disrupted
ENSG00000044115	PB.26119.116	PB.26119.126	SE	GAIN	138891183	138891211	29	29	TRUE	TRUE	frame_disruption	140	frame_disrupted
ENSG00000049540	ENST00000953841.1	ENST00000416107.5	Partial_IR_5	GAIN	74035415	74035688	274	274	TRUE	TRUE	direct_stop_insertion	-26462	frame_disrupted
ENSG00000050165	ENST00000903526.1	PB.5053.8	A3SS	GAIN	11968487	11968485	3	3	FALSE	TRUE	NA	3	frame_preserved
ENSG00000053501	PB.15263.14	ENST00000594724.5	SE	LOSS	17215802	17215851	50	-50	TRUE	TRUE	frame_disruption	-268	frame_disrupted
ENSG00000054611	PB.20935.35	PB.20935.18	Missing_Internal	LOSS	46913334	46914285	952	-952	TRUE	TRUE	frame_disruption	-952	frame_disrupted
ENSG00000054611	PB.20935.35	PB.20935.2	Missing_Internal	LOSS	46913334	46914285	952	-952	TRUE	TRUE	frame_disruption	-952	frame_disrupted
ENSG00000054611	PB.20935.35	PB.20935.36	Missing_Internal	LOSS	46913334	46914285	952	-952	TRUE	TRUE	frame_disruption	-952	frame_disrupted
ENSG00000054611	PB.20935.35	PB.20935.43	Missing_Internal	LOSS	46913334	46914285	952	-952	TRUE	TRUE	frame_disruption	-952	frame_disrupted
ENSG00000055147	ENST00000907993.1	PB.26364.60	A5SS	LOSS	154026401	154026398	2	-2	TRUE	TRUE	frame_disruption	7	frame_disrupted
ENSG00000055163	ENST00000883378.1	PB.26391.35	Missing_Internal	GAIN	157309743	157309834	92	92	TRUE	TRUE	frame_disruption	209	frame_disrupted
ENSG00000055211	PB.28419.19	PB.28419.30	SE	GAIN	149587730	149588048	319	319	TRUE	TRUE	frame_disruption	319	frame_disrupted
ENSG00000058600	PB.11681.24	PB.11681.32	SE	GAIN	22326671	22326929	259	259	TRUE	TRUE	frame_disruption	385	frame_disrupted
ENSG00000058804	ENST00000874544.1	PB.1091.76	Missing_Internal	LOSS	53797144	53796899	246	-246	FALSE	TRUE	NA	-248	frame_disrupted
ENSG00000058804	ENST00000874544.1	PB.1091.76	Missing_Internal	LOSS	53796804	53796689	116	-362	TRUE	TRUE	frame_disruption	-248	frame_disrupted
ENSG00000058804	ENST00000874544.1	PB.1091.94	SE	LOSS	53800848	53800693	156	-156	FALSE	TRUE	NA	-107	frame_disrupted
ENSG00000058804	ENST00000874544.1	PB.1091.94	SE	LOSS	53796804	53796689	116	-272	TRUE	TRUE	frame_disruption	-107	frame_disrupted
ENSG00000060642	ENST00000970551.1	PB.528.15	SE	GAIN	26795880	26796613	734	734	TRUE	TRUE	frame_disruption	734	frame_disrupted
ENSG00000060971	ENST00000955505.1	PB.21398.4	SE	GAIN	38129388	38129290	99	99	FALSE	TRUE	NA	99	frame_preserved
ENSG00000060982	PB.6947.172	PB.6947.130	SE	LOSS	24878649	24878530	120	-120	FALSE	TRUE	NA	-120	frame_preserved
ENSG00000062485	ENST00000549221.5	PB.7356.82	Missing_Internal	GAIN	56286645	56286595	51	51	FALSE	TRUE	NA	36	frame_preserved
ENSG00000062485	ENST00000549221.5	PB.7356.82	Missing_Internal	GAIN	56286023	56285916	108	159	FALSE	TRUE	NA	36	frame_preserved
ENSG00000062485	ENST00000549221.5	PB.7356.82	Missing_Internal	GAIN	56283857	56283792	66	225	FALSE	TRUE	NA	36	frame_preserved
ENSG00000062485	ENST00000549221.5	PB.7356.82	SE	LOSS	56282608	56282420	189	36	FALSE	TRUE	NA	36	frame_preserved
ENSG00000064012	ENST00000413726.6	ENST00000696068.1	Missing_Internal	LOSS	201272898	201272942	45	-45	FALSE	TRUE	NA	-110	frame_disrupted
ENSG00000064012	ENST00000413726.6	ENST00000696068.1	Missing_Internal	LOSS	201274889	201274953	65	-110	TRUE	TRUE	frame_disruption	-110	frame_disrupted
ENSG00000064102	ENST00000892606.1	PB.6971.1	SE	GAIN	26917733	26917644	90	90	FALSE	TRUE	NA	90	frame_preserved
ENSG00000064102	ENST00000892606.1	PB.6971.92	SE	GAIN	26917733	26917644	90	90	FALSE	TRUE	NA	62	frame_disrupted
ENSG00000064102	ENST00000892606.1	PB.6971.92	A3SS	GAIN	26917459	26917442	18	108	FALSE	TRUE	NA	62	frame_disrupted
ENSG00000064102	ENST00000892606.1	PB.6971.92	A3SS	LOSS	26914578	26914533	46	62	TRUE	TRUE	frame_disruption	62	frame_disrupted
ENSG00000064201	ENST00000855795.1	ENST00000437313.1	A5SS	GAIN	2302216	2302222	7	7	TRUE	TRUE	frame_disruption	-7927	frame_disrupted
ENSG00000064545	ENST00000913784.1	PB.15342.3	Missing_Internal	GAIN	19121668	19121524	145	145	TRUE	TRUE	frame_disruption	259	frame_disrupted
ENSG00000064601	ENST00000867517.1	PB.19545.22	Partial_IR_5	GAIN	45895134	45895847	714	714	TRUE	TRUE	direct_stop_insertion	1017	frame_preserved
ENSG00000064703	PB.1715.22	ENST00000533164.6	SE	LOSS	111759400	111759568	169	-169	TRUE	TRUE	frame_disruption	-169	frame_disrupted
ENSG00000064703	PB.1715.22	PB.1715.24	Alt_TES	LOSS	111767263	111762800	4463	-4463	TRUE	TRUE	frame_disruption	-4463	frame_disrupted
ENSG00000064726	ENST00000876369.1	PB.11089.30	SE	LOSS	83062176	83062156	21	-21	FALSE	TRUE	NA	-33801	frame_preserved
ENSG00000064726	ENST00000876369.1	PB.11089.30	Partial_IR_5	GAIN	83056388	83054865	1524	1503	TRUE	TRUE	direct_stop_insertion	-33801	frame_preserved
ENSG00000064933	PB.18205.165	PB.18205.83	Partial_IR_5	LOSS	189864116	189864228	113	-113	TRUE	TRUE	frame_disruption	-12	frame_preserved
ENSG00000064995	ENST00000950462.1	ENST00000688059.1	A5SS	GAIN	34882934	34882932	3	3	FALSE	TRUE	NA	-25	frame_disrupted
ENSG00000064995	ENST00000950462.1	ENST00000688059.1	A3SS	LOSS	34880376	34880349	28	-25	TRUE	TRUE	frame_disruption	-25	frame_disrupted
ENSG00000065183	ENST00000369441.7	PB.1812.126	Partial_IR_5	GAIN	117933390	117933490	101	101	TRUE	TRUE	direct_stop_insertion	-10	frame_disrupted
ENSG00000065183	ENST00000369441.7	PB.1812.82	Partial_IR_5	GAIN	117933390	117933490	101	101	TRUE	TRUE	direct_stop_insertion	-10	frame_disrupted
ENSG00000065457	ENST00000568001.5	PB.12245.74	SE	GAIN	75618640	75618586	55	55	TRUE	TRUE	frame_disruption	55	frame_disrupted
ENSG00000065485	PB.22332.9	PB.22332.11	Partial_IR_5	GAIN	123106842	123107425	584	584	TRUE	TRUE	direct_stop_insertion	-25580	frame_disrupted
ENSG00000066422	PB.22067.53	PB.22067.24	SE	LOSS	101656248	101656104	145	-145	TRUE	TRUE	frame_disruption	-145	frame_disrupted
ENSG00000066855	ENST00000867676.1	ENST00000523222.5	SE	GAIN	65689566	65689599	34	34	TRUE	TRUE	frame_disruption	-5811	frame_preserved
ENSG00000067225	ENST00000933445.1	PB.10900.146	Partial_IR_5	GAIN	72217408	72215101	2308	2308	TRUE	TRUE	direct_stop_insertion	-4016	frame_disrupted
ENSG00000067225	ENST00000933445.1	PB.10900.6	A5SS	GAIN	72209739	72209673	67	67	TRUE	TRUE	frame_disruption	2270	frame_disrupted
ENSG00000067704	ENST00000948320.1	PB.2957.14	A3SS	GAIN	220134402	220134419	18	18	FALSE	TRUE	NA	-89	frame_disrupted
ENSG00000067704	ENST00000948320.1	PB.2957.14	SE	LOSS	220140183	220140289	107	-89	TRUE	TRUE	frame_disruption	-89	frame_disrupted
ENSG00000067704	ENST00000948320.1	PB.2957.43	A3SS	GAIN	220134402	220134419	18	18	FALSE	TRUE	NA	186	frame_preserved
ENSG00000067704	ENST00000948320.1	PB.2957.43	SE	GAIN	220134787	220134954	168	186	FALSE	TRUE	NA	186	frame_preserved
ENSG00000068078	ENST00000340107.9	PB.23331.8	A5SS	GAIN	1804521	1804530	10	10	TRUE	TRUE	frame_disruption	10	frame_disrupted
ENSG00000068078	ENST00000340107.9	PB.23331.9	SE	LOSS	1802914	1803064	151	-151	TRUE	TRUE	frame_disruption	-148	frame_disrupted
ENSG00000068078	PB.23331.13	PB.23331.9	SE	LOSS	1802914	1803064	151	-151	TRUE	TRUE	frame_disruption	-77	frame_disrupted
ENSG00000068078	PB.23331.8	PB.23331.9	SE	LOSS	1802914	1803064	151	-151	TRUE	TRUE	frame_disruption	-158	frame_disrupted
ENSG00000068097	ENST00000587003.5	PB.13608.66	A5SS	LOSS	60067434	60067430	3	-3	FALSE	TRUE	NA	-3	frame_preserved
ENSG00000068137	ENST00000895612.1	ENST00000591196.5	SE	GAIN	42670376	42669943	434	434	TRUE	TRUE	frame_disruption	434	frame_disrupted
ENSG00000068137	PB.13263.31	PB.13263.36	SE	LOSS	42674875	42674741	135	-135	FALSE	TRUE	NA	-135	frame_preserved
ENSG00000068400	ENST00000704104.1	ENST00000704047.1	Partial_IR_5	GAIN	49002187	49001999	189	189	TRUE	TRUE	direct_stop_insertion	-1533	frame_preserved
ENSG00000068438	ENST00000951061.1	PB.33731.3	A3SS	GAIN	48482403	48482408	6	6	FALSE	TRUE	NA	6	frame_preserved
ENSG00000068438	ENST00000951061.1	PB.33731.8	A3SS	GAIN	48482403	48482408	6	6	FALSE	TRUE	NA	48	frame_preserved
ENSG00000068438	ENST00000951061.1	PB.33731.8	A3SS	GAIN	48482597	48482638	42	48	FALSE	TRUE	NA	48	frame_preserved
ENSG00000068697	ENST00000858092.1	PB.16438.6	Partial_IR_5	GAIN	20051517	20051410	108	108	TRUE	TRUE	direct_stop_insertion	108	frame_preserved
ENSG00000069702	ENST00000370399.6	PB.1475.3	A3SS	GAIN	91720230	91720228	3	3	FALSE	TRUE	NA	2	frame_disrupted
ENSG00000069702	ENST00000370399.6	PB.1475.3	A5SS	GAIN	91719892	91719889	4	7	TRUE	TRUE	frame_disruption	2	frame_disrupted
ENSG00000070061	PB.32794.61	PB.32794.90	A3SS	GAIN	108891427	108891405	23	23	TRUE	TRUE	frame_disruption	23	frame_disrupted
ENSG00000070269	PB.9519.131	PB.9519.148	SE	LOSS	56603815	56603992	178	-178	TRUE	TRUE	frame_disruption	-34015	frame_disrupted
ENSG00000070269	PB.9519.131	PB.9519.153	SE	LOSS	56621531	56621702	172	-172	TRUE	TRUE	frame_disruption	-172	frame_disrupted
ENSG00000070269	PB.9519.131	PB.9519.21	A5SS	LOSS	56605683	56605683	1	-1	TRUE	TRUE	frame_disruption	-288	frame_preserved
ENSG00000070269	PB.9519.148	PB.9519.131	SE	GAIN	56603815	56603992	178	178	TRUE	TRUE	frame_disruption	178	frame_disrupted
ENSG00000070269	PB.9519.148	PB.9519.82	SE	GAIN	56603815	56603992	178	178	TRUE	TRUE	frame_disruption	178	frame_disrupted
ENSG00000070423	ENST00000292363.10	PB.14751.23	Partial_IR_5	GAIN	651610	651280	331	331	TRUE	TRUE	direct_stop_insertion	-2728	frame_disrupted
ENSG00000070526	PB.13881.20	PB.13881.17	SE	LOSS	76626392	76626289	104	-104	TRUE	TRUE	frame_disruption	-218	frame_disrupted
ENSG00000070526	PB.13881.20	PB.13881.18	A3SS	GAIN	76627272	76627239	34	34	TRUE	TRUE	frame_disruption	211	frame_disrupted
ENSG00000070526	PB.13881.20	PB.13881.43	Alt_TES	LOSS	76617412	76624756	7344	-7344	FALSE	TRUE	NA	-7344	frame_preserved
ENSG00000070669	ENST00000394308.8	ENST00000454046.5	A3SS	GAIN	97854754	97854681	74	74	TRUE	TRUE	frame_disruption	74	frame_disrupted
ENSG00000070756	ENST00000900770.1	PB.31329.438	A5SS	LOSS	100715471	100715461	9	-9	FALSE	TRUE	NA	-102	frame_preserved
ENSG00000070756	ENST00000900770.1	PB.31329.438	SE	LOSS	100714563	100714471	93	-102	FALSE	TRUE	NA	-102	frame_preserved
ENSG00000070831	ENST00000932443.1	PB.429.4	Partial_IR_5	LOSS	22091502	22091777	276	-276	FALSE	TRUE	NA	-276	frame_preserved
ENSG00000071282	ENST00000921338.1	ENST00000456506.2	SE	GAIN	8532737	8532825	89	89	TRUE	TRUE	frame_disruption	89	frame_disrupted
ENSG00000071889	ENST00000421517.5	ENST00000416319.5	SE	LOSS	154512411	154512314	98	-98	TRUE	TRUE	frame_disruption	-98	frame_disrupted
ENSG00000072571	ENST00000353866.7	PB.26451.34	A3SS	LOSS	163482642	163482702	61	-61	TRUE	TRUE	frame_disruption	-61	frame_disrupted
ENSG00000072756	ENST00000339437.11	PB.20998.47	Missing_Internal	LOSS	3129919	3130679	761	-761	TRUE	TRUE	frame_disruption	-761	frame_disrupted
ENSG00000073060	PB.8236.38	PB.8236.44	SE	LOSS	124810289	124810174	116	-116	TRUE	TRUE	frame_disruption	77	frame_disrupted
ENSG00000073578	ENST00000874248.1	PB.24915.33	Partial_IR_5	GAIN	228334	229794	1461	1461	TRUE	TRUE	direct_stop_insertion	-25029	frame_preserved
ENSG00000073578	ENST00000874248.1	PB.24915.35	Partial_IR_5	GAIN	233646	234444	799	799	TRUE	TRUE	direct_stop_insertion	-21440	frame_disrupted
ENSG00000074319	ENST00000930644.1	PB.5142.8	A5SS	GAIN	18506899	18506857	43	43	TRUE	TRUE	frame_disruption	54	frame_preserved
ENSG00000074696	PB.10813.73	PB.10813.42	SE	LOSS	65535721	65535834	114	-114	FALSE	TRUE	NA	-242	frame_disrupted
ENSG00000074696	PB.10813.73	PB.10813.42	SE	LOSS	65564215	65564342	128	-242	TRUE	TRUE	frame_disruption	-242	frame_disrupted
ENSG00000074696	PB.10813.73	PB.10813.58	SE	LOSS	65535721	65535834	114	-114	FALSE	TRUE	NA	-990	frame_preserved
ENSG00000074696	PB.10813.73	PB.10813.58	SE	GAIN	65565104	65565134	31	-83	TRUE	TRUE	frame_disruption	-990	frame_preserved
ENSG00000074696	PB.10813.73	PB.10813.69	Partial_IR_5	GAIN	65530719	65531581	863	863	TRUE	TRUE	direct_stop_insertion	-42511	frame_disrupted
ENSG00000074935	ENST00000856771.1	ENST00000604967.1	Missing_Internal	GAIN	112086608	112086556	53	53	TRUE	TRUE	frame_disruption	-5327	frame_disrupted
ENSG00000075035	ENST00000549903.1	PB.7932.2	A3SS	GAIN	108240334	108240343	10	10	TRUE	TRUE	frame_disruption	228	frame_preserved
ENSG00000075089	ENST00000926808.1	PB.7818.15	Missing_Internal	GAIN	100204940	100205057	118	118	TRUE	TRUE	frame_disruption	-4317	frame_preserved
ENSG00000075711	ENST00000918289.1	ENST00000664564.1	SE	LOSS	197161738	197161640	99	-99	FALSE	TRUE	NA	-26	frame_disrupted
ENSG00000075711	ENST00000918289.1	ENST00000664564.1	A5SS	GAIN	197138221	197138215	7	-92	TRUE	TRUE	frame_disruption	-26	frame_disrupted
ENSG00000075785	PB.22423.8	PB.22423.17	SE	LOSS	128813327	128813471	145	-145	TRUE	TRUE	frame_disruption	-145	frame_disrupted
ENSG00000075975	ENST00000900947.1	PB.21137.8	SE	LOSS	12566623	12566703	81	-81	FALSE	TRUE	NA	-81	frame_preserved
ENSG00000076604	ENST00000262396.10	PB.12979.5	Missing_Internal	GAIN	28748262	28748423	162	162	FALSE	TRUE	NA	825	frame_preserved
ENSG00000076604	ENST00000262396.10	PB.12979.5	Missing_Internal	GAIN	28748511	28748666	156	318	FALSE	TRUE	NA	825	frame_preserved
ENSG00000076604	ENST00000262396.10	PB.12979.5	Partial_IR_3	GAIN	28748945	28749451	507	825	TRUE	TRUE	direct_stop_insertion	825	frame_preserved
ENSG00000076650	ENST00000880979.1	PB.15466.23	Missing_Internal	GAIN	33114824	33114950	127	127	TRUE	TRUE	frame_disruption	356	frame_disrupted
ENSG00000076864	PB.414.15	PB.414.27	A3SS	GAIN	21598095	21598065	31	31	TRUE	TRUE	frame_disruption	31	frame_disrupted
ENSG00000076864	PB.414.15	PB.414.48	A3SS	GAIN	21608943	21608937	7	7	TRUE	TRUE	frame_disruption	7	frame_disrupted
ENSG00000077092	PB.21274.10	PB.21274.19	Missing_Internal	LOSS	25582503	25582554	52	-52	TRUE	TRUE	frame_disruption	-52	frame_disrupted
ENSG00000077713	PB.34206.5	PB.34206.44	SE	LOSS	119410282	119410362	81	-81	FALSE	TRUE	NA	-81	frame_preserved
ENSG00000077713	PB.34206.5	PB.34206.8	A3SS	GAIN	119410190	119410281	92	92	TRUE	TRUE	frame_disruption	92	frame_disrupted
ENSG00000079156	ENST00000881580.1	PB.18104.61	SE	GAIN	178339672	178339764	93	93	FALSE	TRUE	NA	224	frame_disrupted
ENSG00000079156	ENST00000881580.1	PB.18104.61	SE	GAIN	178372126	178372233	108	201	FALSE	TRUE	NA	224	frame_disrupted
ENSG00000079156	ENST00000881580.1	PB.18104.61	A5SS	GAIN	178382508	178382530	23	224	TRUE	TRUE	frame_disruption	224	frame_disrupted
ENSG00000079459	ENST00000938346.1	ENST00000525607.5	SE	GAIN	11803322	11803518	197	197	TRUE	TRUE	frame_disruption	374	frame_disrupted
ENSG00000079459	ENST00000938346.1	PB.30558.29	SE	GAIN	11830244	11830420	177	177	FALSE	TRUE	NA	177	frame_preserved
ENSG00000079616	ENST00000689660.1	PB.11780.15	Alt_TES	LOSS	29805385	29802117	3268	-3268	TRUE	TRUE	frame_disruption	-3268	frame_disrupted
ENSG00000079616	ENST00000689660.1	PB.11780.19	A3SS	GAIN	29799913	29799960	48	48	FALSE	TRUE	NA	48	frame_preserved
ENSG00000079616	ENST00000936375.1	PB.11780.15	Partial_IR_5	GAIN	29798748	29799184	437	437	TRUE	TRUE	direct_stop_insertion	-2830	frame_disrupted
ENSG00000079805	PB.15071.36	PB.15071.35	A5SS	GAIN	10795440	10795483	44	44	TRUE	TRUE	frame_disruption	23	frame_disrupted
ENSG00000079805	PB.15071.36	PB.15071.64	SE	LOSS	10805916	10805967	52	-52	TRUE	TRUE	frame_disruption	-73	frame_disrupted
ENSG00000079974	ENST00000887320.1	PB.20989.83	SE	GAIN	50773616	50773429	188	188	TRUE	TRUE	frame_disruption	155	frame_disrupted
ENSG00000080561	PB.34129.48	PB.34129.27	Missing_Internal	LOSS	107916002	107916129	128	-128	TRUE	TRUE	frame_disruption	-272	frame_disrupted
ENSG00000080608	ENST00000922208.1	PB.31831.61	SE	LOSS	2835412	2835293	120	-120	FALSE	TRUE	NA	-120	frame_preserved
ENSG00000080608	ENST00000922208.1	PB.31831.62	SE	LOSS	2835412	2835293	120	-120	FALSE	TRUE	NA	-12	frame_preserved
ENSG00000080608	ENST00000922208.1	PB.31831.62	SE	GAIN	2821024	2820917	108	-12	FALSE	TRUE	NA	-12	frame_preserved
ENSG00000080608	ENST00000922208.1	PB.31831.63	SE	LOSS	2835412	2835293	120	-120	FALSE	TRUE	NA	-120	frame_preserved
ENSG00000080608	PB.31831.93	PB.31831.62	SE	GAIN	2821024	2820917	108	108	FALSE	TRUE	NA	108	frame_preserved
ENSG00000080618	ENST00000439329.5	ENST00000675730.1	SE	LOSS	46064741	46064648	94	-94	TRUE	TRUE	frame_disruption	-94	frame_disrupted
ENSG00000081760	ENST00000852620.1	PB.8240.9	SE	GAIN	125124902	125125024	123	123	FALSE	TRUE	NA	161	frame_disrupted
ENSG00000081760	ENST00000852620.1	PB.8240.9	A5SS	GAIN	125128275	125128312	38	161	TRUE	TRUE	frame_disruption	161	frame_disrupted
ENSG00000081803	PB.30031.96	PB.30031.9	SE	LOSS	122393315	122393196	120	-120	FALSE	TRUE	NA	-109	frame_disrupted
ENSG00000081803	PB.30031.96	PB.30031.9	A5SS	GAIN	122387025	122387015	11	-109	TRUE	TRUE	frame_disruption	-109	frame_disrupted
ENSG00000081870	ENST00000899898.1	PB.1094.16	Partial_IR_5	GAIN	53923903	53922160	1744	1744	TRUE	TRUE	direct_stop_insertion	2035	frame_disrupted
ENSG00000081870	ENST00000899898.1	PB.1094.8	Partial_IR_5	GAIN	53923903	53922160	1744	1744	TRUE	TRUE	direct_stop_insertion	2035	frame_disrupted
ENSG00000083123	ENST00000369760.8	PB.27784.31	Missing_Internal	LOSS	80169811	80169873	63	-63	FALSE	TRUE	NA	-63	frame_preserved
ENSG00000083123	PB.27784.31	PB.27784.11	Partial_IR_5	GAIN	80127625	80127742	118	118	TRUE	TRUE	direct_stop_insertion	227	frame_disrupted
ENSG00000083123	PB.27784.31	PB.27784.7	Missing_Internal	GAIN	80169811	80169904	94	94	TRUE	TRUE	frame_disruption	203	frame_disrupted
ENSG00000083223	ENST00000971594.1	PB.32526.317	SE	GAIN	86326491	86326371	121	121	TRUE	TRUE	frame_disruption	-36299	frame_disrupted
ENSG00000083720	ENST00000899739.1	PB.25223.33	SE	GAIN	41784723	41784570	154	154	TRUE	TRUE	frame_disruption	160	frame_disrupted
ENSG00000084623	ENST00000677540.1	ENST00000678842.1	Missing_Internal	LOSS	32226171	32226320	150	-150	FALSE	TRUE	NA	-278	frame_disrupted
ENSG00000084623	ENST00000677540.1	ENST00000678842.1	Missing_Internal	LOSS	32226403	32226530	128	-278	TRUE	TRUE	frame_disruption	-278	frame_disrupted
ENSG00000084623	ENST00000677540.1	PB.640.10	SE	GAIN	32229135	32229208	74	74	TRUE	TRUE	frame_disruption	74	frame_disrupted
ENSG00000084693	ENST00000889664.1	PB.16537.26	SE	LOSS	27069026	27069094	69	-69	FALSE	TRUE	NA	-69	frame_preserved
ENSG00000084693	PB.16537.8	PB.16537.26	SE	GAIN	27069573	27069706	134	134	TRUE	TRUE	frame_disruption	134	frame_disrupted
ENSG00000085719	ENST00000877730.1	PB.31204.103	Missing_Internal	LOSS	86556102	86556338	237	-237	FALSE	TRUE	NA	-1545	frame_preserved
ENSG00000085719	ENST00000877730.1	PB.31204.103	Missing_Internal	LOSS	86558288	86559595	1308	-1545	FALSE	TRUE	NA	-1545	frame_preserved
ENSG00000085721	ENST00000563559.5	PB.11580.139	A3SS	LOSS	15070254	15070194	61	-61	TRUE	TRUE	frame_disruption	1063	frame_disrupted
ENSG00000086189	ENST00000879669.1	ENST00000514911.5	SE	GAIN	62402122	62402036	87	87	FALSE	TRUE	NA	-3510	frame_preserved
ENSG00000086189	ENST00000879669.1	ENST00000514911.5	A5SS	GAIN	62398510	62398429	82	169	TRUE	TRUE	frame_disruption	-3510	frame_preserved
ENSG00000086189	ENST00000879669.1	PB.25389.13	SE	GAIN	62402122	62402036	87	87	FALSE	TRUE	NA	-7547	frame_disrupted
ENSG00000086189	ENST00000879669.1	PB.25389.13	Partial_IR_5	GAIN	62398510	62397350	1161	1248	TRUE	TRUE	direct_stop_insertion	-7547	frame_disrupted
ENSG00000086189	ENST00000879669.1	PB.25389.8	SE	GAIN	62402122	62402036	87	87	FALSE	TRUE	NA	87	frame_preserved
ENSG00000086189	ENST00000879669.1	PB.25389.9	SE	GAIN	62402122	62402036	87	87	FALSE	TRUE	NA	87	frame_preserved
ENSG00000086848	ENST00000614444.4	ENST00000619129.4	SE	LOSS	111870370	111870232	139	-139	TRUE	TRUE	frame_disruption	-10	frame_disrupted
ENSG00000087095	ENST00000582037.2	PB.12955.5	Missing_Internal	LOSS	28047917	28048926	1010	-1010	TRUE	TRUE	frame_disruption	-1010	frame_disrupted
ENSG00000087245	PB.11952.22	PB.11952.17	A5SS	LOSS	55484165	55484221	57	-57	FALSE	TRUE	NA	196	frame_disrupted
ENSG00000087245	PB.11952.22	PB.11952.17	SE	GAIN	55490138	55490390	253	196	TRUE	TRUE	frame_disruption	196	frame_disrupted
ENSG00000087245	PB.11952.22	PB.11952.19	A5SS	LOSS	55484165	55484221	57	-57	FALSE	TRUE	NA	-58	frame_disrupted
ENSG00000087245	PB.11952.22	PB.11952.19	A5SS	LOSS	55493293	55493293	1	-58	TRUE	TRUE	frame_disruption	-58	frame_disrupted
ENSG00000087253	PB.11952.64	PB.11952.61	A5SS	GAIN	55528595	55528609	15	15	FALSE	TRUE	NA	-46869	frame_preserved
ENSG00000087253	PB.11952.64	PB.11952.61	Partial_IR_5	GAIN	55537633	55538707	1075	1090	TRUE	TRUE	direct_stop_insertion	-46869	frame_preserved
ENSG00000087258	ENST00000563661.2	ENST00000640893.1	Partial_IR_5	LOSS	56276073	56277027	955	-955	TRUE	TRUE	frame_disruption	-955	frame_disrupted
ENSG00000087258	ENST00000563661.2	ENST00000675160.1	Missing_Internal	GAIN	56235013	56235384	372	372	FALSE	TRUE	NA	-38593	frame_disrupted
ENSG00000087258	ENST00000563661.2	ENST00000675160.1	Alt_TES	LOSS	56277027	56238062	38965	-38593	TRUE	TRUE	frame_disruption	-38593	frame_disrupted
ENSG00000087263	ENST00000924153.1	PB.11958.80	Missing_Internal	GAIN	56458548	56458594	47	47	TRUE	TRUE	frame_disruption	1201	frame_disrupted
ENSG00000087365	PB.5664.59	PB.5664.30	SE	LOSS	66060474	66060540	67	-67	TRUE	TRUE	frame_disruption	83	frame_disrupted
ENSG00000088756	ENST00000531294.5	ENST00000577524.5	A5SS	GAIN	6851116	6851126	11	11	TRUE	TRUE	frame_disruption	-41833	frame_disrupted
ENSG00000088836	ENST00000925550.1	PB.19002.133	A5SS	GAIN	3230514	3230500	15	15	FALSE	TRUE	NA	89	frame_disrupted
ENSG00000088836	ENST00000925550.1	PB.19002.133	SE	GAIN	3230260	3230187	74	89	TRUE	TRUE	frame_disruption	89	frame_disrupted
ENSG00000088888	PB.19021.44	PB.19021.134	Partial_IR_5	GAIN	3864579	3864788	210	210	TRUE	TRUE	direct_stop_insertion	-2393	frame_disrupted
ENSG00000088888	PB.19021.44	PB.19021.137	Partial_IR_5	GAIN	3864579	3864788	210	210	TRUE	TRUE	direct_stop_insertion	1884	frame_preserved
ENSG00000088888	PB.19021.44	PB.19021.49	Partial_IR_5	GAIN	3864579	3864788	210	210	TRUE	TRUE	direct_stop_insertion	2837	frame_disrupted
ENSG00000089048	ENST00000919902.1	PB.19135.45	SE	GAIN	13769778	13769661	118	118	TRUE	TRUE	frame_disruption	-19318	frame_disrupted
ENSG00000089127	ENST00000681228.1	ENST00000681505.1	A3SS	GAIN	112908536	112908622	87	87	FALSE	TRUE	NA	40	frame_disrupted
ENSG00000089127	ENST00000681228.1	ENST00000681505.1	A3SS	LOSS	112911051	112911097	47	40	TRUE	TRUE	frame_disruption	40	frame_disrupted
ENSG00000089127	ENST00000681228.1	ENST00000681934.1	A3SS	GAIN	112908536	112908622	87	87	FALSE	TRUE	NA	87	frame_preserved
ENSG00000089916	PB.9839.50	PB.9839.47	SE	LOSS	76177892	76177931	40	-40	TRUE	TRUE	frame_disruption	130	frame_disrupted
ENSG00000090273	PB.532.10	PB.532.25	Partial_IR_5	GAIN	26924167	26924711	545	545	TRUE	TRUE	direct_stop_insertion	-20589	frame_preserved
ENSG00000090316	ENST00000967007.1	PB.23324.68	Missing_Internal	LOSS	1322360	1322503	144	-144	FALSE	TRUE	NA	-221	frame_disrupted
ENSG00000090316	ENST00000967007.1	PB.23324.68	Missing_Internal	LOSS	1327627	1327703	77	-221	TRUE	TRUE	frame_disruption	-221	frame_disrupted
ENSG00000090316	ENST00000967007.1	PB.23324.73	A3SS	LOSS	1322360	1322380	21	-21	FALSE	TRUE	NA	106	frame_disrupted
ENSG00000090316	ENST00000967007.1	PB.23324.73	SE	GAIN	1329877	1330003	127	106	TRUE	TRUE	frame_disruption	106	frame_disrupted
ENSG00000090316	ENST00000967007.1	PB.23324.75	A3SS	LOSS	1322360	1322380	21	-21	FALSE	TRUE	NA	2267	frame_disrupted
ENSG00000090316	ENST00000967007.1	PB.23324.75	A5SS	GAIN	1327704	1327789	86	65	TRUE	TRUE	frame_disruption	2267	frame_disrupted
ENSG00000090554	ENST00000600429.5	ENST00000601800.5	A3SS	GAIN	49476117	49476144	28	28	TRUE	TRUE	frame_disruption	-26	frame_disrupted
ENSG00000090861	PB.12149.112	PB.12149.117	A3SS	LOSS	70270349	70270341	9	-9	FALSE	TRUE	NA	22	frame_disrupted
ENSG00000090861	PB.12149.112	PB.12149.117	A3SS	GAIN	70259217	70259187	31	22	TRUE	TRUE	frame_disruption	22	frame_disrupted
ENSG00000090861	PB.12149.112	PB.12149.121	A3SS	LOSS	70270349	70270341	9	-9	FALSE	TRUE	NA	-188	frame_disrupted
ENSG00000090861	PB.12149.112	PB.12149.121	SE	LOSS	70262524	70262346	179	-188	TRUE	TRUE	frame_disruption	-188	frame_disrupted
ENSG00000090861	PB.12149.112	PB.12149.183	A3SS	LOSS	70270349	70270341	9	-9	FALSE	TRUE	NA	91	frame_disrupted
ENSG00000090861	PB.12149.112	PB.12149.183	Partial_IR_3	GAIN	70254138	70254039	100	91	TRUE	TRUE	direct_stop_insertion	91	frame_disrupted
ENSG00000090861	PB.12149.112	PB.12149.184	A3SS	LOSS	70270349	70270341	9	-9	FALSE	TRUE	NA	-49	frame_disrupted
ENSG00000090861	PB.12149.112	PB.12149.184	A3SS	LOSS	70262524	70262485	40	-49	TRUE	TRUE	frame_disruption	-49	frame_disrupted
ENSG00000090889	PB.33906.2	PB.33906.15	A3SS	LOSS	70290691	70290753	63	-63	FALSE	TRUE	NA	-44575	frame_disrupted
ENSG00000090889	PB.33906.2	PB.33906.15	SE	GAIN	70365728	70365889	162	99	FALSE	TRUE	NA	-44575	frame_disrupted
ENSG00000090889	PB.33906.2	PB.33906.15	A5SS	LOSS	70376181	70376210	30	69	FALSE	TRUE	NA	-44575	frame_disrupted
ENSG00000090889	PB.33906.2	PB.33906.15	Alt_TES	LOSS	70420824	70376180	44644	-44575	TRUE	TRUE	frame_disruption	-44575	frame_disrupted
ENSG00000090889	PB.33906.2	PB.33906.28	A3SS	LOSS	70406259	70406280	22	-22	TRUE	TRUE	frame_disruption	-22	frame_disrupted
ENSG00000091127	PB.29808.126	PB.29808.10	Partial_IR_5	LOSS	105505955	105505003	951	-951	FALSE	TRUE	NA	-951	frame_preserved
ENSG00000091127	PB.29808.126	PB.29808.108	Partial_IR_5	LOSS	105505955	105505003	951	-951	FALSE	TRUE	NA	-951	frame_preserved
ENSG00000091127	PB.29808.126	PB.29808.31	Partial_IR_5	LOSS	105505955	105505003	951	-951	FALSE	TRUE	NA	-951	frame_preserved
ENSG00000091127	PB.29808.126	PB.29808.56	Partial_IR_5	LOSS	105505955	105505003	951	-951	FALSE	TRUE	NA	-951	frame_preserved
ENSG00000091140	PB.29842.26	ENST00000417551.5	SE	GAIN	107902325	107902393	69	69	FALSE	TRUE	NA	69	frame_preserved
ENSG00000091140	PB.29842.26	PB.29842.18	SE	GAIN	107902325	107902393	69	69	FALSE	TRUE	NA	69	frame_preserved
ENSG00000091592	ENST00000699775.1	ENST00000699630.1	SE	LOSS	5580411	5580379	33	-33	FALSE	TRUE	NA	-40	frame_disrupted
ENSG00000091592	ENST00000699775.1	ENST00000699630.1	A3SS	LOSS	5560043	5560037	7	-40	TRUE	TRUE	frame_disruption	-40	frame_disrupted
ENSG00000091592	ENST00000699775.1	PB.12640.6	SE	LOSS	5580411	5580379	33	-33	FALSE	TRUE	NA	-33	frame_preserved
ENSG00000091879	PB.30480.35	PB.30480.41	SE	GAIN	6521410	6521178	233	233	TRUE	TRUE	frame_disruption	233	frame_disrupted
ENSG00000094631	ENST00000901896.1	PB.33745.60	SE	GAIN	48814675	48814740	66	66	FALSE	TRUE	NA	-48	frame_preserved
ENSG00000094631	ENST00000901896.1	PB.33745.60	SE	LOSS	48818220	48818412	193	-127	TRUE	TRUE	frame_disruption	-48	frame_preserved
ENSG00000094755	PB.26491.57	PB.26491.58	SE	GAIN	170809983	170810077	95	95	TRUE	TRUE	frame_disruption	95	frame_disrupted
ENSG00000094755	PB.26491.57	PB.26491.59	SE	GAIN	170811483	170811609	127	127	TRUE	TRUE	frame_disruption	127	frame_disrupted
ENSG00000094755	PB.26491.57	PB.26491.70	SE	LOSS	170797466	170797548	83	-83	TRUE	TRUE	frame_disruption	-271	frame_disrupted
ENSG00000094841	ENST00000924922.1	PB.33974.13	SE	LOSS	75296342	75296411	70	-70	TRUE	TRUE	frame_disruption	92	frame_disrupted
ENSG00000094841	PB.33974.5	PB.33974.13	SE	LOSS	75296342	75296411	70	-70	TRUE	TRUE	frame_disruption	-70	frame_disrupted
ENSG00000094880	ENST00000483961.6	PB.26103.20	SE	GAIN	138213063	138212991	73	73	TRUE	TRUE	frame_disruption	116	frame_disrupted
ENSG00000094880	ENST00000483961.6	PB.26103.39	SE	GAIN	138213063	138212991	73	73	TRUE	TRUE	frame_disruption	116	frame_disrupted
ENSG00000095585	PB.4380.56	ENST00000467799.7	Partial_IR_5	LOSS	96227422	96226817	604	-604	TRUE	TRUE	frame_disruption	-604	frame_disrupted
ENSG00000095585	PB.4380.56	PB.4380.21	Partial_IR_5	LOSS	96227410	96226817	592	-592	TRUE	TRUE	frame_disruption	-592	frame_disrupted
ENSG00000096872	PB.32031.5	PB.32031.56	SE	GAIN	26992383	26992479	97	97	TRUE	TRUE	frame_disruption	-25481	frame_disrupted
ENSG00000099256	ENST00000897639.1	PB.3640.4	A5SS	GAIN	24871997	24871988	10	10	TRUE	TRUE	frame_disruption	-152	frame_disrupted
ENSG00000099940	ENST00000880969.1	PB.20409.57	A5SS	GAIN	20859327	20859347	21	21	FALSE	TRUE	NA	63	frame_preserved
ENSG00000099940	ENST00000880969.1	PB.20409.57	A3SS	GAIN	20870337	20870378	42	63	FALSE	TRUE	NA	63	frame_preserved
ENSG00000099940	ENST00000880969.1	PB.20409.70	A5SS	GAIN	20859327	20859347	21	21	FALSE	TRUE	NA	63	frame_preserved
ENSG00000099940	ENST00000880969.1	PB.20409.70	A3SS	GAIN	20870337	20870378	42	63	FALSE	TRUE	NA	63	frame_preserved
ENSG00000099940	ENST00000880969.1	PB.20409.72	A5SS	GAIN	20859327	20859347	21	21	FALSE	TRUE	NA	63	frame_preserved
ENSG00000099940	ENST00000880969.1	PB.20409.72	A3SS	GAIN	20870337	20870378	42	63	FALSE	TRUE	NA	63	frame_preserved
ENSG00000099956	PB.20474.10	PB.20474.9	A5SS	LOSS	23791868	23791894	27	-27	FALSE	TRUE	NA	-285	frame_preserved
ENSG00000099956	PB.20474.10	PB.20474.9	SE	LOSS	23825225	23825482	258	-285	FALSE	TRUE	NA	-285	frame_preserved
ENSG00000100060	PB.20698.4	ENST00000430411.1	A5SS	GAIN	37485922	37485916	7	7	TRUE	TRUE	frame_disruption	-12345	frame_preserved
ENSG00000100154	ENST00000397906.7	PB.20539.11	Partial_IR_5	GAIN	28629551	28628890	662	662	TRUE	TRUE	direct_stop_insertion	-648749	frame_disrupted
ENSG00000100243	PB.20849.42	ENST00000690835.1	Partial_IR_5	LOSS	42630882	42629804	1077	-1077	FALSE	TRUE	NA	-1077	frame_preserved
ENSG00000100243	PB.20849.42	PB.20849.43	Partial_IR_5	GAIN	42636714	42636199	516	516	TRUE	TRUE	direct_stop_insertion	-4113	frame_preserved
ENSG00000100284	PB.20654.11	PB.20654.7	SE	LOSS	35330347	35330480	134	-134	TRUE	TRUE	frame_disruption	-134	frame_disrupted
ENSG00000100336	ENST00000493203.7	PB.20668.2	Partial_IR_5	LOSS	36195311	36195094	216	-216	FALSE	TRUE	NA	-216	frame_preserved
ENSG00000100350	ENST00000862038.1	PB.20679.42	Partial_IR_3	LOSS	36490510	36490268	243	-243	FALSE	TRUE	NA	-243	frame_preserved
ENSG00000100350	ENST00000862038.1	PB.20679.46	Partial_IR_3	LOSS	36490510	36490268	243	-243	FALSE	TRUE	NA	-243	frame_preserved
ENSG00000100353	ENST00000958487.1	PB.20681.7	A3SS	GAIN	36517493	36517432	62	62	TRUE	TRUE	frame_disruption	-961	frame_disrupted
ENSG00000100453	ENST00000859020.1	ENST00000532263.5	Missing_Internal	LOSS	24633062	24632975	88	-88	TRUE	TRUE	frame_disruption	-224	frame_disrupted
ENSG00000100483	ENST00000922446.1	PB.9424.34	A5SS	LOSS	50116080	50116068	11	-11	TRUE	TRUE	frame_disruption	-477	frame_preserved
ENSG00000100503	PB.9434.107	ENST00000674030.1	SE	LOSS	50794525	50794436	90	-90	FALSE	TRUE	NA	-93	frame_preserved
ENSG00000100503	PB.9434.107	ENST00000674030.1	A3SS	GAIN	50761972	50761912	61	-29	TRUE	TRUE	frame_disruption	-93	frame_preserved
ENSG00000100522	ENST00000875212.1	PB.9464.67	A5SS	GAIN	52780678	52780660	19	19	TRUE	TRUE	frame_disruption	19	frame_disrupted
ENSG00000100567	ENST00000876655.1	PB.9530.1	Missing_Internal	GAIN	58247750	58247832	83	83	TRUE	TRUE	frame_disruption	2462	frame_disrupted
ENSG00000100603	PB.9874.32	PB.9874.21	Partial_IR_5	LOSS	77738778	77738305	472	-472	TRUE	TRUE	frame_disruption	-472	frame_disrupted
ENSG00000100796	PB.9960.149	PB.9960.151	SE	GAIN	91469003	91468895	109	109	TRUE	TRUE	frame_disruption	109	frame_disrupted
ENSG00000100815	ENST00000964014.1	PB.9971.333	Missing_Internal	LOSS	92011795	92011755	41	-41	TRUE	TRUE	frame_disruption	-36696	frame_preserved
ENSG00000100883	ENST00000928723.1	PB.9313.11	SE	GAIN	35019889	35020001	113	113	TRUE	TRUE	frame_disruption	113	frame_disrupted
ENSG00000100897	ENST00000561001.5	ENST00000558706.5	A5SS	GAIN	24115727	24115749	23	23	TRUE	TRUE	frame_disruption	-50	frame_disrupted
ENSG00000100926	ENST00000524835.5	PB.9229.104	A5SS	GAIN	24192647	24192643	5	5	TRUE	TRUE	frame_disruption	165	frame_preserved
ENSG00000100938	ENST00000559409.5	PB.9230.20	A5SS	GAIN	24233587	24233598	12	12	FALSE	TRUE	NA	12	frame_preserved
ENSG00000100949	ENST00000876595.1	ENST00000559974.5	A5SS	GAIN	24267869	24267866	4	4	TRUE	TRUE	frame_disruption	4	frame_disrupted
ENSG00000101017	PB.19554.6	ENST00000620709.4	Missing_Internal	LOSS	46123126	46123219	94	-94	TRUE	TRUE	frame_disruption	4	frame_disrupted
ENSG00000101079	ENST00000956892.1	PB.19421.11	SE	GAIN	36707007	36706972	36	36	FALSE	TRUE	NA	-67	frame_disrupted
ENSG00000101079	ENST00000956892.1	PB.19421.11	SE	LOSS	36684475	36684413	63	-27	FALSE	TRUE	NA	-67	frame_disrupted
ENSG00000101079	ENST00000956892.1	PB.19421.11	A5SS	LOSS	36665237	36665235	1	-28	TRUE	TRUE	frame_disruption	-67	frame_disrupted
ENSG00000101150	ENST00000348257.9	PB.19805.46	Missing_Internal	GAIN	63875816	63876681	866	866	TRUE	TRUE	frame_disruption	-9298	frame_disrupted
ENSG00000101158	PB.19717.32	PB.19717.14	Alt_TES	LOSS	58995371	58990424	4947	-4947	FALSE	TRUE	NA	-4947	frame_preserved
ENSG00000101158	PB.19717.39	PB.19717.14	Alt_TES	LOSS	58994589	58990424	4165	-4165	TRUE	TRUE	frame_disruption	-4165	frame_disrupted
ENSG00000101194	ENST00000878416.1	PB.19777.37	SE	GAIN	62963769	62964022	254	254	TRUE	TRUE	frame_disruption	275	frame_disrupted
ENSG00000101199	ENST00000946862.1	PB.19781.32	SE	GAIN	63282819	63282851	33	33	FALSE	TRUE	NA	33	frame_preserved
ENSG00000101224	ENST00000855779.1	PB.19014.58	A5SS	GAIN	3803538	3803600	63	63	FALSE	TRUE	NA	63	frame_preserved
ENSG00000101224	ENST00000855779.1	PB.19014.63	SE	GAIN	3802730	3802808	79	79	TRUE	TRUE	frame_disruption	79	frame_disrupted
ENSG00000101276	ENST00000906489.1	PB.18953.26	Partial_IR_5	GAIN	763497	762214	1284	1284	TRUE	TRUE	direct_stop_insertion	1284	frame_preserved
ENSG00000101412	ENST00000343380.6	PB.19339.2	A3SS	GAIN	33677541	33677541	1	1	TRUE	TRUE	frame_disruption	1	frame_disrupted
ENSG00000101412	ENST00000932104.1	PB.19339.2	A3SS	GAIN	33677541	33677541	1	1	TRUE	TRUE	frame_disruption	-26	frame_disrupted
ENSG00000101474	ENST00000881535.1	PB.19242.6	SE	GAIN	24971576	24971460	117	117	FALSE	TRUE	NA	332	frame_disrupted
ENSG00000101474	ENST00000881535.1	PB.19242.6	SE	GAIN	24964589	24964375	215	332	TRUE	TRUE	frame_disruption	332	frame_disrupted
ENSG00000102034	ENST00000880884.1	PB.34270.32	Partial_IR_3	LOSS	130069677	130069464	214	-214	TRUE	TRUE	frame_disruption	-214	frame_disrupted
ENSG00000102054	ENST00000967935.1	PB.33509.1	Missing_Internal	GAIN	16869220	16869076	145	145	TRUE	TRUE	frame_disruption	291	frame_preserved
ENSG00000102054	ENST00000967935.1	PB.33509.10	Missing_Internal	GAIN	16869220	16869076	145	145	TRUE	TRUE	frame_disruption	291	frame_preserved
ENSG00000102158	PB.33982.557	PB.33982.398	Missing_Internal	GAIN	77857497	77857357	141	141	FALSE	TRUE	NA	192	frame_preserved
ENSG00000102158	PB.33982.557	PB.33982.398	Missing_Internal	GAIN	77856873	77856733	141	282	FALSE	TRUE	NA	192	frame_preserved
ENSG00000102158	PB.33982.557	PB.33982.398	SE	LOSS	77855590	77855501	90	192	FALSE	TRUE	NA	192	frame_preserved
ENSG00000102158	PB.33982.557	PB.33982.401	Missing_Internal	GAIN	77857497	77857357	141	141	FALSE	TRUE	NA	191	frame_disrupted
ENSG00000102158	PB.33982.557	PB.33982.401	Missing_Internal	GAIN	77856873	77856733	141	282	FALSE	TRUE	NA	191	frame_disrupted
ENSG00000102158	PB.33982.557	PB.33982.401	SE	LOSS	77830895	77830805	91	191	TRUE	TRUE	frame_disruption	191	frame_disrupted
ENSG00000102158	PB.33982.557	PB.33982.408	Missing_Internal	GAIN	77857497	77857357	141	141	FALSE	TRUE	NA	282	frame_preserved
ENSG00000102158	PB.33982.557	PB.33982.408	Missing_Internal	GAIN	77856873	77856733	141	282	FALSE	TRUE	NA	282	frame_preserved
ENSG00000102158	PB.33982.557	PB.33982.531	Missing_Internal	GAIN	77857497	77857357	141	141	FALSE	TRUE	NA	282	frame_preserved
ENSG00000102158	PB.33982.557	PB.33982.531	Missing_Internal	GAIN	77856873	77856733	141	282	FALSE	TRUE	NA	282	frame_preserved
ENSG00000102158	PB.33982.557	PB.33982.669	Missing_Internal	GAIN	77857497	77857357	141	141	FALSE	TRUE	NA	282	frame_preserved
ENSG00000102158	PB.33982.557	PB.33982.669	Missing_Internal	GAIN	77856873	77856733	141	282	FALSE	TRUE	NA	282	frame_preserved
ENSG00000102362	ENST00000877174.1	PB.34047.122	SE	LOSS	100679412	100679313	100	-100	TRUE	TRUE	frame_disruption	-100	frame_disrupted
ENSG00000102384	PB.34054.7	PB.34054.12	A5SS	LOSS	101120784	101120784	1	-1	TRUE	TRUE	frame_disruption	89	frame_disrupted
ENSG00000102384	PB.34054.7	PB.34054.15	A5SS	LOSS	101109591	101109591	1	-1	TRUE	TRUE	frame_disruption	-7	frame_disrupted
ENSG00000102393	ENST00000674634.2	ENST00000676372.1	A5SS	GAIN	101398784	101398719	66	66	FALSE	TRUE	NA	-24	frame_preserved
ENSG00000102393	ENST00000674634.2	ENST00000676372.1	A5SS	LOSS	101398370	101398279	90	-24	FALSE	TRUE	NA	-24	frame_preserved
ENSG00000102858	PB.11466.57	PB.11466.15	SE	GAIN	4671391	4671459	69	69	FALSE	TRUE	NA	-107	frame_disrupted
ENSG00000102858	PB.11466.57	PB.11466.15	Missing_Internal	LOSS	4677463	4677572	110	-41	TRUE	TRUE	frame_disruption	-107	frame_disrupted
ENSG00000102858	PB.11466.57	PB.11466.77	Partial_IR_5	GAIN	4652825	4653606	782	782	TRUE	TRUE	direct_stop_insertion	-31123	frame_disrupted
ENSG00000102878	ENST00000521374.6	ENST00000521314.5	SE	LOSS	67165522	67165630	109	-109	TRUE	TRUE	frame_disruption	-109	frame_disrupted
ENSG00000102898	ENST00000939627.1	PB.12085.10	Partial_IR_3	GAIN	67869732	67870799	1068	1068	TRUE	TRUE	direct_stop_insertion	1068	frame_preserved
ENSG00000102900	PB.11964.24	PB.11964.13	Partial_IR_5	GAIN	56823847	56824740	894	894	TRUE	TRUE	direct_stop_insertion	-16973	frame_disrupted
ENSG00000102904	PB.12083.3	PB.12083.1	Partial_IR_5	LOSS	67814402	67815336	935	-935	TRUE	TRUE	frame_disruption	-935	frame_disrupted
ENSG00000102904	PB.12083.3	PB.12083.5	Partial_IR_5	LOSS	67814402	67815336	935	-935	TRUE	TRUE	frame_disruption	-935	frame_disrupted
ENSG00000102984	ENST00000568322.5	ENST00000563878.5	A5SS	GAIN	71867911	71867893	19	19	TRUE	TRUE	frame_disruption	15	frame_preserved
ENSG00000102996	PB.11999.29	PB.11999.12	A3SS	GAIN	58043169	58043209	41	41	TRUE	TRUE	frame_disruption	41	frame_disrupted
ENSG00000103512	ENST00000924491.1	PB.11577.142	Missing_Internal	GAIN	14868548	14868635	88	88	TRUE	TRUE	frame_disruption	414	frame_preserved
ENSG00000103544	ENST00000858385.1	PB.11638.67	SE	GAIN	19616114	19616191	78	78	FALSE	TRUE	NA	-115	frame_disrupted
ENSG00000103544	ENST00000858385.1	PB.11638.67	Missing_Internal	LOSS	19650382	19650459	78	0	FALSE	TRUE	NA	-115	frame_disrupted
ENSG00000103544	ENST00000858385.1	PB.11638.67	Missing_Internal	LOSS	19651976	19652090	115	-115	TRUE	TRUE	frame_disruption	-115	frame_disrupted
ENSG00000103546	ENST00000574918.2	ENST00000682050.1	SE	LOSS	55696225	55696337	113	-113	TRUE	TRUE	frame_disruption	-113	frame_disrupted
ENSG00000103591	ENST00000925676.1	PB.10848.34	Missing_Internal	GAIN	67236820	67236630	191	191	TRUE	TRUE	frame_disruption	490	frame_disrupted
ENSG00000103653	ENST00000951979.1	PB.10949.9	SE	LOSS	74801522	74801595	74	-74	TRUE	TRUE	frame_disruption	-74	frame_disrupted
ENSG00000103671	PB.10789.4	ENST00000558820.5	A3SS	LOSS	64393946	64394006	61	-61	TRUE	TRUE	frame_disruption	-36212	frame_disrupted
ENSG00000103811	ENST00000678799.1	ENST00000678487.1	Partial_IR_5	LOSS	78944891	78944777	113	-113	TRUE	TRUE	frame_disruption	-113	frame_disrupted
ENSG00000103811	ENST00000906226.1	ENST00000678799.1	Partial_IR_5	GAIN	78944890	78944778	113	113	TRUE	TRUE	direct_stop_insertion	-66	frame_preserved
ENSG00000103852	PB.11256.55	PB.11256.59	SE	LOSS	99139467	99139317	151	-151	TRUE	TRUE	frame_disruption	-151	frame_disrupted
ENSG00000104154	PB.10541.1	PB.10541.14	Partial_IR_5	GAIN	45511137	45509972	1166	1166	TRUE	TRUE	direct_stop_insertion	-25493	frame_disrupted
ENSG00000104343	ENST00000602593.6	PB.31086.331	SE	GAIN	73796690	73796607	84	84	FALSE	TRUE	NA	84	frame_preserved
ENSG00000104368	ENST00000884022.1	ENST00000678083.1	A3SS	GAIN	42180394	42180379	16	16	TRUE	TRUE	frame_disruption	16	frame_disrupted
ENSG00000104427	ENST00000705981.1	PB.31128.21	SE	LOSS	78686467	78686608	142	-142	TRUE	TRUE	frame_disruption	-25	frame_disrupted
ENSG00000104611	ENST00000265807.8	PB.30639.153	SE	LOSS	19373530	19373660	131	-131	TRUE	TRUE	frame_disruption	-131	frame_disrupted
ENSG00000104611	PB.30639.9	PB.30639.153	SE	GAIN	19357203	19357283	81	81	FALSE	TRUE	NA	-50	frame_disrupted
ENSG00000104611	PB.30639.9	PB.30639.153	SE	LOSS	19373530	19373660	131	-50	TRUE	TRUE	frame_disruption	-50	frame_disrupted
ENSG00000104613	PB.30641.38	ENST00000522114.5	A3SS	GAIN	19818194	19818274	81	81	FALSE	TRUE	NA	-31465	frame_disrupted
ENSG00000104613	PB.30641.38	ENST00000522114.5	Alt_TES	LOSS	19852064	19820518	31546	-31465	TRUE	TRUE	frame_disruption	-31465	frame_disrupted
ENSG00000104689	ENST00000613472.1	PB.30692.4	Partial_IR_5	GAIN	23225030	23224756	275	275	TRUE	TRUE	direct_stop_insertion	474	frame_preserved
ENSG00000104731	ENST00000968630.1	ENST00000566561.1	Missing_Internal	GAIN	87765340	87765066	275	275	TRUE	TRUE	frame_disruption	-55392	frame_preserved
ENSG00000104731	ENST00000968630.1	ENST00000569747.5	SE	GAIN	87756477	87756422	56	56	TRUE	TRUE	frame_disruption	-22788	frame_preserved
ENSG00000104763	ENST00000636128.1	ENST00000523593.6	A3SS	LOSS	18075587	18075581	7	-7	TRUE	TRUE	frame_disruption	-5430	frame_preserved
ENSG00000104866	PB.15825.39	PB.15825.21	Missing_Internal	LOSS	45138514	45138611	98	-98	TRUE	TRUE	frame_disruption	-144	frame_preserved
ENSG00000104936	ENST00000947413.1	PB.15848.14	SE	GAIN	45777873	45777667	207	207	FALSE	TRUE	NA	188	frame_disrupted
ENSG00000104936	ENST00000947413.1	PB.15848.14	A5SS	LOSS	45777342	45777326	15	192	FALSE	TRUE	NA	188	frame_disrupted
ENSG00000104936	ENST00000947413.1	PB.15848.14	A3SS	LOSS	45771060	45771057	4	188	TRUE	TRUE	frame_disruption	188	frame_disrupted
ENSG00000104980	PB.14977.1	PB.14977.11	Partial_IR_5	GAIN	7938026	7937242	785	785	TRUE	TRUE	direct_stop_insertion	-7665	frame_preserved
ENSG00000105197	ENST00000601358.5	PB.15645.11	SE	GAIN	39485544	39485602	59	59	TRUE	TRUE	frame_disruption	59	frame_disrupted
ENSG00000105197	ENST00000601358.5	PB.15645.12	SE	GAIN	39485544	39485602	59	59	TRUE	TRUE	frame_disruption	59	frame_disrupted
ENSG00000105197	PB.15645.11	ENST00000601358.5	SE	LOSS	39485544	39485602	59	-59	TRUE	TRUE	frame_disruption	-59	frame_disrupted
ENSG00000105202	ENST00000599134.1	PB.15643.30	A5SS	GAIN	39840655	39840620	36	36	FALSE	TRUE	NA	36	frame_preserved
ENSG00000105393	ENST00000951793.1	ENST00000594247.5	SE	LOSS	17271597	17271655	59	-59	TRUE	TRUE	frame_disruption	-451	frame_disrupted
ENSG00000105402	ENST00000597274.5	PB.15915.29	SE	GAIN	47503502	47503423	80	80	TRUE	TRUE	frame_disruption	80	frame_disrupted
ENSG00000105402	ENST00000597274.5	PB.15915.42	SE	GAIN	47503502	47503423	80	80	TRUE	TRUE	frame_disruption	80	frame_disrupted
ENSG00000105479	ENST00000859784.1	PB.15927.23	A3SS	LOSS	48302922	48302863	60	-60	FALSE	TRUE	NA	55	frame_disrupted
ENSG00000105479	ENST00000859784.1	PB.15927.23	SE	GAIN	48301114	48301000	115	55	TRUE	TRUE	frame_disruption	55	frame_disrupted
ENSG00000105607	ENST00000714072.1	PB.15144.12	SE	GAIN	12897303	12897428	126	126	FALSE	TRUE	NA	126	frame_preserved
ENSG00000105647	ENST00000965710.1	ENST00000617130.6	SE	LOSS	18161279	18161495	217	-217	TRUE	TRUE	frame_disruption	-168	frame_preserved
ENSG00000105705	ENST00000859773.1	ENST00000585444.1	Partial_IR_5	GAIN	19316421	19316247	175	175	TRUE	TRUE	direct_stop_insertion	-29545	frame_disrupted
ENSG00000105723	ENST00000678491.1	ENST00000453535.1	Partial_IR_5	GAIN	42242315	42242183	133	133	TRUE	TRUE	direct_stop_insertion	133	frame_disrupted
ENSG00000105821	PB.29782.26	PB.29782.34	SE	LOSS	103327378	103327332	47	-47	TRUE	TRUE	frame_disruption	-47	frame_disrupted
ENSG00000105852	ENST00000427422.5	ENST00000418617.5	A3SS	GAIN	95394736	95394715	22	22	TRUE	TRUE	frame_disruption	106	frame_disrupted
ENSG00000105887	ENST00000874999.1	PB.30182.27	SE	LOSS	135972588	135972553	36	-36	FALSE	TRUE	NA	-36	frame_preserved
ENSG00000105971	PB.29978.16	PB.29978.19	Partial_IR_5	LOSS	116500448	116500600	153	-153	FALSE	TRUE	NA	-153	frame_preserved
ENSG00000106105	ENST00000675810.1	PB.29051.24	SE	GAIN	30598796	30598897	102	102	FALSE	TRUE	NA	236	frame_disrupted
ENSG00000106105	ENST00000675810.1	PB.29051.24	SE	GAIN	30627057	30627190	134	236	TRUE	TRUE	frame_disruption	236	frame_disrupted
ENSG00000106105	ENST00000675810.1	PB.29051.32	SE	GAIN	30598796	30598897	102	102	FALSE	TRUE	NA	236	frame_disrupted
ENSG00000106105	ENST00000675810.1	PB.29051.32	SE	GAIN	30627057	30627190	134	236	TRUE	TRUE	frame_disruption	236	frame_disrupted
ENSG00000106290	ENST00000692408.1	ENST00000686096.1	A5SS	GAIN	100114083	100114054	30	30	FALSE	TRUE	NA	-34	frame_disrupted
ENSG00000106290	ENST00000692408.1	ENST00000686096.1	A5SS	LOSS	100113680	100113615	64	-34	TRUE	TRUE	frame_disruption	-34	frame_disrupted
ENSG00000106336	ENST00000883034.1	ENST00000488079.1	Missing_Internal	LOSS	100589977	100590075	99	-99	FALSE	TRUE	NA	-440	frame_disrupted
ENSG00000106336	ENST00000883034.1	ENST00000488079.1	Missing_Internal	LOSS	100590174	100590357	184	-283	TRUE	TRUE	frame_disruption	-440	frame_disrupted
ENSG00000106609	PB.29333.20	PB.29333.14	SE	LOSS	66950952	66951135	184	-184	TRUE	TRUE	frame_disruption	-184	frame_disrupted
ENSG00000106683	PB.29398.6	PB.29398.7	Missing_Internal	GAIN	74096622	74096760	139	139	TRUE	TRUE	frame_disruption	249	frame_preserved
ENSG00000106868	ENST00000374264.6	PB.32845.24	SE	LOSS	112078724	112078538	187	-187	TRUE	TRUE	frame_disruption	-252	frame_preserved
ENSG00000106868	ENST00000374264.6	PB.32845.46	SE	GAIN	112105848	112105743	106	106	TRUE	TRUE	frame_disruption	41	frame_disrupted
ENSG00000106868	PB.32845.24	PB.32845.25	SE	GAIN	112078724	112078538	187	187	TRUE	TRUE	frame_disruption	187	frame_disrupted
ENSG00000106868	PB.32845.24	PB.32845.38	SE	GAIN	112078724	112078538	187	187	TRUE	TRUE	frame_disruption	187	frame_disrupted
ENSG00000106991	ENST00000344849.5	PB.33032.4	SE	GAIN	127816867	127816808	60	60	FALSE	TRUE	NA	60	frame_preserved
ENSG00000106991	ENST00000344849.5	PB.33032.41	Partial_IR_3	LOSS	127818377	127818191	187	-187	TRUE	TRUE	frame_disruption	-187	frame_disrupted
ENSG00000107338	ENST00000854896.1	PB.32167.56	Missing_Internal	GAIN	37977914	37977809	106	106	TRUE	TRUE	frame_disruption	322	frame_disrupted
ENSG00000107625	PB.3966.362	PB.3966.385	SE	LOSS	68914059	68914204	146	-146	TRUE	TRUE	frame_disruption	-16497	frame_preserved
ENSG00000107669	ENST00000686451.1	ENST00000691226.1	Missing_Internal	LOSS	121913893	121913790	104	-104	TRUE	TRUE	frame_disruption	-104	frame_disrupted
ENSG00000107669	ENST00000687089.1	ENST00000686451.1	Missing_Internal	LOSS	121924329	121924266	64	-64	TRUE	TRUE	frame_disruption	-241	frame_disrupted
ENSG00000107669	ENST00000687089.1	ENST00000686786.1	SE	LOSS	121913893	121913790	104	-104	TRUE	TRUE	frame_disruption	-218	frame_disrupted
ENSG00000107745	ENST00000897983.1	PB.4018.1	SE	GAIN	72508269	72508155	115	115	TRUE	TRUE	frame_disruption	-1034	frame_disrupted
ENSG00000107745	ENST00000897983.1	PB.4018.35	Partial_IR_5	GAIN	72533745	72532300	1446	1446	TRUE	TRUE	direct_stop_insertion	-157292	frame_disrupted
ENSG00000107819	PB.4467.27	PB.4467.16	A3SS	GAIN	101035944	101036002	59	59	TRUE	TRUE	frame_disruption	3	frame_preserved
ENSG00000107819	PB.4467.27	PB.4467.24	A3SS	LOSS	101036667	101036722	56	-56	TRUE	TRUE	frame_disruption	-56	frame_disrupted
ENSG00000107819	PB.4467.27	PB.4467.47	A3SS	GAIN	101035944	101036002	59	59	TRUE	TRUE	frame_disruption	3	frame_preserved
ENSG00000107819	PB.4467.27	PB.4467.61	A3SS	LOSS	101036667	101036722	56	-56	TRUE	TRUE	frame_disruption	-56	frame_disrupted
ENSG00000107959	ENST00000960313.1	PB.3417.1	Missing_Internal	GAIN	3170206	3170104	103	103	TRUE	TRUE	frame_disruption	735	frame_preserved
ENSG00000107960	ENST00000970564.1	PB.4541.359	SE	GAIN	103898377	103898293	85	85	TRUE	TRUE	frame_disruption	85	frame_disrupted
ENSG00000107960	ENST00000970564.1	PB.4541.363	SE	GAIN	103898377	103898293	85	85	TRUE	TRUE	frame_disruption	-3743	frame_disrupted
ENSG00000107960	ENST00000970564.1	PB.4541.381	Missing_Internal	GAIN	103887728	103886419	1310	1310	TRUE	TRUE	frame_disruption	-2560	frame_disrupted
ENSG00000108010	ENST00000948447.1	PB.4787.13	Missing_Internal	GAIN	130169433	130169490	58	58	TRUE	TRUE	frame_disruption	111	frame_preserved
ENSG00000108010	ENST00000948447.1	PB.4787.7	Missing_Internal	GAIN	130169433	130169490	58	58	TRUE	TRUE	frame_disruption	111	frame_preserved
ENSG00000108231	ENST00000627420.2	ENST00000636946.1	A5SS	LOSS	93758360	93758368	9	-9	FALSE	TRUE	NA	-9	frame_preserved
ENSG00000108231	ENST00000627420.2	ENST00000637037.1	A5SS	LOSS	93758360	93758368	9	-9	FALSE	TRUE	NA	-9	frame_preserved
ENSG00000108231	ENST00000636155.1	ENST00000627420.2	A5SS	GAIN	93758360	93758368	9	9	FALSE	TRUE	NA	-8032	frame_disrupted
ENSG00000108231	ENST00000636155.1	ENST00000627420.2	Missing_Internal	LOSS	93777379	93777450	72	-63	FALSE	TRUE	NA	-8032	frame_disrupted
ENSG00000108231	ENST00000636155.1	ENST00000627420.2	Missing_Internal	LOSS	93777546	93777617	72	-135	FALSE	TRUE	NA	-8032	frame_disrupted
ENSG00000108231	ENST00000636155.1	ENST00000627420.2	A5SS	GAIN	93790171	93790233	63	-72	FALSE	TRUE	NA	-8032	frame_disrupted
ENSG00000108231	ENST00000636155.1	ENST00000627420.2	Alt_TES	LOSS	93806134	93798174	7960	-8032	TRUE	TRUE	frame_disruption	-8032	frame_disrupted
ENSG00000108231	ENST00000636155.1	ENST00000636946.1	Partial_IR_5	GAIN	93758832	93759291	460	460	TRUE	TRUE	direct_stop_insertion	-7547	frame_disrupted
ENSG00000108231	ENST00000636155.1	ENST00000637037.1	SE	GAIN	93782743	93783043	301	301	TRUE	TRUE	frame_disruption	-7723	frame_disrupted
ENSG00000108469	PB.13846.46	PB.13846.41	Partial_IR_3	LOSS	75658460	75658353	108	-108	FALSE	TRUE	NA	-182	frame_disrupted
ENSG00000108469	PB.13846.46	PB.13846.41	SE	LOSS	75630692	75630619	74	-182	TRUE	TRUE	frame_disruption	-182	frame_disrupted
ENSG00000108592	PB.13672.11	PB.13672.64	SE	GAIN	63822762	63822665	98	98	TRUE	TRUE	frame_disruption	103	frame_disrupted
ENSG00000108592	PB.13672.11	PB.13672.77	A3SS	GAIN	63821643	63821639	5	5	TRUE	TRUE	frame_disruption	5	frame_disrupted
ENSG00000108599	PB.12912.19	PB.12912.15	SE	LOSS	19924517	19924408	110	-110	TRUE	TRUE	frame_disruption	-110	frame_disrupted
ENSG00000108654	PB.13686.227	PB.13686.250	SE	LOSS	64502549	64502439	111	-111	FALSE	TRUE	NA	-111	frame_preserved
ENSG00000108654	PB.13686.250	PB.13686.227	SE	GAIN	64502549	64502439	111	111	FALSE	TRUE	NA	111	frame_preserved
ENSG00000108773	PB.13253.312	PB.13253.311	Partial_IR_5	GAIN	42119244	42119054	191	191	TRUE	TRUE	direct_stop_insertion	191	frame_disrupted
ENSG00000108773	PB.13253.312	PB.13253.327	SE	GAIN	42119173	42119054	120	120	FALSE	TRUE	NA	120	frame_preserved
ENSG00000108950	ENST00000882125.1	PB.13743.41	SE	GAIN	68551951	68551873	79	79	TRUE	TRUE	frame_disruption	393	frame_preserved
ENSG00000109062	ENST00000967136.1	PB.13807.10	A3SS	GAIN	74762012	74762044	33	33	FALSE	TRUE	NA	1159	frame_disrupted
ENSG00000109062	ENST00000967136.1	PB.13807.10	Partial_IR_5	GAIN	74763521	74764646	1126	1159	TRUE	TRUE	direct_stop_insertion	1159	frame_disrupted
ENSG00000109255	ENST00000968007.1	PB.23769.5	SE	LOSS	55616385	55616338	48	-48	FALSE	TRUE	NA	-48	frame_preserved
ENSG00000109576	ENST00000918894.1	PB.24748.4	A5SS	GAIN	170064757	170064719	39	39	FALSE	TRUE	NA	39	frame_preserved
ENSG00000109680	ENST00000505206.5	PB.23599.10	Missing_Internal	GAIN	26613169	26613241	73	73	TRUE	TRUE	frame_disruption	195	frame_preserved
ENSG00000109738	PB.24659.11	PB.24659.22	SE	GAIN	157145210	157145273	64	64	TRUE	TRUE	frame_disruption	64	frame_disrupted
ENSG00000109805	ENST00000938377.1	ENST00000514176.5	Partial_IR_5	GAIN	17812311	17812424	114	114	TRUE	TRUE	direct_stop_insertion	4	frame_disrupted
ENSG00000109805	ENST00000938377.1	PB.23537.67	Partial_IR_5	GAIN	17812311	17812424	114	114	TRUE	TRUE	direct_stop_insertion	-5	frame_disrupted
ENSG00000109861	ENST00000880824.1	ENST00000678554.1	SE	GAIN	88309318	88309163	156	156	FALSE	TRUE	NA	-760	frame_disrupted
ENSG00000109861	ENST00000880824.1	ENST00000678554.1	Missing_Internal	LOSS	88294508	88293593	916	-760	TRUE	TRUE	frame_disruption	-760	frame_disrupted
ENSG00000109911	ENST00000638917.1	PB.5237.7	SE	GAIN	31602394	31602497	104	104	TRUE	TRUE	frame_disruption	-77	frame_disrupted
ENSG00000109944	PB.6378.23	PB.6378.10	A5SS	GAIN	122886170	122886193	24	24	FALSE	TRUE	NA	2525	frame_disrupted
ENSG00000109944	PB.6378.23	PB.6378.10	Missing_Internal	GAIN	122903925	122904444	520	544	TRUE	TRUE	frame_disruption	2525	frame_disrupted
ENSG00000109944	PB.6378.23	PB.6378.42	A5SS	GAIN	122886170	122886193	24	24	FALSE	TRUE	NA	2555	frame_disrupted
ENSG00000109944	PB.6378.23	PB.6378.42	Missing_Internal	GAIN	122903925	122904444	520	544	TRUE	TRUE	frame_disruption	2555	frame_disrupted
ENSG00000110074	ENST00000687699.1	ENST00000685765.1	Partial_IR_5	LOSS	126269292	126269415	124	-124	TRUE	TRUE	frame_disruption	-124	frame_disrupted
ENSG00000110172	ENST00000525317.5	ENST00000533062.5	SE	GAIN	90216553	90216464	90	90	FALSE	TRUE	NA	-11443	frame_disrupted
ENSG00000110172	ENST00000525317.5	ENST00000533062.5	A5SS	GAIN	90214017	90213979	39	129	FALSE	TRUE	NA	-11443	frame_disrupted
ENSG00000110172	ENST00000525317.5	ENST00000533062.5	Alt_TES	LOSS	90202407	90213979	11572	-11443	TRUE	TRUE	frame_disruption	-11443	frame_disrupted
ENSG00000110344	ENST00000431736.6	PB.6298.33	A5SS	LOSS	118372667	118372687	21	-21	FALSE	TRUE	NA	163	frame_disrupted
ENSG00000110344	ENST00000431736.6	PB.6298.33	SE	GAIN	118382015	118382198	184	163	TRUE	TRUE	frame_disruption	163	frame_disrupted
ENSG00000110880	ENST00000958760.1	PB.7940.133	Missing_Internal	GAIN	108657423	108657232	192	192	FALSE	TRUE	NA	747	frame_preserved
ENSG00000110880	ENST00000958760.1	PB.7940.133	Missing_Internal	GAIN	108654410	108654306	105	297	FALSE	TRUE	NA	747	frame_preserved
ENSG00000110880	ENST00000958760.1	PB.7940.133	Missing_Internal	GAIN	108652417	108652272	146	443	TRUE	TRUE	frame_disruption	747	frame_preserved
ENSG00000111144	ENST00000228740.7	PB.7778.36	Partial_IR_3	GAIN	96011865	96009149	2717	2717	TRUE	TRUE	direct_stop_insertion	2843	frame_disrupted
ENSG00000111247	ENST00000544110.5	PB.6622.1	A5SS	LOSS	4543905	4543911	7	-7	TRUE	TRUE	frame_disruption	-7	frame_disrupted
ENSG00000111247	ENST00000544110.5	PB.6622.4	A5SS	LOSS	4543905	4543911	7	-7	TRUE	TRUE	frame_disruption	-7	frame_disrupted
ENSG00000111275	ENST00000951574.1	PB.8006.177	SE	GAIN	111791306	111791419	114	114	FALSE	TRUE	NA	126	frame_preserved
ENSG00000111275	ENST00000951574.1	PB.8006.177	A5SS	LOSS	111792164	111792198	35	79	TRUE	TRUE	frame_disruption	126	frame_preserved
ENSG00000111275	ENST00000951574.1	PB.8006.181	SE	GAIN	111791306	111791419	114	114	FALSE	TRUE	NA	126	frame_preserved
ENSG00000111275	ENST00000951574.1	PB.8006.181	A5SS	LOSS	111792164	111792198	35	79	TRUE	TRUE	frame_disruption	126	frame_preserved
ENSG00000111275	ENST00000951574.1	PB.8006.182	Partial_IR_3	GAIN	111791306	111792060	755	755	TRUE	TRUE	direct_stop_insertion	767	frame_disrupted
ENSG00000111335	ENST00000680138.1	PB.8027.186	SE	LOSS	113004475	113004673	199	-199	TRUE	TRUE	frame_disruption	-199	frame_disrupted
ENSG00000111335	ENST00000680138.1	PB.8027.188	SE	GAIN	113000837	113000933	97	97	TRUE	TRUE	frame_disruption	-102	frame_preserved
ENSG00000111371	PB.7077.421	PB.7077.442	SE	GAIN	46196871	46196725	147	147	FALSE	TRUE	NA	147	frame_preserved
ENSG00000111450	ENST00000706285.1	ENST00000706280.1	SE	GAIN	130810077	130809900	178	178	TRUE	TRUE	frame_disruption	287	frame_disrupted
ENSG00000111540	PB.7338.199	PB.7338.201	A5SS	LOSS	55990788	55990804	17	-17	TRUE	TRUE	frame_disruption	-17	frame_disrupted
ENSG00000111641	PB.6664.36	PB.6664.41	A3SS	GAIN	6566336	6566325	12	12	FALSE	TRUE	NA	12	frame_preserved
ENSG00000111684	PB.6687.43	PB.6687.1	Partial_IR_5	LOSS	7018274	7016265	2008	-2008	TRUE	TRUE	frame_disruption	-2008	frame_disrupted
ENSG00000111684	PB.6687.43	PB.6687.11	Partial_IR_5	LOSS	7018274	7016265	2008	-2008	TRUE	TRUE	frame_disruption	-2008	frame_disrupted
ENSG00000111684	PB.6687.43	PB.6687.12	Partial_IR_5	LOSS	7018274	7016265	2008	-2008	TRUE	TRUE	frame_disruption	-2008	frame_disrupted
ENSG00000111684	PB.6687.43	PB.6687.3	Partial_IR_5	LOSS	7018274	7016265	2008	-2008	TRUE	TRUE	frame_disruption	-2008	frame_disrupted
ENSG00000112062	PB.27312.37	PB.27312.106	A3SS	LOSS	36075821	36075847	27	-27	FALSE	TRUE	NA	-27	frame_preserved
ENSG00000112062	PB.27312.37	PB.27312.131	A3SS	LOSS	36075821	36075847	27	-27	FALSE	TRUE	NA	-27	frame_preserved
ENSG00000112146	PB.27567.6	PB.27567.7	SE	LOSS	53089659	53089854	196	-196	TRUE	TRUE	frame_disruption	-196	frame_disrupted
ENSG00000112511	ENST00000859015.1	ENST00000487667.5	A5SS	GAIN	33414287	33414366	80	80	TRUE	TRUE	frame_disruption	-499	frame_disrupted
ENSG00000112640	ENST00000461010.5	PB.27420.22	Missing_Internal	GAIN	42989611	42989688	78	78	FALSE	TRUE	NA	187	frame_disrupted
ENSG00000112640	ENST00000461010.5	PB.27420.22	Missing_Internal	GAIN	43006463	43006679	217	295	TRUE	TRUE	frame_disruption	187	frame_disrupted
ENSG00000112855	ENST00000943806.1	PB.26173.56	SE	GAIN	140693591	140693665	75	75	FALSE	TRUE	NA	297	frame_preserved
ENSG00000112855	ENST00000943806.1	PB.26173.56	Missing_Internal	GAIN	140694185	140694280	96	171	FALSE	TRUE	NA	297	frame_preserved
ENSG00000112855	ENST00000943806.1	PB.26173.56	Missing_Internal	GAIN	140695508	140695633	126	297	FALSE	TRUE	NA	297	frame_preserved
ENSG00000113119	ENST00000876843.1	ENST00000504069.6	A5SS	LOSS	140639609	140639612	4	-4	TRUE	TRUE	frame_disruption	-2734	frame_disrupted
ENSG00000113119	ENST00000876843.1	ENST00000515653.1	A5SS	GAIN	140639852	140639864	13	13	TRUE	TRUE	frame_disruption	-2668	frame_disrupted
ENSG00000113430	PB.24954.8	ENST00000717757.1	Partial_IR_3	LOSS	1879832	1879676	157	-157	TRUE	TRUE	frame_disruption	-157	frame_disrupted
ENSG00000113621	ENST00000856994.1	PB.26070.7	A3SS	GAIN	134899489	134899494	6	6	FALSE	TRUE	NA	6	frame_preserved
ENSG00000113621	ENST00000926577.1	PB.26070.7	SE	LOSS	134887516	134887551	36	-36	FALSE	TRUE	NA	-36	frame_preserved
ENSG00000113648	ENST00000304332.8	PB.26078.43	SE	LOSS	135360604	135360497	108	-108	FALSE	TRUE	NA	40	frame_disrupted
ENSG00000113648	ENST00000304332.8	PB.26078.43	SE	GAIN	135339575	135339428	148	40	TRUE	TRUE	frame_disruption	40	frame_disrupted
ENSG00000113648	ENST00000304332.8	PB.26078.49	A3SS	GAIN	135360607	135360605	3	3	FALSE	TRUE	NA	43	frame_disrupted
ENSG00000113648	ENST00000304332.8	PB.26078.49	A3SS	GAIN	135346097	135346058	40	43	TRUE	TRUE	frame_disruption	43	frame_disrupted
ENSG00000113716	ENST00000933326.1	PB.26310.26	SE	GAIN	150010111	150010608	498	498	FALSE	TRUE	NA	545	frame_disrupted
ENSG00000113716	ENST00000933326.1	PB.26310.26	SE	GAIN	150029841	150029887	47	545	TRUE	TRUE	frame_disruption	545	frame_disrupted
ENSG00000113719	PB.26518.155	PB.26518.103	SE	LOSS	172840742	172840840	99	-99	FALSE	TRUE	NA	-99	frame_preserved
ENSG00000113758	ENST00000952663.1	PB.26590.1	A3SS	GAIN	177468220	177468218	3	3	FALSE	TRUE	NA	6	frame_preserved
ENSG00000113758	ENST00000952663.1	PB.26590.1	A3SS	GAIN	177460555	177460553	3	6	FALSE	TRUE	NA	6	frame_preserved
ENSG00000113838	PB.23088.9	PB.23088.16	SE	GAIN	186553603	186553515	89	89	TRUE	TRUE	frame_disruption	89	frame_disrupted
ENSG00000114200	ENST00000855338.1	ENST00000497011.5	A5SS	GAIN	165829540	165829517	24	24	FALSE	TRUE	NA	103	frame_disrupted
ENSG00000114200	ENST00000855338.1	ENST00000497011.5	SE	GAIN	165777795	165777717	79	103	TRUE	TRUE	frame_disruption	103	frame_disrupted
ENSG00000114480	ENST00000942741.1	PB.21971.77	Missing_Internal	GAIN	81535325	81535195	131	131	TRUE	TRUE	frame_disruption	257	frame_disrupted
ENSG00000114796	PB.23025.26	PB.23025.100	SE	LOSS	183664921	183665039	119	-119	TRUE	TRUE	frame_disruption	-119	frame_disrupted
ENSG00000114988	PB.17325.15	ENST00000449221.5	SE	LOSS	96738067	96737949	119	-119	TRUE	TRUE	frame_disruption	-86	frame_disrupted
ENSG00000115053	ENST00000933639.1	PB.18764.26	A5SS	GAIN	231460215	231460152	64	64	TRUE	TRUE	frame_disruption	420	frame_preserved
ENSG00000115145	ENST00000263904.5	PB.17832.26	SE	LOSS	152126379	152126226	154	-154	TRUE	TRUE	frame_disruption	-154	frame_disrupted
ENSG00000115282	PB.17148.31	ENST00000424122.5	SE	LOSS	74490025	74490127	103	-103	TRUE	TRUE	frame_disruption	-61	frame_disrupted
ENSG00000115282	PB.17148.31	ENST00000449459.5	SE	LOSS	74490025	74490127	103	-103	TRUE	TRUE	frame_disruption	-1537	frame_disrupted
ENSG00000115415	PB.18225.236	PB.18225.25	Partial_IR_5	LOSS	190975812	190975542	269	-269	TRUE	TRUE	frame_disruption	-269	frame_disrupted
ENSG00000115514	PB.17378.31	PB.17378.43	Partial_IR_5	GAIN	99322079	99321955	125	125	TRUE	TRUE	direct_stop_insertion	537	frame_preserved
ENSG00000115514	PB.17378.49	PB.17378.20	SE	GAIN	99322209	99322153	57	57	FALSE	TRUE	NA	-2053	frame_disrupted
ENSG00000115514	PB.17378.49	PB.17378.20	Partial_IR_3	LOSS	99319799	99317690	2110	-2053	TRUE	TRUE	frame_disruption	-2053	frame_disrupted
ENSG00000115514	PB.17378.49	PB.17378.43	SE	GAIN	99322209	99321955	255	255	FALSE	TRUE	NA	255	frame_preserved
ENSG00000115598	PB.17422.19	PB.17422.22	SE	LOSS	102222489	102222608	120	-120	FALSE	TRUE	NA	-120	frame_preserved
ENSG00000115919	ENST00000852082.1	ENST00000424385.5	SE	LOSS	142918609	142918729	121	-121	TRUE	TRUE	frame_disruption	-87509	frame_disrupted
ENSG00000115942	PB.18311.72	PB.18311.61	SE	LOSS	200946283	200946239	45	-45	FALSE	TRUE	NA	-45	frame_preserved
ENSG00000115998	PB.17037.3	PB.17037.24	SE	GAIN	70152868	70152689	180	180	FALSE	TRUE	NA	180	frame_preserved
ENSG00000116151	PB.78.20	PB.78.9	A5SS	GAIN	2358591	2358588	4	4	TRUE	TRUE	frame_disruption	-2054	frame_disrupted
ENSG00000116161	PB.2501.23	PB.2501.20	Partial_IR_5	LOSS	175008707	175009665	959	-959	TRUE	TRUE	frame_disruption	-959	frame_disrupted
ENSG00000116337	ENST00000369840.7	ENST00000680820.1	SE	LOSS	109625303	109625433	131	-131	TRUE	TRUE	frame_disruption	-164	frame_disrupted
ENSG00000116478	ENST00000906555.1	PB.643.11	Partial_IR_5	GAIN	32316783	32317447	665	665	TRUE	TRUE	direct_stop_insertion	-8839	frame_disrupted
ENSG00000116478	ENST00000943499.1	PB.643.11	Partial_IR_5	GAIN	32316783	32317447	665	665	TRUE	TRUE	direct_stop_insertion	-8834	frame_disrupted
ENSG00000116580	ENST00000938294.1	PB.2179.671	SE	GAIN	155832950	155832832	119	119	TRUE	TRUE	frame_disruption	-72738	frame_preserved
ENSG00000116580	ENST00000938294.1	PB.2179.674	SE	GAIN	155832950	155832832	119	119	TRUE	TRUE	frame_disruption	-72738	frame_preserved
ENSG00000116586	ENST00000368305.9	PB.2187.2	Partial_IR_5	GAIN	156055426	156056104	679	679	TRUE	TRUE	direct_stop_insertion	-627	frame_preserved
ENSG00000116754	ENST00000855489.1	PB.1280.5	SE	GAIN	70247117	70247149	33	33	FALSE	TRUE	NA	15	frame_preserved
ENSG00000116754	ENST00000855489.1	PB.1280.5	A3SS	LOSS	70249931	70249951	21	12	FALSE	TRUE	NA	15	frame_preserved
ENSG00000116754	ENST00000855489.1	PB.1280.5	A3SS	GAIN	70250608	70250610	3	15	FALSE	TRUE	NA	15	frame_preserved
ENSG00000116815	PB.1786.34	PB.1786.50	Partial_IR_5	GAIN	116521905	116520443	1463	1463	TRUE	TRUE	direct_stop_insertion	-4423	frame_disrupted
ENSG00000116830	PB.1793.20	PB.1793.5	SE	LOSS	117097351	117097433	83	-83	TRUE	TRUE	frame_disruption	-83	frame_disrupted
ENSG00000117009	ENST00000881619.1	PB.3267.3	A3SS	LOSS	241555579	241555611	33	-33	FALSE	TRUE	NA	-34	frame_disrupted
ENSG00000117009	ENST00000881619.1	PB.3267.3	A5SS	LOSS	241568647	241568647	1	-34	TRUE	TRUE	frame_disruption	-34	frame_disrupted
ENSG00000117054	ENST00000534334.5	ENST00000680844.1	SE	LOSS	75728401	75728488	88	-88	TRUE	TRUE	frame_disruption	17	frame_disrupted
ENSG00000117054	ENST00000680805.1	ENST00000680844.1	SE	LOSS	75728401	75728488	88	-88	TRUE	TRUE	frame_disruption	57	frame_preserved
ENSG00000117399	ENST00000920119.1	PB.880.3	A5SS	GAIN	43360384	43360389	6	6	FALSE	TRUE	NA	6	frame_preserved
ENSG00000117411	ENST00000919106.1	ENST00000485678.6	SE	GAIN	43982817	43982930	114	114	FALSE	TRUE	NA	114	frame_preserved
ENSG00000117500	ENST00000935198.1	PB.1491.47	A3SS	GAIN	93156483	93156479	5	5	TRUE	TRUE	frame_disruption	-112	frame_disrupted
ENSG00000117569	ENST00000890857.1	PB.1546.22	SE	LOSS	96806419	96806452	34	-34	TRUE	TRUE	frame_disruption	-34	frame_disrupted
ENSG00000117592	ENST00000340385.6	PB.2470.8	Partial_IR_5	GAIN	173481483	173483512	2030	2030	TRUE	TRUE	direct_stop_insertion	-2648	frame_disrupted
ENSG00000117625	ENST00000905994.1	PB.2874.88	A5SS	LOSS	211259727	211259729	3	-3	FALSE	TRUE	NA	310	frame_disrupted
ENSG00000117625	ENST00000905994.1	PB.2874.88	SE	GAIN	211312355	211312487	133	130	TRUE	TRUE	frame_disruption	310	frame_disrupted
ENSG00000117676	ENST00000525525.5	PB.522.11	SE	LOSS	26530745	26530902	158	-158	TRUE	TRUE	frame_disruption	-158	frame_disrupted
ENSG00000117676	ENST00000525525.5	PB.522.27	SE	LOSS	26530745	26530902	158	-158	TRUE	TRUE	frame_disruption	-158	frame_disrupted
ENSG00000117791	ENST00000359316.6	PB.2963.3	SE	GAIN	220780018	220780239	222	222	FALSE	TRUE	NA	2363	frame_disrupted
ENSG00000117791	ENST00000359316.6	PB.2963.3	Partial_IR_3	GAIN	220781778	220783918	2141	2363	TRUE	TRUE	direct_stop_insertion	2363	frame_disrupted
ENSG00000118181	ENST00000942362.1	ENST00000527791.5	Partial_IR_3	LOSS	119017542	119017434	109	-109	TRUE	TRUE	frame_disruption	-109	frame_disrupted
ENSG00000118322	PB.26436.139	PB.26436.53	Partial_IR_5	LOSS	160634354	160633247	1106	-1106	TRUE	TRUE	frame_disruption	-1106	frame_disrupted
ENSG00000118620	PB.15394.17	PB.15394.30	Partial_IR_5	GAIN	21034185	21034613	429	429	TRUE	TRUE	direct_stop_insertion	-15219	frame_preserved
ENSG00000118705	PB.19430.175	PB.19430.74	SE	GAIN	37227922	37227984	63	63	FALSE	TRUE	NA	139	frame_disrupted
ENSG00000118705	PB.19430.175	PB.19430.74	SE	GAIN	37234020	37234095	76	139	TRUE	TRUE	frame_disruption	139	frame_disrupted
ENSG00000119041	PB.18258.15	PB.18258.48	A3SS	LOSS	196776629	196776619	11	-11	TRUE	TRUE	frame_disruption	-11	frame_disrupted
ENSG00000119125	ENST00000897996.1	PB.32407.55	SE	GAIN	72223120	72223227	108	108	FALSE	TRUE	NA	201	frame_preserved
ENSG00000119125	ENST00000897996.1	PB.32407.55	A3SS	GAIN	72245055	72245147	93	201	FALSE	TRUE	NA	201	frame_preserved
ENSG00000119185	ENST00000488451.5	PB.16324.56	Partial_IR_3	GAIN	9407598	9406906	693	693	TRUE	TRUE	direct_stop_insertion	693	frame_preserved
ENSG00000119392	ENST00000898510.1	ENST00000682831.1	Partial_IR_5	GAIN	128515640	128516414	775	775	TRUE	TRUE	direct_stop_insertion	-18196	frame_disrupted
ENSG00000119725	PB.9791.62	PB.9791.73	SE	GAIN	73922143	73922206	64	64	TRUE	TRUE	frame_disruption	-54	frame_preserved
ENSG00000119725	PB.9791.62	PB.9791.82	SE	GAIN	73894359	73894409	51	51	FALSE	TRUE	NA	372	frame_preserved
ENSG00000119725	PB.9791.62	PB.9791.82	Missing_Internal	GAIN	73910244	73910417	174	225	FALSE	TRUE	NA	372	frame_preserved
ENSG00000119725	PB.9791.62	PB.9791.82	Missing_Internal	GAIN	73918130	73918253	124	349	TRUE	TRUE	frame_disruption	372	frame_preserved
ENSG00000119725	PB.9791.62	PB.9791.83	SE	GAIN	73918130	73918253	124	124	TRUE	TRUE	frame_disruption	352	frame_disrupted
ENSG00000119725	PB.9791.62	PB.9791.93	Missing_Internal	GAIN	73922066	73922206	141	141	FALSE	TRUE	NA	228	frame_preserved
ENSG00000119725	PB.9791.62	PB.9791.93	Missing_Internal	GAIN	73922493	73922697	205	346	TRUE	TRUE	frame_disruption	228	frame_preserved
ENSG00000119844	ENST00000942374.1	PB.16953.69	Missing_Internal	GAIN	64567562	64567713	152	152	TRUE	TRUE	frame_disruption	275	frame_disrupted
ENSG00000119844	ENST00000942374.1	PB.16953.72	Missing_Internal	GAIN	64567562	64567713	152	152	TRUE	TRUE	frame_disruption	379	frame_disrupted
ENSG00000119979	PB.4671.102	PB.4671.117	A3SS	GAIN	119123393	119123468	76	76	TRUE	TRUE	frame_disruption	-32	frame_disrupted
ENSG00000120253	ENST00000340413.7	PB.28423.165	SE	GAIN	149728478	149728379	100	100	TRUE	TRUE	frame_disruption	100	frame_disrupted
ENSG00000120256	ENST00000239367.7	PB.28426.56	SE	LOSS	149853160	149853003	158	-158	TRUE	TRUE	frame_disruption	-158	frame_disrupted
ENSG00000120265	ENST00000863141.1	ENST00000484601.6	SE	GAIN	149772048	149772247	200	200	TRUE	TRUE	frame_disruption	-14380	frame_disrupted
ENSG00000120370	ENST00000498166.6	ENST00000687880.1	A5SS	LOSS	170532234	170532284	51	-51	FALSE	TRUE	NA	-51	frame_preserved
ENSG00000120645	PB.6543.1	PB.6543.3	Partial_IR_5	GAIN	67437	67587	151	151	TRUE	TRUE	direct_stop_insertion	151	frame_disrupted
ENSG00000120645	PB.6543.2	PB.6543.3	Partial_IR_5	GAIN	67437	67587	151	151	TRUE	TRUE	direct_stop_insertion	-129	frame_preserved
ENSG00000120693	PB.8476.111	PB.8476.17	Missing_Internal	LOSS	36872915	36872658	258	-258	FALSE	TRUE	NA	-591	frame_preserved
ENSG00000120693	PB.8476.111	PB.8476.17	Missing_Internal	LOSS	36867383	36867273	111	-369	FALSE	TRUE	NA	-591	frame_preserved
ENSG00000120693	PB.8476.111	PB.8476.17	Missing_Internal	LOSS	36865758	36865537	222	-591	FALSE	TRUE	NA	-591	frame_preserved
ENSG00000120798	PB.7761.1	PB.7761.11	SE	LOSS	95049233	95049068	166	-166	TRUE	TRUE	frame_disruption	-257	frame_disrupted
ENSG00000120798	PB.7761.1	PB.7761.41	Partial_IR_5	GAIN	95057552	95057099	454	454	TRUE	TRUE	direct_stop_insertion	-36417	frame_preserved
ENSG00000120798	PB.7761.11	PB.7761.1	SE	GAIN	95049233	95049068	166	166	TRUE	TRUE	frame_disruption	166	frame_disrupted
ENSG00000120868	PB.7816.27	PB.7816.23	A5SS	GAIN	98648783	98648815	33	33	FALSE	TRUE	NA	33	frame_preserved
ENSG00000120925	ENST00000862753.1	PB.30875.153	SE	LOSS	42865489	42865416	74	-74	TRUE	TRUE	frame_disruption	37	frame_disrupted
ENSG00000120925	ENST00000862753.1	PB.30875.42	SE	LOSS	42865489	42865416	74	-74	TRUE	TRUE	frame_disruption	37	frame_disrupted
ENSG00000121057	PB.13552.4	PB.13552.35	SE	LOSS	57112491	57112618	128	-128	TRUE	TRUE	frame_disruption	-128	frame_disrupted
ENSG00000121057	PB.13552.4	PB.13552.43	A3SS	LOSS	57111798	57111804	7	-7	TRUE	TRUE	frame_disruption	-7	frame_disrupted
ENSG00000121152	PB.17312.344	PB.17312.340	A3SS	LOSS	96341642	96341713	72	-72	FALSE	TRUE	NA	-13829	frame_disrupted
ENSG00000121152	PB.17312.344	PB.17312.340	A3SS	LOSS	96353306	96353316	11	-83	TRUE	TRUE	frame_disruption	-13829	frame_disrupted
ENSG00000121236	ENST00000909977.1	PB.4929.18	Missing_Internal	GAIN	5603246	5603735	490	490	TRUE	TRUE	frame_disruption	844	frame_disrupted
ENSG00000121236	ENST00000909977.1	PB.4929.19	Missing_Internal	GAIN	5603246	5603735	490	490	TRUE	TRUE	frame_disruption	-1176	frame_preserved
ENSG00000121486	PB.2599.62	PB.2599.60	SE	GAIN	185137506	185137442	65	65	TRUE	TRUE	frame_disruption	65	frame_disrupted
ENSG00000121879	ENST00000643187.1	PB.22967.21	A5SS	LOSS	179209700	179209700	1	-1	TRUE	TRUE	frame_disruption	-4932	frame_preserved
ENSG00000122140	ENST00000241600.10	ENST00000485333.6	SE	GAIN	135503136	135503278	143	143	TRUE	TRUE	frame_disruption	143	frame_disrupted
ENSG00000122218	PB.2272.807	PB.2272.633	Partial_IR_5	LOSS	160311868	160311738	129	-129	FALSE	TRUE	NA	-129	frame_preserved
ENSG00000122218	PB.2272.807	PB.2272.813	SE	GAIN	160317435	160317354	82	82	TRUE	TRUE	frame_disruption	-47	frame_disrupted
ENSG00000122390	ENST00000570819.5	PB.11437.12	SE	GAIN	3483363	3483597	235	235	TRUE	TRUE	frame_disruption	298	frame_disrupted
ENSG00000122490	ENST00000905916.1	PB.14713.40	Missing_Internal	GAIN	79935767	79935334	434	434	TRUE	TRUE	frame_disruption	488	frame_disrupted
ENSG00000122550	ENST00000339077.10	PB.28942.59	Missing_Internal	GAIN	23147115	23147904	790	790	TRUE	TRUE	frame_disruption	-28714	frame_disrupted
ENSG00000122557	ENST00000924127.1	PB.29089.28	SE	GAIN	35670328	35670215	114	114	FALSE	TRUE	NA	-210	frame_preserved
ENSG00000122557	ENST00000924127.1	PB.29089.28	SE	LOSS	35635458	35635135	324	-210	FALSE	TRUE	NA	-210	frame_preserved
ENSG00000122557	ENST00000924127.1	PB.29089.63	SE	GAIN	35670328	35670215	114	114	FALSE	TRUE	NA	-210	frame_preserved
ENSG00000122557	ENST00000924127.1	PB.29089.63	SE	LOSS	35635458	35635135	324	-210	FALSE	TRUE	NA	-210	frame_preserved
ENSG00000122557	ENST00000924127.1	PB.29089.7	SE	GAIN	35670328	35670215	114	114	FALSE	TRUE	NA	119	frame_disrupted
ENSG00000122557	ENST00000924127.1	PB.29089.7	A3SS	GAIN	35634434	35634430	5	119	TRUE	TRUE	frame_disruption	119	frame_disrupted
ENSG00000122729	PB.32042.9	PB.32042.23	SE	LOSS	32430418	32430574	157	-157	TRUE	TRUE	frame_disruption	-157	frame_disrupted
ENSG00000122884	PB.4028.34	PB.4028.117	SE	GAIN	73045051	73044981	71	71	TRUE	TRUE	frame_disruption	20	frame_disrupted
ENSG00000122884	PB.4028.34	PB.4028.144	A5SS	LOSS	73051090	73051052	37	-37	TRUE	TRUE	frame_disruption	-88	frame_disrupted
ENSG00000123130	ENST00000928894.1	PB.33554.16	SE	GAIN	23734367	23734341	27	27	FALSE	TRUE	NA	30	frame_preserved
ENSG00000123130	ENST00000928894.1	PB.33554.16	A3SS	GAIN	23705594	23705592	3	30	FALSE	TRUE	NA	30	frame_preserved
ENSG00000123130	ENST00000928894.1	PB.33554.4	SE	GAIN	23734367	23734341	27	27	FALSE	TRUE	NA	30	frame_preserved
ENSG00000123130	ENST00000928894.1	PB.33554.4	A3SS	GAIN	23705594	23705592	3	30	FALSE	TRUE	NA	30	frame_preserved
ENSG00000123130	ENST00000928894.1	PB.33554.41	A3SS	GAIN	23705594	23705592	3	3	FALSE	TRUE	NA	3	frame_preserved
ENSG00000123130	ENST00000928894.1	PB.33554.5	SE	GAIN	23734367	23734341	27	27	FALSE	TRUE	NA	30	frame_preserved
ENSG00000123130	ENST00000928894.1	PB.33554.5	A3SS	GAIN	23705594	23705592	3	30	FALSE	TRUE	NA	30	frame_preserved
ENSG00000123130	ENST00000928894.1	PB.33554.9	A3SS	GAIN	23705594	23705592	3	3	FALSE	TRUE	NA	3	frame_preserved
ENSG00000123136	ENST00000926035.1	ENST00000324340.13	SE	LOSS	14409645	14409536	110	-110	TRUE	TRUE	frame_disruption	-110	frame_disrupted
ENSG00000123143	ENST00000242783.11	PB.15195.25	Missing_Internal	LOSS	14458031	14458140	110	-110	TRUE	TRUE	frame_disruption	-254	frame_disrupted
ENSG00000123352	ENST00000952609.1	ENST00000549412.5	Missing_Internal	GAIN	49489465	49489573	109	109	TRUE	TRUE	frame_disruption	203	frame_disrupted
ENSG00000123352	ENST00000952609.1	PB.7179.148	Missing_Internal	GAIN	49489465	49489573	109	109	TRUE	TRUE	frame_disruption	159	frame_preserved
ENSG00000123352	ENST00000952609.1	PB.7179.156	Missing_Internal	GAIN	49489465	49489573	109	109	TRUE	TRUE	frame_disruption	69	frame_preserved
ENSG00000123352	ENST00000952609.1	PB.7179.26	Missing_Internal	GAIN	49489465	49489573	109	109	TRUE	TRUE	frame_disruption	203	frame_disrupted
ENSG00000123739	PB.24256.100	ENST00000507961.1	SE	LOSS	109718759	109718683	77	-77	TRUE	TRUE	frame_disruption	-3285	frame_preserved
ENSG00000123739	PB.24256.127	ENST00000507961.1	SE	LOSS	109718759	109718683	77	-77	TRUE	TRUE	frame_disruption	-77	frame_disrupted
ENSG00000123983	PB.18679.102	ENST00000680525.1	A5SS	GAIN	222927190	222927242	53	53	TRUE	TRUE	frame_disruption	53	frame_disrupted
ENSG00000123983	PB.18679.102	PB.18679.105	Missing_Internal	LOSS	222927017	222927189	173	-173	TRUE	TRUE	frame_disruption	-248	frame_disrupted
ENSG00000123983	PB.18679.102	PB.18679.167	A5SS	GAIN	222927190	222927242	53	53	TRUE	TRUE	frame_disruption	53	frame_disrupted
ENSG00000123983	PB.18679.102	PB.18679.374	Missing_Internal	LOSS	222927017	222927189	173	-173	TRUE	TRUE	frame_disruption	-248	frame_disrupted
ENSG00000124155	ENST00000854442.1	ENST00000640549.2	A3SS	GAIN	45416517	45416543	27	27	FALSE	TRUE	NA	-644	frame_disrupted
ENSG00000124155	ENST00000854442.1	ENST00000640549.2	Missing_Internal	LOSS	45425574	45426244	671	-644	TRUE	TRUE	frame_disruption	-644	frame_disrupted
ENSG00000124155	ENST00000854442.1	ENST00000689203.1	A3SS	GAIN	45416517	45416543	27	27	FALSE	TRUE	NA	-644	frame_disrupted
ENSG00000124155	ENST00000854442.1	ENST00000689203.1	Missing_Internal	LOSS	45425574	45426244	671	-644	TRUE	TRUE	frame_disruption	-644	frame_disrupted
ENSG00000124228	ENST00000939259.1	PB.19597.42	SE	GAIN	49228715	49228888	174	174	FALSE	TRUE	NA	287	frame_disrupted
ENSG00000124228	ENST00000939259.1	PB.19597.42	Partial_IR_3	GAIN	49234769	49234934	166	340	TRUE	TRUE	direct_stop_insertion	287	frame_disrupted
ENSG00000124279	PB.24983.2	PB.24983.6	Partial_IR_3	GAIN	7861773	7861653	121	121	TRUE	TRUE	direct_stop_insertion	121	frame_disrupted
ENSG00000124279	PB.24983.2	PB.24983.7	Partial_IR_3	GAIN	7861773	7861653	121	121	TRUE	TRUE	direct_stop_insertion	121	frame_disrupted
ENSG00000124279	PB.24983.3	PB.24983.6	Partial_IR_3	GAIN	7861773	7861653	121	121	TRUE	TRUE	direct_stop_insertion	121	frame_disrupted
ENSG00000124356	ENST00000683877.1	PB.17107.77	SE	LOSS	73859254	73859366	113	-113	TRUE	TRUE	frame_disruption	-113	frame_disrupted
ENSG00000124532	PB.26974.53	PB.26974.24	Partial_IR_3	GAIN	24422811	24422964	154	154	TRUE	TRUE	direct_stop_insertion	154	frame_disrupted
ENSG00000124532	PB.26974.53	PB.26974.65	A3SS	GAIN	24422937	24422964	28	28	TRUE	TRUE	frame_disruption	28	frame_disrupted
ENSG00000124532	PB.26974.53	PB.26974.9	A3SS	GAIN	24415016	24415032	17	17	TRUE	TRUE	frame_disruption	17	frame_disrupted
ENSG00000124571	PB.27449.112	PB.27449.99	A5SS	GAIN	43530687	43530654	34	34	TRUE	TRUE	frame_disruption	41	frame_disrupted
ENSG00000124587	ENST00000970122.1	PB.27422.40	A3SS	GAIN	42968521	42968499	23	23	TRUE	TRUE	frame_disruption	341	frame_disrupted
ENSG00000124587	ENST00000970122.1	PB.27422.47	Partial_IR_5	GAIN	42967475	42967368	108	108	TRUE	TRUE	direct_stop_insertion	185	frame_disrupted
ENSG00000124783	ENST00000916205.1	PB.26788.50	A3SS	GAIN	7310029	7310021	9	9	FALSE	TRUE	NA	9	frame_preserved
ENSG00000124783	ENST00000916205.1	PB.26788.76	A3SS	GAIN	7310029	7310021	9	9	FALSE	TRUE	NA	123	frame_preserved
ENSG00000124783	ENST00000916205.1	PB.26788.76	SE	GAIN	7297209	7297096	114	123	FALSE	TRUE	NA	123	frame_preserved
ENSG00000124795	ENST00000652576.1	PB.26921.49	SE	LOSS	18255851	18255731	121	-121	TRUE	TRUE	frame_disruption	-25	frame_disrupted
ENSG00000125166	ENST00000954612.1	PB.12016.24	SE	GAIN	58718300	58718196	105	105	FALSE	TRUE	NA	-6481	frame_disrupted
ENSG00000125166	ENST00000954612.1	PB.12016.24	Missing_Internal	GAIN	58716179	58715851	329	434	TRUE	TRUE	frame_disruption	-6481	frame_disrupted
ENSG00000125485	ENST00000919392.1	PB.33166.73	Missing_Internal	GAIN	132647058	132646823	236	236	TRUE	TRUE	frame_disruption	602	frame_disrupted
ENSG00000125814	PB.19234.47	PB.19234.44	SE	GAIN	23395185	23395139	47	47	TRUE	TRUE	frame_disruption	47	frame_disrupted
ENSG00000125952	PB.9635.47	PB.9635.20	SE	GAIN	65101572	65101546	27	27	FALSE	TRUE	NA	-593	frame_disrupted
ENSG00000125952	PB.9635.47	PB.9635.20	Partial_IR_5	LOSS	65077913	65077292	620	-593	TRUE	TRUE	frame_disruption	-593	frame_disrupted
ENSG00000125952	PB.9635.47	PB.9635.21	SE	GAIN	65101572	65101546	27	27	FALSE	TRUE	NA	-593	frame_disrupted
ENSG00000125952	PB.9635.47	PB.9635.21	Partial_IR_5	LOSS	65077913	65077292	620	-593	TRUE	TRUE	frame_disruption	-593	frame_disrupted
ENSG00000125952	PB.9635.47	PB.9635.7	Partial_IR_5	LOSS	65077913	65077292	620	-620	TRUE	TRUE	frame_disruption	-620	frame_disrupted
ENSG00000125977	ENST00000917520.1	PB.19351.5	A5SS	GAIN	34103467	34103462	6	6	FALSE	TRUE	NA	-51	frame_preserved
ENSG00000125977	ENST00000917520.1	PB.19351.5	SE	LOSS	34093731	34093675	57	-51	FALSE	TRUE	NA	-51	frame_preserved
ENSG00000126107	ENST00000927793.1	PB.924.42	SE	LOSS	45008674	45008536	139	-139	TRUE	TRUE	frame_disruption	-139	frame_disrupted
ENSG00000126107	ENST00000927793.1	PB.924.68	A3SS	GAIN	45008701	45008675	27	27	FALSE	TRUE	NA	13	frame_disrupted
ENSG00000126107	ENST00000927793.1	PB.924.68	A5SS	LOSS	45006011	45005996	14	13	TRUE	TRUE	frame_disruption	13	frame_disrupted
ENSG00000126107	ENST00000927793.1	PB.924.70	A3SS	GAIN	45008701	45008675	27	27	FALSE	TRUE	NA	27	frame_preserved
ENSG00000126432	ENST00000926918.1	PB.5582.3	SE	GAIN	64320661	64320792	132	132	FALSE	TRUE	NA	135	frame_preserved
ENSG00000126432	ENST00000926918.1	PB.5582.3	A3SS	GAIN	64321007	64321009	3	135	FALSE	TRUE	NA	135	frame_preserved
ENSG00000126524	ENST00000697862.1	ENST00000697868.1	A3SS	LOSS	66994341	66994283	59	-59	TRUE	TRUE	frame_disruption	20	frame_disrupted
ENSG00000126524	PB.29334.1	ENST00000697862.1	A3SS	LOSS	66991301	66991223	79	-79	TRUE	TRUE	frame_disruption	-79	frame_disrupted
ENSG00000126524	PB.29334.1	ENST00000697868.1	A3SS	LOSS	66994341	66994283	59	-59	TRUE	TRUE	frame_disruption	-59	frame_disrupted
ENSG00000126767	ENST00000935084.1	PB.33720.4	Partial_IR_3	GAIN	47638182	47638000	183	183	TRUE	TRUE	direct_stop_insertion	183	frame_preserved
ENSG00000127022	ENST00000679471.1	ENST00000681504.1	A5SS	LOSS	179705853	179705862	10	-10	TRUE	TRUE	frame_disruption	-10	frame_disrupted
ENSG00000127054	PB.36.20	ENST00000532772.5	Missing_Internal	LOSS	1320529	1320456	74	-74	TRUE	TRUE	frame_disruption	-437	frame_disrupted
ENSG00000127616	ENST00000924722.1	PB.15077.132	A3SS	GAIN	10991110	10991149	40	40	TRUE	TRUE	frame_disruption	-65864	frame_disrupted
ENSG00000128408	PB.20898.5	PB.20898.4	Partial_IR_5	LOSS	45417947	45419583	1637	-1637	TRUE	TRUE	frame_disruption	-1637	frame_disrupted
ENSG00000128510	PB.30117.34	PB.30117.14	Partial_IR_5	LOSS	130305921	130306401	481	-481	TRUE	TRUE	frame_disruption	-481	frame_disrupted
ENSG00000128510	PB.30117.34	PB.30117.30	Partial_IR_5	LOSS	130305921	130306401	481	-481	TRUE	TRUE	frame_disruption	-481	frame_disrupted
ENSG00000128513	ENST00000928344.1	ENST00000608057.5	SE	GAIN	124848659	124848540	120	120	FALSE	TRUE	NA	120	frame_preserved
ENSG00000128513	ENST00000928344.1	PB.30051.6	SE	LOSS	124829342	124829254	89	-89	TRUE	TRUE	frame_disruption	-89	frame_disrupted
ENSG00000128694	PB.18204.12	PB.18204.8	SE	LOSS	189752724	189752653	72	-72	FALSE	TRUE	NA	-72	frame_preserved
ENSG00000128833	PB.10625.175	PB.10625.223	SE	LOSS	52261127	52260862	266	-266	TRUE	TRUE	frame_disruption	-13667	frame_disrupted
ENSG00000128923	ENST00000877343.1	PB.10700.49	SE	LOSS	58806776	58806829	54	-54	FALSE	TRUE	NA	-157	frame_disrupted
ENSG00000128923	ENST00000877343.1	PB.10700.49	SE	LOSS	58821717	58821819	103	-157	TRUE	TRUE	frame_disruption	-157	frame_disrupted
ENSG00000128923	ENST00000877343.1	PB.10700.64	SE	LOSS	58806776	58806829	54	-54	FALSE	TRUE	NA	-152	frame_disrupted
ENSG00000128923	ENST00000877343.1	PB.10700.64	Partial_IR_5	LOSS	58810287	58810388	102	-156	FALSE	TRUE	NA	-152	frame_disrupted
ENSG00000128923	ENST00000877343.1	PB.10700.64	A5SS	GAIN	58821820	58821823	4	-152	TRUE	TRUE	frame_disruption	-152	frame_disrupted
ENSG00000129103	ENST00000911044.1	PB.29272.98	A5SS	LOSS	56068639	56068647	9	-9	FALSE	TRUE	NA	-6347	frame_disrupted
ENSG00000129103	ENST00000911044.1	PB.29272.98	Partial_IR_5	GAIN	56073112	56073403	292	283	TRUE	TRUE	direct_stop_insertion	-6347	frame_disrupted
ENSG00000129103	PB.29272.106	PB.29272.104	A5SS	GAIN	56068639	56068647	9	9	FALSE	TRUE	NA	-326	frame_disrupted
ENSG00000129103	PB.29272.106	PB.29272.104	Partial_IR_5	LOSS	56073112	56073446	335	-326	TRUE	TRUE	frame_disruption	-326	frame_disrupted
ENSG00000129173	PB.5155.19	PB.5155.24	A3SS	LOSS	19225615	19225545	71	-71	TRUE	TRUE	frame_disruption	-71	frame_disrupted
ENSG00000129317	PB.7060.132	PB.7060.65	Partial_IR_5	LOSS	43754336	43752049	2286	-2286	FALSE	TRUE	NA	-2286	frame_preserved
ENSG00000129625	PB.25868.82	PB.25868.8	SE	GAIN	112892817	112892450	368	368	TRUE	TRUE	frame_disruption	-2266	frame_disrupted
ENSG00000129625	PB.25868.82	PB.25868.83	A5SS	GAIN	112902379	112902304	76	76	TRUE	TRUE	frame_disruption	-14547	frame_preserved
ENSG00000129625	PB.25868.83	PB.25868.8	A5SS	LOSS	112902380	112902303	76	-76	TRUE	TRUE	frame_disruption	-76	frame_disrupted
ENSG00000129990	ENST00000868681.1	PB.16130.4	A3SS	GAIN	55174999	55174997	3	3	FALSE	TRUE	NA	3	frame_preserved
ENSG00000129990	ENST00000868681.1	PB.16130.8	A3SS	GAIN	55174999	55174997	3	3	FALSE	TRUE	NA	3	frame_preserved
ENSG00000130175	ENST00000951516.1	PB.15094.14	A5SS	LOSS	11436197	11436232	36	-36	FALSE	TRUE	NA	-57	frame_preserved
ENSG00000130175	ENST00000951516.1	PB.15094.14	A5SS	LOSS	11447598	11447618	21	-57	FALSE	TRUE	NA	-57	frame_preserved
ENSG00000130227	ENST00000879830.1	PB.30648.85	SE	GAIN	21971876	21971941	66	66	FALSE	TRUE	NA	106	frame_disrupted
ENSG00000130227	ENST00000879830.1	PB.30648.85	SE	GAIN	21992832	21992871	40	106	TRUE	TRUE	frame_disruption	106	frame_disrupted
ENSG00000130227	ENST00000879830.1	PB.30648.97	SE	GAIN	21971876	21971941	66	66	FALSE	TRUE	NA	23	frame_disrupted
ENSG00000130227	ENST00000879830.1	PB.30648.97	A3SS	LOSS	21987141	21987183	43	23	TRUE	TRUE	frame_disruption	23	frame_disrupted
ENSG00000130304	ENST00000865653.1	ENST00000600277.5	SE	LOSS	17488848	17488939	92	-92	TRUE	TRUE	frame_disruption	-9137	frame_disrupted
ENSG00000130313	ENST00000600923.5	ENST00000594761.5	SE	LOSS	17512945	17512968	24	-24	FALSE	TRUE	NA	80	frame_disrupted
ENSG00000130313	ENST00000600923.5	ENST00000594761.5	SE	GAIN	17516371	17516474	104	80	TRUE	TRUE	frame_disruption	80	frame_disrupted
ENSG00000130340	PB.28503.67	PB.28503.55	A5SS	GAIN	157927215	157927231	17	17	TRUE	TRUE	frame_disruption	-1534	frame_disrupted
ENSG00000130340	PB.28503.67	PB.28503.57	SE	GAIN	157936198	157936412	215	215	TRUE	TRUE	frame_disruption	-1336	frame_disrupted
ENSG00000130340	PB.28503.67	PB.28503.75	SE	LOSS	157909908	157910025	118	-118	TRUE	TRUE	frame_disruption	-1669	frame_disrupted
ENSG00000130414	ENST00000620965.5	PB.18883.30	Partial_IR_5	GAIN	240021196	240021087	110	110	TRUE	TRUE	direct_stop_insertion	110	frame_disrupted
ENSG00000130560	PB.33214.4	PB.33214.11	Alt_TES	LOSS	135924681	135932969	8288	-8288	TRUE	TRUE	frame_disruption	-8288	frame_disrupted
ENSG00000130560	PB.33214.4	PB.33214.12	Partial_IR_3	GAIN	135940245	135939760	486	486	TRUE	TRUE	direct_stop_insertion	-7804	frame_disrupted
ENSG00000130640	ENST00000916723.1	PB.4810.101	A3SS	LOSS	133288309	133288279	31	-31	TRUE	TRUE	frame_disruption	20	frame_disrupted
ENSG00000130653	ENST00000882824.1	PB.33286.11	SE	LOSS	137547659	137547585	75	-75	FALSE	TRUE	NA	-53007	frame_preserved
ENSG00000130653	ENST00000882824.1	PB.33286.11	SE	GAIN	137541580	137541417	164	89	TRUE	TRUE	frame_disruption	-53007	frame_preserved
ENSG00000130713	ENST00000954434.1	ENST00000693610.1	A5SS	GAIN	130695594	130695606	13	13	TRUE	TRUE	frame_disruption	103	frame_disrupted
ENSG00000130764	ENST00000931370.1	PB.100.11	A5SS	GAIN	3786941	3786849	93	93	FALSE	TRUE	NA	310	frame_disrupted
ENSG00000130764	ENST00000931370.1	PB.100.11	Partial_IR_5	GAIN	3785086	3784870	217	310	TRUE	TRUE	direct_stop_insertion	310	frame_disrupted
ENSG00000130813	ENST00000891194.1	ENST00000587710.5	Missing_Internal	GAIN	10089111	10089208	98	98	TRUE	TRUE	frame_disruption	-1429	frame_disrupted
ENSG00000130822	ENST00000955617.1	ENST00000411968.5	A3SS	LOSS	153672697	153672667	31	-31	TRUE	TRUE	frame_disruption	-1727	frame_disrupted
ENSG00000131067	ENST00000885990.1	PB.19369.171	A3SS	GAIN	34860321	34860286	36	36	FALSE	TRUE	NA	-9906	frame_preserved
ENSG00000131067	ENST00000885990.1	PB.19369.171	A3SS	GAIN	34860130	34860043	88	124	TRUE	TRUE	frame_disruption	-9906	frame_preserved
ENSG00000131067	ENST00000885990.1	PB.19369.173	Partial_IR_3	GAIN	34860414	34860286	129	129	TRUE	TRUE	direct_stop_insertion	-9901	frame_disrupted
ENSG00000131067	ENST00000885990.1	PB.19369.174	A3SS	GAIN	34860321	34860286	36	36	FALSE	TRUE	NA	-9863	frame_disrupted
ENSG00000131067	ENST00000885990.1	PB.19369.174	A3SS	GAIN	34860130	34860043	88	124	TRUE	TRUE	frame_disruption	-9863	frame_disrupted
ENSG00000131067	ENST00000885990.1	PB.19369.176	Partial_IR_5	GAIN	34861444	34860638	807	807	TRUE	TRUE	direct_stop_insertion	-15111	frame_preserved
ENSG00000131069	ENST00000477932.5	PB.19370.17	Missing_Internal	GAIN	34913096	34913187	92	92	TRUE	TRUE	frame_disruption	460	frame_disrupted
ENSG00000131069	PB.19370.17	ENST00000477932.5	Missing_Internal	LOSS	34913096	34913187	92	-92	TRUE	TRUE	frame_disruption	-471	frame_preserved
ENSG00000131069	PB.19370.17	PB.19370.25	Missing_Internal	LOSS	34913096	34913187	92	-92	TRUE	TRUE	frame_disruption	-1104	frame_preserved
ENSG00000131462	ENST00000879462.1	ENST00000589688.2	A3SS	GAIN	42612947	42612992	46	46	TRUE	TRUE	frame_disruption	46	frame_disrupted
ENSG00000131558	ENST00000253861.5	PB.30144.45	Missing_Internal	LOSS	134064291	134065761	1471	-1471	TRUE	TRUE	frame_disruption	-1471	frame_disrupted
ENSG00000131778	ENST00000651407.1	ENST00000622533.4	A3SS	LOSS	147254870	147254897	28	-28	TRUE	TRUE	frame_disruption	46	frame_disrupted
ENSG00000131966	ENST00000852590.1	PB.9527.7	Missing_Internal	LOSS	58223783	58223856	74	-74	TRUE	TRUE	frame_disruption	-47	frame_disrupted
ENSG00000132155	ENST00000923058.1	ENST00000685738.1	SE	GAIN	12606299	12606201	99	99	FALSE	TRUE	NA	212	frame_disrupted
ENSG00000132155	ENST00000923058.1	ENST00000685738.1	SE	GAIN	12599225	12599113	113	212	TRUE	TRUE	frame_disruption	212	frame_disrupted
ENSG00000132300	ENST00000898157.1	ENST00000409326.6	SE	GAIN	86107118	86107200	83	83	TRUE	TRUE	frame_disruption	-21434	frame_disrupted
ENSG00000132300	ENST00000898157.1	ENST00000418628.5	Partial_IR_3	GAIN	86110978	86111112	135	135	TRUE	TRUE	direct_stop_insertion	-21460	frame_disrupted
ENSG00000132300	ENST00000898157.1	PB.17232.129	Missing_Internal	GAIN	86127941	86127991	51	51	FALSE	TRUE	NA	780	frame_preserved
ENSG00000132300	ENST00000898157.1	PB.17232.129	Missing_Internal	GAIN	86130648	86130737	90	141	FALSE	TRUE	NA	780	frame_preserved
ENSG00000132300	ENST00000898157.1	PB.17232.129	Partial_IR_5	GAIN	86132425	86133063	639	780	TRUE	TRUE	direct_stop_insertion	780	frame_preserved
ENSG00000132300	ENST00000898157.1	PB.17232.144	SE	GAIN	86119544	86119614	71	71	TRUE	TRUE	frame_disruption	89	frame_disrupted
ENSG00000132305	ENST00000962805.1	PB.17235.57	A3SS	GAIN	86171312	86171310	3	3	FALSE	TRUE	NA	-31	frame_disrupted
ENSG00000132305	ENST00000962805.1	PB.17235.57	SE	GAIN	86170844	86170749	96	99	FALSE	TRUE	NA	-31	frame_disrupted
ENSG00000132305	ENST00000962805.1	PB.17235.57	A5SS	GAIN	86158591	86158577	15	114	FALSE	TRUE	NA	-31	frame_disrupted
ENSG00000132305	ENST00000962805.1	PB.17235.57	SE	LOSS	86153574	86153560	15	99	FALSE	TRUE	NA	-31	frame_disrupted
ENSG00000132305	ENST00000962805.1	PB.17235.57	SE	LOSS	86146197	86146068	130	-31	TRUE	TRUE	frame_disruption	-31	frame_disrupted
ENSG00000132383	PB.12534.9	PB.12534.25	A3SS	LOSS	1844509	1844577	69	-69	FALSE	TRUE	NA	-32	frame_disrupted
ENSG00000132383	PB.12534.9	PB.12534.25	SE	GAIN	1888164	1888200	37	-32	TRUE	TRUE	frame_disruption	-32	frame_disrupted
ENSG00000132383	PB.12534.9	PB.12534.7	A3SS	LOSS	1844509	1844577	69	-69	FALSE	TRUE	NA	24	frame_preserved
ENSG00000132383	PB.12534.9	PB.12534.7	SE	GAIN	1894352	1894444	93	24	FALSE	TRUE	NA	24	frame_preserved
ENSG00000132405	PB.23418.56	PB.23418.72	SE	LOSS	7006632	7006726	95	-95	TRUE	TRUE	frame_disruption	-95	frame_disrupted
ENSG00000132434	ENST00000254770.3	PB.29262.20	SE	GAIN	55409525	55409781	257	257	TRUE	TRUE	frame_disruption	257	frame_disrupted
ENSG00000132478	ENST00000589666.6	ENST00000592629.1	SE	GAIN	75808948	75809039	92	92	TRUE	TRUE	frame_disruption	-13357	frame_disrupted
ENSG00000132530	ENST00000941938.1	ENST00000574962.5	SE	GAIN	6759662	6759718	57	57	FALSE	TRUE	NA	-26	frame_disrupted
ENSG00000132530	ENST00000941938.1	ENST00000574962.5	SE	LOSS	6762155	6762240	86	-29	TRUE	TRUE	frame_disruption	-26	frame_disrupted
ENSG00000132612	ENST00000714474.1	PB.12122.266	A3SS	GAIN	69318650	69318652	3	3	FALSE	TRUE	NA	3	frame_preserved
ENSG00000132716	PB.2272.179	PB.2272.204	Missing_Internal	GAIN	160221210	160221087	124	124	TRUE	TRUE	frame_disruption	230	frame_disrupted
ENSG00000132780	ENST00000528084.5	ENST00000453748.5	SE	LOSS	45594694	45594773	80	-80	TRUE	TRUE	frame_disruption	-80	frame_disrupted
ENSG00000133106	ENST00000944922.1	ENST00000538562.5	Missing_Internal	GAIN	42969177	42969094	84	84	FALSE	TRUE	NA	-67318	frame_disrupted
ENSG00000133106	ENST00000944922.1	ENST00000538562.5	Missing_Internal	GAIN	42964139	42964066	74	158	TRUE	TRUE	frame_disruption	-67318	frame_disrupted
ENSG00000133302	PB.25689.16	PB.25689.19	A3SS	LOSS	94665861	94665906	46	-46	TRUE	TRUE	frame_disruption	-7534	frame_disrupted
ENSG00000133318	ENST00000339997.8	PB.5549.26	SE	LOSS	63718702	63721032	2331	-2331	FALSE	TRUE	NA	-2540	frame_disrupted
ENSG00000133318	ENST00000339997.8	PB.5549.26	Missing_Internal	LOSS	63752507	63752645	139	-2470	TRUE	TRUE	frame_disruption	-2540	frame_disrupted
ENSG00000133393	ENST00000573087.5	PB.11590.14	SE	GAIN	15879888	15879804	85	85	TRUE	TRUE	frame_disruption	85	frame_disrupted
ENSG00000133393	ENST00000573087.5	PB.11590.7	SE	GAIN	15879888	15879804	85	85	TRUE	TRUE	frame_disruption	85	frame_disrupted
ENSG00000133393	ENST00000573396.5	ENST00000573087.5	Missing_Internal	LOSS	15883020	15882949	72	-72	FALSE	TRUE	NA	-20	frame_disrupted
ENSG00000133393	ENST00000573396.5	ENST00000573087.5	Missing_Internal	LOSS	15879888	15879804	85	-157	TRUE	TRUE	frame_disruption	-20	frame_disrupted
ENSG00000133393	ENST00000573396.5	PB.11590.14	SE	LOSS	15883020	15882949	72	-72	FALSE	TRUE	NA	208	frame_disrupted
ENSG00000133393	ENST00000573396.5	PB.11590.14	Missing_Internal	GAIN	15873627	15873491	137	65	TRUE	TRUE	frame_disruption	208	frame_disrupted
ENSG00000133627	ENST00000885356.1	PB.30402.1	A5SS	LOSS	152820348	152820442	95	-95	TRUE	TRUE	frame_disruption	-2596	frame_disrupted
ENSG00000133731	ENST00000879912.1	PB.31174.21	SE	GAIN	81671889	81671772	118	118	TRUE	TRUE	frame_disruption	118	frame_disrupted
ENSG00000133731	ENST00000879912.1	PB.31174.8	SE	GAIN	81671889	81671772	118	118	TRUE	TRUE	frame_disruption	118	frame_disrupted
ENSG00000133884	PB.5616.12	ENST00000703426.1	SE	GAIN	65334432	65334595	164	164	TRUE	TRUE	frame_disruption	-574	frame_disrupted
ENSG00000133895	ENST00000440873.6	PB.5587.192	SE	LOSS	64806368	64806232	137	-137	TRUE	TRUE	frame_disruption	-137	frame_disrupted
ENSG00000133943	ENST00000947805.1	PB.9952.85	A5SS	GAIN	91170187	91170201	15	15	FALSE	TRUE	NA	216	frame_preserved
ENSG00000133943	ENST00000947805.1	PB.9952.85	A5SS	LOSS	91173404	91173439	36	-21	FALSE	TRUE	NA	216	frame_preserved
ENSG00000133943	ENST00000947805.1	PB.9952.85	Partial_IR_5	GAIN	91215557	91215793	237	216	TRUE	TRUE	direct_stop_insertion	216	frame_preserved
ENSG00000134058	ENST00000629350.2	PB.25443.1	Missing_Internal	GAIN	69254602	69254669	68	68	TRUE	TRUE	frame_disruption	367	frame_disrupted
ENSG00000134077	ENST00000951555.1	PB.21073.34	SE	GAIN	9382772	9382869	98	98	TRUE	TRUE	frame_disruption	98	frame_disrupted
ENSG00000134086	ENST00000696143.2	PB.21103.55	SE	LOSS	10142763	10143021	259	-259	TRUE	TRUE	frame_disruption	-259	frame_disrupted
ENSG00000134086	ENST00000696143.2	PB.21103.7	SE	LOSS	10142763	10143021	259	-259	TRUE	TRUE	frame_disruption	-259	frame_disrupted
ENSG00000134262	ENST00000863130.1	ENST00000713648.1	SE	GAIN	113902862	113902638	225	225	FALSE	TRUE	NA	565	frame_disrupted
ENSG00000134262	ENST00000863130.1	ENST00000713648.1	Missing_Internal	GAIN	113897943	113897812	132	357	FALSE	TRUE	NA	565	frame_disrupted
ENSG00000134262	ENST00000863130.1	ENST00000713648.1	Missing_Internal	GAIN	113896465	113896258	208	565	TRUE	TRUE	frame_disruption	565	frame_disrupted
ENSG00000134262	ENST00000863130.1	ENST00000713649.1	SE	GAIN	113902862	113902638	225	225	FALSE	TRUE	NA	526	frame_disrupted
ENSG00000134262	ENST00000863130.1	ENST00000713649.1	Missing_Internal	GAIN	113897932	113897840	93	318	FALSE	TRUE	NA	526	frame_disrupted
ENSG00000134262	ENST00000863130.1	ENST00000713649.1	Missing_Internal	GAIN	113896465	113896258	208	526	TRUE	TRUE	frame_disruption	526	frame_disrupted
ENSG00000134398	PB.11711.130	PB.11711.95	Partial_IR_3	GAIN	23700835	23700705	131	131	TRUE	TRUE	direct_stop_insertion	226	frame_disrupted
ENSG00000134444	ENST00000939327.1	PB.14597.8	SE	LOSS	62264729	62264852	124	-124	TRUE	TRUE	frame_disruption	-115	frame_disrupted
ENSG00000134602	PB.34290.82	PB.34290.53	A3SS	LOSS	132071069	132071078	10	-10	TRUE	TRUE	frame_disruption	-10	frame_disrupted
ENSG00000134602	PB.34290.82	PB.34290.85	SE	LOSS	132072268	132072361	94	-94	TRUE	TRUE	frame_disruption	-94	frame_disrupted
ENSG00000134602	PB.34290.82	PB.34290.86	SE	LOSS	132069478	132069663	186	-186	FALSE	TRUE	NA	-187	frame_disrupted
ENSG00000134602	PB.34290.82	PB.34290.86	A3SS	LOSS	132072268	132072268	1	-187	TRUE	TRUE	frame_disruption	-187	frame_disrupted
ENSG00000134690	ENST00000934263.1	PB.756.6	SE	GAIN	37704669	37704790	122	122	TRUE	TRUE	frame_disruption	209	frame_disrupted
ENSG00000134716	ENST00000905910.1	ENST00000468257.2	A5SS	GAIN	59904957	59904871	87	87	FALSE	TRUE	NA	238	frame_disrupted
ENSG00000134716	ENST00000905910.1	ENST00000468257.2	SE	GAIN	59904516	59904366	151	238	TRUE	TRUE	frame_disruption	238	frame_disrupted
ENSG00000134874	ENST00000361156.7	PB.8917.33	SE	GAIN	95609513	95609457	57	57	FALSE	TRUE	NA	323	frame_disrupted
ENSG00000134874	ENST00000361156.7	PB.8917.33	SE	GAIN	95602688	95602423	266	323	TRUE	TRUE	frame_disruption	323	frame_disrupted
ENSG00000134982	PB.25862.17	ENST00000508624.5	SE	GAIN	112810126	112810311	186	186	FALSE	TRUE	NA	132	frame_preserved
ENSG00000134982	PB.25862.17	ENST00000508624.5	SE	LOSS	112823307	112823360	54	132	FALSE	TRUE	NA	132	frame_preserved
ENSG00000135018	PB.32500.230	PB.32500.161	SE	LOSS	83677961	83677727	235	-235	TRUE	TRUE	frame_disruption	-235	frame_disrupted
ENSG00000135018	PB.32500.230	PB.32500.78	Partial_IR_3	GAIN	83664248	83664044	205	205	TRUE	TRUE	direct_stop_insertion	205	frame_disrupted
ENSG00000135336	ENST00000891535.1	PB.27840.28	Missing_Internal	GAIN	87643759	87643811	53	53	TRUE	TRUE	frame_disruption	288	frame_preserved
ENSG00000135446	PB.7411.18	ENST00000553237.5	SE	LOSS	57751342	57751207	136	-136	TRUE	TRUE	frame_disruption	-151	frame_disrupted
ENSG00000135451	PB.7176.19	ENST00000549891.5	Missing_Internal	LOSS	49323845	49324037	193	-193	TRUE	TRUE	frame_disruption	-1422	frame_preserved
ENSG00000135451	PB.7176.19	PB.7176.22	Missing_Internal	LOSS	49324155	49325383	1229	-1229	TRUE	TRUE	frame_disruption	-1229	frame_disrupted
ENSG00000135454	PB.7405.2	ENST00000548487.5	A5SS	LOSS	57630997	57630979	17	-17	TRUE	TRUE	frame_disruption	-4873	frame_disrupted
ENSG00000135472	ENST00000550195.5	PB.7198.8	A3SS	LOSS	49897601	49897584	18	-18	FALSE	TRUE	NA	70	frame_disrupted
ENSG00000135472	ENST00000550195.5	PB.7198.8	SE	GAIN	49889568	49889481	88	70	TRUE	TRUE	frame_disruption	70	frame_disrupted
ENSG00000135472	ENST00000550635.6	ENST00000550195.5	A3SS	GAIN	49897601	49897584	18	18	FALSE	TRUE	NA	-70	frame_disrupted
ENSG00000135472	ENST00000550635.6	ENST00000550195.5	SE	LOSS	49889568	49889481	88	-70	TRUE	TRUE	frame_disruption	-70	frame_disrupted
ENSG00000135503	PB.7247.84	PB.7247.83	SE	LOSS	51986818	51986942	125	-125	TRUE	TRUE	frame_disruption	-125	frame_disrupted
ENSG00000135597	PB.28307.48	PB.28307.128	A5SS	GAIN	138944560	138944498	63	63	FALSE	TRUE	NA	127	frame_disrupted
ENSG00000135597	PB.28307.48	PB.28307.128	SE	GAIN	138934326	138934225	102	165	FALSE	TRUE	NA	127	frame_disrupted
ENSG00000135597	PB.28307.48	PB.28307.128	SE	GAIN	138926481	138926401	81	246	FALSE	TRUE	NA	127	frame_disrupted
ENSG00000135597	PB.28307.48	PB.28307.128	SE	LOSS	138915976	138915858	119	127	TRUE	TRUE	frame_disruption	127	frame_disrupted
ENSG00000135632	ENST00000927773.1	PB.17088.4	A3SS	GAIN	73222681	73222754	74	74	TRUE	TRUE	frame_disruption	131	frame_disrupted
ENSG00000135677	PB.7474.63	PB.7474.92	SE	GAIN	64735347	64735252	96	96	FALSE	TRUE	NA	96	frame_preserved
ENSG00000135677	PB.7474.63	PB.7474.94	A3SS	LOSS	64720182	64720173	10	-10	TRUE	TRUE	frame_disruption	-10	frame_disrupted
ENSG00000135698	PB.12331.41	PB.12331.1	Partial_IR_3	LOSS	82151352	82149404	1949	-1949	TRUE	TRUE	frame_disruption	-1949	frame_disrupted
ENSG00000135720	ENST00000443351.6	PB.12046.269	SE	GAIN	66742668	66742438	231	231	FALSE	TRUE	NA	558	frame_preserved
ENSG00000135720	ENST00000443351.6	PB.12046.269	A5SS	LOSS	66734232	66734217	14	217	TRUE	TRUE	frame_disruption	558	frame_preserved
ENSG00000135763	PB.3124.37	PB.3124.42	Partial_IR_5	LOSS	229636801	229638247	1447	-1447	TRUE	TRUE	frame_disruption	-1447	frame_disrupted
ENSG00000135838	ENST00000367552.6	PB.2574.40	SE	GAIN	182806419	182806531	113	113	TRUE	TRUE	frame_disruption	1124	frame_disrupted
ENSG00000135924	ENST00000425450.5	PB.18650.17	SE	GAIN	219282479	219282661	183	183	FALSE	TRUE	NA	183	frame_preserved
ENSG00000135945	ENST00000413697.5	PB.17382.90	SE	LOSS	99451501	99451345	157	-157	TRUE	TRUE	frame_disruption	-157	frame_disrupted
ENSG00000136021	ENST00000872996.1	PB.7819.95	SE	GAIN	100313422	100313538	117	117	FALSE	TRUE	NA	159	frame_preserved
ENSG00000136021	ENST00000872996.1	PB.7819.95	SE	GAIN	100331726	100331767	42	159	FALSE	TRUE	NA	159	frame_preserved
ENSG00000136051	PB.7883.82	PB.7883.168	SE	GAIN	105149066	105149134	69	69	FALSE	TRUE	NA	69	frame_preserved
ENSG00000136051	PB.7883.82	PB.7883.24	SE	GAIN	105154588	105154702	115	115	TRUE	TRUE	frame_disruption	-1	frame_disrupted
ENSG00000136100	ENST00000888387.1	PB.8706.104	SE	GAIN	52433748	52433662	87	87	FALSE	TRUE	NA	22	frame_disrupted
ENSG00000136100	ENST00000888387.1	PB.8706.104	SE	LOSS	52418056	52417992	65	22	TRUE	TRUE	frame_disruption	22	frame_disrupted
ENSG00000136100	ENST00000888387.1	PB.8706.225	SE	LOSS	52434882	52434793	90	-90	FALSE	TRUE	NA	-154	frame_disrupted
ENSG00000136100	ENST00000888387.1	PB.8706.225	SE	GAIN	52433748	52433662	87	-3	FALSE	TRUE	NA	-154	frame_disrupted
ENSG00000136100	ENST00000888387.1	PB.8706.225	SE	LOSS	52423639	52423574	66	-69	FALSE	TRUE	NA	-154	frame_disrupted
ENSG00000136100	ENST00000888387.1	PB.8706.225	SE	LOSS	52417141	52417057	85	-154	TRUE	TRUE	frame_disruption	-154	frame_disrupted
ENSG00000136122	ENST00000651477.1	PB.8743.15	Partial_IR_5	GAIN	72735006	72735748	743	743	TRUE	TRUE	direct_stop_insertion	-17706	frame_preserved
ENSG00000136261	ENST00000897358.1	ENST00000436868.5	A3SS	LOSS	16685905	16685923	19	-19	TRUE	TRUE	frame_disruption	-19	frame_disrupted
ENSG00000136381	PB.10998.10	ENST00000558570.5	SE	LOSS	78470532	78470601	70	-70	TRUE	TRUE	frame_disruption	-70	frame_disrupted
ENSG00000136436	PB.13442.9	PB.13442.22	Partial_IR_5	GAIN	48851629	48852157	529	529	TRUE	TRUE	direct_stop_insertion	-12071	frame_disrupted
ENSG00000136504	PB.13469.24	PB.13469.21	SE	GAIN	49798319	49798558	240	240	FALSE	TRUE	NA	234	frame_preserved
ENSG00000136504	PB.13469.24	PB.13469.21	A3SS	LOSS	49826693	49826699	7	233	TRUE	TRUE	frame_disruption	234	frame_preserved
ENSG00000136521	ENST00000906708.1	ENST00000359944.10	A3SS	GAIN	179614952	179614970	19	19	TRUE	TRUE	frame_disruption	190	frame_disrupted
ENSG00000136631	ENST00000698586.1	ENST00000698585.1	SE	GAIN	150090885	150090981	97	97	TRUE	TRUE	frame_disruption	-134	frame_disrupted
ENSG00000136682	ENST00000358604.7	PB.17541.27	SE	LOSS	113439020	113439117	98	-98	TRUE	TRUE	frame_disruption	-98	frame_disrupted
ENSG00000136682	ENST00000358604.7	PB.17541.33	SE	LOSS	113439020	113439117	98	-98	TRUE	TRUE	frame_disruption	-98	frame_disrupted
ENSG00000136754	ENST00000869260.1	PB.3650.319	SE	GAIN	26777241	26777065	177	177	FALSE	TRUE	NA	962	frame_disrupted
ENSG00000136754	ENST00000869260.1	PB.3650.319	SE	LOSS	26768992	26768852	141	36	FALSE	TRUE	NA	962	frame_disrupted
ENSG00000136754	ENST00000869260.1	PB.3650.319	Partial_IR_3	GAIN	26760074	26759236	839	875	TRUE	TRUE	direct_stop_insertion	962	frame_disrupted
ENSG00000136856	PB.33010.3	PB.33010.11	A5SS	LOSS	127397539	127397550	12	-12	FALSE	TRUE	NA	-355	frame_disrupted
ENSG00000136856	PB.33010.3	PB.33010.11	SE	LOSS	127402557	127402753	197	-209	TRUE	TRUE	frame_disruption	-355	frame_disrupted
ENSG00000136881	PB.32725.4	ENST00000674909.1	Partial_IR_5	LOSS	101362881	101360418	2462	-2462	TRUE	TRUE	frame_disruption	-2462	frame_disrupted
ENSG00000136891	ENST00000911379.1	PB.32720.11	SE	LOSS	100330169	100329931	239	-239	TRUE	TRUE	frame_disruption	-364	frame_disrupted
ENSG00000136891	ENST00000911379.1	PB.32720.46	Partial_IR_5	LOSS	100308627	100308499	127	-127	TRUE	TRUE	frame_disruption	-70	frame_disrupted
ENSG00000136943	ENST00000930704.1	PB.32654.7	SE	GAIN	97036747	97036401	347	347	TRUE	TRUE	frame_disruption	347	frame_disrupted
ENSG00000137185	ENST00000526391.5	PB.27078.4	Partial_IR_5	GAIN	28227838	28229548	1711	1711	TRUE	TRUE	direct_stop_insertion	1711	frame_disrupted
ENSG00000137269	PB.27584.97	PB.27584.91	SE	GAIN	53873483	53873638	156	156	FALSE	TRUE	NA	156	frame_preserved
ENSG00000137275	PB.26725.104	PB.26725.107	SE	LOSS	3089581	3089657	77	-77	TRUE	TRUE	frame_disruption	-71	frame_disrupted
ENSG00000137343	ENST00000940347.1	PB.27145.137	SE	GAIN	30642768	30643011	244	244	TRUE	TRUE	frame_disruption	258	frame_preserved
ENSG00000137409	ENST00000695051.1	ENST00000695053.1	SE	GAIN	36977796	36977634	163	163	TRUE	TRUE	frame_disruption	163	frame_disrupted
ENSG00000137411	ENST00000321897.9	PB.27154.738	SE	LOSS	30920089	30920216	128	-128	TRUE	TRUE	frame_disruption	-199	frame_disrupted
ENSG00000137413	ENST00000688007.1	PB.27400.1	Missing_Internal	GAIN	42057389	42057513	125	125	TRUE	TRUE	frame_disruption	273	frame_preserved
ENSG00000137413	ENST00000688007.1	PB.27400.23	A5SS	GAIN	42056015	42056034	20	20	TRUE	TRUE	frame_disruption	293	frame_disrupted
ENSG00000137413	ENST00000688007.1	PB.27400.24	Missing_Internal	GAIN	42057389	42057513	125	125	TRUE	TRUE	frame_disruption	395	frame_disrupted
ENSG00000137413	ENST00000688007.1	PB.27400.52	Missing_Internal	GAIN	42057389	42057513	125	125	TRUE	TRUE	frame_disruption	273	frame_preserved
ENSG00000137413	ENST00000688007.1	PB.27400.60	Missing_Internal	GAIN	42057389	42057513	125	125	TRUE	TRUE	frame_disruption	395	frame_disrupted
ENSG00000137413	PB.27400.1	PB.27400.23	A5SS	GAIN	42056015	42056034	20	20	TRUE	TRUE	frame_disruption	20	frame_disrupted
ENSG00000137413	PB.27400.1	PB.27400.24	SE	GAIN	42071347	42071468	122	122	TRUE	TRUE	frame_disruption	122	frame_disrupted
ENSG00000137413	PB.27400.1	PB.27400.60	SE	GAIN	42071347	42071468	122	122	TRUE	TRUE	frame_disruption	122	frame_disrupted
ENSG00000137496	ENST00000393703.9	ENST00000343898.9	Partial_IR_5	LOSS	72001425	72001552	128	-128	TRUE	TRUE	frame_disruption	-128	frame_disrupted
ENSG00000137726	ENST00000539526.5	ENST00000524841.5	A5SS	GAIN	117840318	117840237	82	82	TRUE	TRUE	frame_disruption	82	frame_disrupted
ENSG00000137726	ENST00000584394.5	ENST00000524841.5	SE	GAIN	117840368	117840237	132	132	FALSE	TRUE	NA	132	frame_preserved
ENSG00000137757	ENST00000531367.5	ENST00000456200.5	SE	GAIN	105007334	105007083	252	252	FALSE	TRUE	NA	100	frame_disrupted
ENSG00000137757	ENST00000531367.5	ENST00000456200.5	SE	LOSS	105003383	105003274	110	142	TRUE	TRUE	frame_disruption	100	frame_disrupted
ENSG00000137776	PB.10702.74	PB.10702.82	A3SS	LOSS	58899937	58899884	54	-54	FALSE	TRUE	NA	-85	frame_disrupted
ENSG00000137776	PB.10702.74	PB.10702.82	SE	GAIN	58894582	58894433	150	96	FALSE	TRUE	NA	-85	frame_disrupted
ENSG00000137776	PB.10702.74	PB.10702.82	SE	LOSS	58890461	58890281	181	-85	TRUE	TRUE	frame_disruption	-85	frame_disrupted
ENSG00000137804	ENST00000891648.1	PB.10430.162	Partial_IR_5	GAIN	41349242	41349867	626	626	TRUE	TRUE	direct_stop_insertion	-27958	frame_disrupted
ENSG00000137871	PB.10672.60	PB.10672.32	Partial_IR_5	LOSS	56700933	56699601	1331	-1331	TRUE	TRUE	frame_disruption	-1331	frame_disrupted
ENSG00000137876	ENST00000677147.1	PB.10650.4	A5SS	LOSS	55192720	55192710	9	-9	FALSE	TRUE	NA	-9	frame_preserved
ENSG00000138050	ENST00000953485.1	PB.16708.17	A5SS	GAIN	39771514	39771505	10	10	TRUE	TRUE	frame_disruption	1847	frame_disrupted
ENSG00000138050	ENST00000953485.1	PB.16708.18	A5SS	GAIN	39771514	39771505	10	10	TRUE	TRUE	frame_disruption	1133	frame_disrupted
ENSG00000138050	ENST00000953485.1	PB.16708.2	A5SS	GAIN	39771514	39771505	10	10	TRUE	TRUE	frame_disruption	734	frame_disrupted
ENSG00000138050	ENST00000953485.1	PB.16708.9	A5SS	GAIN	39771514	39771505	10	10	TRUE	TRUE	frame_disruption	1749	frame_preserved
ENSG00000138092	PB.16490.9	PB.16490.45	Missing_Internal	GAIN	24814376	24814493	118	118	TRUE	TRUE	frame_disruption	378	frame_preserved
ENSG00000138092	PB.16490.9	PB.16490.8	Missing_Internal	GAIN	24814376	24814493	118	118	TRUE	TRUE	frame_disruption	449	frame_disrupted
ENSG00000138109	ENST00000880957.1	ENST00000643112.1	SE	GAIN	94949108	94949284	177	177	FALSE	TRUE	NA	35	frame_disrupted
ENSG00000138109	ENST00000880957.1	ENST00000643112.1	SE	LOSS	94972104	94972245	142	35	TRUE	TRUE	frame_disruption	35	frame_disrupted
ENSG00000138279	ENST00000892953.1	PB.4030.10	SE	LOSS	73396109	73396044	66	-66	FALSE	TRUE	NA	-66	frame_preserved
ENSG00000138303	ENST00000342444.8	PB.4008.3	SE	LOSS	72204505	72204422	84	-84	FALSE	TRUE	NA	-281	frame_disrupted
ENSG00000138303	ENST00000342444.8	PB.4008.3	Missing_Internal	LOSS	72102967	72102850	118	-202	TRUE	TRUE	frame_disruption	-281	frame_disrupted
ENSG00000138315	ENST00000858589.1	ENST00000622652.1	SE	GAIN	72906596	72906718	123	123	FALSE	TRUE	NA	-293	frame_disrupted
ENSG00000138315	ENST00000858589.1	ENST00000622652.1	SE	LOSS	72924229	72924644	416	-293	TRUE	TRUE	frame_disruption	-293	frame_disrupted
ENSG00000138592	ENST00000396444.7	PB.10586.131	SE	LOSS	50465047	50465191	145	-145	TRUE	TRUE	frame_disruption	-32869	frame_disrupted
ENSG00000138592	ENST00000396444.7	PB.10586.146	SE	GAIN	50473519	50473641	123	123	FALSE	TRUE	NA	-32691	frame_preserved
ENSG00000138592	ENST00000396444.7	PB.10586.146	Partial_IR_5	LOSS	50481836	50482065	230	-107	TRUE	TRUE	frame_disruption	-32691	frame_preserved
ENSG00000138592	ENST00000396444.7	PB.10586.147	Missing_Internal	LOSS	50481481	50482065	585	-585	FALSE	TRUE	NA	-413	frame_disrupted
ENSG00000138592	ENST00000396444.7	PB.10586.147	Missing_Internal	LOSS	50484275	50484361	87	-672	FALSE	TRUE	NA	-413	frame_disrupted
ENSG00000138592	ENST00000396444.7	PB.10586.147	SE	GAIN	50493060	50493318	259	-413	TRUE	TRUE	frame_disruption	-413	frame_disrupted
ENSG00000138592	ENST00000396444.7	PB.10586.152	SE	LOSS	50471633	50471795	163	-163	TRUE	TRUE	frame_disruption	-32977	frame_disrupted
ENSG00000138614	PB.10814.43	PB.10814.50	SE	GAIN	65593572	65593428	145	145	TRUE	TRUE	frame_disruption	145	frame_disrupted
ENSG00000138614	PB.10814.43	PB.10814.82	SE	GAIN	65593572	65593428	145	145	TRUE	TRUE	frame_disruption	145	frame_disrupted
ENSG00000138614	PB.10814.43	PB.10814.83	SE	GAIN	65593572	65593428	145	145	TRUE	TRUE	frame_disruption	145	frame_disrupted
ENSG00000138670	ENST00000335927.11	PB.24003.23	SE	GAIN	81457621	81457499	123	123	FALSE	TRUE	NA	-19764	frame_preserved
ENSG00000138670	ENST00000335927.11	PB.24003.23	Partial_IR_5	GAIN	81456650	81455177	1474	1597	TRUE	TRUE	direct_stop_insertion	-19764	frame_preserved
ENSG00000138670	ENST00000335927.11	PB.24003.24	SE	GAIN	81457621	81457499	123	123	FALSE	TRUE	NA	-21897	frame_preserved
ENSG00000138670	ENST00000335927.11	PB.24003.24	Partial_IR_5	GAIN	81456650	81455225	1426	1549	TRUE	TRUE	direct_stop_insertion	-21897	frame_preserved
ENSG00000138750	ENST00000513352.1	ENST00000695549.1	SE	LOSS	76146129	76145983	147	-147	FALSE	TRUE	NA	-147	frame_preserved
ENSG00000138756	PB.23968.10	PB.23968.9	Partial_IR_5	GAIN	78865721	78866768	1048	1048	TRUE	TRUE	direct_stop_insertion	-44413	frame_disrupted
ENSG00000138768	ENST00000944461.1	PB.23915.20	SE	LOSS	75760594	75760605	12	-12	FALSE	TRUE	NA	55	frame_disrupted
ENSG00000138768	ENST00000944461.1	PB.23915.20	A3SS	GAIN	75782680	75782760	81	69	FALSE	TRUE	NA	55	frame_disrupted
ENSG00000138768	ENST00000944461.1	PB.23915.20	SE	LOSS	75795336	75795356	21	48	FALSE	TRUE	NA	55	frame_disrupted
ENSG00000138768	ENST00000944461.1	PB.23915.20	A3SS	GAIN	75800344	75800350	7	55	TRUE	TRUE	frame_disruption	55	frame_disrupted
ENSG00000138777	ENST00000341695.10	PB.24211.33	SE	LOSS	105438036	105437950	87	-87	FALSE	TRUE	NA	-33971	frame_disrupted
ENSG00000138777	ENST00000341695.10	PB.24211.33	Missing_Internal	GAIN	105405948	105405006	943	856	TRUE	TRUE	frame_disruption	-33971	frame_disrupted
ENSG00000138785	ENST00000891051.1	PB.24217.14	SE	GAIN	105689280	105689131	150	150	FALSE	TRUE	NA	150	frame_preserved
ENSG00000139163	ENST00000864020.1	PB.6906.10	A3SS	LOSS	22661036	22661062	27	-27	FALSE	TRUE	NA	216	frame_preserved
ENSG00000139163	ENST00000864020.1	PB.6906.10	Missing_Internal	GAIN	22666119	22666268	150	123	FALSE	TRUE	NA	216	frame_preserved
ENSG00000139163	ENST00000864020.1	PB.6906.10	Missing_Internal	GAIN	22666682	22666774	93	216	FALSE	TRUE	NA	216	frame_preserved
ENSG00000139173	ENST00000266534.8	PB.7066.12	Missing_Internal	GAIN	44247643	44247809	167	167	TRUE	TRUE	frame_disruption	-138544	frame_disrupted
ENSG00000139350	PB.7794.278	ENST00000718088.1	Partial_IR_5	LOSS	96920157	96922675	2519	-2519	TRUE	TRUE	frame_disruption	-2519	frame_disrupted
ENSG00000139436	ENST00000361006.9	PB.7969.118	SE	LOSS	109959958	109959847	112	-112	TRUE	TRUE	frame_disruption	-112	frame_disrupted
ENSG00000139567	ENST00000942786.1	PB.7246.14	A5SS	GAIN	51915408	51915500	93	93	FALSE	TRUE	NA	93	frame_preserved
ENSG00000139567	ENST00000942786.1	PB.7246.50	SE	LOSS	51913974	51914073	100	-100	TRUE	TRUE	frame_disruption	-677	frame_disrupted
ENSG00000139714	ENST00000879183.1	PB.8151.13	SE	LOSS	121653259	121653075	185	-185	TRUE	TRUE	frame_disruption	-185	frame_disrupted
ENSG00000139714	ENST00000879183.1	PB.8151.38	SE	LOSS	121653259	121653075	185	-185	TRUE	TRUE	frame_disruption	-185	frame_disrupted
ENSG00000139921	PB.9447.23	ENST00000556683.1	A5SS	GAIN	51245359	51245454	96	96	FALSE	TRUE	NA	-112	frame_disrupted
ENSG00000139921	PB.9447.23	ENST00000556683.1	SE	LOSS	51251837	51252044	208	-112	TRUE	TRUE	frame_disruption	-112	frame_disrupted
ENSG00000140398	ENST00000567005.1	PB.10957.14	Missing_Internal	LOSS	75352032	75352061	30	-30	FALSE	TRUE	NA	-30	frame_preserved
ENSG00000140398	ENST00000567005.1	PB.10957.20	Missing_Internal	GAIN	75351301	75351376	76	76	TRUE	TRUE	frame_disruption	46	frame_disrupted
ENSG00000140398	ENST00000567005.1	PB.10957.22	Missing_Internal	GAIN	75351301	75351376	76	76	TRUE	TRUE	frame_disruption	46	frame_disrupted
ENSG00000140398	ENST00000567005.1	PB.10957.37	Missing_Internal	LOSS	75352032	75352061	30	-30	FALSE	TRUE	NA	-30	frame_preserved
ENSG00000140481	ENST00000558821.5	PB.10935.57	SE	GAIN	74333221	74333322	102	102	FALSE	TRUE	NA	102	frame_preserved
ENSG00000140481	ENST00000558821.5	PB.10935.58	Partial_IR_5	GAIN	74332846	74333322	477	477	TRUE	TRUE	direct_stop_insertion	477	frame_preserved
ENSG00000140650	PB.11498.106	PB.11498.94	SE	GAIN	8811079	8811178	100	100	TRUE	TRUE	frame_disruption	100	frame_disrupted
ENSG00000140650	PB.11498.94	ENST00000565896.5	Missing_Internal	GAIN	8802081	8802145	65	65	TRUE	TRUE	frame_disruption	-50578	frame_disrupted
ENSG00000140650	PB.11498.94	PB.11498.105	SE	LOSS	8811079	8811178	100	-100	TRUE	TRUE	frame_disruption	-100	frame_disrupted
ENSG00000140650	PB.11498.94	PB.11498.106	SE	LOSS	8811079	8811178	100	-100	TRUE	TRUE	frame_disruption	-100	frame_disrupted
ENSG00000140691	ENST00000886859.1	PB.11865.30	Partial_IR_5	GAIN	31462918	31463351	434	434	TRUE	TRUE	direct_stop_insertion	-2422	frame_disrupted
ENSG00000140694	PB.11568.73	PB.11568.39	SE	GAIN	14582781	14582584	198	198	FALSE	TRUE	NA	81	frame_preserved
ENSG00000140694	PB.11568.73	PB.11568.39	SE	LOSS	14558489	14558373	117	81	FALSE	TRUE	NA	81	frame_preserved
ENSG00000140995	ENST00000561959.5	PB.12487.112	Missing_Internal	GAIN	89959014	89959155	142	142	TRUE	TRUE	frame_disruption	933	frame_preserved
ENSG00000140995	ENST00000875129.1	PB.12487.112	A3SS	GAIN	89957511	89957540	30	30	FALSE	TRUE	NA	198	frame_preserved
ENSG00000140995	ENST00000875129.1	PB.12487.112	Partial_IR_3	GAIN	89963201	89963362	162	192	TRUE	TRUE	direct_stop_insertion	198	frame_preserved
ENSG00000141219	ENST00000426147.6	PB.13787.17	A3SS	GAIN	73242798	73242895	98	98	TRUE	TRUE	frame_disruption	-79	frame_disrupted
ENSG00000141349	ENST00000696390.1	ENST00000696391.1	SE	GAIN	44071628	44071821	194	194	TRUE	TRUE	frame_disruption	285	frame_preserved
ENSG00000141385	ENST00000918897.1	PB.14206.100	A5SS	GAIN	12366967	12366965	3	3	FALSE	TRUE	NA	361	frame_disrupted
ENSG00000141385	ENST00000918897.1	PB.14206.100	SE	GAIN	12361756	12361245	512	515	TRUE	TRUE	frame_disruption	361	frame_disrupted
ENSG00000141401	ENST00000922526.1	PB.14192.7	Missing_Internal	GAIN	12012170	12012215	46	46	TRUE	TRUE	frame_disruption	264	frame_preserved
ENSG00000141446	PB.14247.41	ENST00000383276.2	SE	GAIN	21540700	21540577	124	124	TRUE	TRUE	frame_disruption	124	frame_disrupted
ENSG00000141452	ENST00000897722.1	ENST00000587690.5	Missing_Internal	GAIN	23508655	23508776	122	122	TRUE	TRUE	frame_disruption	-15793	frame_disrupted
ENSG00000141452	ENST00000897722.1	PB.14282.7	SE	GAIN	23509193	23509279	87	87	FALSE	TRUE	NA	211	frame_disrupted
ENSG00000141452	ENST00000897722.1	PB.14282.7	Partial_IR_5	GAIN	23529299	23529422	124	211	TRUE	TRUE	direct_stop_insertion	211	frame_disrupted
ENSG00000141499	ENST00000932533.1	PB.12697.5	A3SS	GAIN	7701427	7701440	14	14	TRUE	TRUE	frame_disruption	14	frame_disrupted
ENSG00000141499	PB.12697.17	PB.12697.5	A3SS	GAIN	7701427	7701458	32	32	TRUE	TRUE	frame_disruption	32	frame_disrupted
ENSG00000141519	PB.13952.59	PB.13952.58	Missing_Internal	GAIN	80047279	80047402	124	124	TRUE	TRUE	frame_disruption	275	frame_disrupted
ENSG00000141569	PB.13856.2	PB.13856.11	A3SS	GAIN	75892539	75892501	39	39	FALSE	TRUE	NA	39	frame_preserved
ENSG00000141627	ENST00000919568.1	PB.14488.6	A5SS	GAIN	49391592	49391578	15	15	FALSE	TRUE	NA	-88	frame_disrupted
ENSG00000141627	ENST00000919568.1	PB.14488.6	SE	LOSS	49163787	49163685	103	-88	TRUE	TRUE	frame_disruption	-88	frame_disrupted
ENSG00000141698	ENST00000913261.1	PB.13244.7	Partial_IR_5	GAIN	41835858	41835588	271	271	TRUE	TRUE	direct_stop_insertion	447	frame_preserved
ENSG00000141959	ENST00000885181.1	PB.20285.43	SE	LOSS	44307260	44307328	69	-69	FALSE	TRUE	NA	-74	frame_disrupted
ENSG00000141959	ENST00000885181.1	PB.20285.43	A5SS	GAIN	44319386	44319415	30	-39	FALSE	TRUE	NA	-74	frame_disrupted
ENSG00000141959	ENST00000885181.1	PB.20285.43	A5SS	LOSS	44323015	44323049	35	-74	TRUE	TRUE	frame_disruption	-74	frame_disrupted
ENSG00000142208	ENST00000959668.1	PB.10140.34	A3SS	GAIN	104770847	104770824	24	24	FALSE	TRUE	NA	24	frame_preserved
ENSG00000142230	PB.15906.9	ENST00000664120.1	SE	GAIN	47156569	47156661	93	93	FALSE	TRUE	NA	-587	frame_disrupted
ENSG00000142230	PB.15906.9	ENST00000664120.1	Partial_IR_5	LOSS	47197378	47198057	680	-587	TRUE	TRUE	frame_disruption	-587	frame_disrupted
ENSG00000142230	PB.15906.9	PB.15906.3	SE	GAIN	47158396	47158495	100	100	TRUE	TRUE	frame_disruption	-422	frame_disrupted
ENSG00000142327	PB.18892.21	PB.18892.17	SE	LOSS	240574113	240574348	236	-236	TRUE	TRUE	frame_disruption	-236	frame_disrupted
ENSG00000142687	ENST00000697004.1	PB.710.252	SE	LOSS	35476595	35476269	327	-327	FALSE	TRUE	NA	-327	frame_preserved
ENSG00000142733	ENST00000357582.3	PB.544.74	A5SS	LOSS	27361745	27361704	40	-40	TRUE	TRUE	frame_disruption	-1040	frame_disrupted
ENSG00000143164	PB.2380.185	PB.2380.187	Missing_Internal	LOSS	168015781	168015951	171	-171	FALSE	TRUE	NA	-108	frame_preserved
ENSG00000143164	PB.2380.185	PB.2380.187	SE	GAIN	168019545	168019667	123	-48	FALSE	TRUE	NA	-108	frame_preserved
ENSG00000143164	PB.2380.185	PB.2380.187	Missing_Internal	LOSS	168022988	168023047	60	-108	FALSE	TRUE	NA	-108	frame_preserved
ENSG00000143167	ENST00000903064.1	ENST00000534512.1	SE	GAIN	167082311	167082245	67	67	TRUE	TRUE	frame_disruption	-10787	frame_disrupted
ENSG00000143294	ENST00000888088.1	PB.2225.9	Partial_IR_3	GAIN	156786608	156786739	132	132	TRUE	TRUE	direct_stop_insertion	1613	frame_disrupted
ENSG00000143294	ENST00000888091.1	PB.2225.9	SE	LOSS	156791067	156791133	67	-67	TRUE	TRUE	frame_disruption	1382	frame_disrupted
ENSG00000143294	PB.2225.7	PB.2225.9	Partial_IR_5	LOSS	156768240	156769976	1737	-1737	FALSE	TRUE	NA	-1737	frame_preserved
ENSG00000143367	ENST00000873675.1	PB.2054.27	SE	GAIN	151562091	151562165	75	75	FALSE	TRUE	NA	72	frame_preserved
ENSG00000143367	ENST00000873675.1	PB.2054.27	A5SS	GAIN	151563973	151563990	18	93	FALSE	TRUE	NA	72	frame_preserved
ENSG00000143367	ENST00000873675.1	PB.2054.27	SE	GAIN	151568531	151568604	74	167	TRUE	TRUE	frame_disruption	72	frame_preserved
ENSG00000143368	ENST00000940764.1	PB.1998.1	Partial_IR_3	GAIN	149926918	149926610	309	309	TRUE	TRUE	direct_stop_insertion	309	frame_preserved
ENSG00000143382	ENST00000674043.1	PB.2016.16	SE	LOSS	150554566	150554634	69	-69	FALSE	TRUE	NA	-242	frame_disrupted
ENSG00000143382	ENST00000674043.1	PB.2016.16	SE	LOSS	150556621	150556793	173	-242	TRUE	TRUE	frame_disruption	-242	frame_disrupted
ENSG00000143382	ENST00000674043.1	PB.2016.18	SE	LOSS	150554566	150554634	69	-69	FALSE	TRUE	NA	147	frame_preserved
ENSG00000143382	ENST00000674043.1	PB.2016.18	Partial_IR_3	GAIN	150558257	150558472	216	147	TRUE	TRUE	direct_stop_insertion	147	frame_preserved
ENSG00000143382	ENST00000674043.1	PB.2016.5	Missing_Internal	LOSS	150554365	150554467	103	-103	TRUE	TRUE	frame_disruption	-172	frame_disrupted
ENSG00000143393	PB.2045.117	PB.2045.125	Partial_IR_5	LOSS	151298960	151298807	152	-152	TRUE	TRUE	frame_disruption	-152	frame_disrupted
ENSG00000143393	PB.2045.117	PB.2045.150	SE	LOSS	151310255	151310211	45	-45	FALSE	TRUE	NA	-101	frame_disrupted
ENSG00000143393	PB.2045.117	PB.2045.150	A3SS	LOSS	151306363	151306308	56	-101	TRUE	TRUE	frame_disruption	-101	frame_disrupted
ENSG00000143409	ENST00000888228.1	PB.2033.3	A5SS	GAIN	151001724	151001722	3	3	FALSE	TRUE	NA	-1318	frame_disrupted
ENSG00000143409	ENST00000888228.1	PB.2033.3	Missing_Internal	LOSS	151001314	151001250	65	-62	TRUE	TRUE	frame_disruption	-1318	frame_disrupted
ENSG00000143420	ENST00000369016.8	PB.2018.126	SE	LOSS	150626526	150626479	48	-48	FALSE	TRUE	NA	-7461	frame_preserved
ENSG00000143420	ENST00000369016.8	PB.2018.126	Missing_Internal	GAIN	150622859	150621563	1297	1249	TRUE	TRUE	frame_disruption	-7461	frame_preserved
ENSG00000143457	ENST00000943664.1	PB.2021.50	SE	GAIN	150649227	150649131	97	97	TRUE	TRUE	frame_disruption	97	frame_disrupted
ENSG00000143473	ENST00000367007.5	ENST00000640528.1	Partial_IR_5	GAIN	210683466	210683021	446	446	TRUE	TRUE	direct_stop_insertion	-1059	frame_preserved
ENSG00000143473	ENST00000640044.1	ENST00000640528.1	Missing_Internal	GAIN	211090690	211090562	129	129	FALSE	TRUE	NA	1071	frame_preserved
ENSG00000143473	ENST00000640044.1	ENST00000640528.1	Missing_Internal	GAIN	211082898	211082780	119	248	TRUE	TRUE	frame_disruption	1071	frame_preserved
ENSG00000143486	PB.2811.3	PB.2811.1	SE	GAIN	206604729	206604609	121	121	TRUE	TRUE	frame_disruption	-1417	frame_disrupted
ENSG00000143486	PB.2811.3	PB.2811.15	SE	GAIN	206600904	206600758	147	147	FALSE	TRUE	NA	-6271	frame_disrupted
ENSG00000143486	PB.2811.3	PB.2811.15	Partial_IR_5	GAIN	206595717	206594039	1679	1826	TRUE	TRUE	direct_stop_insertion	-6271	frame_disrupted
ENSG00000143641	PB.3130.21	PB.3130.22	SE	GAIN	230236660	230236725	66	66	FALSE	TRUE	NA	-38	frame_disrupted
ENSG00000143641	PB.3130.21	PB.3130.22	SE	LOSS	230250457	230250560	104	-38	TRUE	TRUE	frame_disruption	-38	frame_disrupted
ENSG00000143674	ENST00000915953.1	PB.3176.8	SE	GAIN	233372639	233372782	144	144	FALSE	TRUE	NA	-6729	frame_preserved
ENSG00000143674	ENST00000915953.1	PB.3176.8	A5SS	LOSS	233376528	233376533	6	138	FALSE	TRUE	NA	-6729	frame_preserved
ENSG00000143674	ENST00000915953.1	PB.3176.8	Partial_IR_5	LOSS	233378996	233379710	715	-577	TRUE	TRUE	frame_disruption	-6729	frame_preserved
ENSG00000143801	ENST00000968774.1	ENST00000676747.1	Missing_Internal	LOSS	226895424	226896096	673	-673	TRUE	TRUE	frame_disruption	-673	frame_disrupted
ENSG00000143801	ENST00000968774.1	ENST00000678784.1	A3SS	GAIN	226891743	226891745	3	3	FALSE	TRUE	NA	-789	frame_preserved
ENSG00000143801	ENST00000968774.1	ENST00000678784.1	Missing_Internal	LOSS	226894007	226894125	119	-116	TRUE	TRUE	frame_disruption	-789	frame_preserved
ENSG00000143801	ENST00000968774.1	PB.3065.1	SE	GAIN	226890656	226890965	310	310	TRUE	TRUE	frame_disruption	313	frame_disrupted
ENSG00000143870	ENST00000852337.1	PB.16360.37	Partial_IR_5	GAIN	10797080	10796574	507	507	TRUE	TRUE	direct_stop_insertion	-10567	frame_disrupted
ENSG00000143870	ENST00000852337.1	PB.16360.9	A5SS	GAIN	10791812	10791795	18	18	FALSE	TRUE	NA	33	frame_preserved
ENSG00000143870	ENST00000852337.1	PB.16360.9	A3SS	LOSS	10787439	10787439	1	17	TRUE	TRUE	frame_disruption	33	frame_preserved
ENSG00000143870	PB.16360.37	PB.16360.9	Partial_IR_5	LOSS	10797081	10796573	507	-507	FALSE	TRUE	NA	-507	frame_preserved
ENSG00000144040	PB.17083.20	PB.17083.15	SE	GAIN	72961248	72961131	118	118	TRUE	TRUE	frame_disruption	118	frame_disrupted
ENSG00000144134	PB.17545.29	PB.17545.24	Partial_IR_5	LOSS	113635131	113636665	1535	-1535	TRUE	TRUE	frame_disruption	-1535	frame_disrupted
ENSG00000144285	ENST00000635750.1	ENST00000636759.1	SE	GAIN	166060867	166060640	228	228	FALSE	TRUE	NA	-48355	frame_disrupted
ENSG00000144285	ENST00000635750.1	ENST00000636759.1	A5SS	GAIN	166043701	166043669	33	261	FALSE	TRUE	NA	-48355	frame_disrupted
ENSG00000144285	ENST00000635750.1	ENST00000636759.1	Alt_TES	LOSS	165989160	166037776	48616	-48355	TRUE	TRUE	frame_disruption	-48355	frame_disrupted
ENSG00000144535	PB.18781.11	ENST00000390005.9	A3SS	LOSS	232329813	232329885	73	-73	TRUE	TRUE	frame_disruption	-73	frame_disrupted
ENSG00000144559	ENST00000444133.6	PB.21126.204	SE	GAIN	11826805	11826718	88	88	TRUE	TRUE	frame_disruption	88	frame_disrupted
ENSG00000144681	PB.21371.21	PB.21371.11	A3SS	GAIN	36443364	36443396	33	33	FALSE	TRUE	NA	-83	frame_disrupted
ENSG00000144681	PB.21371.21	PB.21371.11	SE	LOSS	36486134	36486249	116	-83	TRUE	TRUE	frame_disruption	-83	frame_disrupted
ENSG00000144815	ENST00000704551.1	ENST00000704542.1	SE	LOSS	101801235	101801989	755	-755	TRUE	TRUE	frame_disruption	-755	frame_disrupted
ENSG00000145041	ENST00000855692.1	PB.21632.3	SE	GAIN	51426099	51425910	190	190	TRUE	TRUE	frame_disruption	-1074	frame_preserved
ENSG00000145241	ENST00000929364.1	PB.23810.21	A3SS	GAIN	67514687	67514676	12	12	FALSE	TRUE	NA	210	frame_preserved
ENSG00000145241	ENST00000929364.1	PB.23810.21	SE	GAIN	67510870	67510673	198	210	FALSE	TRUE	NA	210	frame_preserved
ENSG00000145247	ENST00000273860.8	PB.23728.9	SE	GAIN	48892889	48892772	118	118	TRUE	TRUE	frame_disruption	118	frame_disrupted
ENSG00000145545	PB.24975.5	ENST00000510531.6	SE	GAIN	6644808	6645309	502	502	TRUE	TRUE	frame_disruption	502	frame_disrupted
ENSG00000145545	PB.24975.5	PB.24975.9	Missing_Internal	LOSS	6668202	6670170	1969	-1969	TRUE	TRUE	frame_disruption	-1969	frame_disrupted
ENSG00000145687	ENST00000855148.1	PB.25612.2	A5SS	GAIN	81448792	81448790	3	3	FALSE	TRUE	NA	3	frame_preserved
ENSG00000145687	ENST00000855148.1	PB.25612.22	A3SS	GAIN	81448882	81448826	57	57	FALSE	TRUE	NA	-145	frame_disrupted
ENSG00000145687	ENST00000855148.1	PB.25612.22	A5SS	GAIN	81448792	81448790	3	60	FALSE	TRUE	NA	-145	frame_disrupted
ENSG00000145687	ENST00000855148.1	PB.25612.22	Missing_Internal	LOSS	81446922	81446868	55	5	TRUE	TRUE	frame_disruption	-145	frame_disrupted
ENSG00000145736	ENST00000916280.1	ENST00000519783.5	SE	LOSS	71061308	71061272	37	-37	TRUE	TRUE	frame_disruption	-37	frame_disrupted
ENSG00000145882	PB.26289.2	ENST00000505669.5	A5SS	GAIN	149358157	149358172	16	16	TRUE	TRUE	frame_disruption	46	frame_disrupted
ENSG00000146072	PB.27523.151	PB.27523.137	SE	GAIN	47275901	47275771	131	131	TRUE	TRUE	frame_disruption	-189	frame_preserved
ENSG00000146072	PB.27523.151	PB.27523.17	Partial_IR_5	LOSS	47284056	47283937	118	-118	TRUE	TRUE	frame_disruption	-438	frame_preserved
ENSG00000146072	PB.27523.151	PB.27523.97	Partial_IR_5	LOSS	47284274	47283937	336	-336	FALSE	TRUE	NA	-656	frame_disrupted
ENSG00000146072	PB.27523.151	PB.27523.97	Missing_Internal	LOSS	47270412	47270228	185	-521	TRUE	TRUE	frame_disruption	-656	frame_disrupted
ENSG00000146166	ENST00000485906.6	ENST00000622415.1	SE	GAIN	63293856	63293668	189	189	FALSE	TRUE	NA	445	frame_disrupted
ENSG00000146166	ENST00000485906.6	ENST00000622415.1	A3SS	LOSS	63285753	63285702	52	137	TRUE	TRUE	frame_disruption	445	frame_disrupted
ENSG00000146192	ENST00000718346.1	ENST00000718347.1	SE	GAIN	37026091	37026325	235	235	TRUE	TRUE	frame_disruption	235	frame_disrupted
ENSG00000146729	ENST00000878201.1	PB.29272.18	SE	GAIN	55979760	55979886	127	127	TRUE	TRUE	frame_disruption	103	frame_disrupted
ENSG00000146833	PB.29692.80	PB.29692.54	Partial_IR_5	LOSS	99919009	99918526	482	-482	TRUE	TRUE	frame_disruption	-482	frame_disrupted
ENSG00000146833	PB.29692.80	PB.29692.71	Partial_IR_5	LOSS	99919009	99918526	482	-482	TRUE	TRUE	frame_disruption	-482	frame_disrupted
ENSG00000146856	PB.30162.13	ENST00000275763.10	Missing_Internal	GAIN	134993493	134993678	186	186	FALSE	TRUE	NA	-2324	frame_disrupted
ENSG00000146856	PB.30162.13	ENST00000275763.10	Missing_Internal	LOSS	135009915	135009952	38	148	TRUE	TRUE	frame_disruption	-2324	frame_disrupted
ENSG00000147121	ENST00000901202.1	PB.33689.24	SE	GAIN	46472025	46472143	119	119	TRUE	TRUE	frame_disruption	119	frame_disrupted
ENSG00000147257	ENST00000370818.8	ENST00000684880.1	SE	GAIN	133834570	133834500	71	71	TRUE	TRUE	frame_disruption	-156041	frame_disrupted
ENSG00000147421	ENST00000887469.1	PB.30754.121	Missing_Internal	GAIN	29009684	29009821	138	138	FALSE	TRUE	NA	281	frame_disrupted
ENSG00000147421	ENST00000887469.1	PB.30754.121	Missing_Internal	GAIN	29011374	29011519	146	284	TRUE	TRUE	frame_disruption	281	frame_disrupted
ENSG00000147421	ENST00000887469.1	PB.30754.126	A3SS	LOSS	29048954	29048959	6	-6	FALSE	TRUE	NA	-6	frame_preserved
ENSG00000147421	ENST00000887469.1	PB.30754.129	A3SS	LOSS	29048954	29048956	3	-3	FALSE	TRUE	NA	-3	frame_preserved
ENSG00000147654	ENST00000620557.4	ENST00000699339.1	A5SS	GAIN	109557043	109557046	4	4	TRUE	TRUE	frame_disruption	4	frame_disrupted
ENSG00000147684	ENST00000517367.1	ENST00000676713.1	A3SS	GAIN	124543089	124543119	31	31	TRUE	TRUE	frame_disruption	-187	frame_disrupted
ENSG00000147684	ENST00000517367.1	ENST00000677822.1	A3SS	GAIN	124543087	124543119	33	33	FALSE	TRUE	NA	-112	frame_disrupted
ENSG00000147684	ENST00000517367.1	ENST00000677822.1	Partial_IR_5	LOSS	124549834	124549978	145	-112	TRUE	TRUE	frame_disruption	-112	frame_disrupted
ENSG00000147905	ENST00000936934.1	PB.32149.9	Partial_IR_5	GAIN	37126943	37129957	3015	3015	TRUE	TRUE	direct_stop_insertion	-223770	frame_preserved
ENSG00000148218	PB.32865.17	PB.32865.3	A5SS	LOSS	113389438	113389427	10	-10	TRUE	TRUE	frame_disruption	-10	frame_disrupted
ENSG00000148334	PB.33051.18	ENST00000677651.1	SE	GAIN	128124871	128124779	93	93	FALSE	TRUE	NA	93	frame_preserved
ENSG00000148341	ENST00000935423.1	PB.33089.10	A3SS	GAIN	129014503	129014501	3	3	FALSE	TRUE	NA	3	frame_preserved
ENSG00000148341	ENST00000935423.1	PB.33089.26	A3SS	GAIN	129014503	129014501	3	3	FALSE	TRUE	NA	82	frame_disrupted
ENSG00000148341	ENST00000935423.1	PB.33089.26	A5SS	GAIN	129009770	129009692	79	82	TRUE	TRUE	frame_disruption	82	frame_disrupted
ENSG00000148341	PB.33089.26	PB.33089.28	SE	GAIN	129020039	129019887	153	153	FALSE	TRUE	NA	153	frame_preserved
ENSG00000148384	PB.33231.19	PB.33231.14	A3SS	LOSS	136432586	136432584	3	-3	FALSE	TRUE	NA	3	frame_preserved
ENSG00000148384	PB.33231.19	PB.33231.14	A3SS	LOSS	136431117	136431104	14	-17	TRUE	TRUE	frame_disruption	3	frame_preserved
ENSG00000148384	PB.33231.19	PB.33231.26	A5SS	GAIN	136430296	136430277	20	20	TRUE	TRUE	frame_disruption	20	frame_disrupted
ENSG00000148384	PB.33231.19	PB.33231.46	Partial_IR_5	GAIN	136431001	136430631	371	371	TRUE	TRUE	direct_stop_insertion	391	frame_disrupted
ENSG00000148634	PB.3955.152	PB.3955.154	Missing_Internal	LOSS	68044563	68044404	160	-160	TRUE	TRUE	frame_disruption	-334	frame_disrupted
ENSG00000148835	ENST00000369839.4	PB.4527.12	SE	LOSS	103378235	103378550	316	-316	TRUE	TRUE	frame_disruption	-316	frame_disrupted
ENSG00000149016	PB.5510.18	PB.5510.14	SE	GAIN	62581206	62581106	101	101	TRUE	TRUE	frame_disruption	101	frame_disrupted
ENSG00000149131	ENST00000879470.1	ENST00000528996.2	A5SS	GAIN	57598322	57598328	7	7	TRUE	TRUE	frame_disruption	-416	frame_disrupted
ENSG00000149231	ENST00000681164.1	PB.6098.42	SE	GAIN	96381795	96381638	158	158	TRUE	TRUE	frame_disruption	158	frame_disrupted
ENSG00000149269	ENST00000873298.1	PB.5890.150	SE	GAIN	77329312	77329151	162	162	FALSE	TRUE	NA	162	frame_preserved
ENSG00000149380	PB.5834.2	ENST00000524388.5	SE	GAIN	74287291	74287116	176	176	TRUE	TRUE	frame_disruption	-10	frame_disrupted
ENSG00000149485	PB.5496.101	PB.5496.10	A5SS	LOSS	61803363	61803311	51	-51	FALSE	TRUE	NA	-51	frame_preserved
ENSG00000149485	PB.5496.101	PB.5496.111	SE	GAIN	61811978	61811819	160	160	TRUE	TRUE	frame_disruption	109	frame_disrupted
ENSG00000149923	PB.11800.96	ENST00000627746.2	SE	LOSS	30081259	30081310	52	-52	TRUE	TRUE	frame_disruption	101	frame_disrupted
ENSG00000149923	PB.11800.96	PB.11800.100	SE	GAIN	30082484	30082534	51	51	FALSE	TRUE	NA	51	frame_preserved
ENSG00000150551	PB.17690.2	ENST00000449209.1	A5SS	GAIN	132669880	132669847	34	34	TRUE	TRUE	frame_disruption	-19181	frame_disrupted
ENSG00000150753	PB.24998.53	PB.24998.45	A5SS	LOSS	10261696	10261745	50	-50	TRUE	TRUE	frame_disruption	-50	frame_disrupted
ENSG00000150773	PB.6222.2	PB.6222.10	Partial_IR_5	GAIN	112070435	112069233	1203	1203	TRUE	TRUE	direct_stop_insertion	-739	frame_disrupted
ENSG00000151247	PB.24152.18	PB.24152.24	Partial_IR_3	GAIN	98886546	98885062	1485	1485	TRUE	TRUE	direct_stop_insertion	1485	frame_preserved
ENSG00000151304	ENST00000959109.1	PB.25932.13	SE	LOSS	121969640	121969675	36	-36	FALSE	TRUE	NA	-36	frame_preserved
ENSG00000151304	ENST00000959109.1	PB.25932.6	SE	LOSS	121969640	121969675	36	-36	FALSE	TRUE	NA	-36	frame_preserved
ENSG00000151466	PB.24426.10	ENST00000651532.1	SE	LOSS	128943188	128942996	193	-193	TRUE	TRUE	frame_disruption	-740	frame_disrupted
ENSG00000151746	ENST00000652176.1	PB.7024.27	SE	GAIN	32333238	32333329	92	92	TRUE	TRUE	frame_disruption	-49106	frame_disrupted
ENSG00000151746	ENST00000652176.1	PB.7024.53	Partial_IR_5	LOSS	32337707	32337816	110	-110	TRUE	TRUE	frame_disruption	-15684	frame_preserved
ENSG00000151746	ENST00000652176.1	PB.7024.80	Partial_IR_5	LOSS	32337707	32337816	110	-110	TRUE	TRUE	frame_disruption	-186	frame_preserved
ENSG00000152240	ENST00000921196.1	ENST00000586060.5	Missing_Internal	LOSS	46118181	46118316	136	-136	TRUE	TRUE	frame_disruption	-1658	frame_disrupted
ENSG00000152359	PB.25546.30	PB.25546.26	SE	LOSS	75685484	75685207	278	-278	TRUE	TRUE	frame_disruption	-278	frame_disrupted
ENSG00000152465	PB.3554.77	PB.3554.73	A3SS	GAIN	15112978	15112964	15	15	FALSE	TRUE	NA	153	frame_preserved
ENSG00000152465	PB.3554.77	PB.3554.73	SE	GAIN	15109839	15109702	138	153	FALSE	TRUE	NA	153	frame_preserved
ENSG00000152620	ENST00000506945.5	PB.25172.15	SE	LOSS	36208690	36208625	66	-66	FALSE	TRUE	NA	-66	frame_preserved
ENSG00000152620	ENST00000506945.5	PB.25172.33	A3SS	GAIN	36211969	36211923	47	47	TRUE	TRUE	frame_disruption	-19	frame_disrupted
ENSG00000152766	PB.4269.8	PB.4269.19	SE	GAIN	88824716	88824603	114	114	FALSE	TRUE	NA	114	frame_preserved
ENSG00000152952	PB.22621.84	ENST00000480704.2	SE	GAIN	146123325	146123265	61	61	TRUE	TRUE	frame_disruption	61	frame_disrupted
ENSG00000153093	PB.17494.14	PB.17494.52	SE	LOSS	111031627	111031714	88	-88	TRUE	TRUE	frame_disruption	-290	frame_disrupted
ENSG00000153093	PB.17494.14	PB.17494.60	SE	GAIN	110963624	110963713	90	90	FALSE	TRUE	NA	90	frame_preserved
ENSG00000153093	PB.17494.14	PB.17494.84	SE	GAIN	110839799	110839971	173	173	TRUE	TRUE	frame_disruption	-245105	frame_disrupted
ENSG00000153093	PB.17494.14	PB.17494.85	SE	GAIN	111048673	111048710	38	38	TRUE	TRUE	frame_disruption	-164	frame_disrupted
ENSG00000153093	PB.17494.14	PB.17494.87	SE	LOSS	110987108	110987217	110	-110	TRUE	TRUE	frame_disruption	-362	frame_disrupted
ENSG00000153237	PB.17874.16	PB.17874.19	SE	GAIN	158366076	158366014	63	63	FALSE	TRUE	NA	-13	frame_disrupted
ENSG00000153237	PB.17874.16	PB.17874.19	A5SS	LOSS	158338802	158338725	76	-13	TRUE	TRUE	frame_disruption	-13	frame_disrupted
ENSG00000153551	ENST00000454304.6	PB.21337.6	Partial_IR_3	LOSS	32452066	32452391	326	-326	TRUE	TRUE	frame_disruption	-326	frame_disrupted
ENSG00000154162	ENST00000880753.1	PB.25078.39	SE	LOSS	21783494	21783358	137	-137	TRUE	TRUE	frame_disruption	-1416	frame_preserved
ENSG00000154188	PB.31400.53	PB.31400.27	A5SS	LOSS	107321899	107321895	3	-3	FALSE	TRUE	NA	-131	frame_disrupted
ENSG00000154188	PB.31400.53	PB.31400.27	SE	LOSS	107303367	107303240	128	-131	TRUE	TRUE	frame_disruption	-131	frame_disrupted
ENSG00000154262	ENST00000886843.1	PB.13747.22	SE	LOSS	69113360	69113222	139	-139	TRUE	TRUE	frame_disruption	-32324	frame_disrupted
ENSG00000154262	ENST00000886844.1	PB.13747.22	SE	LOSS	69113360	69113222	139	-139	TRUE	TRUE	frame_disruption	-32803	frame_disrupted
ENSG00000154529	ENST00000619138.4	ENST00000479351.5	A3SS	GAIN	41953386	41953384	3	3	FALSE	TRUE	NA	-30114	frame_preserved
ENSG00000154529	ENST00000619138.4	ENST00000479351.5	SE	LOSS	41938400	41938244	157	-154	TRUE	TRUE	frame_disruption	-30114	frame_preserved
ENSG00000154655	ENST00000898731.1	PB.14135.16	SE	GAIN	6078876	6078819	58	58	TRUE	TRUE	frame_disruption	121	frame_disrupted
ENSG00000154655	PB.14135.21	PB.14135.16	SE	GAIN	6213259	6213149	111	111	FALSE	TRUE	NA	169	frame_disrupted
ENSG00000154655	PB.14135.21	PB.14135.16	SE	GAIN	6078876	6078819	58	169	TRUE	TRUE	frame_disruption	169	frame_disrupted
ENSG00000154719	ENST00000925340.1	PB.19961.1	Missing_Internal	GAIN	25588882	25588835	48	48	FALSE	TRUE	NA	-75	frame_preserved
ENSG00000154719	ENST00000925340.1	PB.19961.1	Missing_Internal	LOSS	25585754	25585632	123	-75	FALSE	TRUE	NA	-75	frame_preserved
ENSG00000154803	ENST00000962746.1	PB.12839.45	Missing_Internal	LOSS	17226322	17226176	147	-147	FALSE	TRUE	NA	-12464	frame_disrupted
ENSG00000154803	ENST00000962746.1	PB.12839.45	Alt_TES	LOSS	17212209	17224526	12317	-12464	TRUE	TRUE	frame_disruption	-12464	frame_disrupted
ENSG00000154845	PB.14169.145	PB.14169.122	SE	GAIN	9563046	9562922	125	125	TRUE	TRUE	frame_disruption	125	frame_disrupted
ENSG00000154889	PB.14191.22	PB.14191.27	SE	GAIN	11885043	11884879	165	165	FALSE	TRUE	NA	165	frame_preserved
ENSG00000154920	ENST00000511519.6	PB.13493.2	Partial_IR_5	GAIN	50375513	50375983	471	471	TRUE	TRUE	direct_stop_insertion	476	frame_disrupted
ENSG00000155093	ENST00000389416.8	PB.30445.19	SE	GAIN	158489785	158489735	51	51	FALSE	TRUE	NA	-560208	frame_preserved
ENSG00000155093	ENST00000389416.8	PB.30445.19	Missing_Internal	GAIN	158100856	158100251	606	657	FALSE	TRUE	NA	-560208	frame_preserved
ENSG00000155093	ENST00000389416.8	PB.30445.19	Alt_TES	LOSS	157539061	158099926	560865	-560208	FALSE	TRUE	NA	-560208	frame_preserved
ENSG00000155252	PB.4414.3	PB.4414.14	SE	LOSS	97664885	97664984	100	-100	TRUE	TRUE	frame_disruption	-100	frame_disrupted
ENSG00000155252	PB.4414.3	PB.4414.49	SE	GAIN	97646240	97646357	118	118	TRUE	TRUE	frame_disruption	118	frame_disrupted
ENSG00000155363	ENST00000923694.1	PB.1726.141	A3SS	LOSS	112695416	112695470	55	-55	TRUE	TRUE	frame_disruption	-23	frame_disrupted
ENSG00000155363	ENST00000923694.1	PB.1726.94	SE	LOSS	112694749	112694896	148	-148	TRUE	TRUE	frame_disruption	-148	frame_disrupted
ENSG00000155363	PB.1726.95	PB.1726.119	SE	LOSS	112691665	112691799	135	-135	FALSE	TRUE	NA	-61	frame_disrupted
ENSG00000155363	PB.1726.95	PB.1726.119	A5SS	LOSS	112696534	112696534	1	-136	TRUE	TRUE	frame_disruption	-61	frame_disrupted
ENSG00000155363	PB.1726.95	PB.1726.141	A3SS	LOSS	112695416	112695470	55	-55	TRUE	TRUE	frame_disruption	52	frame_disrupted
ENSG00000155363	PB.1726.95	PB.1726.94	SE	LOSS	112694749	112694896	148	-148	TRUE	TRUE	frame_disruption	-73	frame_disrupted
ENSG00000155636	ENST00000861659.1	PB.18103.1	Partial_IR_5	LOSS	178112847	178113275	429	-429	FALSE	TRUE	NA	521	frame_disrupted
ENSG00000155636	ENST00000861659.1	PB.18103.1	Partial_IR_5	GAIN	178120410	178121359	950	521	TRUE	TRUE	direct_stop_insertion	521	frame_disrupted
ENSG00000155761	PB.1815.217	PB.1815.211	SE	GAIN	118076533	118076334	200	200	TRUE	TRUE	frame_disruption	314	frame_disrupted
ENSG00000155975	PB.30607.17	PB.30607.86	A3SS	LOSS	17280375	17280392	18	-18	FALSE	TRUE	NA	-18	frame_preserved
ENSG00000156136	PB.23853.43	PB.23853.39	A3SS	LOSS	71023559	71023608	50	-50	TRUE	TRUE	frame_disruption	-50	frame_disrupted
ENSG00000156136	PB.23853.43	PB.23853.45	Partial_IR_5	GAIN	71026756	71027011	256	256	TRUE	TRUE	direct_stop_insertion	-3479	frame_disrupted
ENSG00000156239	ENST00000922530.1	PB.19997.141	SE	LOSS	28879953	28879870	84	-84	FALSE	TRUE	NA	-81	frame_preserved
ENSG00000156239	ENST00000922530.1	PB.19997.141	A3SS	GAIN	28876491	28876489	3	-81	FALSE	TRUE	NA	-81	frame_preserved
ENSG00000156239	ENST00000922530.1	PB.19997.161	SE	LOSS	28879953	28879870	84	-84	FALSE	TRUE	NA	-81	frame_preserved
ENSG00000156239	ENST00000922530.1	PB.19997.161	A3SS	GAIN	28876491	28876489	3	-81	FALSE	TRUE	NA	-81	frame_preserved
ENSG00000156313	ENST00000642739.1	PB.33625.38	Missing_Internal	GAIN	38288041	38287861	181	181	TRUE	TRUE	frame_disruption	-4	frame_disrupted
ENSG00000156313	PB.33625.38	ENST00000642373.1	SE	GAIN	38317893	38317811	83	83	TRUE	TRUE	frame_disruption	-35155	frame_disrupted
ENSG00000156398	ENST00000602764.5	PB.4519.10	SE	GAIN	102727675	102727791	117	117	FALSE	TRUE	NA	117	frame_preserved
ENSG00000157227	PB.9180.11	ENST00000680097.1	Partial_IR_3	LOSS	22842410	22842578	169	-169	TRUE	TRUE	frame_disruption	-169	frame_disrupted
ENSG00000157322	ENST00000393701.6	PB.12136.1	Partial_IR_3	GAIN	69959313	69959459	147	147	TRUE	TRUE	direct_stop_insertion	147	frame_preserved
ENSG00000157601	ENST00000967473.1	PB.20212.71	SE	GAIN	41447114	41447231	118	118	TRUE	TRUE	frame_disruption	118	frame_disrupted
ENSG00000157601	ENST00000967473.1	PB.20212.73	A3SS	LOSS	41449137	41449218	82	-82	TRUE	TRUE	frame_disruption	-82	frame_disrupted
ENSG00000157873	ENST00000860788.1	PB.84.12	Partial_IR_3	GAIN	2558881	2559822	942	942	TRUE	TRUE	direct_stop_insertion	942	frame_preserved
ENSG00000158023	PB.8158.88	PB.8158.86	A5SS	GAIN	121949023	121949061	39	39	FALSE	TRUE	NA	1121	frame_disrupted
ENSG00000158023	PB.8158.88	PB.8158.86	SE	GAIN	121992591	121993672	1082	1121	TRUE	TRUE	frame_disruption	1121	frame_disrupted
ENSG00000158106	PB.31700.11	PB.31700.4	Partial_IR_3	LOSS	143379615	143379828	214	-214	TRUE	TRUE	frame_disruption	-214	frame_disrupted
ENSG00000159147	ENST00000966266.1	PB.20054.16	Missing_Internal	GAIN	33583666	33583488	179	179	TRUE	TRUE	frame_disruption	405	frame_preserved
ENSG00000159147	ENST00000966266.1	PB.20054.18	SE	GAIN	33587602	33587522	81	81	FALSE	TRUE	NA	486	frame_preserved
ENSG00000159147	ENST00000966266.1	PB.20054.18	Missing_Internal	GAIN	33583666	33583488	179	260	TRUE	TRUE	frame_disruption	486	frame_preserved
ENSG00000159147	ENST00000966266.1	PB.20054.21	SE	GAIN	33587602	33587522	81	81	FALSE	TRUE	NA	307	frame_disrupted
ENSG00000159147	ENST00000966266.1	PB.20054.21	SE	GAIN	33582246	33582165	82	163	TRUE	TRUE	frame_disruption	307	frame_disrupted
ENSG00000159147	ENST00000966266.1	PB.20054.25	SE	GAIN	33587602	33587522	81	81	FALSE	TRUE	NA	-79	frame_disrupted
ENSG00000159147	ENST00000966266.1	PB.20054.25	Missing_Internal	LOSS	33582055	33581951	105	-24	FALSE	TRUE	NA	-79	frame_disrupted
ENSG00000159147	ENST00000966266.1	PB.20054.25	Missing_Internal	LOSS	33581500	33581446	55	-79	TRUE	TRUE	frame_disruption	-79	frame_disrupted
ENSG00000159147	ENST00000966266.1	PB.20054.27	Missing_Internal	GAIN	33583666	33583488	179	179	TRUE	TRUE	frame_disruption	405	frame_preserved
ENSG00000159147	ENST00000966266.1	PB.20054.33	SE	GAIN	33587602	33587522	81	81	FALSE	TRUE	NA	486	frame_preserved
ENSG00000159147	ENST00000966266.1	PB.20054.33	Missing_Internal	GAIN	33583666	33583488	179	260	TRUE	TRUE	frame_disruption	486	frame_preserved
ENSG00000159147	ENST00000966266.1	PB.20054.7	SE	GAIN	33587602	33587522	81	81	FALSE	TRUE	NA	486	frame_preserved
ENSG00000159147	ENST00000966266.1	PB.20054.7	Missing_Internal	GAIN	33583666	33583488	179	260	TRUE	TRUE	frame_disruption	486	frame_preserved
ENSG00000159212	PB.20071.18	PB.20071.35	Partial_IR_5	LOSS	34670763	34671142	380	-380	TRUE	TRUE	frame_disruption	-380	frame_disrupted
ENSG00000159579	PB.11977.102	PB.11977.105	A5SS	GAIN	57216174	57216177	4	4	TRUE	TRUE	frame_disruption	120	frame_preserved
ENSG00000159579	PB.11977.102	PB.11977.50	A5SS	GAIN	57216174	57216177	4	4	TRUE	TRUE	frame_disruption	120	frame_preserved
ENSG00000159784	PB.30277.3	ENST00000519279.5	SE	LOSS	143359419	143359326	94	-94	TRUE	TRUE	frame_disruption	-6332	frame_disrupted
ENSG00000159921	ENST00000642385.2	PB.32140.58	Partial_IR_5	GAIN	36222776	36222655	122	122	TRUE	TRUE	direct_stop_insertion	122	frame_disrupted
ENSG00000159921	PB.32140.42	PB.32140.58	Partial_IR_5	GAIN	36227433	36227248	186	186	TRUE	TRUE	direct_stop_insertion	-1644	frame_preserved
ENSG00000160055	ENST00000344461.7	PB.639.15	SE	GAIN	32217577	32217437	141	141	FALSE	TRUE	NA	141	frame_preserved
ENSG00000160058	ENST00000882353.1	PB.644.31	SE	LOSS	32377466	32377404	63	-63	FALSE	TRUE	NA	-140	frame_disrupted
ENSG00000160058	ENST00000882353.1	PB.644.31	Partial_IR_5	LOSS	32376448	32376261	186	-249	FALSE	TRUE	NA	-140	frame_disrupted
ENSG00000160058	ENST00000882353.1	PB.644.31	SE	GAIN	32369338	32369230	109	-140	TRUE	TRUE	frame_disruption	-140	frame_disrupted
ENSG00000160190	ENST00000893155.1	PB.20244.54	A3SS	GAIN	42543436	42543438	3	3	FALSE	TRUE	NA	-83	frame_disrupted
ENSG00000160190	ENST00000893155.1	PB.20244.54	SE	LOSS	42564708	42564793	86	-83	TRUE	TRUE	frame_disruption	-83	frame_disrupted
ENSG00000160214	ENST00000917586.1	PB.20277.1	Missing_Internal	GAIN	43792672	43792729	58	58	TRUE	TRUE	frame_disruption	1486	frame_disrupted
ENSG00000160439	PB.16124.166	PB.16124.126	Partial_IR_5	GAIN	55047386	55047105	282	282	TRUE	TRUE	direct_stop_insertion	282	frame_preserved
ENSG00000160703	ENST00000886080.1	PB.6328.20	SE	GAIN	119175598	119175658	61	61	TRUE	TRUE	frame_disruption	61	frame_disrupted
ENSG00000160746	ENST00000910684.1	PB.21461.27	SE	GAIN	43565727	43565653	75	75	FALSE	TRUE	NA	142	frame_disrupted
ENSG00000160746	ENST00000910684.1	PB.21461.27	SE	GAIN	43515009	43514943	67	142	TRUE	TRUE	frame_disruption	142	frame_disrupted
ENSG00000160767	ENST00000487649.5	PB.2164.7	Missing_Internal	GAIN	155254456	155254400	57	57	FALSE	TRUE	NA	1037	frame_disrupted
ENSG00000160767	ENST00000487649.5	PB.2164.7	Missing_Internal	GAIN	155254194	155254084	111	168	FALSE	TRUE	NA	1037	frame_disrupted
ENSG00000160767	ENST00000487649.5	PB.2164.7	Missing_Internal	GAIN	155253978	155253859	120	288	FALSE	TRUE	NA	1037	frame_disrupted
ENSG00000160767	ENST00000487649.5	PB.2164.7	Missing_Internal	GAIN	155251905	155251733	173	461	TRUE	TRUE	frame_disruption	1037	frame_disrupted
ENSG00000160783	ENST00000368279.7	PB.2202.2	A5SS	GAIN	156233729	156233734	6	6	FALSE	TRUE	NA	67	frame_disrupted
ENSG00000160783	ENST00000368279.7	PB.2202.2	A3SS	GAIN	156236288	156236348	61	67	TRUE	TRUE	frame_disruption	67	frame_disrupted
ENSG00000160789	PB.2192.49	PB.2192.44	SE	LOSS	156136214	156136436	223	-223	TRUE	TRUE	frame_disruption	-223	frame_disrupted
ENSG00000160948	ENST00000529182.5	ENST00000526204.5	Partial_IR_5	GAIN	144426025	144425875	151	151	TRUE	TRUE	direct_stop_insertion	151	frame_disrupted
ENSG00000161010	ENST00000518219.5	ENST00000522157.5	Partial_IR_5	GAIN	179853377	179853197	181	181	TRUE	TRUE	direct_stop_insertion	-4652	frame_disrupted
ENSG00000161010	ENST00000522157.5	PB.26629.87	Partial_IR_5	LOSS	179853378	179853196	181	-181	TRUE	TRUE	frame_disruption	-181	frame_disrupted
ENSG00000161513	ENST00000946589.1	ENST00000577509.5	A5SS	GAIN	74872865	74872769	97	97	TRUE	TRUE	frame_disruption	22	frame_disrupted
ENSG00000161558	ENST00000948722.1	PB.15930.6	A5SS	GAIN	48343320	48343253	68	68	TRUE	TRUE	frame_disruption	424	frame_disrupted
ENSG00000161847	PB.15050.71	PB.15050.103	SE	LOSS	10321259	10321048	212	-212	TRUE	TRUE	frame_disruption	-68	frame_disrupted
ENSG00000161904	PB.27270.64	PB.27270.35	SE	LOSS	33786774	33786734	41	-41	TRUE	TRUE	frame_disruption	38	frame_disrupted
ENSG00000161904	PB.27270.64	PB.27270.45	A5SS	LOSS	33784352	33784338	13	-13	TRUE	TRUE	frame_disruption	-13	frame_disrupted
ENSG00000161904	PB.27270.64	PB.27270.63	A5SS	LOSS	33784352	33784338	13	-13	TRUE	TRUE	frame_disruption	-13	frame_disrupted
ENSG00000161904	PB.27270.64	PB.27270.79	A5SS	LOSS	33784352	33784338	13	-13	TRUE	TRUE	frame_disruption	-13	frame_disrupted
ENSG00000161970	ENST00000942087.1	ENST00000584906.6	A5SS	GAIN	8382148	8382143	6	6	FALSE	TRUE	NA	123	frame_preserved
ENSG00000161970	ENST00000942087.1	ENST00000584906.6	SE	GAIN	8380703	8380587	117	123	FALSE	TRUE	NA	123	frame_preserved
ENSG00000162086	PB.11433.45	PB.11433.27	Partial_IR_5	LOSS	3308837	3309480	644	-644	TRUE	TRUE	frame_disruption	-644	frame_disrupted
ENSG00000162129	ENST00000955688.1	PB.5790.8	A3SS	GAIN	72329804	72329802	3	3	FALSE	TRUE	NA	3	frame_preserved
ENSG00000162144	PB.5483.29	PB.5483.47	SE	LOSS	61353139	61352985	155	-155	TRUE	TRUE	frame_disruption	-155	frame_disrupted
ENSG00000162148	ENST00000338608.7	PB.5488.1	Partial_IR_3	GAIN	61488326	61489781	1456	1456	TRUE	TRUE	direct_stop_insertion	1456	frame_disrupted
ENSG00000162148	ENST00000338608.7	PB.5488.2	Partial_IR_5	GAIN	61487241	61488129	889	889	TRUE	TRUE	direct_stop_insertion	2345	frame_disrupted
ENSG00000162434	ENST00000699312.1	ENST00000699311.1	A3SS	LOSS	64857779	64857775	5	-5	TRUE	TRUE	frame_disruption	-5	frame_disrupted
ENSG00000162458	ENST00000944492.1	PB.303.259	Missing_Internal	GAIN	15776338	15776888	551	551	TRUE	TRUE	frame_disruption	-7860	frame_preserved
ENSG00000162542	PB.384.94	PB.384.80	Partial_IR_5	LOSS	19745532	19743313	2218	-2218	TRUE	TRUE	frame_disruption	-2218	frame_disrupted
ENSG00000162613	ENST00000939331.1	PB.1330.57	SE	GAIN	77969084	77969022	63	63	FALSE	TRUE	NA	-101	frame_disrupted
ENSG00000162613	ENST00000939331.1	PB.1330.57	Missing_Internal	GAIN	77956700	77956572	129	192	FALSE	TRUE	NA	-101	frame_disrupted
ENSG00000162613	ENST00000939331.1	PB.1330.57	Missing_Internal	GAIN	77955329	77955255	75	267	FALSE	TRUE	NA	-101	frame_disrupted
ENSG00000162613	ENST00000939331.1	PB.1330.57	Missing_Internal	LOSS	77948774	77948407	368	-101	TRUE	TRUE	frame_disruption	-101	frame_disrupted
ENSG00000162736	PB.2268.69	PB.2268.61	SE	LOSS	160353323	160353501	179	-179	TRUE	TRUE	frame_disruption	-179	frame_disrupted
ENSG00000162736	PB.2268.69	PB.2268.97	SE	LOSS	160352054	160352206	153	-153	FALSE	TRUE	NA	-153	frame_preserved
ENSG00000162777	PB.1704.97	PB.1704.95	SE	GAIN	111202445	111202395	51	51	FALSE	TRUE	NA	51	frame_preserved
ENSG00000162813	ENST00000851065.1	PB.2952.26	SE	GAIN	220067125	220067030	96	96	FALSE	TRUE	NA	96	frame_preserved
ENSG00000162885	PB.3213.87	PB.3213.86	SE	GAIN	235496308	235496186	123	123	FALSE	TRUE	NA	294	frame_preserved
ENSG00000162885	PB.3213.87	PB.3213.86	A3SS	LOSS	235489268	235489256	13	110	TRUE	TRUE	frame_disruption	294	frame_preserved
ENSG00000162946	ENST00000317586.8	ENST00000622252.4	Missing_Internal	GAIN	231701955	231702024	70	70	TRUE	TRUE	frame_disruption	-1466	frame_disrupted
ENSG00000163110	ENST00000380180.7	PB.24124.131	Partial_IR_3	GAIN	94575616	94575942	327	327	TRUE	TRUE	direct_stop_insertion	-919	frame_disrupted
ENSG00000163291	ENST00000515853.5	PB.23973.28	SE	GAIN	78935283	78935121	163	163	TRUE	TRUE	frame_disruption	163	frame_disrupted
ENSG00000163291	ENST00000515853.5	PB.23973.6	SE	GAIN	78935283	78935121	163	163	TRUE	TRUE	frame_disruption	163	frame_disrupted
ENSG00000163479	ENST00000529008.5	ENST00000466905.4	Missing_Internal	GAIN	156015069	156014961	109	109	TRUE	TRUE	frame_disruption	-2434	frame_disrupted
ENSG00000163482	PB.18627.28	PB.18627.31	A3SS	LOSS	218690450	218690450	1	-1	TRUE	TRUE	frame_disruption	48	frame_preserved
ENSG00000163482	PB.18627.28	PB.18627.44	A3SS	GAIN	218697854	218697902	49	49	TRUE	TRUE	frame_disruption	49	frame_disrupted
ENSG00000163482	PB.18627.28	PB.18627.45	A3SS	LOSS	218696527	218696589	63	-63	FALSE	TRUE	NA	140	frame_disrupted
ENSG00000163482	PB.18627.28	PB.18627.45	Partial_IR_5	GAIN	218696602	218696755	154	91	TRUE	TRUE	direct_stop_insertion	140	frame_disrupted
ENSG00000163482	PB.18627.28	PB.18627.48	A3SS	GAIN	218697854	218697902	49	49	TRUE	TRUE	frame_disruption	49	frame_disrupted
ENSG00000163507	ENST00000625495.1	ENST00000481530.5	Missing_Internal	LOSS	108585749	108585705	45	-45	FALSE	TRUE	NA	-45	frame_preserved
ENSG00000163531	PB.2770.38	PB.2770.39	Missing_Internal	GAIN	205001159	205001286	128	128	TRUE	TRUE	frame_disruption	281	frame_disrupted
ENSG00000163558	ENST00000919193.1	PB.22859.99	SE	LOSS	170291854	170291941	88	-88	TRUE	TRUE	frame_disruption	2	frame_disrupted
ENSG00000163576	PB.21226.86	PB.21226.104	SE	LOSS	19888651	19888444	208	-208	TRUE	TRUE	frame_disruption	-186	frame_preserved
ENSG00000163608	ENST00000472705.5	ENST00000470663.1	Missing_Internal	GAIN	113014032	113013953	80	80	TRUE	TRUE	frame_disruption	-7231	frame_disrupted
ENSG00000163626	PB.23865.10	PB.23865.9	A3SS	GAIN	73064902	73064900	3	3	FALSE	TRUE	NA	3	frame_preserved
ENSG00000163703	ENST00000683601.1	ENST00000682318.1	Missing_Internal	LOSS	9937562	9937672	111	-111	FALSE	TRUE	NA	-193	frame_disrupted
ENSG00000163703	ENST00000683601.1	ENST00000682318.1	Missing_Internal	LOSS	9938015	9938106	92	-203	TRUE	TRUE	frame_disruption	-193	frame_disrupted
ENSG00000163703	ENST00000683601.1	PB.21094.26	SE	GAIN	9939464	9940656	1193	1193	TRUE	TRUE	frame_disruption	1193	frame_disrupted
ENSG00000163754	ENST00000484197.5	ENST00000627418.2	A5SS	LOSS	148996893	148996904	12	-12	FALSE	TRUE	NA	81	frame_preserved
ENSG00000163754	ENST00000484197.5	ENST00000627418.2	SE	LOSS	149009276	149009402	127	-139	TRUE	TRUE	frame_disruption	81	frame_preserved
ENSG00000163864	ENST00000873210.1	PB.22563.4	SE	GAIN	139583208	139582927	282	282	FALSE	TRUE	NA	694	frame_disrupted
ENSG00000163864	ENST00000873210.1	PB.22563.4	SE	GAIN	139575994	139575583	412	694	TRUE	TRUE	frame_disruption	694	frame_disrupted
ENSG00000163900	ENST00000856958.1	PB.23061.13	SE	GAIN	185495315	185495154	162	162	FALSE	TRUE	NA	297	frame_preserved
ENSG00000163900	ENST00000856958.1	PB.23061.13	SE	GAIN	185494463	185494329	135	297	FALSE	TRUE	NA	297	frame_preserved
ENSG00000163932	ENST00000928338.1	PB.21675.16	Missing_Internal	GAIN	53183121	53183206	86	86	TRUE	TRUE	frame_disruption	115	frame_disrupted
ENSG00000163956	ENST00000515119.5	PB.23372.3	A3SS	LOSS	3525146	3525052	95	-95	TRUE	TRUE	frame_disruption	-95	frame_disrupted
ENSG00000163959	PB.23220.9	ENST00000442203.1	Missing_Internal	GAIN	196223881	196224001	121	121	TRUE	TRUE	frame_disruption	-17977	frame_disrupted
ENSG00000163959	PB.23220.9	PB.23220.1	A3SS	GAIN	196228809	196228812	4	4	TRUE	TRUE	frame_disruption	4	frame_disrupted
ENSG00000164038	PB.24195.95	PB.24195.83	Partial_IR_5	LOSS	103057801	103057551	249	-249	FALSE	TRUE	NA	-249	frame_preserved
ENSG00000164073	ENST00000641340.1	PB.24412.113	SE	GAIN	127938838	127938783	56	56	TRUE	TRUE	frame_disruption	56	frame_disrupted
ENSG00000164073	ENST00000641340.1	PB.24412.44	SE	GAIN	127938838	127938783	56	56	TRUE	TRUE	frame_disruption	56	frame_disrupted
ENSG00000164073	ENST00000641340.1	PB.24412.47	SE	GAIN	127938838	127938783	56	56	TRUE	TRUE	frame_disruption	56	frame_disrupted
ENSG00000164073	ENST00000641340.1	PB.24412.5	SE	LOSS	127942158	127942045	114	-114	FALSE	TRUE	NA	-60	frame_preserved
ENSG00000164073	ENST00000641340.1	PB.24412.5	SE	GAIN	127938836	127938783	54	-60	FALSE	TRUE	NA	-60	frame_preserved
ENSG00000164073	ENST00000641340.1	PB.24412.84	SE	LOSS	127942158	127942045	114	-114	FALSE	TRUE	NA	-223	frame_disrupted
ENSG00000164073	ENST00000641340.1	PB.24412.84	SE	LOSS	127933093	127932985	109	-223	TRUE	TRUE	frame_disruption	-223	frame_disrupted
ENSG00000164305	ENST00000872346.1	ENST00000700104.1	SE	LOSS	184635418	184635294	125	-125	TRUE	TRUE	frame_disruption	-125	frame_disrupted
ENSG00000164347	PB.25524.124	PB.25524.144	SE	GAIN	74738642	74738502	141	141	FALSE	TRUE	NA	2	frame_disrupted
ENSG00000164347	PB.25524.124	PB.25524.144	SE	LOSS	74730398	74730260	139	2	TRUE	TRUE	frame_disruption	2	frame_disrupted
ENSG00000164418	ENST00000684027.1	ENST00000683806.1	SE	GAIN	101620093	101620263	171	171	FALSE	TRUE	NA	18	frame_preserved
ENSG00000164418	ENST00000684027.1	ENST00000683806.1	SE	LOSS	101816795	101816947	153	18	FALSE	TRUE	NA	18	frame_preserved
ENSG00000164418	ENST00000684027.1	ENST00000684518.1	A5SS	LOSS	101686331	101686353	23	-23	TRUE	TRUE	frame_disruption	-176	frame_disrupted
ENSG00000164466	ENST00000939193.1	PB.26545.58	A3SS	LOSS	175522375	175522375	1	-1	TRUE	TRUE	frame_disruption	-1	frame_disrupted
ENSG00000164543	ENST00000950254.1	PB.29153.15	SE	GAIN	43623572	43623620	49	49	TRUE	TRUE	frame_disruption	31	frame_disrupted
ENSG00000164543	ENST00000950254.1	PB.29153.26	SE	GAIN	43623572	43623620	49	49	TRUE	TRUE	frame_disruption	84	frame_preserved
ENSG00000164610	PB.29077.185	PB.29077.186	Missing_Internal	GAIN	33099176	33098945	232	232	TRUE	TRUE	frame_disruption	325	frame_disrupted
ENSG00000164649	ENST00000943457.1	PB.28927.1	A3SS	GAIN	21906456	21906451	6	6	FALSE	TRUE	NA	6	frame_preserved
ENSG00000164649	ENST00000943457.1	PB.28927.11	A3SS	GAIN	21906456	21906451	6	6	FALSE	TRUE	NA	194	frame_disrupted
ENSG00000164649	ENST00000943457.1	PB.28927.11	Partial_IR_3	GAIN	21903302	21903115	188	194	TRUE	TRUE	direct_stop_insertion	194	frame_disrupted
ENSG00000164707	ENST00000713946.1	ENST00000713945.1	A3SS	LOSS	135702884	135702882	3	-3	FALSE	TRUE	NA	113	frame_disrupted
ENSG00000164707	ENST00000713946.1	ENST00000713945.1	A3SS	LOSS	135691666	135691646	21	-24	FALSE	TRUE	NA	113	frame_disrupted
ENSG00000164707	ENST00000713946.1	ENST00000713945.1	SE	GAIN	135683802	135683666	137	113	TRUE	TRUE	frame_disruption	113	frame_disrupted
ENSG00000164776	ENST00000452681.6	ENST00000395428.3	Missing_Internal	LOSS	56087024	56086970	55	-55	TRUE	TRUE	frame_disruption	-3272	frame_disrupted
ENSG00000164776	ENST00000966259.1	ENST00000395428.3	SE	LOSS	56087024	56086970	55	-55	TRUE	TRUE	frame_disruption	-3536	frame_disrupted
ENSG00000164889	PB.30375.40	PB.30375.56	A3SS	GAIN	151074002	151074006	5	5	TRUE	TRUE	frame_disruption	29	frame_disrupted
ENSG00000165195	ENST00000635543.1	ENST00000638131.1	Partial_IR_5	LOSS	15331820	15331473	346	-346	TRUE	TRUE	frame_disruption	-346	frame_disrupted
ENSG00000165219	PB.32992.236	PB.32992.181	Partial_IR_5	GAIN	125312613	125312813	201	201	TRUE	TRUE	direct_stop_insertion	-27349	frame_disrupted
ENSG00000165449	ENST00000881709.1	PB.3910.263	SE	LOSS	59664322	59664227	96	-96	FALSE	TRUE	NA	-96	frame_preserved
ENSG00000165449	ENST00000881709.1	PB.3910.33	SE	GAIN	59654589	59653675	915	915	FALSE	TRUE	NA	915	frame_preserved
ENSG00000165487	PB.8341.8	PB.8341.3	A5SS	LOSS	21502927	21502925	1	-1	TRUE	TRUE	frame_disruption	841	frame_disrupted
ENSG00000165629	PB.3490.25	PB.3490.7	Partial_IR_5	LOSS	7800092	7800240	149	-149	TRUE	TRUE	frame_disruption	-149	frame_disrupted
ENSG00000165669	PB.4661.47	PB.4661.26	SE	LOSS	118322429	118322305	125	-125	TRUE	TRUE	frame_disruption	-125	frame_disrupted
ENSG00000165731	ENST00000684216.2	ENST00000672389.1	Missing_Internal	LOSS	43100459	43100722	264	-264	FALSE	TRUE	NA	-762	frame_preserved
ENSG00000165731	ENST00000684216.2	ENST00000672389.1	Missing_Internal	LOSS	43102342	43102839	498	-762	FALSE	TRUE	NA	-762	frame_preserved
ENSG00000165733	PB.3774.8	PB.3774.97	A3SS	GAIN	42820196	42820235	40	40	TRUE	TRUE	frame_disruption	-78	frame_preserved
ENSG00000165912	ENST00000950762.1	ENST00000532457.5	A5SS	GAIN	47179158	47179155	4	4	TRUE	TRUE	frame_disruption	1	frame_disrupted
ENSG00000166046	PB.7912.15	ENST00000549906.5	SE	GAIN	106312293	106312434	142	142	TRUE	TRUE	frame_disruption	-673	frame_disrupted
ENSG00000166246	PB.11470.3	PB.11470.4	Partial_IR_5	GAIN	4743161	4743922	762	762	TRUE	TRUE	direct_stop_insertion	-4141	frame_disrupted
ENSG00000166246	PB.11470.9	PB.11470.4	Partial_IR_5	GAIN	4743161	4743922	762	762	TRUE	TRUE	direct_stop_insertion	-4141	frame_disrupted
ENSG00000166359	ENST00000355868.4	ENST00000361680.6	SE	GAIN	33174182	33174296	115	115	TRUE	TRUE	frame_disruption	115	frame_disrupted
ENSG00000166444	PB.4997.122	PB.4997.125	A3SS	GAIN	8710957	8710915	43	43	TRUE	TRUE	frame_disruption	43	frame_disrupted
ENSG00000166448	ENST00000345589.4	PB.29665.11	SE	GAIN	98863400	98863095	306	306	FALSE	TRUE	NA	306	frame_preserved
ENSG00000166448	ENST00000345589.4	PB.29665.14	SE	GAIN	98863400	98863095	306	306	FALSE	TRUE	NA	306	frame_preserved
ENSG00000166448	ENST00000345589.4	PB.29665.16	SE	GAIN	98863400	98863095	306	306	FALSE	TRUE	NA	306	frame_preserved
ENSG00000166448	ENST00000345589.4	PB.29665.18	SE	GAIN	98863400	98863095	306	306	FALSE	TRUE	NA	306	frame_preserved
ENSG00000166448	ENST00000345589.4	PB.29665.3	SE	GAIN	98863400	98863095	306	306	FALSE	TRUE	NA	306	frame_preserved
ENSG00000166471	PB.5009.7	PB.5009.27	A3SS	GAIN	9288542	9288536	7	7	TRUE	TRUE	frame_disruption	7	frame_disrupted
ENSG00000166471	PB.5009.7	PB.5009.30	A3SS	GAIN	9288542	9288536	7	7	TRUE	TRUE	frame_disruption	7	frame_disrupted
ENSG00000166471	PB.5009.7	PB.5009.57	A3SS	GAIN	9288542	9288536	7	7	TRUE	TRUE	frame_disruption	7	frame_disrupted
ENSG00000166471	PB.5009.7	PB.5009.69	Partial_IR_5	GAIN	9295258	9294498	761	761	TRUE	TRUE	direct_stop_insertion	-12159	frame_preserved
ENSG00000166479	ENST00000903507.1	PB.14638.84	Missing_Internal	GAIN	68689981	68689948	34	34	TRUE	TRUE	frame_disruption	64	frame_disrupted
ENSG00000166529	PB.29697.1	PB.29697.2	Partial_IR_5	GAIN	100057891	100059447	1557	1557	TRUE	TRUE	direct_stop_insertion	-2600	frame_disrupted
ENSG00000166535	PB.6721.70	PB.6721.28	A3SS	GAIN	8835492	8835506	15	15	FALSE	TRUE	NA	-200	frame_disrupted
ENSG00000166535	PB.6721.70	PB.6721.28	SE	LOSS	8863794	8864008	215	-200	TRUE	TRUE	frame_disruption	-200	frame_disrupted
ENSG00000166669	ENST00000914621.1	PB.11511.37	SE	LOSS	10457372	10457529	158	-158	TRUE	TRUE	frame_disruption	-158	frame_disrupted
ENSG00000166669	ENST00000914621.1	PB.11511.42	SE	GAIN	10438438	10438555	118	118	TRUE	TRUE	frame_disruption	-26071	frame_disrupted
ENSG00000166913	ENST00000957067.1	PB.19507.90	A5SS	GAIN	44901834	44901844	11	11	TRUE	TRUE	frame_disruption	100	frame_disrupted
ENSG00000167107	PB.13495.2	PB.13495.7	SE	GAIN	50463818	50463909	92	92	TRUE	TRUE	frame_disruption	92	frame_disrupted
ENSG00000167186	PB.11623.92	ENST00000566049.5	SE	LOSS	19073921	19074035	115	-115	TRUE	TRUE	frame_disruption	-115	frame_disrupted
ENSG00000167216	ENST00000687039.1	ENST00000685570.1	Missing_Internal	LOSS	47046457	47046527	71	-71	TRUE	TRUE	frame_disruption	-2516	frame_disrupted
ENSG00000167220	PB.14456.7	PB.14456.6	SE	LOSS	47130328	47130244	85	-85	TRUE	TRUE	frame_disruption	-85	frame_disrupted
ENSG00000167302	PB.13975.41	PB.13975.64	A3SS	LOSS	81237081	81237079	3	-3	FALSE	TRUE	NA	-3	frame_preserved
ENSG00000167333	ENST00000533021.1	PB.4927.1	SE	GAIN	4603340	4603245	96	96	FALSE	TRUE	NA	96	frame_preserved
ENSG00000167535	ENST00000547230.5	ENST00000551544.5	SE	GAIN	48819636	48819942	307	307	TRUE	TRUE	frame_disruption	430	frame_disrupted
ENSG00000167549	ENST00000967502.1	PB.12995.13	SE	GAIN	29619773	29619651	123	123	FALSE	TRUE	NA	1517	frame_disrupted
ENSG00000167549	ENST00000967502.1	PB.12995.13	SE	GAIN	29618632	29617242	1391	1514	TRUE	TRUE	frame_disruption	1517	frame_disrupted
ENSG00000167549	ENST00000967502.1	PB.12995.15	SE	GAIN	29619773	29619651	123	123	FALSE	TRUE	NA	501	frame_preserved
ENSG00000167549	ENST00000967502.1	PB.12995.15	SE	GAIN	29617619	29617242	378	501	FALSE	TRUE	NA	501	frame_preserved
ENSG00000167549	ENST00000967502.1	PB.12995.3	SE	GAIN	29619773	29619651	123	123	FALSE	TRUE	NA	1377	frame_preserved
ENSG00000167549	ENST00000967502.1	PB.12995.3	Missing_Internal	GAIN	29618632	29617478	1155	1278	FALSE	TRUE	NA	1377	frame_preserved
ENSG00000167549	ENST00000967502.1	PB.12995.3	Missing_Internal	GAIN	29617340	29617242	99	1377	FALSE	TRUE	NA	1377	frame_preserved
ENSG00000167595	PB.15525.38	PB.15525.67	Missing_Internal	GAIN	35759374	35759470	97	97	TRUE	TRUE	frame_disruption	333	frame_preserved
ENSG00000167632	ENST00000967714.1	PB.31644.45	SE	GAIN	140435240	140435112	129	129	FALSE	TRUE	NA	390	frame_preserved
ENSG00000167632	ENST00000967714.1	PB.31644.45	SE	LOSS	140426641	140426615	27	102	FALSE	TRUE	NA	390	frame_preserved
ENSG00000167632	ENST00000967714.1	PB.31644.45	SE	GAIN	139988836	139988726	111	213	FALSE	TRUE	NA	390	frame_preserved
ENSG00000167632	ENST00000967714.1	PB.31644.45	SE	GAIN	139817765	139817589	177	390	FALSE	TRUE	NA	390	frame_preserved
ENSG00000167699	ENST00000574581.5	PB.12509.80	SE	LOSS	780738	780684	55	-55	TRUE	TRUE	frame_disruption	-55	frame_disrupted
ENSG00000167733	ENST00000339423.7	ENST00000584904.5	A3SS	LOSS	5684989	5684992	4	-4	TRUE	TRUE	frame_disruption	-1154	frame_disrupted
ENSG00000167815	ENST00000301522.3	PB.15141.4	Partial_IR_5	GAIN	12799858	12799058	801	801	TRUE	TRUE	direct_stop_insertion	302	frame_disrupted
ENSG00000167862	ENST00000932978.1	PB.13818.2	SE	GAIN	75019700	75019759	60	60	FALSE	TRUE	NA	39	frame_preserved
ENSG00000167862	ENST00000932978.1	PB.13818.2	A3SS	LOSS	75020467	75020487	21	39	FALSE	TRUE	NA	39	frame_preserved
ENSG00000167904	PB.30943.20	PB.30943.31	SE	GAIN	55749681	55749548	134	134	TRUE	TRUE	frame_disruption	36	frame_preserved
ENSG00000167925	ENST00000965653.1	ENST00000588762.5	A3SS	GAIN	42193101	42193028	74	74	TRUE	TRUE	frame_disruption	-3570	frame_preserved
ENSG00000167964	ENST00000541451.5	ENST00000565592.5	SE	GAIN	2151130	2151315	186	186	FALSE	TRUE	NA	-165	frame_preserved
ENSG00000167964	ENST00000541451.5	ENST00000565592.5	Alt_TES	LOSS	2153421	2153070	351	-165	FALSE	TRUE	NA	-165	frame_preserved
ENSG00000167986	PB.5480.103	PB.5480.102	A3SS	GAIN	61312084	61312064	21	21	FALSE	TRUE	NA	21	frame_preserved
ENSG00000168026	ENST00000881744.1	PB.21409.54	SE	LOSS	39126261	39126390	130	-130	TRUE	TRUE	frame_disruption	9	frame_preserved
ENSG00000168067	PB.5587.151	PB.5587.148	A3SS	GAIN	64797192	64797169	24	24	FALSE	TRUE	NA	49	frame_disrupted
ENSG00000168067	PB.5587.151	PB.5587.148	A3SS	GAIN	64796415	64796391	25	49	TRUE	TRUE	frame_disruption	49	frame_disrupted
ENSG00000168096	ENST00000875662.1	ENST00000591281.5	SE	LOSS	4727177	4726979	199	-199	TRUE	TRUE	frame_disruption	-21126	frame_preserved
ENSG00000168237	PB.21654.2	ENST00000473032.5	SE	LOSS	52291747	52291922	176	-176	TRUE	TRUE	frame_disruption	-176	frame_disrupted
ENSG00000168385	PB.18912.301	PB.18912.248	A5SS	GAIN	241343898	241343909	12	12	FALSE	TRUE	NA	12	frame_preserved
ENSG00000168394	ENST00000875705.1	PB.27235.18	A5SS	GAIN	32850961	32850944	18	18	FALSE	TRUE	NA	18	frame_preserved
ENSG00000168394	ENST00000875705.1	PB.27235.20	A5SS	GAIN	32850961	32850944	18	18	FALSE	TRUE	NA	255	frame_preserved
ENSG00000168394	ENST00000875705.1	PB.27235.20	SE	GAIN	32849575	32849339	237	255	FALSE	TRUE	NA	255	frame_preserved
ENSG00000168461	PB.14172.91	PB.14172.101	SE	LOSS	9722742	9722851	110	-110	TRUE	TRUE	frame_disruption	348	frame_preserved
ENSG00000168461	PB.14172.91	PB.14172.37	SE	LOSS	9722742	9722851	110	-110	TRUE	TRUE	frame_disruption	259	frame_disrupted
ENSG00000168528	ENST00000851490.1	PB.606.5	SE	GAIN	31427191	31427351	161	161	TRUE	TRUE	frame_disruption	170	frame_disrupted
ENSG00000168542	ENST00000879201.1	PB.18200.11	A3SS	GAIN	188984760	188984768	9	9	FALSE	TRUE	NA	-106	frame_disrupted
ENSG00000168542	ENST00000879201.1	PB.18200.11	A5SS	LOSS	188996436	188996496	61	-52	TRUE	TRUE	frame_disruption	-106	frame_disrupted
ENSG00000168589	ENST00000338542.9	PB.12303.7	SE	LOSS	80547758	80547847	90	-90	FALSE	TRUE	NA	-90	frame_preserved
ENSG00000168591	ENST00000319511.6	ENST00000588413.5	Alt_TES	LOSS	44191726	44190721	1005	-1005	FALSE	TRUE	NA	-1005	frame_preserved
ENSG00000168610	ENST00000943796.1	PB.13259.471	Partial_IR_5	GAIN	42329409	42328741	669	669	TRUE	TRUE	direct_stop_insertion	-11743	frame_disrupted
ENSG00000168615	ENST00000679268.1	PB.30840.132	SE	LOSS	39046002	39046058	57	-57	FALSE	TRUE	NA	-57	frame_preserved
ENSG00000168818	ENST00000963665.1	PB.23384.1	SE	LOSS	4453673	4453621	53	-53	TRUE	TRUE	frame_disruption	1543	frame_disrupted
ENSG00000168818	ENST00000963665.1	PB.23384.5	SE	LOSS	4453673	4453621	53	-53	TRUE	TRUE	frame_disruption	-17501	frame_disrupted
ENSG00000169032	PB.10829.101	PB.10829.32	SE	GAIN	66468182	66468254	73	73	TRUE	TRUE	frame_disruption	-291	frame_preserved
ENSG00000169299	ENST00000955601.1	PB.23630.36	A3SS	GAIN	37844364	37844366	3	3	FALSE	TRUE	NA	-187	frame_disrupted
ENSG00000169299	ENST00000955601.1	PB.23630.36	SE	LOSS	37850184	37850373	190	-187	TRUE	TRUE	frame_disruption	-187	frame_disrupted
ENSG00000169372	ENST00000332896.8	ENST00000551065.5	Missing_Internal	LOSS	93849970	93850756	787	-787	TRUE	TRUE	frame_disruption	-787	frame_disrupted
ENSG00000169379	ENST00000394222.8	ENST00000335438.7	SE	GAIN	93996563	93996684	122	122	TRUE	TRUE	frame_disruption	122	frame_disrupted
ENSG00000169592	ENST00000563197.6	ENST00000567065.5	Partial_IR_3	GAIN	30001212	30001413	202	202	TRUE	TRUE	direct_stop_insertion	-266	frame_disrupted
ENSG00000169660	ENST00000327949.15	ENST00000582315.5	SE	LOSS	82424394	82424503	110	-110	TRUE	TRUE	frame_disruption	-5526	frame_preserved
ENSG00000169764	ENST00000394417.7	ENST00000493222.5	Missing_Internal	GAIN	63856788	63856882	95	95	TRUE	TRUE	frame_disruption	-8735	frame_disrupted
ENSG00000169764	ENST00000394417.7	ENST00000678974.1	SE	GAIN	63883060	63883275	216	216	FALSE	TRUE	NA	216	frame_preserved
ENSG00000169918	ENST00000678495.1	ENST00000560536.5	SE	GAIN	31649829	31649679	151	151	TRUE	TRUE	frame_disruption	-72719	frame_disrupted
ENSG00000169919	ENST00000952458.1	PB.29310.3	A5SS	GAIN	65980226	65980224	3	3	FALSE	TRUE	NA	3	frame_preserved
ENSG00000170222	ENST00000609540.1	PB.12760.11	A5SS	GAIN	10705528	10705615	88	88	TRUE	TRUE	frame_disruption	-792	frame_preserved
ENSG00000170222	ENST00000609540.1	PB.12760.7	Alt_TES	LOSS	10711230	10708450	2780	-2780	TRUE	TRUE	frame_disruption	-2780	frame_disrupted
ENSG00000170266	PB.21348.9	PB.21348.50	SE	GAIN	32999097	32998999	99	99	FALSE	TRUE	NA	99	frame_preserved
ENSG00000170266	PB.21348.9	PB.21348.53	Missing_Internal	GAIN	33034679	33034353	327	327	FALSE	TRUE	NA	605	frame_disrupted
ENSG00000170266	PB.21348.9	PB.21348.53	Missing_Internal	GAIN	33030811	33030699	113	440	TRUE	TRUE	frame_disruption	605	frame_disrupted
ENSG00000170390	PB.24594.17	PB.24594.4	Partial_IR_5	LOSS	150102813	150104423	1611	-1611	FALSE	TRUE	NA	-1611	frame_preserved
ENSG00000170515	PB.7342.260	PB.7342.229	SE	GAIN	56107916	56108085	170	170	TRUE	TRUE	frame_disruption	-2179	frame_disrupted
ENSG00000170525	PB.3480.66	PB.3480.93	Missing_Internal	GAIN	6217135	6217191	57	57	FALSE	TRUE	NA	-19	frame_disrupted
ENSG00000170525	PB.3480.66	PB.3480.93	Missing_Internal	GAIN	6218474	6218571	98	155	TRUE	TRUE	frame_disruption	-19	frame_disrupted
ENSG00000170540	ENST00000562234.2	ENST00000563861.5	A5SS	GAIN	18798722	18798701	22	22	TRUE	TRUE	frame_disruption	-4	frame_disrupted
ENSG00000170889	ENST00000919252.1	ENST00000448962.5	Missing_Internal	LOSS	54206553	54206724	172	-172	TRUE	TRUE	frame_disruption	-422	frame_disrupted
ENSG00000171298	ENST00000933406.1	PB.13952.161	A3SS	LOSS	80110712	80110726	15	-15	FALSE	TRUE	NA	-215	frame_disrupted
ENSG00000171298	ENST00000933406.1	PB.13952.161	A5SS	LOSS	80110772	80110840	69	-84	FALSE	TRUE	NA	-215	frame_disrupted
ENSG00000171298	ENST00000933406.1	PB.13952.161	SE	LOSS	80110941	80111025	85	-169	TRUE	TRUE	frame_disruption	-215	frame_disrupted
ENSG00000171298	ENST00000933406.1	PB.13952.165	A3SS	LOSS	80110712	80110726	15	-15	FALSE	TRUE	NA	-15	frame_preserved
ENSG00000171307	ENST00000862044.1	PB.4399.22	SE	GAIN	97452090	97452284	195	195	FALSE	TRUE	NA	194	frame_disrupted
ENSG00000171307	ENST00000862044.1	PB.4399.22	SE	LOSS	97452895	97452923	29	166	TRUE	TRUE	frame_disruption	194	frame_disrupted
ENSG00000171503	ENST00000307738.5	ENST00000682345.1	SE	GAIN	158680528	158680607	80	80	TRUE	TRUE	frame_disruption	-39	frame_preserved
ENSG00000171503	ENST00000307738.5	ENST00000684296.1	SE	GAIN	158680467	158680607	141	141	FALSE	TRUE	NA	186	frame_preserved
ENSG00000171503	ENST00000307738.5	ENST00000684296.1	SE	GAIN	158700875	158700919	45	186	FALSE	TRUE	NA	186	frame_preserved
ENSG00000171503	ENST00000307738.5	PB.24669.16	SE	GAIN	158680467	158680607	141	141	FALSE	TRUE	NA	-1	frame_disrupted
ENSG00000171503	ENST00000307738.5	PB.24669.16	SE	LOSS	158697559	158697699	141	0	FALSE	TRUE	NA	-1	frame_disrupted
ENSG00000171503	ENST00000307738.5	PB.24669.16	A5SS	LOSS	158706371	158706371	1	-1	TRUE	TRUE	frame_disruption	-1	frame_disrupted
ENSG00000171552	PB.19286.73	PB.19286.108	Partial_IR_5	LOSS	31721844	31721654	189	-189	FALSE	TRUE	NA	-33	frame_preserved
ENSG00000171552	PB.19286.73	PB.19286.108	SE	GAIN	31667146	31666991	156	-33	FALSE	TRUE	NA	-33	frame_preserved
ENSG00000171552	PB.19286.73	PB.19286.130	SE	GAIN	31667147	31666991	157	157	TRUE	TRUE	frame_disruption	157	frame_disrupted
ENSG00000171552	PB.19286.73	PB.19286.165	SE	GAIN	31708086	31707939	148	148	TRUE	TRUE	frame_disruption	148	frame_disrupted
ENSG00000171574	ENST00000322834.7	ENST00000703727.1	SE	LOSS	58409965	58410091	127	-127	TRUE	TRUE	frame_disruption	-249	frame_preserved
ENSG00000171595	ENST00000311014.11	PB.13795.23	Partial_IR_5	GAIN	74301169	74301845	677	677	TRUE	TRUE	direct_stop_insertion	-12362	frame_disrupted
ENSG00000171595	ENST00000311014.11	PB.13795.32	SE	GAIN	74312829	74312960	132	132	FALSE	TRUE	NA	132	frame_preserved
ENSG00000171595	ENST00000311014.11	PB.13795.5	SE	GAIN	74312829	74312960	132	132	FALSE	TRUE	NA	132	frame_preserved
ENSG00000171595	PB.13795.32	ENST00000311014.11	SE	LOSS	74312829	74312960	132	-132	FALSE	TRUE	NA	-132	frame_preserved
ENSG00000171595	PB.13795.32	PB.13795.24	SE	LOSS	74312829	74312960	132	-132	FALSE	TRUE	NA	-132	frame_preserved
ENSG00000171962	ENST00000887431.1	PB.12863.76	A5SS	GAIN	17988057	17988098	42	42	FALSE	TRUE	NA	-246	frame_preserved
ENSG00000171962	ENST00000887431.1	PB.12863.76	Missing_Internal	LOSS	17994999	17995111	113	-71	TRUE	TRUE	frame_disruption	-246	frame_preserved
ENSG00000171962	PB.12863.76	PB.12863.109	A3SS	LOSS	17994299	17994304	6	-6	FALSE	TRUE	NA	282	frame_preserved
ENSG00000171962	PB.12863.76	PB.12863.109	Missing_Internal	GAIN	17994999	17995111	113	107	TRUE	TRUE	frame_disruption	282	frame_preserved
ENSG00000171962	PB.12863.76	PB.12863.73	Missing_Internal	GAIN	17994999	17995095	97	97	TRUE	TRUE	frame_disruption	433	frame_disrupted
ENSG00000172269	ENST00000392834.7	ENST00000684142.1	SE	GAIN	119101138	119101018	121	121	TRUE	TRUE	frame_disruption	105	frame_preserved
ENSG00000172456	ENST00000894290.1	ENST00000430447.5	SE	GAIN	59607803	59607910	108	108	FALSE	TRUE	NA	-63133	frame_disrupted
ENSG00000172456	ENST00000894290.1	ENST00000430447.5	Missing_Internal	GAIN	59697648	59697740	93	201	FALSE	TRUE	NA	-63133	frame_disrupted
ENSG00000172456	ENST00000894290.1	ENST00000430447.5	Alt_TES	LOSS	59762728	59699394	63334	-63133	TRUE	TRUE	frame_disruption	-63133	frame_disrupted
ENSG00000172638	ENST00000907919.1	PB.5653.114	A3SS	GAIN	65868440	65868422	19	19	TRUE	TRUE	frame_disruption	19	frame_disrupted
ENSG00000172663	ENST00000540133.1	PB.5704.33	A5SS	LOSS	67468028	67468016	11	-11	TRUE	TRUE	frame_disruption	-11	frame_disrupted
ENSG00000172663	ENST00000540133.1	PB.5704.7	A5SS	LOSS	67468028	67468016	11	-11	TRUE	TRUE	frame_disruption	-11	frame_disrupted
ENSG00000172663	PB.5704.7	PB.5704.27	A5SS	GAIN	67468027	67468017	11	11	TRUE	TRUE	frame_disruption	11	frame_disrupted
ENSG00000172717	ENST00000556046.5	ENST00000534174.5	SE	LOSS	67201431	67201747	317	-317	TRUE	TRUE	frame_disruption	-317	frame_disrupted
ENSG00000172738	ENST00000357219.4	ENST00000650973.1	Partial_IR_5	LOSS	37218426	37217641	784	-784	TRUE	TRUE	frame_disruption	-784	frame_disrupted
ENSG00000172794	PB.13803.13	ENST00000613645.1	SE	GAIN	74740768	74740878	111	111	FALSE	TRUE	NA	111	frame_preserved
ENSG00000172932	PB.5695.1	PB.5695.12	Missing_Internal	LOSS	67290592	67291375	784	-784	TRUE	TRUE	frame_disruption	-784	frame_disrupted
ENSG00000173137	ENST00000967048.1	ENST00000533715.2	SE	GAIN	144377393	144377490	98	98	TRUE	TRUE	frame_disruption	-1557	frame_preserved
ENSG00000173757	ENST00000293328.8	PB.13259.52	SE	LOSS	42210301	42210171	131	-131	TRUE	TRUE	frame_disruption	-131	frame_disrupted
ENSG00000173801	PB.13239.147	PB.13239.56	A3SS	GAIN	41757784	41757755	30	30	FALSE	TRUE	NA	30	frame_preserved
ENSG00000174483	ENST00000933609.1	PB.5674.41	SE	GAIN	66523172	66523365	194	194	TRUE	TRUE	frame_disruption	239	frame_disrupted
ENSG00000174628	ENST00000695302.1	PB.11640.18	A3SS	GAIN	19764019	19764034	16	16	TRUE	TRUE	frame_disruption	16	frame_disrupted
ENSG00000174628	ENST00000695302.1	PB.11640.8	Partial_IR_5	GAIN	19733828	19734143	316	316	TRUE	TRUE	direct_stop_insertion	-109329	frame_preserved
ENSG00000174640	ENST00000860067.1	ENST00000481359.3	A5SS	LOSS	133973663	133973632	30	-30	FALSE	TRUE	NA	-220	frame_disrupted
ENSG00000174640	ENST00000860067.1	ENST00000481359.3	SE	LOSS	133947445	133947256	190	-220	TRUE	TRUE	frame_disruption	-220	frame_disrupted
ENSG00000174775	ENST00000932532.1	ENST00000493230.5	SE	GAIN	533358	533277	82	82	TRUE	TRUE	frame_disruption	82	frame_disrupted
ENSG00000174839	PB.21719.62	PB.21719.67	SE	LOSS	57659180	57659118	63	-63	FALSE	TRUE	NA	-63	frame_preserved
ENSG00000174915	ENST00000951432.1	ENST00000527479.5	SE	GAIN	451352	451493	142	142	TRUE	TRUE	frame_disruption	-12227	frame_disrupted
ENSG00000175198	ENST00000881643.1	PB.8984.27	Missing_Internal	GAIN	100154979	100155092	114	114	FALSE	TRUE	NA	1092	frame_preserved
ENSG00000175198	ENST00000881643.1	PB.8984.27	Missing_Internal	GAIN	100157287	100157340	54	168	FALSE	TRUE	NA	1092	frame_preserved
ENSG00000175198	ENST00000881643.1	PB.8984.27	Missing_Internal	GAIN	100257595	100257673	79	247	TRUE	TRUE	frame_disruption	1092	frame_preserved
ENSG00000175198	ENST00000881643.1	PB.8984.29	Missing_Internal	GAIN	100154979	100155092	114	114	FALSE	TRUE	NA	-187752	frame_preserved
ENSG00000175198	ENST00000881643.1	PB.8984.29	Missing_Internal	GAIN	100157287	100157340	54	168	FALSE	TRUE	NA	-187752	frame_preserved
ENSG00000175198	ENST00000881643.1	PB.8984.29	Missing_Internal	GAIN	100257595	100257673	79	247	TRUE	TRUE	frame_disruption	-187752	frame_preserved
ENSG00000175198	ENST00000881643.1	PB.8984.3	Missing_Internal	GAIN	100154979	100155092	114	114	FALSE	TRUE	NA	1214	frame_disrupted
ENSG00000175198	ENST00000881643.1	PB.8984.3	Missing_Internal	GAIN	100157287	100157340	54	168	FALSE	TRUE	NA	1214	frame_disrupted
ENSG00000175198	ENST00000881643.1	PB.8984.3	Missing_Internal	GAIN	100257595	100257673	79	247	TRUE	TRUE	frame_disruption	1214	frame_disrupted
ENSG00000175198	ENST00000881643.1	PB.8984.33	Missing_Internal	GAIN	100154979	100155092	114	114	FALSE	TRUE	NA	941	frame_disrupted
ENSG00000175198	ENST00000881643.1	PB.8984.33	Missing_Internal	GAIN	100157287	100157340	54	168	FALSE	TRUE	NA	941	frame_disrupted
ENSG00000175198	ENST00000881643.1	PB.8984.33	Missing_Internal	GAIN	100257595	100257673	79	247	TRUE	TRUE	frame_disruption	941	frame_disrupted
ENSG00000175198	ENST00000881643.1	PB.8984.34	Missing_Internal	GAIN	100154979	100155092	114	114	FALSE	TRUE	NA	903	frame_preserved
ENSG00000175198	ENST00000881643.1	PB.8984.34	Missing_Internal	GAIN	100157287	100157340	54	168	FALSE	TRUE	NA	903	frame_preserved
ENSG00000175198	ENST00000881643.1	PB.8984.34	Missing_Internal	GAIN	100257595	100257673	79	247	TRUE	TRUE	frame_disruption	903	frame_preserved
ENSG00000175198	ENST00000881643.1	PB.8984.40	SE	LOSS	100102883	100102960	78	-78	FALSE	TRUE	NA	-195182	frame_disrupted
ENSG00000175198	ENST00000881643.1	PB.8984.40	Missing_Internal	GAIN	100154979	100155092	114	36	FALSE	TRUE	NA	-195182	frame_disrupted
ENSG00000175198	ENST00000881643.1	PB.8984.40	Missing_Internal	GAIN	100157287	100157340	54	90	FALSE	TRUE	NA	-195182	frame_disrupted
ENSG00000175198	ENST00000881643.1	PB.8984.40	Missing_Internal	GAIN	100257595	100257673	79	169	TRUE	TRUE	frame_disruption	-195182	frame_disrupted
ENSG00000175220	PB.5366.67	PB.5366.8	SE	LOSS	46694464	46694435	30	-30	FALSE	TRUE	NA	102	frame_preserved
ENSG00000175220	PB.5366.67	PB.5366.8	SE	GAIN	46682182	46682051	132	102	FALSE	TRUE	NA	102	frame_preserved
ENSG00000175220	PB.5366.67	PB.5366.90	SE	LOSS	46694464	46694435	30	-30	FALSE	TRUE	NA	-122	frame_disrupted
ENSG00000175220	PB.5366.67	PB.5366.90	SE	GAIN	46682182	46682051	132	102	FALSE	TRUE	NA	-122	frame_disrupted
ENSG00000175220	PB.5366.67	PB.5366.90	A5SS	LOSS	46680661	46680639	21	81	FALSE	TRUE	NA	-122	frame_disrupted
ENSG00000175220	PB.5366.67	PB.5366.90	Missing_Internal	LOSS	46680563	46680487	77	4	TRUE	TRUE	frame_disruption	-122	frame_disrupted
ENSG00000175224	ENST00000890950.1	PB.5365.21	SE	LOSS	46645339	46645419	81	-81	FALSE	TRUE	NA	-307	frame_disrupted
ENSG00000175224	ENST00000890950.1	PB.5365.21	SE	LOSS	46664849	46664959	111	-192	FALSE	TRUE	NA	-307	frame_disrupted
ENSG00000175224	ENST00000890950.1	PB.5365.21	SE	LOSS	46667773	46667887	115	-307	TRUE	TRUE	frame_disruption	-307	frame_disrupted
ENSG00000175344	ENST00000636044.1	ENST00000635722.1	Missing_Internal	LOSS	32101303	32101347	45	-45	FALSE	TRUE	NA	-3	frame_preserved
ENSG00000175344	ENST00000636044.1	ENST00000635722.1	Missing_Internal	LOSS	32111790	32111899	110	-155	TRUE	TRUE	frame_disruption	-3	frame_preserved
ENSG00000175592	ENST00000913991.1	PB.5653.125	Missing_Internal	GAIN	65897006	65896809	198	198	FALSE	TRUE	NA	321	frame_preserved
ENSG00000175592	ENST00000913991.1	PB.5653.125	Missing_Internal	GAIN	65895607	65895485	123	321	FALSE	TRUE	NA	321	frame_preserved
ENSG00000175592	PB.5653.123	PB.5653.125	SE	GAIN	65895607	65895485	123	123	FALSE	TRUE	NA	123	frame_preserved
ENSG00000175592	PB.5653.123	PB.5653.141	SE	GAIN	65895607	65895485	123	123	FALSE	TRUE	NA	15	frame_preserved
ENSG00000175592	PB.5653.123	PB.5653.141	SE	LOSS	65894121	65894014	108	15	FALSE	TRUE	NA	15	frame_preserved
ENSG00000175592	PB.5653.123	PB.5653.153	A3SS	GAIN	65894205	65894122	84	84	FALSE	TRUE	NA	84	frame_preserved
ENSG00000175984	PB.1756.342	PB.1756.274	A3SS	GAIN	114587955	114587953	3	3	FALSE	TRUE	NA	3	frame_preserved
ENSG00000176261	ENST00000899478.1	ENST00000476493.6	Missing_Internal	GAIN	32634792	32634768	25	25	TRUE	TRUE	frame_disruption	321	frame_preserved
ENSG00000176619	PB.14830.64	PB.14830.45	A3SS	GAIN	2432523	2432518	6	6	FALSE	TRUE	NA	6	frame_preserved
ENSG00000176619	PB.14830.64	PB.14830.7	A3SS	GAIN	2432523	2432518	6	6	FALSE	TRUE	NA	6	frame_preserved
ENSG00000176619	PB.14830.64	PB.14830.87	A3SS	GAIN	2432523	2432518	6	6	FALSE	TRUE	NA	6	frame_preserved
ENSG00000176619	PB.14830.64	PB.14830.99	A3SS	GAIN	2432523	2432518	6	6	FALSE	TRUE	NA	6	frame_preserved
ENSG00000176623	ENST00000522804.5	PB.31196.68	SE	LOSS	86494966	86494829	138	-138	FALSE	TRUE	NA	-138	frame_preserved
ENSG00000176974	ENST00000886367.1	PB.12878.24	SE	LOSS	18340813	18340732	82	-82	TRUE	TRUE	frame_disruption	-5660	frame_disrupted
ENSG00000177030	PB.4848.19	PB.4848.5	Missing_Internal	LOSS	689813	689189	625	-625	TRUE	TRUE	frame_disruption	-625	frame_disrupted
ENSG00000177303	ENST00000861912.1	PB.13839.42	Missing_Internal	GAIN	75505073	75504812	262	262	TRUE	TRUE	frame_disruption	384	frame_preserved
ENSG00000177427	PB.12873.5	PB.12873.15	SE	GAIN	18263514	18263604	91	91	TRUE	TRUE	frame_disruption	91	frame_disrupted
ENSG00000177830	ENST00000903758.1	PB.4863.4	A5SS	LOSS	883200	883147	52	-52	TRUE	TRUE	frame_disruption	-52	frame_disrupted
ENSG00000177873	ENST00000864078.1	PB.21428.6	A3SS	GAIN	40482588	40482590	3	3	FALSE	TRUE	NA	3	frame_preserved
ENSG00000177990	ENST00000882292.1	PB.7452.12	SE	LOSS	63624131	63624040	92	-92	TRUE	TRUE	frame_disruption	168	frame_preserved
ENSG00000178075	PB.22187.17	PB.22187.51	SE	LOSS	113876165	113876260	96	-96	FALSE	TRUE	NA	-100	frame_disrupted
ENSG00000178075	PB.22187.17	PB.22187.51	A5SS	LOSS	113904273	113904276	4	-100	TRUE	TRUE	frame_disruption	-100	frame_disrupted
ENSG00000178460	ENST00000492775.5	ENST00000428734.5	A5SS	GAIN	66874235	66874249	15	15	FALSE	TRUE	NA	-744	frame_preserved
ENSG00000178460	ENST00000492775.5	ENST00000428734.5	SE	LOSS	66874326	66874456	131	-116	TRUE	TRUE	frame_disruption	-744	frame_preserved
ENSG00000178761	ENST00000562698.5	PB.10947.8	Partial_IR_5	GAIN	74906277	74906157	121	121	TRUE	TRUE	direct_stop_insertion	124	frame_disrupted
ENSG00000178773	ENST00000268720.9	ENST00000525982.5	SE	LOSS	89578857	89578996	140	-140	TRUE	TRUE	frame_disruption	-13729	frame_disrupted
ENSG00000178773	ENST00000268720.9	PB.12469.3	Partial_IR_5	GAIN	89577722	89578109	388	388	TRUE	TRUE	direct_stop_insertion	-17121	frame_preserved
ENSG00000178773	ENST00000268720.9	PB.12469.5	Missing_Internal	LOSS	89578857	89578996	140	-140	TRUE	TRUE	frame_disruption	605	frame_disrupted
ENSG00000178927	ENST00000852066.1	ENST00000698828.1	SE	GAIN	82446153	82446043	111	111	FALSE	TRUE	NA	111	frame_preserved
ENSG00000179403	ENST00000895635.1	PB.49.9	A3SS	GAIN	1436927	1436935	9	9	FALSE	TRUE	NA	9	frame_preserved
ENSG00000179526	ENST00000922422.1	PB.31746.10	Partial_IR_5	GAIN	144103050	144102562	489	489	TRUE	TRUE	direct_stop_insertion	-2278	frame_disrupted
ENSG00000179912	PB.7394.18	PB.7394.1	Missing_Internal	LOSS	57296551	57296411	141	-141	FALSE	TRUE	NA	-3326	frame_disrupted
ENSG00000179912	PB.7394.18	PB.7394.1	Missing_Internal	LOSS	57295507	57295399	109	-250	TRUE	TRUE	frame_disruption	-3326	frame_disrupted
ENSG00000180228	PB.18107.15	ENST00000678053.1	Partial_IR_5	LOSS	178450366	178450241	124	-124	TRUE	TRUE	frame_disruption	-1717	frame_disrupted
ENSG00000180228	PB.18107.15	PB.18107.16	SE	GAIN	178445535	178445426	110	110	TRUE	TRUE	frame_disruption	110	frame_disrupted
ENSG00000180902	ENST00000436747.5	PB.18931.19	A3SS	GAIN	241743622	241743638	17	17	TRUE	TRUE	frame_disruption	17	frame_disrupted
ENSG00000180902	ENST00000436747.5	PB.18931.23	A3SS	GAIN	241743622	241743638	17	17	TRUE	TRUE	frame_disruption	17	frame_disrupted
ENSG00000180902	PB.18931.19	PB.18931.3	A5SS	LOSS	241748943	241749008	66	-66	FALSE	TRUE	NA	-66	frame_preserved
ENSG00000180902	PB.18931.19	PB.18931.9	A3SS	LOSS	241743622	241743638	17	-17	TRUE	TRUE	frame_disruption	-17	frame_disrupted
ENSG00000181458	ENST00000915410.1	PB.22045.5	Partial_IR_3	GAIN	100556760	100558404	1645	1645	TRUE	TRUE	direct_stop_insertion	1645	frame_disrupted
ENSG00000181856	ENST00000954706.1	ENST00000572485.5	A5SS	GAIN	7284940	7285000	61	61	TRUE	TRUE	frame_disruption	64	frame_disrupted
ENSG00000182199	ENST00000553529.5	ENST00000555774.5	SE	LOSS	57231481	57231560	80	-80	TRUE	TRUE	frame_disruption	-80	frame_disrupted
ENSG00000182199	ENST00000554604.5	ENST00000555116.5	SE	LOSS	57231481	57231560	80	-80	TRUE	TRUE	frame_disruption	-80	frame_disrupted
ENSG00000182199	ENST00000554604.5	ENST00000555774.5	SE	LOSS	57231481	57231560	80	-80	TRUE	TRUE	frame_disruption	-80	frame_disrupted
ENSG00000182378	ENST00000927796.1	PB.33311.19	A3SS	GAIN	293035	293076	42	42	FALSE	TRUE	NA	42	frame_preserved
ENSG00000182511	ENST00000963627.1	PB.11190.18	SE	GAIN	90889517	90889636	120	120	FALSE	TRUE	NA	59	frame_disrupted
ENSG00000182511	ENST00000963627.1	PB.11190.18	A5SS	LOSS	90891131	90891191	61	59	TRUE	TRUE	frame_disruption	59	frame_disrupted
ENSG00000182732	ENST00000406236.8	ENST00000554474.5	A3SS	LOSS	72540041	72540044	4	-4	TRUE	TRUE	frame_disruption	-58	frame_disrupted
ENSG00000182919	ENST00000951671.1	PB.6045.100	A5SS	LOSS	93753957	93754037	81	-81	FALSE	TRUE	NA	-736	frame_disrupted
ENSG00000182919	ENST00000951671.1	PB.6045.100	Missing_Internal	LOSS	93755210	93755386	177	-258	FALSE	TRUE	NA	-736	frame_disrupted
ENSG00000182919	ENST00000951671.1	PB.6045.100	Missing_Internal	LOSS	93757316	93757465	150	-408	FALSE	TRUE	NA	-736	frame_disrupted
ENSG00000182919	ENST00000951671.1	PB.6045.100	Missing_Internal	LOSS	93759742	93759858	117	-525	FALSE	TRUE	NA	-736	frame_disrupted
ENSG00000182919	ENST00000951671.1	PB.6045.100	Missing_Internal	LOSS	93761515	93761725	211	-736	TRUE	TRUE	frame_disruption	-736	frame_disrupted
ENSG00000182944	ENST00000925331.1	PB.20550.21	Missing_Internal	GAIN	29282390	29282557	168	168	FALSE	TRUE	NA	329	frame_disrupted
ENSG00000182944	ENST00000925331.1	PB.20550.21	Missing_Internal	GAIN	29286923	29287134	212	380	TRUE	TRUE	frame_disruption	329	frame_disrupted
ENSG00000182944	ENST00000925331.1	PB.20550.41	Missing_Internal	GAIN	29282390	29282557	168	168	FALSE	TRUE	NA	-709	frame_disrupted
ENSG00000182944	ENST00000925331.1	PB.20550.41	Missing_Internal	GAIN	29286923	29287134	212	380	TRUE	TRUE	frame_disruption	-709	frame_disrupted
ENSG00000182944	ENST00000925331.1	PB.20550.42	Missing_Internal	GAIN	29282390	29282557	168	168	FALSE	TRUE	NA	380	frame_disrupted
ENSG00000182944	ENST00000925331.1	PB.20550.42	Missing_Internal	GAIN	29286923	29287134	212	380	TRUE	TRUE	frame_disruption	380	frame_disrupted
ENSG00000182944	ENST00000925331.1	PB.20550.47	Missing_Internal	GAIN	29282390	29282557	168	168	FALSE	TRUE	NA	526	frame_disrupted
ENSG00000182944	ENST00000925331.1	PB.20550.47	Missing_Internal	GAIN	29286923	29287134	212	380	TRUE	TRUE	frame_disruption	526	frame_disrupted
ENSG00000182944	ENST00000925331.1	PB.20550.62	Missing_Internal	GAIN	29282390	29282557	168	168	FALSE	TRUE	NA	3339	frame_preserved
ENSG00000182944	ENST00000925331.1	PB.20550.62	Missing_Internal	GAIN	29286923	29287134	212	380	TRUE	TRUE	frame_disruption	3339	frame_preserved
ENSG00000183281	ENST00000409795.5	ENST00000409801.5	A5SS	LOSS	87017553	87017505	47	-47	TRUE	TRUE	frame_disruption	-47	frame_disrupted
ENSG00000183742	ENST00000939059.1	PB.28914.227	SE	GAIN	20155295	20155182	114	114	FALSE	TRUE	NA	114	frame_preserved
ENSG00000183828	ENST00000392568.7	PB.10158.19	Missing_Internal	GAIN	105175987	105175471	517	517	TRUE	TRUE	frame_disruption	2340	frame_preserved
ENSG00000183828	ENST00000392568.7	PB.10158.20	A3SS	LOSS	105177027	105176995	33	-33	FALSE	TRUE	NA	2662	frame_disrupted
ENSG00000183828	ENST00000392568.7	PB.10158.20	SE	GAIN	105175987	105175471	517	484	TRUE	TRUE	frame_disruption	2662	frame_disrupted
ENSG00000183828	ENST00000392568.7	PB.10158.4	Partial_IR_5	GAIN	105176533	105175471	1063	1063	TRUE	TRUE	direct_stop_insertion	3241	frame_disrupted
ENSG00000183831	ENST00000924220.1	PB.2469.17	Missing_Internal	GAIN	173627159	173627065	95	95	TRUE	TRUE	frame_disruption	234	frame_preserved
ENSG00000184060	PB.13015.7	ENST00000580526.1	SE	LOSS	30926827	30926918	92	-92	TRUE	TRUE	frame_disruption	-9703	frame_disrupted
ENSG00000184154	PB.5782.6	ENST00000645358.1	SE	GAIN	72089417	72089596	180	180	FALSE	TRUE	NA	180	frame_preserved
ENSG00000184428	PB.31697.9	PB.31697.11	SE	GAIN	143314585	143314469	117	117	FALSE	TRUE	NA	117	frame_preserved
ENSG00000184465	ENST00000649303.1	ENST00000647889.1	SE	GAIN	169670957	169670879	79	79	TRUE	TRUE	frame_disruption	720	frame_preserved
ENSG00000184497	PB.9102.7	PB.9102.10	Partial_IR_5	LOSS	113766258	113767846	1589	-1589	TRUE	TRUE	frame_disruption	-1589	frame_disrupted
ENSG00000184497	PB.9102.7	PB.9102.12	Partial_IR_5	LOSS	113766258	113767846	1589	-1589	TRUE	TRUE	frame_disruption	-1589	frame_disrupted
ENSG00000184497	PB.9102.7	PB.9102.3	Partial_IR_5	LOSS	113766258	113767846	1589	-1589	TRUE	TRUE	frame_disruption	-1589	frame_disrupted
ENSG00000184497	PB.9102.7	PB.9102.9	Partial_IR_5	LOSS	113766258	113767846	1589	-1589	TRUE	TRUE	frame_disruption	-1589	frame_disrupted
ENSG00000184831	ENST00000899515.1	ENST00000490078.2	SE	GAIN	23880952	23880845	108	108	FALSE	TRUE	NA	53	frame_disrupted
ENSG00000184831	ENST00000899515.1	ENST00000490078.2	SE	LOSS	23874457	23874403	55	53	TRUE	TRUE	frame_disruption	53	frame_disrupted
ENSG00000184831	ENST00000899515.1	PB.33558.9	SE	GAIN	23880952	23880845	108	108	FALSE	TRUE	NA	-14252	frame_disrupted
ENSG00000184831	ENST00000899515.1	PB.33558.9	A3SS	LOSS	23868688	23868685	4	104	TRUE	TRUE	frame_disruption	-14252	frame_disrupted
ENSG00000184967	ENST00000330579.6	PB.8279.250	A5SS	GAIN	132148896	132148899	4	4	TRUE	TRUE	frame_disruption	857	frame_disrupted
ENSG00000184979	ENST00000896317.1	ENST00000715585.1	A5SS	GAIN	18157821	18157859	39	39	FALSE	TRUE	NA	39	frame_preserved
ENSG00000185009	PB.4051.74	PB.4051.61	A5SS	GAIN	74126147	74126126	22	22	TRUE	TRUE	frame_disruption	22	frame_disrupted
ENSG00000185009	PB.4051.74	PB.4051.64	A5SS	GAIN	74126147	74126126	22	22	TRUE	TRUE	frame_disruption	22	frame_disrupted
ENSG00000185187	ENST00000887769.1	ENST00000526395.6	SE	LOSS	406993	406843	151	-151	TRUE	TRUE	frame_disruption	-151	frame_disrupted
ENSG00000185187	ENST00000962936.1	ENST00000526395.6	SE	LOSS	406993	406843	151	-151	TRUE	TRUE	frame_disruption	-358	frame_disrupted
ENSG00000185238	ENST00000862433.1	ENST00000330796.9	Missing_Internal	GAIN	20392211	20392260	50	50	TRUE	TRUE	frame_disruption	1013	frame_disrupted
ENSG00000185238	ENST00000862433.1	ENST00000525188.5	Missing_Internal	GAIN	20392211	20392260	50	50	TRUE	TRUE	frame_disruption	-111247	frame_disrupted
ENSG00000185418	PB.11298.7	PB.11298.9	SE	GAIN	101699435	101699331	105	105	FALSE	TRUE	NA	105	frame_preserved
ENSG00000185480	ENST00000541394.5	PB.7844.27	SE	LOSS	102151570	102151800	231	-231	FALSE	TRUE	NA	-197	frame_disrupted
ENSG00000185480	ENST00000541394.5	PB.7844.27	SE	GAIN	102154827	102154996	170	-61	TRUE	TRUE	frame_disruption	-197	frame_disrupted
ENSG00000185480	ENST00000541394.5	PB.7844.45	SE	LOSS	102151570	102151800	231	-231	FALSE	TRUE	NA	-278	frame_disrupted
ENSG00000185480	ENST00000541394.5	PB.7844.45	SE	GAIN	102177858	102177946	89	-142	TRUE	TRUE	frame_disruption	-278	frame_disrupted
ENSG00000185513	ENST00000373134.5	ENST00000649501.1	SE	LOSS	43530798	43530889	92	-92	TRUE	TRUE	frame_disruption	-107	frame_disrupted
ENSG00000185624	ENST00000681161.1	ENST00000680105.1	SE	GAIN	81859387	81859181	207	207	FALSE	TRUE	NA	73	frame_disrupted
ENSG00000185624	ENST00000681161.1	ENST00000680105.1	SE	LOSS	81855586	81855453	134	73	TRUE	TRUE	frame_disruption	73	frame_disrupted
ENSG00000185624	ENST00000681161.1	PB.14005.12	SE	GAIN	81859387	81859181	207	207	FALSE	TRUE	NA	207	frame_preserved
ENSG00000185627	PB.4824.6	ENST00000525665.5	Partial_IR_5	LOSS	247449	247683	235	-235	TRUE	TRUE	frame_disruption	-235	frame_disrupted
ENSG00000185829	PB.13386.74	PB.13386.56	Partial_IR_5	LOSS	46570759	46570166	592	-592	TRUE	TRUE	frame_disruption	-592	frame_disrupted
ENSG00000185973	PB.34465.69	PB.34465.58	A5SS	GAIN	155492356	155492282	75	75	FALSE	TRUE	NA	75	frame_preserved
ENSG00000186001	PB.23273.10	PB.23273.108	SE	LOSS	197858834	197858905	72	-72	FALSE	TRUE	NA	-123	frame_preserved
ENSG00000186001	PB.23273.10	PB.23273.108	A3SS	LOSS	197870160	197870210	51	-123	FALSE	TRUE	NA	-123	frame_preserved
ENSG00000186204	PB.15219.13	PB.15219.20	SE	GAIN	15695936	15696069	134	134	TRUE	TRUE	frame_disruption	403	frame_disrupted
ENSG00000186204	PB.15219.13	PB.15219.38	SE	GAIN	15695936	15696069	134	134	TRUE	TRUE	frame_disruption	403	frame_disrupted
ENSG00000186231	PB.27891.16	PB.27891.22	SE	LOSS	97113783	97114509	727	-727	TRUE	TRUE	frame_disruption	-727	frame_disrupted
ENSG00000186231	PB.27891.16	PB.27891.29	SE	LOSS	97113783	97114509	727	-727	TRUE	TRUE	frame_disruption	-727	frame_disrupted
ENSG00000186298	PB.7991.10	PB.7991.2	Partial_IR_5	GAIN	110724659	110724239	421	421	TRUE	TRUE	direct_stop_insertion	-1199	frame_disrupted
ENSG00000186522	ENST00000948160.1	PB.17478.85	SE	GAIN	109593119	109593051	69	69	FALSE	TRUE	NA	221	frame_disrupted
ENSG00000186522	ENST00000948160.1	PB.17478.85	SE	LOSS	109564534	109564366	169	-100	TRUE	TRUE	frame_disruption	221	frame_disrupted
ENSG00000186868	ENST00000884780.1	ENST00000571311.5	Missing_Internal	GAIN	45969165	45969299	135	135	FALSE	TRUE	NA	-47459	frame_disrupted
ENSG00000186868	ENST00000884780.1	ENST00000571311.5	Missing_Internal	GAIN	45971859	45971945	87	222	FALSE	TRUE	NA	-47459	frame_disrupted
ENSG00000186868	ENST00000884780.1	ENST00000571311.5	Alt_TES	LOSS	46026106	45978425	47681	-47459	TRUE	TRUE	frame_disruption	-47459	frame_disrupted
ENSG00000186868	ENST00000884780.1	ENST00000703923.1	Missing_Internal	GAIN	45978375	45978440	66	66	FALSE	TRUE	NA	690	frame_preserved
ENSG00000186868	ENST00000884780.1	ENST00000703923.1	Missing_Internal	GAIN	45987040	45987095	56	122	TRUE	TRUE	frame_disruption	690	frame_preserved
ENSG00000187048	ENST00000909024.1	ENST00000474458.5	SE	LOSS	46933047	46932983	65	-65	TRUE	TRUE	frame_disruption	-65	frame_disrupted
ENSG00000187231	PB.18121.232	PB.18121.129	A3SS	LOSS	179123829	179123787	43	-43	TRUE	TRUE	frame_disruption	51	frame_preserved
ENSG00000187231	PB.18121.232	PB.18121.152	SE	LOSS	179123829	179123715	115	-115	TRUE	TRUE	frame_disruption	-115	frame_disrupted
ENSG00000187231	PB.18121.232	PB.18121.237	SE	LOSS	179123829	179123715	115	-115	TRUE	TRUE	frame_disruption	-1855	frame_disrupted
ENSG00000187244	PB.15815.184	PB.15815.181	Missing_Internal	LOSS	44812792	44812976	185	-185	TRUE	TRUE	frame_disruption	-185	frame_disrupted
ENSG00000187244	PB.15815.184	PB.15815.182	Missing_Internal	LOSS	44812792	44812976	185	-185	TRUE	TRUE	frame_disruption	-185	frame_disrupted
ENSG00000187244	PB.15815.184	PB.15815.186	Missing_Internal	LOSS	44812792	44812976	185	-185	TRUE	TRUE	frame_disruption	-185	frame_disrupted
ENSG00000187672	ENST00000940588.1	PB.21697.3	SE	LOSS	56170170	56170129	42	-42	FALSE	TRUE	NA	-108	frame_preserved
ENSG00000187672	ENST00000940588.1	PB.21697.3	Missing_Internal	LOSS	55683859	55683794	66	-108	FALSE	TRUE	NA	-108	frame_preserved
ENSG00000187720	ENST00000355327.7	PB.10896.1	A5SS	GAIN	71411824	71411827	4	4	TRUE	TRUE	frame_disruption	-95446	frame_disrupted
ENSG00000187735	PB.30928.14	PB.30928.42	SE	GAIN	53978715	53978523	193	193	TRUE	TRUE	frame_disruption	193	frame_disrupted
ENSG00000187790	PB.9395.19	ENST00000696648.1	SE	GAIN	45140632	45140709	78	78	FALSE	TRUE	NA	-1032	frame_preserved
ENSG00000187790	PB.9395.19	ENST00000696648.1	Partial_IR_5	LOSS	45167164	45168273	1110	-1032	FALSE	TRUE	NA	-1032	frame_preserved
ENSG00000188026	ENST00000942668.1	PB.8210.22	Missing_Internal	GAIN	123520183	123520095	89	89	TRUE	TRUE	frame_disruption	-45020	frame_disrupted
ENSG00000188064	PB.20909.102	PB.20909.16	A5SS	LOSS	45976699	45976683	15	-15	FALSE	TRUE	NA	-15	frame_preserved
ENSG00000188313	ENST00000967302.1	ENST00000488253.5	SE	LOSS	146528831	146528797	35	-35	TRUE	TRUE	frame_disruption	-871	frame_disrupted
ENSG00000188313	ENST00000967302.1	PB.22628.13	Partial_IR_5	GAIN	146528796	146528614	183	183	TRUE	TRUE	direct_stop_insertion	447	frame_preserved
ENSG00000188313	PB.22628.13	ENST00000488253.5	SE	LOSS	146528831	146528614	218	-218	TRUE	TRUE	frame_disruption	-4273	frame_disrupted
ENSG00000188428	ENST00000627748.2	PB.26799.120	SE	LOSS	8054372	8054270	103	-103	TRUE	TRUE	frame_disruption	-103	frame_disrupted
ENSG00000188976	ENST00000870735.1	PB.17.61	A3SS	LOSS	957043	957026	18	-18	FALSE	TRUE	NA	100	frame_disrupted
ENSG00000188976	ENST00000870735.1	PB.17.61	Partial_IR_5	GAIN	946172	946028	145	127	TRUE	TRUE	direct_stop_insertion	100	frame_disrupted
ENSG00000189067	ENST00000928730.1	PB.11533.47	Partial_IR_5	GAIN	11556510	11556151	360	360	TRUE	TRUE	direct_stop_insertion	360	frame_preserved
ENSG00000189067	PB.11533.17	PB.11533.24	Partial_IR_5	GAIN	11556510	11556406	105	105	TRUE	TRUE	direct_stop_insertion	105	frame_preserved
ENSG00000189221	PB.33659.22	PB.33659.45	SE	GAIN	43693291	43693428	138	138	FALSE	TRUE	NA	152	frame_disrupted
ENSG00000189221	PB.33659.22	PB.33659.45	A3SS	GAIN	43740667	43740680	14	152	TRUE	TRUE	frame_disruption	152	frame_disrupted
ENSG00000189430	ENST00000338835.9	ENST00000594765.5	SE	GAIN	54912171	54912218	48	48	FALSE	TRUE	NA	48	frame_preserved
ENSG00000189430	ENST00000350790.9	ENST00000594765.5	SE	GAIN	54906523	54906807	285	285	FALSE	TRUE	NA	282	frame_preserved
ENSG00000189430	ENST00000350790.9	ENST00000594765.5	A3SS	LOSS	54912168	54912170	3	282	FALSE	TRUE	NA	282	frame_preserved
ENSG00000196169	ENST00000894676.1	PB.13796.15	SE	GAIN	74344223	74344348	126	126	FALSE	TRUE	NA	125	frame_disrupted
ENSG00000196169	ENST00000894676.1	PB.13796.15	Missing_Internal	GAIN	74346378	74346524	147	273	FALSE	TRUE	NA	125	frame_disrupted
ENSG00000196169	ENST00000894676.1	PB.13796.15	Missing_Internal	GAIN	74347777	74347899	123	396	FALSE	TRUE	NA	125	frame_disrupted
ENSG00000196169	ENST00000894676.1	PB.13796.15	SE	LOSS	74351867	74352137	271	125	TRUE	TRUE	frame_disruption	125	frame_disrupted
ENSG00000196188	PB.2801.14	PB.2801.9	SE	GAIN	206014793	206014647	147	147	FALSE	TRUE	NA	5	frame_disrupted
ENSG00000196188	PB.2801.14	PB.2801.9	SE	LOSS	206012649	206012508	142	5	TRUE	TRUE	frame_disruption	5	frame_disrupted
ENSG00000196352	PB.2826.11	PB.2826.8	Missing_Internal	LOSS	207340391	207340508	118	-118	TRUE	TRUE	frame_disruption	-243	frame_preserved
ENSG00000196365	PB.14924.55	PB.14924.7	SE	GAIN	5708403	5708342	62	62	TRUE	TRUE	frame_disruption	62	frame_disrupted
ENSG00000196510	ENST00000961552.1	PB.7981.34	SE	LOSS	110400318	110400268	51	-51	FALSE	TRUE	NA	88	frame_disrupted
ENSG00000196510	ENST00000961552.1	PB.7981.34	Partial_IR_3	LOSS	110386469	110386367	103	-154	TRUE	TRUE	frame_disruption	88	frame_disrupted
ENSG00000196553	ENST00000359454.10	ENST00000389594.7	SE	GAIN	66491021	66491104	84	84	FALSE	TRUE	NA	84	frame_preserved
ENSG00000196553	ENST00000389594.7	ENST00000359454.10	SE	LOSS	66491021	66491104	84	-84	FALSE	TRUE	NA	-84	frame_preserved
ENSG00000196724	ENST00000600989.5	PB.16224.116	A3SS	GAIN	57930557	57930555	3	3	FALSE	TRUE	NA	2357	frame_disrupted
ENSG00000196724	ENST00000600989.5	PB.16224.116	Partial_IR_5	GAIN	57927976	57925623	2354	2357	TRUE	TRUE	direct_stop_insertion	2357	frame_disrupted
ENSG00000197217	ENST00000854258.1	PB.30700.244	A3SS	GAIN	23444606	23444598	9	9	FALSE	TRUE	NA	212	frame_disrupted
ENSG00000197217	ENST00000854258.1	PB.30700.244	Partial_IR_3	GAIN	23434681	23434479	203	212	TRUE	TRUE	direct_stop_insertion	212	frame_disrupted
ENSG00000197217	ENST00000854258.1	PB.30700.245	A3SS	GAIN	23444606	23444598	9	9	FALSE	TRUE	NA	129	frame_preserved
ENSG00000197217	ENST00000854258.1	PB.30700.245	SE	GAIN	23434681	23434562	120	129	FALSE	TRUE	NA	129	frame_preserved
ENSG00000197375	ENST00000692413.1	ENST00000437841.6	Missing_Internal	LOSS	132378378	132378481	104	-104	TRUE	TRUE	frame_disruption	-6814	frame_disrupted
ENSG00000197375	ENST00000692413.1	PB.26011.12	A5SS	LOSS	132384302	132384320	19	-19	TRUE	TRUE	frame_disruption	-31	frame_disrupted
ENSG00000197375	ENST00000893299.1	PB.26011.11	SE	LOSS	132390690	132390904	215	-215	TRUE	TRUE	frame_disruption	-215	frame_disrupted
ENSG00000197375	ENST00000893299.1	PB.26011.12	A5SS	LOSS	132384302	132384320	19	-19	TRUE	TRUE	frame_disruption	-103	frame_disrupted
ENSG00000197375	ENST00000893299.1	PB.26011.15	A5SS	LOSS	132384302	132384320	19	-19	TRUE	TRUE	frame_disruption	-441	frame_preserved
ENSG00000197375	ENST00000893299.1	PB.26011.26	A3SS	LOSS	132386990	132387024	35	-35	TRUE	TRUE	frame_disruption	-250	frame_disrupted
ENSG00000197375	ENST00000893300.1	ENST00000437841.6	Missing_Internal	LOSS	132378378	132378481	104	-104	TRUE	TRUE	frame_disruption	-6929	frame_disrupted
ENSG00000197444	ENST00000967765.1	PB.3857.1	SE	LOSS	49749816	49749726	91	-91	TRUE	TRUE	frame_disruption	-64	frame_disrupted
ENSG00000197562	PB.11327.3	ENST00000565511.5	SE	GAIN	625037	625242	206	206	TRUE	TRUE	frame_disruption	206	frame_disrupted
ENSG00000197646	ENST00000861551.1	PB.31871.12	SE	GAIN	5549335	5549604	270	270	FALSE	TRUE	NA	270	frame_preserved
ENSG00000197798	ENST00000533050.6	PB.6432.6	Partial_IR_5	GAIN	126256853	126258109	1257	1257	TRUE	TRUE	direct_stop_insertion	2562	frame_preserved
ENSG00000197965	PB.2380.19	PB.2380.102	SE	LOSS	167772275	167772488	214	-214	TRUE	TRUE	frame_disruption	-214	frame_disrupted
ENSG00000198026	ENST00000862674.1	PB.19549.50	A3SS	LOSS	45967634	45967632	3	-3	FALSE	TRUE	NA	133	frame_disrupted
ENSG00000198026	ENST00000862674.1	PB.19549.50	A3SS	GAIN	45953948	45953865	84	81	FALSE	TRUE	NA	133	frame_disrupted
ENSG00000198026	ENST00000862674.1	PB.19549.50	SE	GAIN	45950779	45950728	52	133	TRUE	TRUE	frame_disruption	133	frame_disrupted
ENSG00000198270	ENST00000880145.1	ENST00000547878.6	Missing_Internal	GAIN	111978787	111978736	52	52	TRUE	TRUE	frame_disruption	322	frame_disrupted
ENSG00000198315	ENST00000885352.1	ENST00000536028.2	A5SS	GAIN	28148825	28148838	14	14	TRUE	TRUE	frame_disruption	-6149	frame_disrupted
ENSG00000198356	ENST00000904142.1	PB.15138.2	Alt_TES	LOSS	12748323	12747037	1286	-1286	TRUE	TRUE	frame_disruption	-1286	frame_disrupted
ENSG00000198363	ENST00000950786.1	PB.30985.564	SE	GAIN	61647057	61646955	103	103	TRUE	TRUE	frame_disruption	-123107	frame_disrupted
ENSG00000198363	PB.30985.378	PB.30985.564	SE	GAIN	61647057	61646955	103	103	TRUE	TRUE	frame_disruption	-121668	frame_preserved
ENSG00000198373	PB.12132.43	PB.12132.44	SE	LOSS	69931152	69931227	76	-76	TRUE	TRUE	frame_disruption	-55	frame_disrupted
ENSG00000198382	ENST00000969466.1	PB.5873.69	SE	GAIN	76012927	76013102	176	176	TRUE	TRUE	frame_disruption	-3075	frame_preserved
ENSG00000198513	ENST00000713929.1	PB.9430.57	SE	GAIN	50595576	50595632	57	57	FALSE	TRUE	NA	-71	frame_disrupted
ENSG00000198513	ENST00000713929.1	PB.9430.57	SE	LOSS	50620599	50620726	128	-71	TRUE	TRUE	frame_disruption	-71	frame_disrupted
ENSG00000198513	PB.9430.52	PB.9430.57	SE	LOSS	50620599	50620726	128	-128	TRUE	TRUE	frame_disruption	-128	frame_disrupted
ENSG00000198643	ENST00000951607.1	ENST00000482623.5	A3SS	GAIN	58649414	58649339	76	76	TRUE	TRUE	frame_disruption	-3144	frame_preserved
ENSG00000198677	PB.25702.210	ENST00000698455.1	SE	GAIN	95546207	95546055	153	153	FALSE	TRUE	NA	-648	frame_preserved
ENSG00000198677	PB.25702.210	ENST00000698455.1	Partial_IR_5	LOSS	95529001	95528199	801	-648	FALSE	TRUE	NA	-648	frame_preserved
ENSG00000198677	PB.25702.210	ENST00000698470.1	Partial_IR_5	LOSS	95529001	95528199	801	-801	FALSE	TRUE	NA	-801	frame_preserved
ENSG00000198780	ENST00000514215.5	PB.25526.59	SE	GAIN	74834597	74834426	172	172	TRUE	TRUE	frame_disruption	172	frame_disrupted
ENSG00000198780	PB.25526.43	ENST00000514215.5	SE	LOSS	74834597	74834426	172	-172	TRUE	TRUE	frame_disruption	-172	frame_disrupted
ENSG00000198780	PB.25526.43	PB.25526.59	A5SS	GAIN	74804492	74804489	4	4	TRUE	TRUE	frame_disruption	4	frame_disrupted
ENSG00000198830	ENST00000928460.1	PB.519.135	A3SS	GAIN	26474572	26474580	9	9	FALSE	TRUE	NA	9	frame_preserved
ENSG00000198856	ENST00000950713.1	PB.24245.5	A5SS	GAIN	108650754	108650794	41	41	TRUE	TRUE	frame_disruption	9	frame_preserved
ENSG00000198856	ENST00000950713.1	PB.24245.7	A5SS	GAIN	108650754	108650794	41	41	TRUE	TRUE	frame_disruption	9	frame_preserved
ENSG00000198892	ENST00000362011.7	PB.2705.427	Partial_IR_3	GAIN	201890316	201890453	138	138	TRUE	TRUE	direct_stop_insertion	138	frame_preserved
ENSG00000198917	ENST00000853913.1	PB.33081.15	A3SS	LOSS	128824887	128824870	18	-18	FALSE	TRUE	NA	-18	frame_preserved
ENSG00000198954	ENST00000361983.7	ENST00000637738.2	SE	GAIN	69006842	69006929	88	88	TRUE	TRUE	frame_disruption	88	frame_disrupted
ENSG00000203995	PB.1073.1	PB.1073.2	SE	GAIN	52885833	52885894	62	62	TRUE	TRUE	frame_disruption	62	frame_disrupted
ENSG00000204138	ENST00000897306.1	PB.574.102	Partial_IR_5	LOSS	28473588	28474151	564	-564	FALSE	TRUE	NA	-2294	frame_disrupted
ENSG00000204138	ENST00000897306.1	PB.574.102	Missing_Internal	LOSS	28476107	28476291	185	-749	TRUE	TRUE	frame_disruption	-2294	frame_disrupted
ENSG00000204209	ENST00000266000.10	PB.27260.837	A5SS	LOSS	33320059	33320010	48	-48	FALSE	TRUE	NA	-86	frame_disrupted
ENSG00000204209	ENST00000266000.10	PB.27260.837	A3SS	LOSS	33319854	33319817	38	-86	TRUE	TRUE	frame_disruption	-86	frame_disrupted
ENSG00000204256	PB.27244.507	PB.27244.357	Missing_Internal	LOSS	32977757	32978005	249	-249	FALSE	TRUE	NA	-512	frame_disrupted
ENSG00000204256	PB.27244.507	PB.27244.357	Missing_Internal	LOSS	32978126	32978388	263	-512	TRUE	TRUE	frame_disruption	-512	frame_disrupted
ENSG00000204256	PB.27244.507	PB.27244.505	A3SS	LOSS	32976562	32976562	1	-1	TRUE	TRUE	frame_disruption	-3081	frame_preserved
ENSG00000204256	PB.27244.507	PB.27244.93	Partial_IR_5	LOSS	32978219	32978388	170	-170	TRUE	TRUE	frame_disruption	-3262	frame_disrupted
ENSG00000204356	ENST00000948308.1	ENST00000492539.5	A5SS	GAIN	31958371	31958308	64	64	TRUE	TRUE	frame_disruption	-2945	frame_disrupted
ENSG00000204356	PB.27212.8	ENST00000492539.5	A5SS	GAIN	31958371	31958308	64	64	TRUE	TRUE	frame_disruption	-1180	frame_disrupted
ENSG00000204386	ENST00000491768.5	PB.27203.19	A3SS	GAIN	31860264	31860179	86	86	TRUE	TRUE	frame_disruption	86	frame_disrupted
ENSG00000204386	ENST00000491768.5	PB.27203.4	A3SS	GAIN	31860264	31860179	86	86	TRUE	TRUE	frame_disruption	86	frame_disrupted
ENSG00000204386	PB.27203.19	ENST00000491768.5	A3SS	LOSS	31860264	31860179	86	-86	TRUE	TRUE	frame_disruption	-86	frame_disrupted
ENSG00000204386	PB.27203.4	ENST00000491768.5	A3SS	LOSS	31860264	31860179	86	-86	TRUE	TRUE	frame_disruption	-86	frame_disrupted
ENSG00000204427	ENST00000498420.5	PB.27187.10	Missing_Internal	GAIN	31702130	31702074	57	57	FALSE	TRUE	NA	124	frame_disrupted
ENSG00000204427	ENST00000498420.5	PB.27187.10	Missing_Internal	GAIN	31701340	31701274	67	124	TRUE	TRUE	frame_disruption	124	frame_disrupted
ENSG00000204427	ENST00000498420.5	PB.27187.14	Missing_Internal	GAIN	31702130	31702074	57	57	FALSE	TRUE	NA	124	frame_disrupted
ENSG00000204427	ENST00000498420.5	PB.27187.14	Missing_Internal	GAIN	31701340	31701274	67	124	TRUE	TRUE	frame_disruption	124	frame_disrupted
ENSG00000204634	ENST00000870709.1	PB.17407.64	A5SS	GAIN	101090253	101090209	45	45	FALSE	TRUE	NA	-383	frame_disrupted
ENSG00000204634	ENST00000870709.1	PB.17407.64	Missing_Internal	LOSS	101032385	101032268	118	-73	TRUE	TRUE	frame_disruption	-383	frame_disrupted
ENSG00000204713	PB.27095.12	PB.27095.34	Partial_IR_5	GAIN	28911695	28911188	508	508	TRUE	TRUE	direct_stop_insertion	-5603	frame_disrupted
ENSG00000204713	PB.27095.12	PB.27095.8	SE	LOSS	28911718	28911696	23	-23	TRUE	TRUE	frame_disruption	-50	frame_disrupted
ENSG00000205339	PB.5012.147	PB.5012.146	SE	LOSS	9433570	9433636	67	-67	TRUE	TRUE	frame_disruption	-67	frame_disrupted
ENSG00000205352	ENST00000860096.1	ENST00000549068.5	Partial_IR_3	LOSS	53443391	53443566	176	-176	TRUE	TRUE	frame_disruption	-176	frame_disrupted
ENSG00000205352	ENST00000860096.1	PB.7294.9	Partial_IR_5	GAIN	53443774	53444424	651	651	TRUE	TRUE	direct_stop_insertion	-645	frame_preserved
ENSG00000205403	ENST00000882818.1	PB.24256.156	A3SS	LOSS	109760416	109760381	36	-36	FALSE	TRUE	NA	-431	frame_disrupted
ENSG00000205403	ENST00000882818.1	PB.24256.156	A5SS	GAIN	109760269	109760252	18	-18	FALSE	TRUE	NA	-431	frame_disrupted
ENSG00000205403	ENST00000882818.1	PB.24256.156	Missing_Internal	LOSS	109741110	109740698	413	-431	TRUE	TRUE	frame_disruption	-431	frame_disrupted
ENSG00000205403	ENST00000882818.1	PB.24256.167	A3SS	LOSS	109760416	109760381	36	-36	FALSE	TRUE	NA	-431	frame_disrupted
ENSG00000205403	ENST00000882818.1	PB.24256.167	A5SS	GAIN	109760269	109760252	18	-18	FALSE	TRUE	NA	-431	frame_disrupted
ENSG00000205403	ENST00000882818.1	PB.24256.167	Missing_Internal	LOSS	109741110	109740698	413	-431	TRUE	TRUE	frame_disruption	-431	frame_disrupted
ENSG00000205423	ENST00000961445.1	PB.11909.19	A3SS	GAIN	50029725	50029736	12	12	FALSE	TRUE	NA	-1777	frame_disrupted
ENSG00000205423	ENST00000961445.1	PB.11909.19	Partial_IR_5	GAIN	50033507	50033636	130	142	TRUE	TRUE	direct_stop_insertion	-1777	frame_disrupted
ENSG00000205517	PB.15090.12	PB.15090.15	A3SS	LOSS	11399969	11399952	18	-18	FALSE	TRUE	NA	-429	frame_preserved
ENSG00000205517	PB.15090.12	PB.15090.15	Partial_IR_3	LOSS	11395089	11394679	411	-429	FALSE	TRUE	NA	-429	frame_preserved
ENSG00000205726	ENST00000381318.8	PB.20058.19	Partial_IR_3	LOSS	33750143	33750253	111	-111	FALSE	TRUE	NA	-82502	frame_disrupted
ENSG00000205726	ENST00000381318.8	PB.20058.19	Missing_Internal	LOSS	33802430	33802444	15	-126	FALSE	TRUE	NA	-82502	frame_disrupted
ENSG00000205726	ENST00000381318.8	PB.20058.19	Missing_Internal	LOSS	33810975	33811222	248	-374	TRUE	TRUE	frame_disruption	-82502	frame_disrupted
ENSG00000206481	ENST00000450033.5	ENST00000550688.2	A5SS	LOSS	1969143	1969091	51	-51	FALSE	TRUE	NA	-51	frame_preserved
ENSG00000213066	PB.28628.6	PB.28628.41	SE	GAIN	167026547	167029221	2675	2675	TRUE	TRUE	frame_disruption	2675	frame_disrupted
ENSG00000213337	ENST00000871181.1	ENST00000443120.5	SE	GAIN	96853604	96853401	204	204	FALSE	TRUE	NA	204	frame_preserved
ENSG00000213337	ENST00000871181.1	PB.17330.21	SE	GAIN	96853604	96853401	204	204	FALSE	TRUE	NA	204	frame_preserved
ENSG00000213337	ENST00000871181.1	PB.17330.36	SE	GAIN	96853604	96853401	204	204	FALSE	TRUE	NA	204	frame_preserved
ENSG00000213337	ENST00000871181.1	PB.17330.37	SE	GAIN	96853604	96853401	204	204	FALSE	TRUE	NA	204	frame_preserved
ENSG00000213337	ENST00000871181.1	PB.17330.7	SE	GAIN	96853604	96853401	204	204	FALSE	TRUE	NA	204	frame_preserved
ENSG00000213366	ENST00000918996.1	PB.1672.1	Missing_Internal	GAIN	109668425	109668500	76	76	TRUE	TRUE	frame_disruption	141	frame_preserved
ENSG00000213471	ENST00000621485.4	PB.11179.465	A5SS	GAIN	90253361	90253367	7	7	TRUE	TRUE	frame_disruption	439	frame_disrupted
ENSG00000213593	ENST00000713948.1	ENST00000528110.5	SE	GAIN	57738664	57738770	107	107	TRUE	TRUE	frame_disruption	107	frame_disrupted
ENSG00000213614	ENST00000684415.1	ENST00000682177.1	A3SS	GAIN	72350693	72350651	43	43	TRUE	TRUE	frame_disruption	26	frame_disrupted
ENSG00000213614	ENST00000684415.1	ENST00000682843.1	SE	GAIN	72370688	72370431	258	258	FALSE	TRUE	NA	241	frame_disrupted
ENSG00000213614	ENST00000684415.1	ENST00000682843.1	A5SS	LOSS	72348048	72348030	17	241	TRUE	TRUE	frame_disruption	241	frame_disrupted
ENSG00000213614	ENST00000684415.1	ENST00000683860.1	A5SS	LOSS	72348048	72348030	17	-17	TRUE	TRUE	frame_disruption	-17	frame_disrupted
ENSG00000213889	ENST00000396736.2	PB.15838.11	A3SS	GAIN	45500650	45500689	40	40	TRUE	TRUE	frame_disruption	261	frame_preserved
ENSG00000213983	ENST00000888309.1	PB.9209.155	A3SS	GAIN	23563856	23563821	36	36	FALSE	TRUE	NA	36	frame_preserved
ENSG00000213983	ENST00000888309.1	PB.9209.78	A3SS	LOSS	23562066	23562054	13	-13	TRUE	TRUE	frame_disruption	-276	frame_preserved
ENSG00000214517	ENST00000856425.1	PB.5835.10	A3SS	GAIN	74204353	74204354	2	2	TRUE	TRUE	frame_disruption	6	frame_preserved
ENSG00000215029	PB.34070.37	ENST00000643059.1	A3SS	GAIN	102469158	102469136	23	23	TRUE	TRUE	frame_disruption	-2281	frame_disrupted
ENSG00000215440	ENST00000908536.1	PB.19708.322	Missing_Internal	GAIN	58702923	58703761	839	839	TRUE	TRUE	frame_disruption	-10275	frame_preserved
ENSG00000219481	PB.331.44	PB.331.41	A5SS	GAIN	16567178	16567141	38	38	TRUE	TRUE	frame_disruption	153	frame_preserved
ENSG00000220804	PB.18932.1	PB.18932.10	SE	LOSS	242116183	242116232	50	-50	TRUE	TRUE	frame_disruption	-50	frame_disrupted
ENSG00000220804	PB.18932.1	PB.18932.23	SE	LOSS	242116183	242116232	50	-50	TRUE	TRUE	frame_disruption	-50	frame_disrupted
ENSG00000220804	PB.18932.29	PB.18932.23	SE	LOSS	242116183	242116232	50	-50	TRUE	TRUE	frame_disruption	-50	frame_disrupted
ENSG00000220804	PB.18932.29	PB.18932.5	SE	LOSS	242116183	242116232	50	-50	TRUE	TRUE	frame_disruption	-50	frame_disrupted
ENSG00000221914	PB.30720.10	PB.30720.50	A3SS	GAIN	26366293	26366314	22	22	TRUE	TRUE	frame_disruption	22	frame_disrupted
ENSG00000221968	ENST00000525588.5	PB.5498.3	A5SS	GAIN	61879395	61879312	84	84	FALSE	TRUE	NA	84	frame_preserved
ENSG00000221968	ENST00000525588.5	PB.5498.4	A5SS	GAIN	61879395	61879312	84	84	FALSE	TRUE	NA	84	frame_preserved
ENSG00000221968	ENST00000525588.5	PB.5498.5	A5SS	GAIN	61879395	61879312	84	84	FALSE	TRUE	NA	84	frame_preserved
ENSG00000221968	ENST00000525588.5	PB.5498.6	A5SS	GAIN	61879395	61879312	84	84	FALSE	TRUE	NA	84	frame_preserved
ENSG00000225697	PB.21557.215	PB.21557.172	Partial_IR_5	GAIN	48631762	48631649	114	114	TRUE	TRUE	direct_stop_insertion	114	frame_preserved
ENSG00000227322	ENST00000436753.6	ENST00000463338.5	SE	LOSS	4610921	4610674	248	-248	TRUE	TRUE	frame_disruption	-248	frame_disrupted
ENSG00000237289	ENST00000437924.5	PB.10492.31	A3SS	GAIN	43594879	43594971	93	93	FALSE	TRUE	NA	93	frame_preserved
ENSG00000237440	ENST00000597940.1	PB.15381.16	SE	LOSS	20564138	20564041	98	-98	TRUE	TRUE	frame_disruption	-98	frame_disrupted
ENSG00000239900	ENST00000892509.1	PB.20769.694	Missing_Internal	GAIN	40353073	40353117	45	45	FALSE	TRUE	NA	104	frame_disrupted
ENSG00000239900	ENST00000892509.1	PB.20769.694	Missing_Internal	GAIN	40354248	40354327	80	125	TRUE	TRUE	frame_disruption	104	frame_disrupted
ENSG00000241685	PB.29672.4	PB.29672.5	Partial_IR_5	LOSS	99354122	99354542	421	-421	TRUE	TRUE	frame_disruption	-421	frame_disrupted
ENSG00000242247	ENST00000263245.10	PB.20857.100	Missing_Internal	GAIN	42829531	42828979	553	553	TRUE	TRUE	frame_disruption	-30118	frame_disrupted
ENSG00000242612	PB.11315.2	ENST00000445291.5	SE	GAIN	406685	406952	268	268	TRUE	TRUE	frame_disruption	-825	frame_preserved
ENSG00000242689	PB.5435.191	PB.5435.190	Partial_IR_5	GAIN	58624227	58626350	2124	2124	TRUE	TRUE	direct_stop_insertion	-11374	frame_disrupted
ENSG00000243335	ENST00000640851.1	PB.29325.20	SE	LOSS	66639128	66639228	101	-101	TRUE	TRUE	frame_disruption	-101	frame_disrupted
ENSG00000243710	ENST00000610710.4	PB.873.20	Partial_IR_5	GAIN	43224205	43225051	847	847	TRUE	TRUE	direct_stop_insertion	-27677	frame_disrupted
ENSG00000244395	ENST00000418956.2	ENST00000382653.6	SE	LOSS	21888805	21888628	178	-178	TRUE	TRUE	frame_disruption	-67	frame_disrupted
ENSG00000244754	PB.8447.52	PB.8447.43	Missing_Internal	GAIN	32480637	32480590	48	48	FALSE	TRUE	NA	170	frame_disrupted
ENSG00000244754	PB.8447.52	PB.8447.43	Missing_Internal	GAIN	32446480	32446359	122	170	TRUE	TRUE	frame_disruption	170	frame_disrupted
ENSG00000249709	ENST00000416136.1	PB.15132.2	Missing_Internal	LOSS	12548862	12548713	150	-150	FALSE	TRUE	NA	-150	frame_preserved
ENSG00000250264	ENST00000452392.2	PB.27232.8	A3SS	LOSS	32832824	32832824	1	-1	TRUE	TRUE	frame_disruption	-93	frame_preserved
ENSG00000254986	ENST00000883958.1	PB.5674.23	Partial_IR_5	GAIN	66482471	66483755	1285	1285	TRUE	TRUE	direct_stop_insertion	-18597	frame_preserved
ENSG00000257103	PB.15482.41	PB.15482.40	SE	GAIN	34215124	34215300	177	177	FALSE	TRUE	NA	177	frame_preserved
ENSG00000258366	ENST00000356810.5	ENST00000692658.1	Partial_IR_3	GAIN	63661744	63661849	106	106	TRUE	TRUE	direct_stop_insertion	-44	frame_disrupted
ENSG00000258366	ENST00000356810.5	PB.19793.31	Partial_IR_3	LOSS	63662396	63662545	150	-150	FALSE	TRUE	NA	-150	frame_preserved
ENSG00000269825	ENST00000687234.1	ENST00000706198.1	Missing_Internal	GAIN	52652431	52652358	74	74	TRUE	TRUE	frame_disruption	305	frame_disrupted
ENSG00000269858	PB.15682.49	PB.15682.47	SE	GAIN	40804930	40804993	64	64	TRUE	TRUE	frame_disruption	64	frame_disrupted
ENSG00000270106	ENST00000602956.5	ENST00000602885.5	Missing_Internal	LOSS	231537213	231537327	115	-115	TRUE	TRUE	frame_disruption	-246	frame_preserved
ENSG00000271793	PB.27830.395	PB.27830.400	Partial_IR_5	GAIN	85572136	85571441	696	696	TRUE	TRUE	direct_stop_insertion	-5678	frame_disrupted
ENSG00000274296	ENST00000633596.1	ENST00000633143.1	A5SS	GAIN	5508	5543	36	36	FALSE	TRUE	NA	248	frame_disrupted
ENSG00000274296	ENST00000633596.1	ENST00000633143.1	Missing_Internal	GAIN	5831	5979	149	185	TRUE	TRUE	frame_disruption	248	frame_disrupted
ENSG00000275970	ENST00000614917.4	ENST00000619155.4	SE	LOSS	161350	161385	36	-36	FALSE	TRUE	NA	-445	frame_disrupted
ENSG00000275970	ENST00000614917.4	ENST00000619155.4	Partial_IR_5	GAIN	174249	174662	414	378	TRUE	TRUE	direct_stop_insertion	-445	frame_disrupted
ENSG00000276858	ENST00000610786.4	ENST00000617762.4	Partial_IR_5	GAIN	164171	164592	422	422	TRUE	TRUE	direct_stop_insertion	-374	frame_disrupted
ENSG00000277816	ENST00000619617.4	ENST00000614546.4	A5SS	GAIN	196713	196628	86	86	TRUE	TRUE	frame_disruption	-83	frame_disrupted
ENSG00000278173	ENST00000621787.2	ENST00000622173.4	A3SS	LOSS	842593	842510	84	-84	FALSE	TRUE	NA	-121	frame_disrupted
ENSG00000278173	ENST00000621787.2	ENST00000622173.4	A3SS	LOSS	832125	832089	37	-121	TRUE	TRUE	frame_disruption	-121	frame_disrupted
ENSG00000281244	ENST00000630700.2	ENST00000626661.1	Missing_Internal	LOSS	254728	254865	138	-138	FALSE	TRUE	NA	-349	frame_disrupted
ENSG00000281244	ENST00000630700.2	ENST00000626661.1	Missing_Internal	LOSS	255794	256004	211	-349	TRUE	TRUE	frame_disruption	-349	frame_disrupted
ENSG00000284254	ENST00000710502.1	ENST00000710507.1	SE	LOSS	385682	385544	139	-139	TRUE	TRUE	frame_disruption	-139	frame_disrupted
ENSG00000288299	ENST00000671938.1	ENST00000671771.1	A5SS	LOSS	148407	148420	14	-14	TRUE	TRUE	frame_disruption	-248	frame_disrupted
ENSG00000289731	ENST00000697482.2	ENST00000697523.2	Missing_Internal	LOSS	176106560	176106590	31	-31	TRUE	TRUE	frame_disruption	-102	frame_preserved
ENSG00000291730	ENST00000708495.1	ENST00000708490.1	Missing_Internal	GAIN	57150	57101	50	50	TRUE	TRUE	frame_disruption	190	frame_disrupted
ENSG00000292196	ENST00000710013.1	ENST00000710014.1	SE	LOSS	543765	543851	87	-87	FALSE	TRUE	NA	50	frame_disrupted
ENSG00000292196	ENST00000710013.1	ENST00000710014.1	SE	GAIN	551608	551703	96	9	FALSE	TRUE	NA	50	frame_disrupted
ENSG00000292196	ENST00000710013.1	ENST00000710014.1	A5SS	GAIN	575087	575127	41	50	TRUE	TRUE	frame_disruption	50	frame_disrupted
ENSG00000292219	ENST00000710114.1	ENST00000710141.1	Missing_Internal	GAIN	157042	156989	54	54	FALSE	TRUE	NA	162	frame_preserved
ENSG00000292219	ENST00000710114.1	ENST00000710141.1	Missing_Internal	GAIN	156192	156085	108	162	FALSE	TRUE	NA	162	frame_preserved
ENSG00000292219	ENST00000710114.1	ENST00000710195.1	Partial_IR_5	GAIN	161022	160834	189	189	TRUE	TRUE	direct_stop_insertion	-1401	frame_preserved
ENSG00000292301	ENST00000710900.1	ENST00000710899.1	SE	LOSS	4347871	4347649	223	-223	TRUE	TRUE	frame_disruption	-223	frame_disrupted
