ensembl_gene_id,hgnc_symbol,entrez_id,is_target
ENSG00000000003,TSPAN6,7105,FALSE
ENSG00000000419,DPM1,8813,FALSE
ENSG00000000457,SCYL3,57147,FALSE
ENSG00000000460,FIRRM,55732,FALSE
ENSG00000000938,FGR,2268,FALSE
ENSG00000000971,CFH,3075,FALSE
ENSG00000001036,FUCA2,2519,FALSE
ENSG00000001084,GCLC,2729,FALSE
ENSG00000001167,NFYA,4800,FALSE
ENSG00000001460,STPG1,90529,FALSE
ENSG00000001461,NIPAL3,57185,FALSE
ENSG00000001561,ENPP4,22875,FALSE
ENSG00000001617,SEMA3F,6405,FALSE
ENSG00000001629,ANKIB1,54467,FALSE
ENSG00000001630,CYP51A1,1595,FALSE
ENSG00000001631,KRIT1,889,FALSE
ENSG00000002016,RAD52,5893,FALSE
ENSG00000002330,BAD,572,FALSE
ENSG00000002549,LAP3,51056,FALSE
ENSG00000002586,CD99,4267,FALSE
ENSG00000002587,HS3ST1,9957,FALSE
ENSG00000002726,AOC1,26,FALSE
ENSG00000002745,WNT16,51384,FALSE
ENSG00000002822,MAD1L1,8379,FALSE
ENSG00000002834,LASP1,3927,FALSE
ENSG00000002919,SNX11,29916,FALSE
ENSG00000002933,TMEM176A,55365,FALSE
ENSG00000003056,M6PR,4074,FALSE
ENSG00000003096,KLHL13,90293,FALSE
ENSG00000003147,ICA1,3382,FALSE
ENSG00000003249,DBNDD1,79007,FALSE
ENSG00000003393,ALS2,57679,FALSE
ENSG00000003400,CASP10,843,TRUE
ENSG00000003402,CFLAR,8837,TRUE
ENSG00000003436,TFPI,7035,FALSE
ENSG00000003509,NDUFAF7,55471,TRUE
ENSG00000003756,RBM5,10181,FALSE
ENSG00000003987,MTMR7,9108,FALSE
ENSG00000003989,SLC7A2,6542,FALSE
ENSG00000004455,AK2,204,TRUE
ENSG00000004468,CD38,952,FALSE
ENSG00000004478,FKBP4,2288,FALSE
ENSG00000004487,KDM1A,23028,FALSE
ENSG00000004534,RBM6,10180,FALSE
ENSG00000004660,CAMKK1,84254,FALSE
ENSG00000004700,RECQL,5965,FALSE
ENSG00000004766,VPS50,55610,FALSE
ENSG00000004776,HSPB6,126393,FALSE
ENSG00000004799,PDK4,5166,FALSE
ENSG00000004809,SLC22A16,85413,FALSE
ENSG00000004838,ZMYND10,51364,FALSE
ENSG00000004864,SLC25A13,10165,FALSE
ENSG00000004866,ST7,7982,FALSE
ENSG00000004961,HCCS,3052,FALSE
ENSG00000004975,DVL2,1856,FALSE
ENSG00000005001,PRSS22,64063,FALSE
ENSG00000005020,SKAP2,8935,TRUE
ENSG00000005059,MCUB,55013,FALSE
ENSG00000005075,POLR2J,5439,FALSE
ENSG00000005100,DHX33,56919,FALSE
ENSG00000005156,LIG3,3980,FALSE
ENSG00000005175,RPAP3,79657,FALSE
ENSG00000005187,ACSM3,6296,FALSE
ENSG00000005189,REXO5,81691,FALSE
ENSG00000005194,CIAPIN1,57019,FALSE
ENSG00000005206,SPPL2B,56928,FALSE
ENSG00000005238,ATOSB,80256,FALSE
ENSG00000005243,COPZ2,51226,FALSE
ENSG00000005249,PRKAR2B,5577,FALSE
ENSG00000005302,MSL3,10943,FALSE
ENSG00000005421,PON1,5444,FALSE
ENSG00000005436,GCFC2,6936,FALSE
ENSG00000005448,WDR54,84058,TRUE
ENSG00000005469,CROT,54677,FALSE
ENSG00000005486,RHBDD2,57414,FALSE
ENSG00000005513,SOX8,30812,FALSE
ENSG00000005801,ZNF195,7748,TRUE
ENSG00000005812,FBXL3,26224,TRUE
ENSG00000005882,PDK2,5164,FALSE
ENSG00000005893,LAMP2,3920,TRUE
ENSG00000006007,GDE1,51573,FALSE
ENSG00000006015,REX1BD,55049,FALSE
ENSG00000006016,CRLF1,9244,FALSE
ENSG00000006025,OSBPL7,114881,FALSE
ENSG00000006042,TMEM98,26022,FALSE
ENSG00000006047,YBX2,51087,FALSE
ENSG00000006062,MAP3K14,9020,FALSE
ENSG00000006118,TMEM132A,54972,FALSE
ENSG00000006125,AP2B1,163,FALSE
ENSG00000006128,TAC1,6863,FALSE
ENSG00000006194,ZNF263,10127,FALSE
ENSG00000006210,CX3CL1,6376,FALSE
ENSG00000006282,SPATA20,64847,FALSE
ENSG00000006453,BAIAP2L1,55971,FALSE
ENSG00000006468,ETV1,2115,FALSE
ENSG00000006530,AGK,55750,FALSE
ENSG00000006534,ALDH3B1,221,FALSE
ENSG00000006555,TTC22,55001,TRUE
ENSG00000006576,PHTF2,57157,FALSE
ENSG00000006611,USH1C,10083,FALSE
ENSG00000006625,GGCT,79017,FALSE
ENSG00000006634,DBF4,10926,TRUE
ENSG00000006638,TBXA2R,6915,FALSE
ENSG00000006652,IFRD1,3475,FALSE
ENSG00000006695,COX10,1352,FALSE
ENSG00000006704,GTF2IRD1,9569,FALSE
ENSG00000006712,PAF1,54623,FALSE
ENSG00000006715,VPS41,27072,FALSE
ENSG00000006740,ARHGAP44,9912,FALSE
ENSG00000006744,ELAC2,60528,FALSE
ENSG00000006747,SCIN,85477,FALSE
ENSG00000006757,PNPLA4,8228,FALSE
ENSG00000006831,ADIPOR2,79602,FALSE
ENSG00000007038,PRSS21,10942,FALSE
ENSG00000007062,PROM1,8842,FALSE
ENSG00000007080,CCDC124,115098,FALSE
ENSG00000007168,PAFAH1B1,5048,FALSE
ENSG00000007216,SLC13A2,9058,FALSE
ENSG00000007237,GAS7,8522,FALSE
ENSG00000007255,TRAPPC6A,79090,FALSE
ENSG00000007264,MATK,4145,FALSE
ENSG00000007306,CEACAM7,1087,FALSE
ENSG00000007372,PAX6,5080,FALSE
ENSG00000007376,RPUSD1,113000,TRUE
ENSG00000007384,RHBDF1,64285,FALSE
ENSG00000007392,LUC7L,55692,FALSE
ENSG00000007520,TSR3,115939,FALSE
ENSG00000007541,PIGQ,9091,FALSE
ENSG00000007866,TEAD3,7005,FALSE
ENSG00000007908,SELE,6401,FALSE
ENSG00000007923,DNAJC11,55735,TRUE
ENSG00000007933,FMO3,2328,FALSE
ENSG00000007944,MYLIP,29116,FALSE
ENSG00000007952,NOX1,27035,FALSE
ENSG00000007968,E2F2,1870,FALSE
ENSG00000008086,CDKL5,6792,FALSE
ENSG00000008118,CAMK1G,57172,FALSE
ENSG00000008130,NADK,65220,TRUE
ENSG00000008256,CYTH3,9265,FALSE
ENSG00000008277,ADAM22,53616,FALSE
ENSG00000008282,SYPL1,6856,FALSE
ENSG00000008283,CYB561,1534,FALSE
ENSG00000008294,SPAG9,9043,FALSE
ENSG00000008311,AASS,10157,FALSE
ENSG00000008323,PLEKHG6,55200,FALSE
ENSG00000008324,SS18L2,51188,TRUE
ENSG00000008382,MPND,84954,FALSE
ENSG00000008394,MGST1,4257,FALSE
ENSG00000008405,CRY1,1407,FALSE
ENSG00000008441,NFIX,4784,FALSE
ENSG00000008513,ST3GAL1,6482,FALSE
ENSG00000008517,IL32,9235,FALSE
ENSG00000008735,MAPK8IP2,23542,FALSE
ENSG00000008853,RHOBTB2,23221,FALSE
ENSG00000008869,HEATR5B,54497,FALSE
ENSG00000008952,SEC62,7095,FALSE
ENSG00000008988,RPS20,6224,FALSE
ENSG00000009307,CSDE1,7812,FALSE
ENSG00000009335,UBE3C,9690,FALSE
ENSG00000009765,IYD,389434,FALSE
ENSG00000009780,FAM76A,199870,FALSE
ENSG00000009830,POMT2,29954,FALSE
ENSG00000009844,VTA1,51534,FALSE
ENSG00000009950,MLXIPL,51085,FALSE
ENSG00000010017,RANBP9,10048,FALSE
ENSG00000010030,ETV7,51513,FALSE
ENSG00000010072,SPRTN,83932,FALSE
ENSG00000010165,METTL13,51603,FALSE
ENSG00000010244,ZNF207,7756,FALSE
ENSG00000010270,STARD3NL,83930,FALSE
ENSG00000010292,NCAPD2,9918,FALSE
ENSG00000010319,SEMA3G,56920,FALSE
ENSG00000010361,FUZ,80199,FALSE
ENSG00000010404,IDS,3423,FALSE
ENSG00000010438,PRSS3,5646,TRUE
ENSG00000010539,ZNF200,7752,FALSE
ENSG00000010626,LRRC23,10233,FALSE
ENSG00000010704,HFE,3077,FALSE
ENSG00000010810,FYN,2534,FALSE
ENSG00000010932,FMO1,2326,FALSE
ENSG00000011007,ELOA,6924,FALSE
ENSG00000011009,LYPLA2,11313,FALSE
ENSG00000011052,NME1-NME2,654364,FALSE
ENSG00000011105,TSPAN9,10867,FALSE
ENSG00000011114,BTBD7,55727,FALSE
ENSG00000011132,APBA3,9546,FALSE
ENSG00000011143,MKS1,54903,TRUE
ENSG00000011198,ABHD5,51099,FALSE
ENSG00000011243,AKAP8L,26993,FALSE
ENSG00000011258,MBTD1,54799,FALSE
ENSG00000011260,UTP18,51096,FALSE
ENSG00000011275,RNF216,54476,FALSE
ENSG00000011295,TTC19,54902,FALSE
ENSG00000011304,PTBP1,5725,FALSE
ENSG00000011332,DPF1,8193,FALSE
ENSG00000011347,SYT7,9066,FALSE
ENSG00000011376,LARS2,23395,FALSE
ENSG00000011422,PLAUR,5329,FALSE
ENSG00000011426,ANLN,54443,FALSE
ENSG00000011478,QPCTL,54814,FALSE
ENSG00000011485,PPP5C,5536,FALSE
ENSG00000011566,MAP4K3,8491,FALSE
ENSG00000011638,LDAF1,57146,FALSE
ENSG00000012061,ERCC1,2067,FALSE
ENSG00000012171,SEMA3B,7869,FALSE
ENSG00000012174,MBTPS2,51360,TRUE
ENSG00000012211,PRICKLE3,4007,FALSE
ENSG00000012660,ELOVL5,60481,FALSE
ENSG00000012779,ALOX5,240,FALSE
ENSG00000012817,KDM5D,8284,FALSE
ENSG00000012822,CALCOCO1,57658,FALSE
ENSG00000012963,UBR7,55148,FALSE
ENSG00000012983,MAP4K5,11183,FALSE
ENSG00000013016,EHD3,30845,FALSE
ENSG00000013288,MAN2B2,23324,FALSE
ENSG00000013297,CLDN11,5010,FALSE
ENSG00000013306,SLC25A39,51629,FALSE
ENSG00000013364,MVP,9961,FALSE
ENSG00000013374,NUB1,51667,TRUE
ENSG00000013375,PGM3,5238,FALSE
ENSG00000013392,RWDD2A,112611,FALSE
ENSG00000013441,CLK1,1195,FALSE
ENSG00000013503,POLR3B,55703,FALSE
ENSG00000013523,ANGEL1,23357,TRUE
ENSG00000013561,RNF14,9604,FALSE
ENSG00000013563,DNASE1L1,1774,TRUE
ENSG00000013573,DDX11,1663,FALSE
ENSG00000013583,HEBP1,50865,FALSE
ENSG00000013588,GPRC5A,9052,FALSE
ENSG00000013619,MAMLD1,10046,FALSE
ENSG00000013810,TACC3,10460,FALSE
ENSG00000014123,UFL1,23376,FALSE
ENSG00000014138,POLA2,23649,FALSE
ENSG00000014164,ZC3H3,23144,FALSE
ENSG00000014257,ACP3,55,FALSE
ENSG00000014824,SLC30A9,10463,FALSE
ENSG00000014914,MTMR11,10903,FALSE
ENSG00000014919,COX15,1355,FALSE
ENSG00000015133,CCDC88C,440193,FALSE
ENSG00000015153,YAF2,10138,FALSE
ENSG00000015171,ZMYND11,10771,FALSE
ENSG00000015413,DPEP1,1800,FALSE
ENSG00000015479,MATR3,9782,FALSE
ENSG00000015532,XYLT2,64132,FALSE
ENSG00000015568,RGPD5,84220,FALSE
ENSG00000015592,STMN4,81551,FALSE
ENSG00000015676,NUDCD3,23386,FALSE
ENSG00000016082,ISL1,3670,FALSE
ENSG00000016391,CHDH,55349,FALSE
ENSG00000016402,IL20RA,53832,TRUE
ENSG00000016602,CLCA4,22802,FALSE
ENSG00000016864,GLT8D1,55830,FALSE
ENSG00000017260,ATP2C1,27032,FALSE
ENSG00000017427,IGF1,3479,FALSE
ENSG00000017797,RALBP1,10928,FALSE
ENSG00000018236,CNTN1,1272,FALSE
ENSG00000018408,WWTR1,25937,FALSE
ENSG00000018510,AGPS,8540,FALSE
ENSG00000018610,STEEP1,63932,FALSE
ENSG00000018699,TTC27,55622,FALSE
ENSG00000018869,ZNF582,147948,FALSE
ENSG00000019102,VSIG2,23584,FALSE
ENSG00000019186,CYP24A1,1591,FALSE
ENSG00000019549,SNAI2,6591,FALSE
ENSG00000019582,CD74,972,FALSE
ENSG00000019991,HGF,3082,FALSE
ENSG00000019995,ZRANB1,54764,FALSE
ENSG00000020129,NCDN,23154,FALSE
ENSG00000020256,ZFP64,55734,TRUE
ENSG00000020426,MNAT1,4331,FALSE
ENSG00000020633,RUNX3,864,FALSE
ENSG00000020922,MRE11,4361,FALSE
ENSG00000021300,PLEKHB1,58473,FALSE
ENSG00000021355,SERPINB1,1992,FALSE
ENSG00000021574,SPAST,6683,FALSE
ENSG00000021645,NRXN3,9369,FALSE
ENSG00000021762,OSBPL5,114879,FALSE
ENSG00000021776,AQR,9716,FALSE
ENSG00000021852,C8B,732,FALSE
ENSG00000022267,FHL1,2273,FALSE
ENSG00000022277,RTF2,51507,FALSE
ENSG00000022840,RNF10,9921,FALSE
ENSG00000022976,ZNF839,55778,FALSE
ENSG00000023041,ZDHHC6,64429,TRUE
ENSG00000023171,GRAMD1B,57476,FALSE
ENSG00000023191,RNH1,6050,FALSE
ENSG00000023228,NDUFS1,4719,FALSE
ENSG00000023318,ERP44,23071,FALSE
ENSG00000023330,ALAS1,211,FALSE
ENSG00000023572,GLRX2,51022,FALSE
ENSG00000023697,DERA,51071,FALSE
ENSG00000023734,STRAP,11171,FALSE
ENSG00000023892,DEF6,50619,FALSE
ENSG00000023902,PLEKHO1,51177,FALSE
ENSG00000023909,GCLM,2730,FALSE
ENSG00000024048,UBR2,23304,FALSE
ENSG00000024422,EHD2,30846,FALSE
ENSG00000024526,DEPDC1,55635,FALSE
ENSG00000024862,CCDC28A,25901,FALSE
ENSG00000025039,RRAGD,58528,FALSE
ENSG00000025156,HSF2,3298,FALSE
ENSG00000025423,HSD17B6,8630,FALSE
ENSG00000025434,NR1H3,10062,FALSE
ENSG00000025708,TYMP,1890,FALSE
ENSG00000025770,NCAPH2,29781,FALSE
ENSG00000025772,TOMM34,10953,FALSE
ENSG00000025796,SEC63,11231,FALSE
ENSG00000025800,KPNA6,23633,FALSE
ENSG00000026025,VIM,7431,FALSE
ENSG00000026103,FAS,355,FALSE
ENSG00000026297,RNASET2,8635,FALSE
ENSG00000026508,CD44,960,FALSE
ENSG00000026652,AGPAT4,56895,FALSE
ENSG00000026751,SLAMF7,57823,FALSE
ENSG00000026950,BTN3A1,11119,TRUE
ENSG00000027001,MIPEP,4285,FALSE
ENSG00000027075,PRKCH,5583,FALSE
ENSG00000027697,IFNGR1,3459,FALSE
ENSG00000027847,B4GALT7,11285,FALSE
ENSG00000028116,VRK2,7444,FALSE
ENSG00000028137,TNFRSF1B,7133,FALSE
ENSG00000028203,VEZT,55591,FALSE
ENSG00000028277,POU2F2,5452,FALSE
ENSG00000028310,BRD9,65980,FALSE
ENSG00000028528,SNX1,6642,FALSE
ENSG00000028839,TBPL1,9519,TRUE
ENSG00000029153,BMAL2,56938,FALSE
ENSG00000029364,SLC39A9,55334,FALSE
ENSG00000029534,ANK1,286,FALSE
ENSG00000029639,TFB1M,51106,FALSE
ENSG00000029993,HMGB3,3149,FALSE
ENSG00000030066,NUP160,23279,FALSE
ENSG00000030110,BAK1,578,FALSE
ENSG00000030419,IKZF2,22807,FALSE
ENSG00000030582,GRN,2896,FALSE
ENSG00000031081,ARHGAP31,57514,FALSE
ENSG00000031691,CENPQ,55166,FALSE
ENSG00000031698,SARS1,6301,TRUE
ENSG00000031823,RANBP3,8498,TRUE
ENSG00000032389,EIPR1,7260,FALSE
ENSG00000032742,IFT88,8100,FALSE
ENSG00000033011,ALG1,56052,TRUE
ENSG00000033030,ZCCHC8,55596,FALSE
ENSG00000033050,ABCF2,10061,FALSE
ENSG00000033100,CHPF2,54480,TRUE
ENSG00000033170,FUT8,2530,FALSE
ENSG00000033178,UBA6,55236,FALSE
ENSG00000033327,GAB2,9846,FALSE
ENSG00000033627,ATP6V0A1,535,TRUE
ENSG00000033800,PIAS1,8554,FALSE
ENSG00000034053,APBA2,321,FALSE
ENSG00000034152,MAP2K3,5606,FALSE
ENSG00000034239,CLXN,79645,FALSE
ENSG00000034510,TMSB10,9168,FALSE
ENSG00000034533,ASTE1,28990,TRUE
ENSG00000034677,RNF19A,25897,FALSE
ENSG00000034693,PEX3,8504,FALSE
ENSG00000034713,GABARAPL2,11345,FALSE
ENSG00000034971,MYOC,4653,FALSE
ENSG00000035141,FAM136A,84908,FALSE
ENSG00000035403,VCL,7414,FALSE
ENSG00000035499,DEPDC1B,55789,FALSE
ENSG00000035664,DAPK2,23604,FALSE
ENSG00000035681,NSMAF,8439,FALSE
ENSG00000035687,ADSS2,159,FALSE
ENSG00000035862,TIMP2,7077,FALSE
ENSG00000036054,TBC1D23,55773,FALSE
ENSG00000036257,CUL3,8452,FALSE
ENSG00000036672,USP2,9099,FALSE
ENSG00000037042,TUBG2,27175,FALSE
ENSG00000037241,RPL26L1,51121,TRUE
ENSG00000037280,FLT4,2324,FALSE
ENSG00000037474,NSUN2,54888,FALSE
ENSG00000037637,FBXO42,54455,FALSE
ENSG00000037749,MFAP3,4238,TRUE
ENSG00000037897,METTL1,4234,FALSE
ENSG00000037965,HOXC8,3224,FALSE
ENSG00000038002,AGA,175,FALSE
ENSG00000038210,PI4K2B,55300,FALSE
ENSG00000038295,TLL1,7092,FALSE
ENSG00000038358,EDC4,23644,FALSE
ENSG00000038427,VCAN,1462,FALSE
ENSG00000039068,CDH1,999,FALSE
ENSG00000039123,MTREX,23517,FALSE
ENSG00000039523,RIPOR1,79567,FALSE
ENSG00000039537,C6,729,FALSE
ENSG00000039650,PNKP,11284,TRUE
ENSG00000040275,SPDL1,54908,FALSE
ENSG00000040341,STAU2,27067,FALSE
ENSG00000040487,SLC66A1,54896,FALSE
ENSG00000040531,CTNS,1497,FALSE
ENSG00000040608,RTN4R,65078,FALSE
ENSG00000040633,PHF23,79142,TRUE
ENSG00000040731,CDH10,1008,FALSE
ENSG00000040933,INPP4A,3631,FALSE
ENSG00000041353,RAB27B,5874,FALSE
ENSG00000041357,PSMA4,5685,FALSE
ENSG00000041802,LSG1,55341,FALSE
ENSG00000041880,PARP3,10039,TRUE
ENSG00000041982,TNC,3371,FALSE
ENSG00000041988,THAP3,90326,TRUE
ENSG00000042088,TDP1,55775,FALSE
ENSG00000042286,AIFM2,84883,FALSE
ENSG00000042317,SPATA7,55812,FALSE
ENSG00000042429,MED17,9440,FALSE
ENSG00000042445,RETSAT,54884,FALSE
ENSG00000042493,CAPG,822,FALSE
ENSG00000042753,AP2S1,1175,FALSE
ENSG00000042980,ADAM28,10863,FALSE
ENSG00000043039,BARX2,8538,FALSE
ENSG00000043093,DCUN1D1,54165,TRUE
ENSG00000043143,JADE2,23338,TRUE
ENSG00000043462,LCP2,3937,FALSE
ENSG00000043514,TRIT1,54802,FALSE
ENSG00000044090,CUL7,9820,FALSE
ENSG00000044446,PHKA2,5256,FALSE
ENSG00000044459,CNTLN,54875,FALSE
ENSG00000044524,EPHA3,2042,FALSE
ENSG00000046604,DSG2,1829,FALSE
ENSG00000046647,GEMIN8,54960,TRUE
ENSG00000046653,GPM6B,2824,FALSE
ENSG00000046889,PREX2,80243,FALSE
ENSG00000047056,WDR37,22884,TRUE
ENSG00000047230,CTPS2,56474,TRUE
ENSG00000047249,ATP6V1H,51606,FALSE
ENSG00000047315,POLR2B,5431,FALSE
ENSG00000047457,CP,1356,FALSE
ENSG00000047579,DTNBP1,84062,FALSE
ENSG00000047621,FERRY3,57102,FALSE
ENSG00000047634,SCML1,6322,FALSE
ENSG00000047648,ARHGAP6,395,FALSE
ENSG00000048052,HDAC9,9734,FALSE
ENSG00000048140,TSPAN17,26262,TRUE
ENSG00000048162,NOP16,51491,FALSE
ENSG00000048342,CC2D2A,57545,FALSE
ENSG00000048392,RRM2B,50484,FALSE
ENSG00000048540,LMO3,55885,TRUE
ENSG00000048544,MRPS10,55173,FALSE
ENSG00000048649,RSF1,51773,FALSE
ENSG00000048707,VPS13D,55187,FALSE
ENSG00000048991,R3HDM1,23518,FALSE
ENSG00000049130,KITLG,4254,FALSE
ENSG00000049167,ERCC8,1161,FALSE
ENSG00000049249,TNFRSF9,3604,FALSE
ENSG00000049283,EPN3,55040,TRUE
ENSG00000049323,LTBP1,4052,FALSE
ENSG00000049540,ELN,2006,FALSE
ENSG00000049541,RFC2,5982,FALSE
ENSG00000049618,ARID1B,57492,FALSE
ENSG00000049656,CLPTM1L,81037,FALSE
ENSG00000049860,HEXB,3074,TRUE
ENSG00000049883,PTCD2,79810,FALSE
ENSG00000050130,JKAMP,51528,FALSE
ENSG00000050165,DKK3,27122,FALSE
ENSG00000050344,NFE2L3,9603,FALSE
ENSG00000050393,MCUR1,63933,FALSE
ENSG00000050405,LIMA1,51474,TRUE
ENSG00000050426,LETMD1,25875,FALSE
ENSG00000050628,PTGER3,5733,FALSE
ENSG00000050730,TNIP3,79931,FALSE
ENSG00000050748,MAPK9,5601,FALSE
ENSG00000051009,FHIP1B,84067,FALSE
ENSG00000051108,HERPUD1,9709,TRUE
ENSG00000051128,HOMER3,9454,FALSE
ENSG00000051180,RAD51,5888,FALSE
ENSG00000051382,PIK3CB,5291,FALSE
ENSG00000051523,CYBA,1535,FALSE
ENSG00000051596,THOC3,84321,FALSE
ENSG00000051620,HEBP2,23593,FALSE
ENSG00000051825,MPHOSPH9,10198,FALSE
ENSG00000052723,SIKE1,80143,TRUE
ENSG00000052749,RRP12,23223,FALSE
ENSG00000052802,MSMO1,6307,FALSE
ENSG00000052841,TTC17,55761,TRUE
ENSG00000053254,FOXN3,1112,FALSE
ENSG00000053328,METTL24,728464,FALSE
ENSG00000053371,AKR7A2,8574,FALSE
ENSG00000053372,MRTO4,51154,FALSE
ENSG00000053438,NNAT,4826,FALSE
ENSG00000053501,USE1,55850,TRUE
ENSG00000053747,LAMA3,3909,FALSE
ENSG00000053770,AP5M1,55745,FALSE
ENSG00000053900,ANAPC4,29945,FALSE
ENSG00000053918,KCNQ1,3784,FALSE
ENSG00000054116,TRAPPC3,27095,FALSE
ENSG00000054148,PHPT1,29085,FALSE
ENSG00000054179,ENTPD2,954,FALSE
ENSG00000054277,OPN3,23596,FALSE
ENSG00000054356,PTPRN,5798,FALSE
ENSG00000054392,HHAT,55733,FALSE
ENSG00000054523,KIF1B,23095,FALSE
ENSG00000054598,FOXC1,2296,FALSE
ENSG00000054611,TBC1D22A,25771,FALSE
ENSG00000054793,ATP9A,10079,FALSE
ENSG00000054965,FAM168A,23201,FALSE
ENSG00000054967,RELT,84957,FALSE
ENSG00000054983,GALC,2581,FALSE
ENSG00000055070,SZRD1,26099,TRUE
ENSG00000055130,CUL1,8454,FALSE
ENSG00000055147,FAM114A2,10827,FALSE
ENSG00000055163,CYFIP2,26999,FALSE
ENSG00000055211,GINM1,116254,FALSE
ENSG00000055332,EIF2AK2,5610,FALSE
ENSG00000055732,MCOLN3,55283,FALSE
ENSG00000055813,CCDC85A,114800,FALSE
ENSG00000055950,MRPL43,84545,FALSE
ENSG00000056050,HPF1,54969,FALSE
ENSG00000056097,ZFR,51663,FALSE
ENSG00000056277,ZNF280C,55609,FALSE
ENSG00000056291,NPFFR2,10886,FALSE
ENSG00000056558,TRAF1,7185,FALSE
ENSG00000056736,IL17RB,55540,FALSE
ENSG00000056972,TRAF3IP2,10758,FALSE
ENSG00000056998,GYG2,8908,FALSE
ENSG00000057019,DCBLD2,131566,FALSE
ENSG00000057149,SERPINB3,6317,FALSE
ENSG00000057252,SOAT1,6646,FALSE
ENSG00000057294,PKP2,5318,FALSE
ENSG00000057608,GDI2,2665,FALSE
ENSG00000057663,ATG5,9474,FALSE
ENSG00000057704,TMCC3,57458,FALSE
ENSG00000057757,PITHD1,57095,FALSE
ENSG00000057935,MTA3,57504,TRUE
ENSG00000058056,USP13,8975,FALSE
ENSG00000058063,ATP11B,23200,FALSE
ENSG00000058085,LAMC2,3918,FALSE
ENSG00000058091,CDK14,5218,FALSE
ENSG00000058600,POLR3E,55718,FALSE
ENSG00000058729,RIOK2,55781,FALSE
ENSG00000058799,YIPF1,54432,FALSE
ENSG00000058804,NDC1,55706,FALSE
ENSG00000059122,FLYWCH1,84256,FALSE
ENSG00000059377,TBXAS1,6916,FALSE
ENSG00000059378,PARP12,64761,FALSE
ENSG00000059573,ALDH18A1,5832,TRUE
ENSG00000059691,GATB,5188,FALSE
ENSG00000059728,MXD1,4084,FALSE
ENSG00000059758,CDK17,5128,FALSE
ENSG00000059769,DNAJC25,548645,FALSE
ENSG00000059804,SLC2A3,6515,FALSE
ENSG00000060069,CTDP1,9150,FALSE
ENSG00000060138,YBX3,8531,FALSE
ENSG00000060140,STYK1,55359,FALSE
ENSG00000060491,OGFR,11054,FALSE
ENSG00000060558,GNA15,2769,FALSE
ENSG00000060642,PIGV,55650,FALSE
ENSG00000060971,ACAA1,30,FALSE
ENSG00000060982,BCAT1,586,FALSE
ENSG00000061337,LZTS1,11178,FALSE
ENSG00000061455,PRDM6,93166,FALSE
ENSG00000061676,NCKAP1,10787,FALSE
ENSG00000061794,MRPS35,60488,FALSE
ENSG00000061918,GUCY1B1,2983,FALSE
ENSG00000061987,MON2,23041,FALSE
ENSG00000062038,CDH3,1001,FALSE
ENSG00000062096,ARSF,416,FALSE
ENSG00000062194,GPBP1,65056,FALSE
ENSG00000062282,DGAT2,84649,FALSE
ENSG00000062370,ZNF112,7771,FALSE
ENSG00000062485,CS,1431,FALSE
ENSG00000062524,LTK,4058,FALSE
ENSG00000062582,MRPS24,64951,FALSE
ENSG00000062598,ELMO2,63916,FALSE
ENSG00000062725,APPBP2,10513,FALSE
ENSG00000062822,POLD1,5424,FALSE
ENSG00000063046,EIF4B,1975,FALSE
ENSG00000063176,SPHK2,56848,TRUE
ENSG00000063177,RPL18,6141,FALSE
ENSG00000063180,CA11,770,FALSE
ENSG00000063241,ISOC2,79763,FALSE
ENSG00000063244,U2AF2,11338,FALSE
ENSG00000063245,EPN1,29924,FALSE
ENSG00000063587,ZNF275,10838,FALSE
ENSG00000063660,GPC1,2817,FALSE
ENSG00000063761,ADCK1,57143,TRUE
ENSG00000063854,HAGH,3029,FALSE
ENSG00000064102,INTS13,55726,FALSE
ENSG00000064115,TM7SF3,51768,FALSE
ENSG00000064195,DLX3,1747,FALSE
ENSG00000064199,SPA17,53340,FALSE
ENSG00000064205,CCN5,8839,FALSE
ENSG00000064218,DMRT3,58524,FALSE
ENSG00000064225,ST3GAL6,10402,FALSE
ENSG00000064270,ATP2C2,9914,FALSE
ENSG00000064300,NGFR,4804,FALSE
ENSG00000064393,HIPK2,28996,FALSE
ENSG00000064419,TNPO3,23534,FALSE
ENSG00000064490,RFXANK,8625,FALSE
ENSG00000064545,TMEM161A,54929,FALSE
ENSG00000064547,LPAR2,9170,FALSE
ENSG00000064601,CTSA,5476,FALSE
ENSG00000064607,SUGP2,10147,FALSE
ENSG00000064651,SLC12A2,6558,FALSE
ENSG00000064652,SNX24,28966,FALSE
ENSG00000064655,EYA2,2139,FALSE
ENSG00000064666,CNN2,1265,FALSE
ENSG00000064692,SNCAIP,9627,FALSE
ENSG00000064703,DDX20,11218,FALSE
ENSG00000064726,BTBD1,53339,FALSE
ENSG00000064763,FAR2,55711,FALSE
ENSG00000064787,BCAS1,8537,FALSE
ENSG00000064886,CHI3L2,1117,FALSE
ENSG00000064933,PMS1,5378,FALSE
ENSG00000064961,HMG20B,10362,FALSE
ENSG00000064995,TAF11,6882,FALSE
ENSG00000065029,ZNF76,7629,FALSE
ENSG00000065054,NHERF2,9351,FALSE
ENSG00000065057,NTHL1,4913,TRUE
ENSG00000065150,IPO5,3843,FALSE
ENSG00000065154,OAT,4942,FALSE
ENSG00000065183,WDR3,10885,FALSE
ENSG00000065243,PKN2,5586,FALSE
ENSG00000065268,WDR18,57418,FALSE
ENSG00000065308,TRAM2,9697,FALSE
ENSG00000065320,NTN1,9423,FALSE
ENSG00000065328,MCM10,55388,TRUE
ENSG00000065361,ERBB3,2065,FALSE
ENSG00000065413,ANKRD44,91526,FALSE
ENSG00000065427,KARS1,3735,FALSE
ENSG00000065457,ADAT1,23536,TRUE
ENSG00000065485,PDIA5,10954,FALSE
ENSG00000065491,TBC1D22B,55633,FALSE
ENSG00000065518,NDUFB4,4710,FALSE
ENSG00000065534,MYLK,4638,FALSE
ENSG00000065548,ZC3H15,55854,TRUE
ENSG00000065559,MAP2K4,6416,FALSE
ENSG00000065600,PACC1,55248,FALSE
ENSG00000065615,CYB5R4,51167,FALSE
ENSG00000065621,GSTO2,119391,TRUE
ENSG00000065665,SEC61A2,55176,FALSE
ENSG00000065675,PRKCQ,5588,FALSE
ENSG00000065717,TLE2,7089,FALSE
ENSG00000065802,ASB1,51665,FALSE
ENSG00000065809,FAM107B,83641,FALSE
ENSG00000065833,ME1,4199,FALSE
ENSG00000065911,MTHFD2,10797,FALSE
ENSG00000065923,SLC9A7,84679,FALSE
ENSG00000065978,YBX1,4904,FALSE
ENSG00000065989,PDE4A,5141,FALSE
ENSG00000066027,PPP2R5A,5525,FALSE
ENSG00000066044,ELAVL1,1994,TRUE
ENSG00000066056,TIE1,7075,FALSE
ENSG00000066084,DIP2B,57609,FALSE
ENSG00000066117,SMARCD1,6602,FALSE
ENSG00000066135,KDM4A,9682,FALSE
ENSG00000066136,NFYC,4802,TRUE
ENSG00000066185,ZMYND12,84217,FALSE
ENSG00000066248,NGEF,25791,FALSE
ENSG00000066322,ELOVL1,64834,FALSE
ENSG00000066379,POLR1H,30834,FALSE
ENSG00000066422,ZBTB11,27107,FALSE
ENSG00000066427,ATXN3,4287,FALSE
ENSG00000066455,GOLGA5,9950,FALSE
ENSG00000066557,LRRC40,55631,FALSE
ENSG00000066583,ISOC1,51015,FALSE
ENSG00000066629,EML1,2009,FALSE
ENSG00000066651,TRMT11,60487,FALSE
ENSG00000066654,THUMPD1,55623,TRUE
ENSG00000066697,MSANTD3,91283,FALSE
ENSG00000066855,MTFR1,9650,FALSE
ENSG00000066926,FECH,2235,FALSE
ENSG00000067048,DDX3Y,8653,FALSE
ENSG00000067064,IDI1,3422,TRUE
ENSG00000067066,SP100,6672,FALSE
ENSG00000067082,KLF6,1316,FALSE
ENSG00000067113,PLPP1,8611,FALSE
ENSG00000067167,TRAM1,23471,FALSE
ENSG00000067177,PHKA1,5255,FALSE
ENSG00000067182,TNFRSF1A,7132,FALSE
ENSG00000067221,STOML1,9399,FALSE
ENSG00000067225,PKM,5315,FALSE
ENSG00000067334,DNTTIP2,30836,FALSE
ENSG00000067365,METTL22,79091,FALSE
ENSG00000067369,TP53BP1,7158,FALSE
ENSG00000067445,TRO,7216,FALSE
ENSG00000067533,RRP15,51018,FALSE
ENSG00000067560,RHOA,387,TRUE
ENSG00000067596,DHX8,1659,FALSE
ENSG00000067606,PRKCZ,5590,FALSE
ENSG00000067704,IARS2,55699,FALSE
ENSG00000067715,SYT1,6857,FALSE
ENSG00000067829,IDH3G,3421,FALSE
ENSG00000067836,ROGDI,79641,FALSE
ENSG00000067955,CBFB,865,FALSE
ENSG00000067992,PDK3,5165,FALSE
ENSG00000068001,HYAL2,8692,FALSE
ENSG00000068028,RASSF1,11186,TRUE
ENSG00000068078,FGFR3,2261,FALSE
ENSG00000068079,IFI35,3430,FALSE
ENSG00000068097,HEATR6,63897,TRUE
ENSG00000068120,COASY,80347,FALSE
ENSG00000068305,MEF2A,4205,FALSE
ENSG00000068308,OTUD5,55593,FALSE
ENSG00000068323,TFE3,7030,FALSE
ENSG00000068354,TBC1D25,4943,FALSE
ENSG00000068366,ACSL4,2182,FALSE
ENSG00000068394,GPKOW,27238,FALSE
ENSG00000068400,GRIPAP1,56850,FALSE
ENSG00000068438,FTSJ1,24140,TRUE
ENSG00000068489,PRR11,55771,FALSE
ENSG00000068615,REEP1,65055,FALSE
ENSG00000068724,TTC7A,57217,FALSE
ENSG00000068745,IP6K2,51447,FALSE
ENSG00000068784,SRBD1,55133,FALSE
ENSG00000068796,KIF2A,3796,FALSE
ENSG00000068831,RASGRP2,10235,FALSE
ENSG00000068912,ERLEC1,27248,FALSE
ENSG00000068971,PPP2R5B,5526,FALSE
ENSG00000069011,PITX1,5307,FALSE
ENSG00000069248,NUP133,55746,FALSE
ENSG00000069275,NUCKS1,64710,FALSE
ENSG00000069329,VPS35,55737,FALSE
ENSG00000069345,DNAJA2,10294,FALSE
ENSG00000069399,BCL3,602,FALSE
ENSG00000069424,KCNAB2,8514,FALSE
ENSG00000069482,GAL,51083,FALSE
ENSG00000069509,FUNDC1,139341,FALSE
ENSG00000069535,MAOB,4129,FALSE
ENSG00000069702,TGFBR3,7049,FALSE
ENSG00000069764,PLA2G10,8399,FALSE
ENSG00000069812,HES2,54626,FALSE
ENSG00000069869,NEDD4,4734,FALSE
ENSG00000069943,PIGB,9488,FALSE
ENSG00000069956,MAPK6,5597,FALSE
ENSG00000069966,GNB5,10681,FALSE
ENSG00000069974,RAB27A,5873,FALSE
ENSG00000069998,HDHD5,27440,FALSE
ENSG00000070010,UFD1,7353,FALSE
ENSG00000070018,LRP6,4040,FALSE
ENSG00000070061,ELP1,8518,FALSE
ENSG00000070081,NUCB2,4925,FALSE
ENSG00000070087,PFN2,5217,FALSE
ENSG00000070159,PTPN3,5774,FALSE
ENSG00000070190,DAPP1,27071,FALSE
ENSG00000070214,SLC44A1,23446,TRUE
ENSG00000070269,TMEM260,54916,FALSE
ENSG00000070367,EXOC5,10640,TRUE
ENSG00000070388,FGF22,27006,FALSE
ENSG00000070404,FSTL3,10272,FALSE
ENSG00000070413,DGCR2,9993,FALSE
ENSG00000070423,RNF126,55658,FALSE
ENSG00000070476,ZXDC,79364,FALSE
ENSG00000070495,JMJD6,23210,FALSE
ENSG00000070501,POLB,5423,FALSE
ENSG00000070526,ST6GALNAC1,55808,FALSE
ENSG00000070540,WIPI1,55062,FALSE
ENSG00000070610,GBA2,57704,FALSE
ENSG00000070669,ASNS,440,FALSE
ENSG00000070718,AP3M2,10947,FALSE
ENSG00000070731,ST6GALNAC2,10610,FALSE
ENSG00000070759,TESK2,10420,FALSE
ENSG00000070761,CFAP20,29105,FALSE
ENSG00000070785,EIF2B3,8891,TRUE
ENSG00000070831,CDC42,998,FALSE
ENSG00000070950,RAD18,56852,FALSE
ENSG00000071073,MGAT4A,11320,FALSE
ENSG00000071082,RPL31,6160,TRUE
ENSG00000071189,SNX13,23161,FALSE
ENSG00000071205,ARHGAP10,79658,FALSE
ENSG00000071242,RPS6KA2,6196,FALSE
ENSG00000071243,ING3,54556,FALSE
ENSG00000071246,VASH1,22846,FALSE
ENSG00000071282,LMCD1,29995,FALSE
ENSG00000071462,BUD23,114049,FALSE
ENSG00000071537,SEL1L,6400,FALSE
ENSG00000071539,TRIP13,9319,FALSE
ENSG00000071575,TRIB2,28951,TRUE
ENSG00000071626,DAZAP1,26528,FALSE
ENSG00000071655,MBD3,53615,FALSE
ENSG00000071859,FAM50A,9130,FALSE
ENSG00000071889,FAM3A,60343,FALSE
ENSG00000071894,CPSF1,29894,FALSE
ENSG00000071967,CYBRD1,79901,FALSE
ENSG00000071991,CDH19,28513,FALSE
ENSG00000071994,PDCD2,5134,FALSE
ENSG00000072041,SLC6A15,55117,FALSE
ENSG00000072042,RDH11,51109,FALSE
ENSG00000072062,PRKACA,5566,FALSE
ENSG00000072071,ADGRL1,22859,FALSE
ENSG00000072110,ACTN1,87,FALSE
ENSG00000072133,RPS6KA6,27330,FALSE
ENSG00000072134,EPN2,22905,FALSE
ENSG00000072163,LIMS2,55679,FALSE
ENSG00000072195,SPEG,10290,FALSE
ENSG00000072201,LNX1,84708,FALSE
ENSG00000072210,ALDH3A2,224,FALSE
ENSG00000072274,TFRC,7037,FALSE
ENSG00000072401,UBE2D1,7321,FALSE
ENSG00000072422,RHOBTB1,9886,TRUE
ENSG00000072501,SMC1A,8243,FALSE
ENSG00000072506,HSD17B10,3028,FALSE
ENSG00000072518,MARK2,2011,FALSE
ENSG00000072571,HMMR,3161,FALSE
ENSG00000072609,CHFR,55743,FALSE
ENSG00000072657,TRHDE,29953,FALSE
ENSG00000072682,P4HA2,8974,FALSE
ENSG00000072736,NFATC3,4775,FALSE
ENSG00000072756,TRNT1,51095,FALSE
ENSG00000072778,ACADVL,37,FALSE
ENSG00000072786,STK10,6793,FALSE
ENSG00000072803,FBXW11,23291,FALSE
ENSG00000072832,CRMP1,1400,FALSE
ENSG00000072849,DERL2,51009,FALSE
ENSG00000072858,SIDT1,54847,FALSE
ENSG00000072864,NDE1,54820,FALSE
ENSG00000072958,AP1M1,8907,FALSE
ENSG00000073008,PVR,5817,FALSE
ENSG00000073050,XRCC1,7515,FALSE
ENSG00000073060,SCARB1,949,FALSE
ENSG00000073067,CYP2W1,54905,FALSE
ENSG00000073111,MCM2,4171,FALSE
ENSG00000073150,PANX2,56666,FALSE
ENSG00000073169,SELENOO,83642,FALSE
ENSG00000073282,TP63,8626,FALSE
ENSG00000073331,ALPK1,80216,FALSE
ENSG00000073350,LLGL2,3993,TRUE
ENSG00000073417,PDE8A,5151,FALSE
ENSG00000073464,CLCN4,1183,FALSE
ENSG00000073536,NLE1,54475,FALSE
ENSG00000073578,SDHA,6389,FALSE
ENSG00000073584,SMARCE1,6605,TRUE
ENSG00000073737,DHRS9,10170,FALSE
ENSG00000073756,PTGS2,5743,FALSE
ENSG00000073792,IGF2BP2,10644,FALSE
ENSG00000073849,ST6GAL1,6480,TRUE
ENSG00000073921,PICALM,8301,FALSE
ENSG00000073969,NSF,4905,FALSE
ENSG00000074071,MRPS34,65993,TRUE
ENSG00000074201,CLNS1A,1207,FALSE
ENSG00000074211,PPP2R2C,5522,FALSE
ENSG00000074219,TEAD2,8463,TRUE
ENSG00000074266,EED,8726,FALSE
ENSG00000074317,SNCB,6620,FALSE
ENSG00000074319,TSG101,7251,FALSE
ENSG00000074356,NCBP3,55421,FALSE
ENSG00000074370,ATP2A3,489,FALSE
ENSG00000074410,CA12,771,FALSE
ENSG00000074416,MGLL,11343,FALSE
ENSG00000074527,NTN4,59277,FALSE
ENSG00000074582,BCS1L,617,TRUE
ENSG00000074590,NUAK1,9891,FALSE
ENSG00000074603,DPP8,54878,TRUE
ENSG00000074660,SCARF1,8578,FALSE
ENSG00000074696,HACD3,51495,FALSE
ENSG00000074966,TXK,7294,FALSE
ENSG00000075073,TACR2,6865,FALSE
ENSG00000075089,ACTR6,64431,FALSE
ENSG00000075131,TIPIN,54962,FALSE
ENSG00000075188,NUP37,79023,FALSE
ENSG00000075213,SEMA3A,10371,FALSE
ENSG00000075218,GTSE1,51512,FALSE
ENSG00000075223,SEMA3C,10512,FALSE
ENSG00000075234,TTC38,55020,FALSE
ENSG00000075239,ACAT1,38,FALSE
ENSG00000075303,SLC25A40,55972,FALSE
ENSG00000075336,TIMM21,29090,FALSE
ENSG00000075340,ADD2,119,FALSE
ENSG00000075399,VPS9D1,9605,FALSE
ENSG00000075407,ZNF37A,7587,FALSE
ENSG00000075413,MARK3,4140,FALSE
ENSG00000075415,SLC25A3,5250,TRUE
ENSG00000075420,FNDC3B,64778,FALSE
ENSG00000075426,FOSL2,2355,FALSE
ENSG00000075624,ACTB,60,FALSE
ENSG00000075643,MOCOS,55034,TRUE
ENSG00000075651,PLD1,5337,FALSE
ENSG00000075673,ATP12A,479,FALSE
ENSG00000075702,WDR62,284403,FALSE
ENSG00000075785,RAB7A,7879,FALSE
ENSG00000075790,BCAP29,55973,TRUE
ENSG00000075856,SART3,9733,FALSE
ENSG00000075914,EXOSC7,23016,FALSE
ENSG00000075945,KIFAP3,22920,FALSE
ENSG00000075975,MKRN2,23609,FALSE
ENSG00000076003,MCM6,4175,FALSE
ENSG00000076053,RBM7,10179,FALSE
ENSG00000076067,RBMS2,5939,FALSE
ENSG00000076242,MLH1,4292,FALSE
ENSG00000076248,UNG,7374,FALSE
ENSG00000076321,KLHL20,27252,FALSE
ENSG00000076344,RGS11,8786,FALSE
ENSG00000076351,SLC46A1,113235,TRUE
ENSG00000076382,SPAG5,10615,FALSE
ENSG00000076513,ANKRD13A,88455,FALSE
ENSG00000076604,TRAF4,9618,FALSE
ENSG00000076641,PAG1,55824,FALSE
ENSG00000076650,GPATCH1,55094,FALSE
ENSG00000076662,ICAM3,3385,FALSE
ENSG00000076685,NT5C2,22978,FALSE
ENSG00000076706,MCAM,4162,FALSE
ENSG00000076716,GPC4,2239,FALSE
ENSG00000076770,MBNL3,55796,FALSE
ENSG00000076864,RAP1GAP,5909,FALSE
ENSG00000076924,XAB2,56949,FALSE
ENSG00000076928,ARHGEF1,9138,FALSE
ENSG00000076944,STXBP2,6813,FALSE
ENSG00000076984,MAP2K7,5609,FALSE
ENSG00000077044,DGKD,8527,FALSE
ENSG00000077092,RARB,5915,FALSE
ENSG00000077147,TM9SF3,56889,FALSE
ENSG00000077150,NFKB2,4791,FALSE
ENSG00000077152,UBE2T,29089,FALSE
ENSG00000077157,PPP1R12B,4660,FALSE
ENSG00000077232,DNAJC10,54431,FALSE
ENSG00000077238,IL4R,3566,TRUE
ENSG00000077254,USP33,23032,FALSE
ENSG00000077274,CAPN6,827,FALSE
ENSG00000077327,SPAG6,9576,FALSE
ENSG00000077348,EXOSC5,56915,FALSE
ENSG00000077380,DYNC1I2,1781,FALSE
ENSG00000077454,LRCH4,4034,FALSE
ENSG00000077458,FAM76B,143684,FALSE
ENSG00000077463,SIRT6,51548,FALSE
ENSG00000077514,POLD3,10714,FALSE
ENSG00000077585,GPR137B,7107,FALSE
ENSG00000077616,NAALAD2,10003,FALSE
ENSG00000077684,JADE1,79960,FALSE
ENSG00000077713,SLC25A43,203427,FALSE
ENSG00000077721,UBE2A,7319,FALSE
ENSG00000077942,FBLN1,2192,FALSE
ENSG00000078018,MAP2,4133,FALSE
ENSG00000078043,PIAS2,9063,TRUE
ENSG00000078070,MCCC1,56922,FALSE
ENSG00000078081,LAMP3,27074,FALSE
ENSG00000078098,FAP,2191,FALSE
ENSG00000078114,NEBL,10529,FALSE
ENSG00000078124,ACER3,55331,FALSE
ENSG00000078142,PIK3C3,5289,FALSE
ENSG00000078237,TIGAR,57103,FALSE
ENSG00000078246,TULP3,7289,FALSE
ENSG00000078269,SYNJ2,8871,FALSE
ENSG00000078304,PPP2R5C,5527,FALSE
ENSG00000078369,GNB1,2782,FALSE
ENSG00000078399,HOXA9,3205,FALSE
ENSG00000078401,EDN1,1906,FALSE
ENSG00000078403,MLLT10,8028,FALSE
ENSG00000078487,ZCWPW1,55063,FALSE
ENSG00000078596,ITM2A,9452,FALSE
ENSG00000078618,NRDC,4898,FALSE
ENSG00000078668,VDAC3,7419,FALSE
ENSG00000078725,BRINP1,1620,FALSE
ENSG00000078747,ITCH,83737,FALSE
ENSG00000078804,TP53INP2,58476,FALSE
ENSG00000078808,SDF4,51150,FALSE
ENSG00000078898,BPIFB2,80341,FALSE
ENSG00000078902,TOLLIP,54472,FALSE
ENSG00000078967,UBE2D4,51619,TRUE
ENSG00000079101,CLUL1,27098,FALSE
ENSG00000079102,RUNX1T1,862,FALSE
ENSG00000079134,THOC1,9984,FALSE
ENSG00000079150,FKBP7,51661,FALSE
ENSG00000079156,OSBPL6,114880,FALSE
ENSG00000079215,SLC1A3,6507,FALSE
ENSG00000079246,XRCC5,7520,TRUE
ENSG00000079257,LXN,56925,FALSE
ENSG00000079277,MKNK1,8569,FALSE
ENSG00000079332,SAR1A,56681,FALSE
ENSG00000079335,CDC14A,8556,FALSE
ENSG00000079337,RAPGEF3,10411,FALSE
ENSG00000079385,CEACAM1,634,FALSE
ENSG00000079462,PAFAH1B3,5050,TRUE
ENSG00000079482,OPHN1,4983,FALSE
ENSG00000079616,KIF22,3835,FALSE
ENSG00000079739,PGM1,5236,FALSE
ENSG00000079785,DDX1,1653,FALSE
ENSG00000079805,DNM2,1785,FALSE
ENSG00000079931,MOXD1,26002,FALSE
ENSG00000079950,STX7,8417,FALSE
ENSG00000079974,RABL2B,11158,FALSE
ENSG00000079999,KEAP1,9817,TRUE
ENSG00000080007,DDX43,55510,FALSE
ENSG00000080031,PTPRH,5794,FALSE
ENSG00000080189,SLC35H1,51006,FALSE
ENSG00000080371,RAB21,23011,FALSE
ENSG00000080546,SESN1,27244,FALSE
ENSG00000080561,MID2,11043,FALSE
ENSG00000080572,DNAAF6,139212,FALSE
ENSG00000080608,PUM3,9933,FALSE
ENSG00000080618,CPB2,1361,FALSE
ENSG00000080644,CHRNA3,1136,FALSE
ENSG00000080709,KCNN2,3781,FALSE
ENSG00000080802,CNOT4,4850,FALSE
ENSG00000080815,PSEN1,5663,FALSE
ENSG00000080819,CPOX,1371,FALSE
ENSG00000080822,CLDND1,56650,TRUE
ENSG00000080839,RBL1,5933,FALSE
ENSG00000080845,DLGAP4,22839,FALSE
ENSG00000080986,NDC80,10403,FALSE
ENSG00000081014,AP4E1,23431,FALSE
ENSG00000081041,CXCL2,2920,FALSE
ENSG00000081059,TCF7,6932,FALSE
ENSG00000081087,OSTM1,28962,FALSE
ENSG00000081138,CDH7,1005,FALSE
ENSG00000081154,PCNP,57092,FALSE
ENSG00000081177,EXD2,55218,FALSE
ENSG00000081181,ARG2,384,FALSE
ENSG00000081277,PKP1,5317,FALSE
ENSG00000081307,UBA5,79876,FALSE
ENSG00000081320,STK17B,9262,FALSE
ENSG00000081377,CDC14B,8555,FALSE
ENSG00000081386,ZNF510,22869,TRUE
ENSG00000081665,ZNF506,440515,FALSE
ENSG00000081692,JMJD4,65094,FALSE
ENSG00000081721,DUSP12,11266,FALSE
ENSG00000081760,AACS,65985,FALSE
ENSG00000081803,CADPS2,93664,FALSE
ENSG00000081842,PCDHA6,56142,FALSE
ENSG00000081853,PCDHGA2,56113,FALSE
ENSG00000081870,IFT25,51668,TRUE
ENSG00000081923,ATP8B1,5205,TRUE
ENSG00000082014,SMARCD3,6604,FALSE
ENSG00000082068,WDR70,55100,FALSE
ENSG00000082126,MPP4,58538,FALSE
ENSG00000082146,STRADB,55437,FALSE
ENSG00000082153,BZW1,9689,FALSE
ENSG00000082196,C1QTNF3,114899,FALSE
ENSG00000082212,ME2,4200,FALSE
ENSG00000082213,C5orf22,55322,FALSE
ENSG00000082258,CCNT2,905,FALSE
ENSG00000082397,EPB41L3,23136,FALSE
ENSG00000082458,DLG3,1741,FALSE
ENSG00000082482,KCNK2,3776,FALSE
ENSG00000082497,SERTAD4,56256,TRUE
ENSG00000082512,TRAF5,7188,FALSE
ENSG00000082515,MRPL22,29093,FALSE
ENSG00000082516,GEMIN5,25929,FALSE
ENSG00000082556,OPRK1,4986,TRUE
ENSG00000082641,NFE2L1,4779,FALSE
ENSG00000082701,GSK3B,2932,FALSE
ENSG00000082781,ITGB5,3693,FALSE
ENSG00000082996,RNF13,11342,FALSE
ENSG00000083099,LYRM2,57226,FALSE
ENSG00000083123,BCKDHB,594,TRUE
ENSG00000083168,KAT6A,7994,FALSE
ENSG00000083290,ULK2,9706,FALSE
ENSG00000083307,GRHL2,79977,FALSE
ENSG00000083312,TNPO1,3842,FALSE
ENSG00000083454,P2RX5,5026,FALSE
ENSG00000083520,DIS3,22894,FALSE
ENSG00000083535,PIBF1,10464,FALSE
ENSG00000083544,TDRD3,81550,FALSE
ENSG00000083635,NUFIP1,26747,FALSE
ENSG00000083642,PDS5B,23047,FALSE
ENSG00000083720,OXCT1,5019,FALSE
ENSG00000083750,RRAGB,10325,FALSE
ENSG00000083799,CYLD,1540,FALSE
ENSG00000083807,SLC27A5,10998,FALSE
ENSG00000083812,ZNF324,25799,FALSE
ENSG00000083814,ZNF671,79891,FALSE
ENSG00000083817,ZNF416,55659,FALSE
ENSG00000083828,ZNF586,54807,FALSE
ENSG00000083844,ZNF264,9422,FALSE
ENSG00000083845,RPS5,6193,TRUE
ENSG00000083896,YTHDC1,91746,FALSE
ENSG00000083937,CHMP2B,25978,FALSE
ENSG00000084070,SMAP2,64744,FALSE
ENSG00000084072,PPIE,10450,FALSE
ENSG00000084073,ZMPSTE24,10269,FALSE
ENSG00000084090,STARD7,56910,FALSE
ENSG00000084092,NOA1,84273,FALSE
ENSG00000084093,REST,5978,FALSE
ENSG00000084110,HAL,3034,FALSE
ENSG00000084112,SSH1,54434,FALSE
ENSG00000084234,APLP2,334,FALSE
ENSG00000084444,FAM234B,57613,FALSE
ENSG00000084463,WBP11,51729,FALSE
ENSG00000084623,EIF3I,8668,FALSE
ENSG00000084652,TXLNA,200081,FALSE
ENSG00000084693,AGBL5,60509,FALSE
ENSG00000084710,EFR3B,22979,FALSE
ENSG00000084731,KIF3C,3797,FALSE
ENSG00000084733,RAB10,10890,FALSE
ENSG00000084764,MAPRE3,22924,FALSE
ENSG00000085063,CD59,966,FALSE
ENSG00000085274,MYNN,55892,FALSE
ENSG00000085276,MECOM,2122,TRUE
ENSG00000085365,SCAMP1,9522,FALSE
ENSG00000085377,PREP,5550,FALSE
ENSG00000085382,HACE1,57531,FALSE
ENSG00000085415,SEH1L,81929,FALSE
ENSG00000085433,WDR47,22911,FALSE
ENSG00000085449,WDFY1,57590,FALSE
ENSG00000085491,SLC25A24,29957,FALSE
ENSG00000085563,ABCB1,5243,FALSE
ENSG00000085644,ZNF213,7760,FALSE
ENSG00000085719,CPNE3,8895,FALSE
ENSG00000085721,RRN3,54700,FALSE
ENSG00000085733,CTTN,2017,FALSE
ENSG00000085741,WNT11,7481,FALSE
ENSG00000085760,MTIF2,4528,FALSE
ENSG00000085788,DDHD2,23259,FALSE
ENSG00000085831,TTC39A,22996,FALSE
ENSG00000085832,EPS15,2060,FALSE
ENSG00000085840,ORC1,4998,FALSE
ENSG00000085871,MGST2,4258,FALSE
ENSG00000085872,CHERP,10523,FALSE
ENSG00000085978,ATG16L1,55054,FALSE
ENSG00000085998,POMGNT1,55624,FALSE
ENSG00000085999,RAD54L,8438,FALSE
ENSG00000086015,MAST2,23139,FALSE
ENSG00000086061,DNAJA1,3301,FALSE
ENSG00000086062,B4GALT1,2683,FALSE
ENSG00000086065,CHMP5,51510,FALSE
ENSG00000086102,NFX1,4799,FALSE
ENSG00000086159,AQP6,363,FALSE
ENSG00000086189,DIMT1,27292,FALSE
ENSG00000086200,IPO11,51194,TRUE
ENSG00000086205,FOLH1,2346,FALSE
ENSG00000086232,EIF2AK1,27102,FALSE
ENSG00000086289,EPDR1,54749,FALSE
ENSG00000086300,SNX10,29887,FALSE
ENSG00000086475,SEPHS1,22929,FALSE
ENSG00000086504,MRPL28,10573,FALSE
ENSG00000086544,ITPKC,80271,FALSE
ENSG00000086548,CEACAM6,4680,FALSE
ENSG00000086589,RBM22,55696,FALSE
ENSG00000086619,ERO1B,56605,FALSE
ENSG00000086666,ZFAND6,54469,TRUE
ENSG00000086696,HSD17B2,3294,FALSE
ENSG00000086730,LAT2,7462,TRUE
ENSG00000086827,ZW10,9183,FALSE
ENSG00000086848,ALG9,79796,FALSE
ENSG00000086991,NOX4,50507,FALSE
ENSG00000087008,ACOX3,8310,FALSE
ENSG00000087053,MTMR2,8898,FALSE
ENSG00000087074,PPP1R15A,23645,TRUE
ENSG00000087076,HSD17B14,51171,FALSE
ENSG00000087077,TRIP6,7205,FALSE
ENSG00000087085,ACHE,43,FALSE
ENSG00000087087,SRRT,51593,FALSE
ENSG00000087088,BAX,581,FALSE
ENSG00000087095,NLK,51701,FALSE
ENSG00000087111,PIGS,94005,FALSE
ENSG00000087116,ADAMTS2,9509,FALSE
ENSG00000087128,TMPRSS11E,28983,FALSE
ENSG00000087152,ATXN7L3,56970,FALSE
ENSG00000087157,PGS1,9489,FALSE
ENSG00000087206,UIMC1,51720,FALSE
ENSG00000087237,CETP,1071,FALSE
ENSG00000087245,MMP2,4313,FALSE
ENSG00000087266,SH3BP2,6452,FALSE
ENSG00000087299,L2HGDH,79944,FALSE
ENSG00000087301,TXNDC16,57544,FALSE
ENSG00000087303,NID2,22795,FALSE
ENSG00000087338,GMCL1,64395,FALSE
ENSG00000087448,KLHL42,57542,FALSE
ENSG00000087460,GNAS,2778,FALSE
ENSG00000087470,DNM1L,10059,FALSE
ENSG00000087494,PTHLH,5744,FALSE
ENSG00000087495,PHACTR3,116154,FALSE
ENSG00000087502,ERGIC2,51290,FALSE
ENSG00000087510,TFAP2C,7022,FALSE
ENSG00000087586,AURKA,6790,FALSE
ENSG00000087842,PIR,8544,FALSE
ENSG00000087884,AAMDC,28971,TRUE
ENSG00000087995,METTL2A,339175,FALSE
ENSG00000088002,SULT2B1,6820,FALSE
ENSG00000088035,ALG6,29929,TRUE
ENSG00000088038,CNOT3,4849,FALSE
ENSG00000088179,PTPN4,5775,FALSE
ENSG00000088205,DDX18,8886,FALSE
ENSG00000088280,ASAP3,55616,FALSE
ENSG00000088298,EDEM2,55741,TRUE
ENSG00000088305,DNMT3B,1789,FALSE
ENSG00000088320,REM1,28954,FALSE
ENSG00000088325,TPX2,22974,FALSE
ENSG00000088386,SLC15A1,6564,FALSE
ENSG00000088448,ANKRD10,55608,FALSE
ENSG00000088451,TGDS,23483,FALSE
ENSG00000088682,COQ9,57017,FALSE
ENSG00000088726,TMEM40,55287,TRUE
ENSG00000088727,KIF9,64147,FALSE
ENSG00000088756,ARHGAP28,79822,FALSE
ENSG00000088766,CRLS1,54675,FALSE
ENSG00000088812,ATRN,8455,FALSE
ENSG00000088826,SMOX,54498,TRUE
ENSG00000088832,FKBP1A,2280,FALSE
ENSG00000088833,NSFL1C,55968,FALSE
ENSG00000088836,SLC4A11,83959,FALSE
ENSG00000088888,MAVS,57506,FALSE
ENSG00000088899,LZTS3,9762,FALSE
ENSG00000088926,F11,2160,FALSE
ENSG00000088970,KIZ,55857,FALSE
ENSG00000088986,DYNLL1,8655,FALSE
ENSG00000088992,TESC,54997,TRUE
ENSG00000089006,SNX5,27131,FALSE
ENSG00000089009,RPL6,6128,TRUE
ENSG00000089012,SIRPG,55423,FALSE
ENSG00000089022,MAPKAPK5,8550,FALSE
ENSG00000089041,P2RX7,5027,FALSE
ENSG00000089053,ANAPC5,51433,TRUE
ENSG00000089057,SLC23A2,9962,FALSE
ENSG00000089060,SLC8B1,80024,FALSE
ENSG00000089063,TMEM230,29058,FALSE
ENSG00000089091,DZANK1,55184,FALSE
ENSG00000089094,KDM2B,84678,FALSE
ENSG00000089123,TASP1,55617,FALSE
ENSG00000089127,OAS1,4938,FALSE
ENSG00000089157,RPLP0,6175,FALSE
ENSG00000089159,PXN,5829,FALSE
ENSG00000089163,SIRT4,23409,FALSE
ENSG00000089195,TRMT6,51605,FALSE
ENSG00000089199,CHGB,1114,FALSE
ENSG00000089225,TBX5,6910,FALSE
ENSG00000089234,BRAP,8315,FALSE
ENSG00000089248,ERP29,10961,TRUE
ENSG00000089280,FUS,2521,FALSE
ENSG00000089289,IGBP1,3476,TRUE
ENSG00000089327,FXYD5,53827,FALSE
ENSG00000089335,ZNF302,55900,FALSE
ENSG00000089351,GRAMD1A,57655,FALSE
ENSG00000089356,FXYD3,5349,FALSE
ENSG00000089472,HEPH,9843,FALSE
ENSG00000089486,CDIP1,29965,FALSE
ENSG00000089597,GANAB,23193,FALSE
ENSG00000089639,GMIP,51291,FALSE
ENSG00000089682,RBM41,55285,TRUE
ENSG00000089685,BIRC5,332,FALSE
ENSG00000089692,LAG3,3902,FALSE
ENSG00000089723,OTUB2,78990,FALSE
ENSG00000089737,DDX24,57062,FALSE
ENSG00000089818,NECAP1,25977,FALSE
ENSG00000089820,ARHGAP4,393,FALSE
ENSG00000089916,GPATCH2L,55668,FALSE
ENSG00000090013,BLVRB,645,FALSE
ENSG00000090020,SLC9A1,6548,FALSE
ENSG00000090054,SPTLC1,10558,FALSE
ENSG00000090060,PAPOLA,10914,FALSE
ENSG00000090061,CCNK,8812,FALSE
ENSG00000090097,PCBP4,57060,FALSE
ENSG00000090238,YPEL3,83719,FALSE
ENSG00000090263,MRPS33,51650,FALSE
ENSG00000090266,NDUFB2,4708,FALSE
ENSG00000090273,NUDC,10726,FALSE
ENSG00000090316,MAEA,10296,FALSE
ENSG00000090339,ICAM1,3383,FALSE
ENSG00000090372,STRN4,29888,FALSE
ENSG00000090376,IRAK3,11213,FALSE
ENSG00000090382,LYZ,4069,FALSE
ENSG00000090447,TFAP4,7023,FALSE
ENSG00000090512,FETUB,26998,FALSE
ENSG00000090530,P3H2,55214,FALSE
ENSG00000090539,CHRD,8646,FALSE
ENSG00000090554,FLT3LG,2323,FALSE
ENSG00000090581,GNPTG,84572,FALSE
ENSG00000090612,ZNF268,10795,FALSE
ENSG00000090615,GOLGA3,2802,FALSE
ENSG00000090621,PABPC4,8761,TRUE
ENSG00000090661,CERS4,79603,TRUE
ENSG00000090674,MCOLN1,57192,FALSE
ENSG00000090776,EFNB1,1947,FALSE
ENSG00000090857,PDPR,55066,FALSE
ENSG00000090861,AARS1,16,FALSE
ENSG00000090863,GLG1,2734,FALSE
ENSG00000090889,KIF4A,24137,FALSE
ENSG00000090971,NAT14,57106,FALSE
ENSG00000090989,EXOC1,55763,TRUE
ENSG00000091073,DTX2,113878,FALSE
ENSG00000091127,PUS7,54517,FALSE
ENSG00000091129,NRCAM,4897,FALSE
ENSG00000091136,LAMB1,3912,FALSE
ENSG00000091140,DLD,1738,FALSE
ENSG00000091157,WDR7,23335,FALSE
ENSG00000091164,TXNL1,9352,FALSE
ENSG00000091262,ABCC6,368,FALSE
ENSG00000091317,CMTM6,54918,FALSE
ENSG00000091409,ITGA6,3655,FALSE
ENSG00000091436,MAP3K20,51776,FALSE
ENSG00000091483,FH,2271,FALSE
ENSG00000091490,SEL1L3,23231,FALSE
ENSG00000091513,TF,7018,FALSE
ENSG00000091527,CDV3,55573,FALSE
ENSG00000091583,APOH,350,FALSE
ENSG00000091640,SPAG7,9552,FALSE
ENSG00000091651,ORC6,23594,FALSE
ENSG00000091732,ZC3HC1,51530,FALSE
ENSG00000091831,ESR1,2099,FALSE
ENSG00000091844,RGS17,26575,FALSE
ENSG00000091879,ANGPT2,285,TRUE
ENSG00000091972,CD200,4345,FALSE
ENSG00000092020,PPP2R3C,55012,FALSE
ENSG00000092036,HAUS4,54930,FALSE
ENSG00000092068,SLC7A8,23428,TRUE
ENSG00000092094,OSGEP,55644,FALSE
ENSG00000092096,SLC22A17,51310,FALSE
ENSG00000092098,RNF31,55072,FALSE
ENSG00000092108,SCFD1,23256,FALSE
ENSG00000092140,G2E3,55632,FALSE
ENSG00000092199,HNRNPC,3183,TRUE
ENSG00000092201,SUPT16H,11198,TRUE
ENSG00000092203,TOX4,9878,FALSE
ENSG00000092208,GEMIN2,8487,FALSE
ENSG00000092295,TGM1,7051,FALSE
ENSG00000092330,TINF2,26277,FALSE
ENSG00000092421,SEMA6A,57556,FALSE
ENSG00000092445,TYRO3,7301,FALSE
ENSG00000092470,WDR76,79968,FALSE
ENSG00000092531,SNAP23,8773,FALSE
ENSG00000092607,TBX15,6913,FALSE
ENSG00000092621,PHGDH,26227,FALSE
ENSG00000092820,EZR,7430,FALSE
ENSG00000092841,MYL6,4637,FALSE
ENSG00000092847,AGO1,26523,FALSE
ENSG00000092871,RFFL,117584,FALSE
ENSG00000092929,UNC13D,201294,FALSE
ENSG00000092931,MFSD11,79157,FALSE
ENSG00000092964,DPYSL2,1808,FALSE
ENSG00000092969,TGFB2,7042,FALSE
ENSG00000093000,NUP50,10762,FALSE
ENSG00000093009,CDC45,8318,FALSE
ENSG00000093010,COMT,1312,FALSE
ENSG00000093072,ADA2,51816,FALSE
ENSG00000093144,ECHDC1,55862,TRUE
ENSG00000093167,LRRFIP2,9209,FALSE
ENSG00000093183,SEC22C,9117,FALSE
ENSG00000093217,XYLB,9942,FALSE
ENSG00000094631,HDAC6,10013,FALSE
ENSG00000094755,GABRP,2568,FALSE
ENSG00000094804,CDC6,990,TRUE
ENSG00000094841,UPRT,139596,FALSE
ENSG00000094880,CDC23,8697,FALSE
ENSG00000094914,AAAS,8086,TRUE
ENSG00000094916,CBX5,23468,FALSE
ENSG00000094963,FMO2,2327,FALSE
ENSG00000095002,MSH2,4436,TRUE
ENSG00000095059,DHPS,1725,FALSE
ENSG00000095066,HOOK2,29911,FALSE
ENSG00000095139,ARCN1,372,FALSE
ENSG00000095203,EPB41L4B,54566,FALSE
ENSG00000095209,TMEM38B,55151,FALSE
ENSG00000095261,PSMD5,5711,FALSE
ENSG00000095303,PTGS1,5742,FALSE
ENSG00000095319,NUP188,23511,FALSE
ENSG00000095321,CRAT,1384,FALSE
ENSG00000095370,SH2D3C,10044,FALSE
ENSG00000095380,NANS,54187,FALSE
ENSG00000095383,TBC1D2,55357,FALSE
ENSG00000095397,WHRN,25861,FALSE
ENSG00000095574,IKZF5,64376,TRUE
ENSG00000095585,BLNK,29760,FALSE
ENSG00000095596,CYP26A1,1592,FALSE
ENSG00000095627,TDRD1,56165,FALSE
ENSG00000095637,SORBS1,10580,FALSE
ENSG00000095739,BAMBI,25805,FALSE
ENSG00000095787,WAC,51322,FALSE
ENSG00000095794,CREM,1390,TRUE
ENSG00000095906,NUBP2,10101,FALSE
ENSG00000095970,TREM2,54209,FALSE
ENSG00000096006,CRISP3,10321,FALSE
ENSG00000096060,FKBP5,2289,FALSE
ENSG00000096063,SRPK1,6732,TRUE
ENSG00000096080,MRPS18A,55168,TRUE
ENSG00000096088,PGC,5225,FALSE
ENSG00000096093,EFHC1,114327,FALSE
ENSG00000096384,HSP90AB1,3326,FALSE
ENSG00000096401,CDC5L,988,FALSE
ENSG00000096654,ZNF184,7738,TRUE
ENSG00000096717,SIRT1,23411,FALSE
ENSG00000096746,HNRNPH3,3189,FALSE
ENSG00000096872,IFT74,80173,FALSE
ENSG00000096968,JAK2,3717,FALSE
ENSG00000097007,ABL1,25,FALSE
ENSG00000097033,SH3GLB1,51100,FALSE
ENSG00000097046,CDC7,8317,TRUE
ENSG00000099139,PCSK5,5125,FALSE
ENSG00000099194,SCD,6319,FALSE
ENSG00000099219,ERMP1,79956,FALSE
ENSG00000099246,RAB18,22931,FALSE
ENSG00000099250,NRP1,8829,FALSE
ENSG00000099256,PRTFDC1,56952,FALSE
ENSG00000099260,PALMD,54873,TRUE
ENSG00000099282,TSPAN15,23555,FALSE
ENSG00000099290,WASHC2C,253725,FALSE
ENSG00000099326,MZF1,7593,FALSE
ENSG00000099330,OCEL1,79629,FALSE
ENSG00000099337,KCNK6,9424,FALSE
ENSG00000099341,PSMD8,5714,FALSE
ENSG00000099365,STX1B,112755,FALSE
ENSG00000099377,HSD3B7,80270,FALSE
ENSG00000099385,BCL7C,9274,FALSE
ENSG00000099622,CIRBP,1153,TRUE
ENSG00000099624,ATP5F1D,513,FALSE
ENSG00000099625,CBARP,255057,FALSE
ENSG00000099785,MARCHF2,51257,FALSE
ENSG00000099795,NDUFB7,4713,FALSE
ENSG00000099797,TECR,9524,FALSE
ENSG00000099804,CDC34,997,FALSE
ENSG00000099810,MTAP,4507,FALSE
ENSG00000099812,MISP,126353,FALSE
ENSG00000099817,POLR2E,5434,FALSE
ENSG00000099821,POLRMT,5442,FALSE
ENSG00000099840,IZUMO4,113177,FALSE
ENSG00000099849,RASSF7,8045,TRUE
ENSG00000099864,PALM,5064,FALSE
ENSG00000099875,MKNK2,2872,FALSE
ENSG00000099899,TRMT2A,27037,FALSE
ENSG00000099901,RANBP1,5902,TRUE
ENSG00000099910,KLHL22,84861,FALSE
ENSG00000099917,MED15,51586,FALSE
ENSG00000099940,SNAP29,9342,FALSE
ENSG00000099942,CRKL,1399,FALSE
ENSG00000099949,LZTR1,8216,FALSE
ENSG00000099953,MMP11,4320,FALSE
ENSG00000099956,SMARCB1,6598,TRUE
ENSG00000099958,DERL3,91319,FALSE
ENSG00000099960,SLC7A4,6545,FALSE
ENSG00000099968,BCL2L13,23786,TRUE
ENSG00000099974,DDTL,100037417,FALSE
ENSG00000099977,DDT,1652,FALSE
ENSG00000099992,TBC1D10A,83874,FALSE
ENSG00000099994,SUSD2,56241,FALSE
ENSG00000099998,GGT5,2687,FALSE
ENSG00000099999,RNF215,200312,FALSE
ENSG00000100003,SEC14L2,23541,FALSE
ENSG00000100014,SPECC1L,23384,FALSE
ENSG00000100023,PPIL2,23759,FALSE
ENSG00000100027,YPEL1,29799,FALSE
ENSG00000100028,SNRPD3,6634,FALSE
ENSG00000100029,PES1,23481,FALSE
ENSG00000100030,MAPK1,5594,FALSE
ENSG00000100033,PRODH,5625,FALSE
ENSG00000100034,PPM1F,9647,FALSE
ENSG00000100036,SLC35E4,339665,FALSE
ENSG00000100038,TOP3B,8940,TRUE
ENSG00000100055,CYTH4,27128,FALSE
ENSG00000100056,ESS2,8220,FALSE
ENSG00000100060,MFNG,4242,FALSE
ENSG00000100065,CARD10,29775,FALSE
ENSG00000100075,SLC25A1,6576,FALSE
ENSG00000100077,GRK3,157,FALSE
ENSG00000100078,PLA2G3,50487,FALSE
ENSG00000100083,GGA1,26088,FALSE
ENSG00000100092,SH3BP1,23616,FALSE
ENSG00000100097,LGALS1,3956,FALSE
ENSG00000100099,HPS4,89781,FALSE
ENSG00000100100,PIK3IP1,113791,FALSE
ENSG00000100104,SRRD,402055,FALSE
ENSG00000100105,PATZ1,23598,FALSE
ENSG00000100106,TRIOBP,11078,FALSE
ENSG00000100109,TFIP11,24144,FALSE
ENSG00000100116,GCAT,23464,FALSE
ENSG00000100121,GGTLC2,91227,FALSE
ENSG00000100124,ANKRD54,129138,TRUE
ENSG00000100129,EIF3L,51386,FALSE
ENSG00000100139,MICALL1,85377,FALSE
ENSG00000100142,POLR2F,5435,FALSE
ENSG00000100147,CCDC134,79879,FALSE
ENSG00000100150,DEPDC5,9681,FALSE
ENSG00000100151,PICK1,9463,FALSE
ENSG00000100162,CENPM,79019,FALSE
ENSG00000100170,SLC5A1,6523,FALSE
ENSG00000100196,KDELR3,11015,FALSE
ENSG00000100206,DMC1,11144,FALSE
ENSG00000100209,HSCB,150274,FALSE
ENSG00000100211,CBY1,25776,FALSE
ENSG00000100221,JOSD1,9929,FALSE
ENSG00000100225,FBXO7,25793,FALSE
ENSG00000100226,GTPBP1,9567,FALSE
ENSG00000100227,POLDIP3,84271,TRUE
ENSG00000100228,RAB36,9609,FALSE
ENSG00000100239,PPP6R2,9701,FALSE
ENSG00000100242,SUN2,25777,FALSE
ENSG00000100246,DNAL4,10126,FALSE
ENSG00000100258,LMF2,91289,FALSE
ENSG00000100263,RHBDD3,25807,TRUE
ENSG00000100266,PACSIN2,11252,TRUE
ENSG00000100271,TTLL1,25809,FALSE
ENSG00000100276,RASL10A,10633,FALSE
ENSG00000100280,AP1B1,162,FALSE
ENSG00000100281,HMGXB4,10042,FALSE
ENSG00000100284,TOM1,10043,FALSE
ENSG00000100288,CHKB,1120,FALSE
ENSG00000100290,BIK,638,FALSE
ENSG00000100294,MCAT,27349,FALSE
ENSG00000100296,THOC5,8563,TRUE
ENSG00000100297,MCM5,4174,FALSE
ENSG00000100298,APOBEC3H,164668,FALSE
ENSG00000100299,ARSA,410,FALSE
ENSG00000100300,TSPO,706,TRUE
ENSG00000100302,RASD2,23551,FALSE
ENSG00000100311,PDGFB,5155,FALSE
ENSG00000100316,RPL3,6122,FALSE
ENSG00000100319,ZMAT5,55954,FALSE
ENSG00000100320,RBFOX2,23543,TRUE
ENSG00000100321,SYNGR1,9145,FALSE
ENSG00000100324,TAB1,10454,FALSE
ENSG00000100325,ASCC2,84164,TRUE
ENSG00000100335,MIEF1,54471,FALSE
ENSG00000100336,APOL4,80832,FALSE
ENSG00000100344,PNPLA3,80339,FALSE
ENSG00000100348,TXN2,25828,FALSE
ENSG00000100350,FOXRED2,80020,FALSE
ENSG00000100353,EIF3D,8664,FALSE
ENSG00000100354,TNRC6B,23112,FALSE
ENSG00000100359,SGSM3,27352,FALSE
ENSG00000100360,IFT27,11020,TRUE
ENSG00000100365,NCF4,4689,FALSE
ENSG00000100372,SLC25A17,10478,TRUE
ENSG00000100376,FAM118A,55007,FALSE
ENSG00000100379,KCTD17,79734,FALSE
ENSG00000100380,ST13,6767,FALSE
ENSG00000100387,RBX1,9978,FALSE
ENSG00000100395,L3MBTL2,83746,TRUE
ENSG00000100401,RANGAP1,5905,FALSE
ENSG00000100403,ZC3H7B,23264,FALSE
ENSG00000100412,ACO2,50,FALSE
ENSG00000100413,POLR3H,171568,TRUE
ENSG00000100416,TRMU,55687,FALSE
ENSG00000100417,PMM1,5372,FALSE
ENSG00000100418,DESI1,27351,TRUE
ENSG00000100422,CERK,64781,FALSE
ENSG00000100429,HDAC10,83933,FALSE
ENSG00000100439,ABHD4,63874,FALSE
ENSG00000100441,KHNYN,23351,FALSE
ENSG00000100445,SDR39U1,56948,FALSE
ENSG00000100461,RBM23,55147,FALSE
ENSG00000100462,PRMT5,10419,FALSE
ENSG00000100473,COCH,1690,FALSE
ENSG00000100478,AP4S1,11154,FALSE
ENSG00000100479,POLE2,5427,FALSE
ENSG00000100483,VCPKMT,79609,FALSE
ENSG00000100490,CDKL1,8814,FALSE
ENSG00000100504,PYGL,5836,FALSE
ENSG00000100505,TRIM9,114088,FALSE
ENSG00000100519,PSMC6,5706,FALSE
ENSG00000100522,GNPNAT1,64841,FALSE
ENSG00000100523,DDHD1,80821,FALSE
ENSG00000100526,CDKN3,1033,FALSE
ENSG00000100528,CNIH1,10175,FALSE
ENSG00000100532,CGRRF1,10668,FALSE
ENSG00000100554,ATP6V1D,51382,FALSE
ENSG00000100558,PLEK2,26499,FALSE
ENSG00000100564,PIGH,5283,FALSE
ENSG00000100568,VTI1B,10490,FALSE
ENSG00000100577,GSTZ1,2954,FALSE
ENSG00000100578,KIAA0586,9786,FALSE
ENSG00000100583,SAMD15,161394,FALSE
ENSG00000100591,AHSA1,10598,FALSE
ENSG00000100593,ISM2,145501,FALSE
ENSG00000100596,SPTLC2,9517,FALSE
ENSG00000100599,RIN3,79890,FALSE
ENSG00000100600,LGMN,5641,TRUE
ENSG00000100601,ALKBH1,8846,FALSE
ENSG00000100603,SNW1,22938,TRUE
ENSG00000100605,ITPK1,3705,FALSE
ENSG00000100614,PPM1A,5494,TRUE
ENSG00000100625,SIX4,51804,FALSE
ENSG00000100626,GALNT16,57452,FALSE
ENSG00000100644,HIF1A,3091,FALSE
ENSG00000100647,SUSD6,9766,FALSE
ENSG00000100650,SRSF5,6430,TRUE
ENSG00000100711,ZFYVE21,79038,FALSE
ENSG00000100714,MTHFD1,4522,FALSE
ENSG00000100722,ZC3H14,79882,TRUE
ENSG00000100726,TELO2,9894,FALSE
ENSG00000100731,PCNX1,22990,FALSE
ENSG00000100739,BDKRB1,623,FALSE
ENSG00000100744,GSKIP,51527,FALSE
ENSG00000100749,VRK1,7443,FALSE
ENSG00000100764,PSMC1,5700,FALSE
ENSG00000100767,PAPLN,89932,FALSE
ENSG00000100784,RPS6KA5,9252,FALSE
ENSG00000100796,PPP4R3A,55671,FALSE
ENSG00000100802,C14orf93,60686,FALSE
ENSG00000100804,PSMB5,5693,FALSE
ENSG00000100811,YY1,7528,FALSE
ENSG00000100814,CCNB1IP1,57820,TRUE
ENSG00000100823,APEX1,328,TRUE
ENSG00000100836,PABPN1,8106,FALSE
ENSG00000100865,CINP,51550,FALSE
ENSG00000100883,SRP54,6729,FALSE
ENSG00000100889,PCK2,5106,FALSE
ENSG00000100890,PRORP,9692,TRUE
ENSG00000100897,DCAF11,80344,FALSE
ENSG00000100908,EMC9,51016,FALSE
ENSG00000100911,PSME2,5721,FALSE
ENSG00000100916,BRMS1L,84312,FALSE
ENSG00000100918,REC8,9985,FALSE
ENSG00000100926,TM9SF1,10548,FALSE
ENSG00000100934,SEC23A,10484,FALSE
ENSG00000100938,GMPR2,51292,TRUE
ENSG00000100941,PNN,5411,FALSE
ENSG00000100949,RABGGTA,5875,FALSE
ENSG00000100968,NFATC4,4776,FALSE
ENSG00000100979,PLTP,5360,FALSE
ENSG00000100982,PCIF1,63935,FALSE
ENSG00000100983,GSS,2937,FALSE
ENSG00000100985,MMP9,4318,FALSE
ENSG00000100991,TRPC4AP,26133,FALSE
ENSG00000100994,PYGB,5834,FALSE
ENSG00000100997,ABHD12,26090,FALSE
ENSG00000101000,PROCR,10544,FALSE
ENSG00000101017,CD40,958,FALSE
ENSG00000101019,UQCC1,55245,FALSE
ENSG00000101040,ZMYND8,23613,TRUE
ENSG00000101049,SGK2,10110,FALSE
ENSG00000101052,IFT52,51098,FALSE
ENSG00000101057,MYBL2,4605,FALSE
ENSG00000101079,NDRG3,57446,FALSE
ENSG00000101084,RAB5IF,55969,FALSE
ENSG00000101096,NFATC2,4773,FALSE
ENSG00000101126,ADNP,23394,FALSE
ENSG00000101132,PFDN4,5203,FALSE
ENSG00000101134,DOK5,55816,FALSE
ENSG00000101138,CSTF1,1477,TRUE
ENSG00000101144,BMP7,655,TRUE
ENSG00000101146,RAE1,8480,FALSE
ENSG00000101150,TPD52L2,7165,FALSE
ENSG00000101152,DNAJC5,80331,TRUE
ENSG00000101158,NELFCD,51497,FALSE
ENSG00000101160,CTSZ,1522,FALSE
ENSG00000101161,PRPF6,24148,FALSE
ENSG00000101166,PRELID3B,51012,FALSE
ENSG00000101181,MTG2,26164,FALSE
ENSG00000101182,PSMA7,5688,FALSE
ENSG00000101187,SLCO4A1,28231,FALSE
ENSG00000101189,MRGBP,55257,FALSE
ENSG00000101191,DIDO1,11083,FALSE
ENSG00000101193,GID8,54994,FALSE
ENSG00000101194,SLC17A9,63910,FALSE
ENSG00000101199,ARFGAP1,55738,FALSE
ENSG00000101210,EEF1A2,1917,FALSE
ENSG00000101213,PTK6,5753,FALSE
ENSG00000101216,GMEB2,26205,FALSE
ENSG00000101220,ADISSP,54976,TRUE
ENSG00000101222,SPEF1,25876,FALSE
ENSG00000101224,CDC25B,994,FALSE
ENSG00000101230,ISM1,140862,FALSE
ENSG00000101236,RNF24,11237,FALSE
ENSG00000101246,ARFRP1,10139,FALSE
ENSG00000101247,NDUFAF5,79133,FALSE
ENSG00000101251,SEL1L2,80343,FALSE
ENSG00000101255,TRIB3,57761,FALSE
ENSG00000101265,RASSF2,9770,FALSE
ENSG00000101266,CSNK2A1,1457,FALSE
ENSG00000101276,SLC52A3,113278,FALSE
ENSG00000101290,CDS2,8760,FALSE
ENSG00000101294,HM13,81502,TRUE
ENSG00000101298,SNPH,9751,FALSE
ENSG00000101307,SIRPB1,10326,FALSE
ENSG00000101310,SEC23B,10483,FALSE
ENSG00000101335,MYL9,10398,FALSE
ENSG00000101336,HCK,3055,FALSE
ENSG00000101337,TM9SF4,9777,FALSE
ENSG00000101343,CRNKL1,51340,FALSE
ENSG00000101346,POFUT1,23509,FALSE
ENSG00000101347,SAMHD1,25939,FALSE
ENSG00000101349,PAK5,57144,FALSE
ENSG00000101350,KIF3B,9371,FALSE
ENSG00000101361,NOP56,10528,FALSE
ENSG00000101363,MANBAL,63905,FALSE
ENSG00000101365,IDH3B,3420,FALSE
ENSG00000101384,JAG1,182,FALSE
ENSG00000101391,CDK5RAP1,51654,FALSE
ENSG00000101400,SNTA1,6640,FALSE
ENSG00000101407,TTI1,9675,FALSE
ENSG00000101412,E2F1,1869,TRUE
ENSG00000101413,RPRD1B,58490,FALSE
ENSG00000101417,PXMP4,11264,FALSE
ENSG00000101442,ACTR5,79913,FALSE
ENSG00000101443,WFDC2,10406,FALSE
ENSG00000101444,AHCY,191,FALSE
ENSG00000101445,PPP1R16B,26051,FALSE
ENSG00000101447,FAM83D,81610,FALSE
ENSG00000101452,DHX35,60625,FALSE
ENSG00000101457,DNTTIP1,116092,FALSE
ENSG00000101460,MAP1LC3A,84557,FALSE
ENSG00000101463,SYNDIG1,79953,FALSE
ENSG00000101464,PIGU,128869,FALSE
ENSG00000101473,ACOT8,10005,FALSE
ENSG00000101474,APMAP,57136,FALSE
ENSG00000101493,ZNF516,9658,FALSE
ENSG00000101544,ADNP2,22850,FALSE
ENSG00000101546,RBFA,79863,FALSE
ENSG00000101557,USP14,9097,FALSE
ENSG00000101558,VAPA,9218,TRUE
ENSG00000101574,METTL4,64863,FALSE
ENSG00000101624,CEP76,79959,FALSE
ENSG00000101638,ST8SIA5,29906,FALSE
ENSG00000101654,RNMT,8731,FALSE
ENSG00000101670,LIPG,9388,FALSE
ENSG00000101695,RNF125,54941,FALSE
ENSG00000101746,NOL4,8715,FALSE
ENSG00000101751,POLI,11201,TRUE
ENSG00000101752,MIB1,57534,FALSE
ENSG00000101773,RBBP8,5932,TRUE
ENSG00000101782,RIOK3,8780,FALSE
ENSG00000101811,CSTF2,1478,FALSE
ENSG00000101842,VSIG1,340547,FALSE
ENSG00000101843,PSMD10,5716,FALSE
ENSG00000101844,ATG4A,115201,FALSE
ENSG00000101846,STS,412,FALSE
ENSG00000101849,TBL1X,6907,FALSE
ENSG00000101868,POLA1,5422,FALSE
ENSG00000101871,MID1,4281,FALSE
ENSG00000101888,NXT2,55916,FALSE
ENSG00000101901,ALG13,79868,FALSE
ENSG00000101911,PRPS2,5634,FALSE
ENSG00000101928,MOSPD1,56180,TRUE
ENSG00000101935,AMMECR1,9949,FALSE
ENSG00000101938,CHRDL1,91851,FALSE
ENSG00000101940,WDR13,64743,FALSE
ENSG00000101945,SUV39H1,6839,FALSE
ENSG00000101955,SRPX,8406,FALSE
ENSG00000101972,STAG2,10735,FALSE
ENSG00000101986,ABCD1,215,FALSE
ENSG00000101997,CCDC22,28952,FALSE
ENSG00000102007,PLP2,5355,FALSE
ENSG00000102010,BMX,660,FALSE
ENSG00000102024,PLS3,5358,FALSE
ENSG00000102030,NAA10,8260,FALSE
ENSG00000102032,RENBP,5973,FALSE
ENSG00000102034,ELF4,2000,FALSE
ENSG00000102038,SMARCA1,6594,FALSE
ENSG00000102048,ASB9,140462,FALSE
ENSG00000102057,KCND1,3750,FALSE
ENSG00000102078,SLC25A14,9016,FALSE
ENSG00000102081,FMR1,2332,FALSE
ENSG00000102096,PIM2,11040,FALSE
ENSG00000102098,SCML2,10389,FALSE
ENSG00000102100,SLC35A2,7355,FALSE
ENSG00000102103,PQBP1,10084,FALSE
ENSG00000102109,PCSK1N,27344,FALSE
ENSG00000102125,TAFAZZIN,6901,FALSE
ENSG00000102158,MAGT1,84061,FALSE
ENSG00000102172,SMS,6611,FALSE
ENSG00000102178,UBL4A,8266,FALSE
ENSG00000102181,CD99L2,83692,FALSE
ENSG00000102218,RP2,6102,FALSE
ENSG00000102221,JADE3,9767,FALSE
ENSG00000102225,CDK16,5127,TRUE
ENSG00000102226,USP11,8237,FALSE
ENSG00000102230,PCYT1B,9468,FALSE
ENSG00000102241,HTATSF1,27336,FALSE
ENSG00000102243,VGLL1,51442,FALSE
ENSG00000102265,TIMP1,7076,FALSE
ENSG00000102271,KLHL4,56062,FALSE
ENSG00000102302,FGD1,2245,FALSE
ENSG00000102309,PIN4,5303,FALSE
ENSG00000102312,PORCN,64840,FALSE
ENSG00000102316,MAGED2,10916,FALSE
ENSG00000102317,RBM3,5935,FALSE
ENSG00000102349,KLF8,11279,FALSE
ENSG00000102359,SRPX2,27286,FALSE
ENSG00000102362,SYTL4,94121,FALSE
ENSG00000102384,CENPI,2491,FALSE
ENSG00000102390,PBDC1,51260,FALSE
ENSG00000102393,GLA,2717,FALSE
ENSG00000102401,ARMCX3,51566,FALSE
ENSG00000102409,BEX4,56271,FALSE
ENSG00000102466,FGF14,2259,FALSE
ENSG00000102471,NDFIP2,54602,FALSE
ENSG00000102524,TNFSF13B,10673,FALSE
ENSG00000102547,CAB39L,81617,FALSE
ENSG00000102554,KLF5,688,FALSE
ENSG00000102572,STK24,8428,FALSE
ENSG00000102575,ACP5,54,FALSE
ENSG00000102595,UGGT2,55757,FALSE
ENSG00000102699,PARP4,143,FALSE
ENSG00000102738,MRPS31,10240,FALSE
ENSG00000102743,SLC25A15,10166,FALSE
ENSG00000102753,KPNA3,3839,FALSE
ENSG00000102755,FLT1,2321,FALSE
ENSG00000102760,RGCC,28984,FALSE
ENSG00000102763,VWA8,23078,FALSE
ENSG00000102780,DGKH,160851,FALSE
ENSG00000102781,KATNAL1,84056,FALSE
ENSG00000102786,INTS6,26512,FALSE
ENSG00000102796,DHRS12,79758,FALSE
ENSG00000102802,MEDAG,84935,FALSE
ENSG00000102805,CLN5,1203,FALSE
ENSG00000102854,MSLN,10232,FALSE
ENSG00000102858,MGRN1,23295,FALSE
ENSG00000102871,TRADD,8717,FALSE
ENSG00000102878,HSF4,3299,FALSE
ENSG00000102879,CORO1A,11151,FALSE
ENSG00000102882,MAPK3,5595,FALSE
ENSG00000102886,GDPD3,79153,FALSE
ENSG00000102890,ELMO3,79767,FALSE
ENSG00000102897,LYRM1,57149,FALSE
ENSG00000102898,NUTF2,10204,TRUE
ENSG00000102900,NUP93,9688,FALSE
ENSG00000102910,LONP2,83752,FALSE
ENSG00000102967,DHODH,1723,FALSE
ENSG00000102970,CCL17,6361,FALSE
ENSG00000102974,CTCF,10664,FALSE
ENSG00000102977,ACD,65057,FALSE
ENSG00000102978,POLR2C,5432,FALSE
ENSG00000102981,PARD6A,50855,FALSE
ENSG00000102984,ZNF821,55565,FALSE
ENSG00000102996,MMP15,4324,FALSE
ENSG00000103005,USB1,79650,FALSE
ENSG00000103021,CFAP263,29070,FALSE
ENSG00000103024,NME3,4832,FALSE
ENSG00000103034,NDRG4,65009,FALSE
ENSG00000103037,SETD6,79918,TRUE
ENSG00000103042,SLC38A7,55238,FALSE
ENSG00000103043,VAC14,55697,FALSE
ENSG00000103044,HAS3,3038,FALSE
ENSG00000103047,TANGO6,79613,FALSE
ENSG00000103051,COG4,25839,FALSE
ENSG00000103056,SMPD3,55512,FALSE
ENSG00000103061,SLC7A6OS,84138,FALSE
ENSG00000103064,SLC7A6,9057,FALSE
ENSG00000103066,PLA2G15,23659,TRUE
ENSG00000103067,ESRP2,80004,FALSE
ENSG00000103089,FA2H,79152,FALSE
ENSG00000103111,MON1B,22879,FALSE
ENSG00000103121,CMC2,56942,FALSE
ENSG00000103145,HCFC1R1,54985,FALSE
ENSG00000103148,NPRL3,8131,FALSE
ENSG00000103150,MLYCD,23417,FALSE
ENSG00000103152,MPG,4350,FALSE
ENSG00000103160,HSDL1,83693,FALSE
ENSG00000103168,TAF1C,9013,FALSE
ENSG00000103174,NAGPA,51172,FALSE
ENSG00000103175,WFDC1,58189,FALSE
ENSG00000103187,COTL1,23406,FALSE
ENSG00000103194,USP10,9100,TRUE
ENSG00000103196,CRISPLD2,83716,FALSE
ENSG00000103199,ZNF500,26048,FALSE
ENSG00000103202,NME4,4833,FALSE
ENSG00000103226,NOMO3,408050,FALSE
ENSG00000103227,LMF1,64788,FALSE
ENSG00000103241,FOXF1,2294,FALSE
ENSG00000103245,CIAO3,64428,FALSE
ENSG00000103248,MTHFSD,64779,FALSE
ENSG00000103253,HAGHL,84264,FALSE
ENSG00000103254,ANTKMT,65990,TRUE
ENSG00000103257,SLC7A5,8140,FALSE
ENSG00000103260,METRN,79006,FALSE
ENSG00000103264,FBXO31,79791,FALSE
ENSG00000103266,STUB1,10273,FALSE
ENSG00000103274,NUBP1,4682,FALSE
ENSG00000103275,UBE2I,7329,FALSE
ENSG00000103316,CRYM,1428,FALSE
ENSG00000103342,GSPT1,2935,FALSE
ENSG00000103343,ZNF174,7727,TRUE
ENSG00000103351,CLUAP1,23059,FALSE
ENSG00000103353,UBFD1,56061,FALSE
ENSG00000103355,PRSS33,260429,FALSE
ENSG00000103356,EARS2,124454,FALSE
ENSG00000103363,ELOB,6923,FALSE
ENSG00000103365,GGA2,23062,FALSE
ENSG00000103381,CPPED1,55313,FALSE
ENSG00000103404,USP31,57478,FALSE
ENSG00000103415,HMOX2,3163,FALSE
ENSG00000103423,DNAJA3,9093,FALSE
ENSG00000103429,BFAR,51283,FALSE
ENSG00000103479,RBL2,5934,FALSE
ENSG00000103485,QPRT,23475,FALSE
ENSG00000103489,XYLT1,64131,FALSE
ENSG00000103490,PYCARD,29108,TRUE
ENSG00000103495,MAZ,4150,FALSE
ENSG00000103496,STX4,6810,FALSE
ENSG00000103502,CDIPT,10423,TRUE
ENSG00000103507,BCKDK,10295,TRUE
ENSG00000103510,KAT8,84148,FALSE
ENSG00000103512,NOMO1,23420,FALSE
ENSG00000103522,IL21R,50615,FALSE
ENSG00000103528,SYT17,51760,FALSE
ENSG00000103534,TMC5,79838,FALSE
ENSG00000103540,CCP110,9738,FALSE
ENSG00000103544,VPS35L,57020,FALSE
ENSG00000103546,SLC6A2,6530,FALSE
ENSG00000103549,RNF40,9810,FALSE
ENSG00000103550,KNOP1,400506,TRUE
ENSG00000103591,AAGAB,79719,FALSE
ENSG00000103599,IQCH,64799,FALSE
ENSG00000103642,LACTB,114294,FALSE
ENSG00000103647,CORO2B,10391,FALSE
ENSG00000103653,CSK,1445,FALSE
ENSG00000103671,TRIP4,9325,FALSE
ENSG00000103707,MTFMT,123263,FALSE
ENSG00000103710,RASL12,51285,FALSE
ENSG00000103723,AP3B2,8120,FALSE
ENSG00000103811,CTSH,1512,FALSE
ENSG00000103855,CD276,80381,FALSE
ENSG00000103876,FAH,2184,FALSE
ENSG00000103888,CEMIP,57214,FALSE
ENSG00000103932,RPAP1,26015,FALSE
ENSG00000103942,HOMER2,9455,FALSE
ENSG00000103978,TMEM87A,25963,FALSE
ENSG00000103995,CEP152,22995,FALSE
ENSG00000104047,DTWD1,56986,FALSE
ENSG00000104055,TGM5,9333,FALSE
ENSG00000104064,GABPB1,2553,TRUE
ENSG00000104081,BMF,90427,FALSE
ENSG00000104112,SCG3,29106,FALSE
ENSG00000104129,DNAJC17,55192,FALSE
ENSG00000104131,EIF3J,8669,FALSE
ENSG00000104140,RHOV,171177,FALSE
ENSG00000104142,VPS18,57617,FALSE
ENSG00000104147,OIP5,11339,FALSE
ENSG00000104154,SLC30A4,7782,FALSE
ENSG00000104164,BLOC1S6,26258,FALSE
ENSG00000104205,SGK3,23678,FALSE
ENSG00000104213,PDGFRL,5157,FALSE
ENSG00000104219,ZDHHC2,51201,FALSE
ENSG00000104221,BRF2,55290,TRUE
ENSG00000104228,TRIM35,23087,FALSE
ENSG00000104231,ZFAND1,79752,FALSE
ENSG00000104299,INTS9,55756,FALSE
ENSG00000104312,RIPK2,8767,FALSE
ENSG00000104313,EYA1,2138,FALSE
ENSG00000104320,NBN,4683,TRUE
ENSG00000104321,TRPA1,8989,FALSE
ENSG00000104324,CPQ,10404,FALSE
ENSG00000104325,DECR1,1666,FALSE
ENSG00000104327,CALB1,793,FALSE
ENSG00000104331,BPNT2,54928,FALSE
ENSG00000104332,SFRP1,6422,FALSE
ENSG00000104343,UBE2W,55284,FALSE
ENSG00000104361,NIPAL2,79815,FALSE
ENSG00000104365,IKBKB,3551,TRUE
ENSG00000104368,PLAT,5327,FALSE
ENSG00000104369,JPH1,56704,FALSE
ENSG00000104371,DKK4,27121,FALSE
ENSG00000104375,STK3,6788,FALSE
ENSG00000104381,GDAP1,54332,FALSE
ENSG00000104408,EIF3E,3646,FALSE
ENSG00000104412,EMC2,9694,FALSE
ENSG00000104413,ESRP1,54845,FALSE
ENSG00000104415,CCN4,8840,FALSE
ENSG00000104419,NDRG1,10397,FALSE
ENSG00000104427,ZC2HC1A,51101,FALSE
ENSG00000104432,IL7,3574,FALSE
ENSG00000104442,ARMC1,55156,FALSE
ENSG00000104472,CHRAC1,54108,FALSE
ENSG00000104490,NCALD,83988,FALSE
ENSG00000104497,SNX16,64089,FALSE
ENSG00000104518,GSDMD,79792,TRUE
ENSG00000104522,GFUS,7264,FALSE
ENSG00000104524,PYCR3,65263,FALSE
ENSG00000104529,EEF1D,1936,FALSE
ENSG00000104611,SH2D4A,63898,FALSE
ENSG00000104613,INTS10,55174,TRUE
ENSG00000104626,ERI1,90459,TRUE
ENSG00000104635,SLC39A14,23516,FALSE
ENSG00000104643,MTMR9,66036,FALSE
ENSG00000104660,LEPROTL1,23484,FALSE
ENSG00000104671,DCTN6,10671,FALSE
ENSG00000104679,R3HCC1,203069,FALSE
ENSG00000104687,GSR,2936,FALSE
ENSG00000104689,TNFRSF10A,8797,FALSE
ENSG00000104691,UBXN8,7993,FALSE
ENSG00000104695,PPP2CB,5516,FALSE
ENSG00000104714,ERICH1,157697,FALSE
ENSG00000104722,NEFM,4741,FALSE
ENSG00000104723,TUSC3,7991,FALSE
ENSG00000104731,KLHDC4,54758,FALSE
ENSG00000104738,MCM4,4173,FALSE
ENSG00000104756,KCTD9,54793,FALSE
ENSG00000104760,FGL1,2267,FALSE
ENSG00000104763,ASAH1,427,FALSE
ENSG00000104774,MAN2B1,4125,FALSE
ENSG00000104783,KCNN4,3783,FALSE
ENSG00000104805,NUCB1,4924,FALSE
ENSG00000104808,DHDH,27294,FALSE
ENSG00000104812,GYS1,2997,FALSE
ENSG00000104824,HNRNPL,3191,FALSE
ENSG00000104825,NFKBIB,4793,TRUE
ENSG00000104835,SARS2,54938,FALSE
ENSG00000104852,SNRNP70,6625,FALSE
ENSG00000104856,RELB,5971,FALSE
ENSG00000104859,CLASRP,11129,FALSE
ENSG00000104863,LIN7B,64130,FALSE
ENSG00000104866,PPP1R37,284352,FALSE
ENSG00000104870,FCGRT,2217,FALSE
ENSG00000104872,PIH1D1,55011,FALSE
ENSG00000104881,PPP1R13L,10848,FALSE
ENSG00000104883,PEX11G,92960,FALSE
ENSG00000104884,ERCC2,2068,FALSE
ENSG00000104886,PLEKHJ1,55111,TRUE
ENSG00000104892,KLC3,147700,TRUE
ENSG00000104897,SF3A2,8175,FALSE
ENSG00000104901,DKKL1,27120,FALSE
ENSG00000104903,LYL1,4066,FALSE
ENSG00000104907,TRMT1,55621,FALSE
ENSG00000104915,STX10,8677,FALSE
ENSG00000104936,DMPK,1760,FALSE
ENSG00000104946,TBC1D17,79735,TRUE
ENSG00000104951,IL4I1,259307,FALSE
ENSG00000104953,TLE6,79816,FALSE
ENSG00000104957,YJU2B,81576,TRUE
ENSG00000104960,PTOV1,53635,FALSE
ENSG00000104964,TLE5,166,FALSE
ENSG00000104973,MED25,81857,FALSE
ENSG00000104979,C19orf53,28974,FALSE
ENSG00000104980,TIMM44,10469,FALSE
ENSG00000104983,CCDC61,729440,FALSE
ENSG00000104998,IL27RA,9466,FALSE
ENSG00000105011,ASF1B,55723,FALSE
ENSG00000105048,TNNT1,7138,FALSE
ENSG00000105053,VRK3,51231,FALSE
ENSG00000105058,FAM32A,26017,FALSE
ENSG00000105085,MED26,9441,FALSE
ENSG00000105088,OLFM2,93145,FALSE
ENSG00000105122,RASAL3,64926,FALSE
ENSG00000105127,AKAP8,10270,FALSE
ENSG00000105131,EPHX3,79852,FALSE
ENSG00000105135,HACL2,10994,FALSE
ENSG00000105136,ZNF419,79744,FALSE
ENSG00000105137,SYDE1,85360,FALSE
ENSG00000105146,AURKC,6795,FALSE
ENSG00000105171,POP4,10775,FALSE
ENSG00000105173,CCNE1,898,FALSE
ENSG00000105176,URI1,8725,FALSE
ENSG00000105185,PDCD5,9141,FALSE
ENSG00000105186,ANKRD27,84079,FALSE
ENSG00000105193,RPS16,6217,FALSE
ENSG00000105197,TIMM50,92609,FALSE
ENSG00000105202,FBL,2091,FALSE
ENSG00000105204,DYRK1B,9149,FALSE
ENSG00000105219,CCNP,79935,FALSE
ENSG00000105220,GPI,2821,FALSE
ENSG00000105221,AKT2,208,FALSE
ENSG00000105223,PLD3,23646,FALSE
ENSG00000105245,NUMBL,9253,FALSE
ENSG00000105246,EBI3,10148,FALSE
ENSG00000105255,FSD1,79187,FALSE
ENSG00000105258,POLR2I,5438,FALSE
ENSG00000105270,CLIP3,25999,FALSE
ENSG00000105278,ZFR2,23217,FALSE
ENSG00000105287,PRKD2,25865,FALSE
ENSG00000105290,APLP1,333,FALSE
ENSG00000105298,CACTIN,58509,FALSE
ENSG00000105321,CCDC9,26093,FALSE
ENSG00000105323,HNRNPUL1,11100,FALSE
ENSG00000105325,FZR1,51343,FALSE
ENSG00000105327,BBC3,27113,FALSE
ENSG00000105329,TGFB1,7040,FALSE
ENSG00000105339,DENND3,22898,FALSE
ENSG00000105341,DMAC2,55101,FALSE
ENSG00000105352,CEACAM4,1089,FALSE
ENSG00000105355,PLIN3,10226,FALSE
ENSG00000105364,MRPL4,51073,TRUE
ENSG00000105371,ICAM4,3386,FALSE
ENSG00000105372,RPS19,6223,FALSE
ENSG00000105373,NOP53,29997,FALSE
ENSG00000105388,CEACAM5,1048,FALSE
ENSG00000105393,BABAM1,29086,TRUE
ENSG00000105397,TYK2,7297,FALSE
ENSG00000105401,CDC37,11140,FALSE
ENSG00000105402,NAPA,8775,FALSE
ENSG00000105404,RABAC1,10567,FALSE
ENSG00000105419,MEIS3,56917,FALSE
ENSG00000105438,KDELR1,10945,FALSE
ENSG00000105443,CYTH2,9266,FALSE
ENSG00000105447,GRWD1,83743,FALSE
ENSG00000105472,CLEC11A,6320,TRUE
ENSG00000105486,LIG1,3978,FALSE
ENSG00000105497,ZNF175,7728,FALSE
ENSG00000105499,PLA2G4C,8605,TRUE
ENSG00000105514,RAB3D,9545,FALSE
ENSG00000105516,DBP,1628,FALSE
ENSG00000105518,TMEM205,374882,FALSE
ENSG00000105519,CAPS,828,FALSE
ENSG00000105520,PLPPR2,64748,FALSE
ENSG00000105523,FAM83E,54854,FALSE
ENSG00000105538,RASIP1,54922,FALSE
ENSG00000105552,BCAT2,587,TRUE
ENSG00000105556,MIER2,54531,FALSE
ENSG00000105559,PLEKHA4,57664,FALSE
ENSG00000105568,PPP2R1A,5518,FALSE
ENSG00000105583,WDR83OS,51398,FALSE
ENSG00000105605,CACNG7,59284,FALSE
ENSG00000105607,GCDH,2639,FALSE
ENSG00000105612,DNASE2,1777,FALSE
ENSG00000105617,LENG1,79165,FALSE
ENSG00000105618,PRPF31,26121,FALSE
ENSG00000105619,TFPT,29844,FALSE
ENSG00000105640,RPL18A,6142,FALSE
ENSG00000105641,SLC5A5,6528,FALSE
ENSG00000105643,ARRDC2,27106,FALSE
ENSG00000105647,PIK3R2,5296,FALSE
ENSG00000105649,RAB3A,5864,TRUE
ENSG00000105655,ISYNA1,51477,FALSE
ENSG00000105656,ELL,8178,FALSE
ENSG00000105662,CRTC1,23373,FALSE
ENSG00000105664,COMP,1311,FALSE
ENSG00000105669,COPE,11316,FALSE
ENSG00000105671,DDX49,54555,FALSE
ENSG00000105672,ETV2,2116,FALSE
ENSG00000105676,ARMC6,93436,FALSE
ENSG00000105677,TMEM147,10430,FALSE
ENSG00000105696,TMEM59L,25789,FALSE
ENSG00000105698,USF2,7392,TRUE
ENSG00000105699,LSR,51599,FALSE
ENSG00000105700,KXD1,79036,FALSE
ENSG00000105701,FKBP8,23770,FALSE
ENSG00000105705,SUGP1,57794,FALSE
ENSG00000105707,HPN,3249,FALSE
ENSG00000105708,ZNF14,7561,FALSE
ENSG00000105711,SCN1B,6324,FALSE
ENSG00000105717,PBX4,80714,FALSE
ENSG00000105722,ERF,2077,FALSE
ENSG00000105723,GSK3A,2931,FALSE
ENSG00000105726,ATP13A1,57130,FALSE
ENSG00000105732,ZNF574,64763,FALSE
ENSG00000105750,ZNF85,7639,TRUE
ENSG00000105755,ETHE1,23474,FALSE
ENSG00000105767,CADM4,199731,FALSE
ENSG00000105771,SMG9,56006,FALSE
ENSG00000105778,AVL9,23080,FALSE
ENSG00000105784,RUNDC3B,154661,FALSE
ENSG00000105793,GTPBP10,85865,FALSE
ENSG00000105810,CDK6,1021,FALSE
ENSG00000105819,PMPCB,9512,FALSE
ENSG00000105825,TFPI2,7980,FALSE
ENSG00000105852,PON3,5446,FALSE
ENSG00000105854,PON2,5445,TRUE
ENSG00000105856,HBP1,26959,FALSE
ENSG00000105865,DUS4L,11062,FALSE
ENSG00000105866,SP4,6671,FALSE
ENSG00000105875,WDR91,29062,FALSE
ENSG00000105879,CBLL1,79872,FALSE
ENSG00000105880,DLX5,1749,FALSE
ENSG00000105889,STEAP1B,256227,FALSE
ENSG00000105894,PTN,5764,FALSE
ENSG00000105928,GSDME,1687,FALSE
ENSG00000105939,ZC3HAV1,56829,TRUE
ENSG00000105948,IFT56,79989,FALSE
ENSG00000105953,OGDH,4967,FALSE
ENSG00000105963,ADAP1,11033,FALSE
ENSG00000105967,TFEC,22797,FALSE
ENSG00000105968,H2AZ2,94239,FALSE
ENSG00000105971,CAV2,858,FALSE
ENSG00000105974,CAV1,857,FALSE
ENSG00000105983,LMBR1,64327,FALSE
ENSG00000105989,WNT2,7472,FALSE
ENSG00000105991,HOXA1,3198,FALSE
ENSG00000105993,DNAJB6,10049,FALSE
ENSG00000105996,HOXA2,3199,FALSE
ENSG00000106009,BRAT1,221927,TRUE
ENSG00000106012,IQCE,23288,FALSE
ENSG00000106025,TSPAN12,23554,FALSE
ENSG00000106028,SSBP1,6742,FALSE
ENSG00000106034,CPED1,79974,FALSE
ENSG00000106049,HIBADH,11112,FALSE
ENSG00000106052,TAX1BP1,8887,FALSE
ENSG00000106066,CPVL,54504,FALSE
ENSG00000106069,CHN2,1124,FALSE
ENSG00000106070,GRB10,2887,FALSE
ENSG00000106077,ABHD11,83451,FALSE
ENSG00000106080,FKBP14,55033,FALSE
ENSG00000106086,PLEKHA8,84725,FALSE
ENSG00000106123,EPHB6,2051,FALSE
ENSG00000106125,MINDY4,84182,TRUE
ENSG00000106144,CASP2,835,FALSE
ENSG00000106236,NPTX2,4885,FALSE
ENSG00000106244,PDAP1,11333,FALSE
ENSG00000106245,BUD31,8896,FALSE
ENSG00000106246,PTCD1,26024,TRUE
ENSG00000106258,CYP3A5,1577,TRUE
ENSG00000106261,ZKSCAN1,7586,FALSE
ENSG00000106263,EIF3B,8662,FALSE
ENSG00000106266,SNX8,29886,FALSE
ENSG00000106268,NUDT1,4521,FALSE
ENSG00000106290,TAF6,6878,FALSE
ENSG00000106302,HYAL4,23553,FALSE
ENSG00000106305,AIMP2,7965,FALSE
ENSG00000106330,MOSPD3,64598,FALSE
ENSG00000106336,FBXO24,26261,FALSE
ENSG00000106344,RBM28,55131,FALSE
ENSG00000106351,AGFG2,3268,FALSE
ENSG00000106355,LSM5,23658,FALSE
ENSG00000106366,SERPINE1,5054,FALSE
ENSG00000106392,C1GALT1,56913,FALSE
ENSG00000106397,PLOD3,8985,FALSE
ENSG00000106400,ZNHIT1,10467,FALSE
ENSG00000106404,CLDN15,24146,TRUE
ENSG00000106415,GLCCI1,113263,FALSE
ENSG00000106459,NRF1,4899,FALSE
ENSG00000106460,TMEM106B,54664,FALSE
ENSG00000106462,EZH2,2146,FALSE
ENSG00000106477,CEP41,95681,TRUE
ENSG00000106479,ZNF862,643641,FALSE
ENSG00000106484,MEST,4232,FALSE
ENSG00000106511,MEOX2,4223,FALSE
ENSG00000106524,ANKMY2,57037,FALSE
ENSG00000106526,ACTR3C,653857,FALSE
ENSG00000106538,RARRES2,5919,FALSE
ENSG00000106541,AGR2,10551,FALSE
ENSG00000106560,GIMAP2,26157,FALSE
ENSG00000106565,TMEM176B,28959,FALSE
ENSG00000106591,MRPL32,64983,FALSE
ENSG00000106603,COA1,55744,FALSE
ENSG00000106605,BLVRA,644,FALSE
ENSG00000106608,URGCP,55665,FALSE
ENSG00000106609,TMEM248,55069,FALSE
ENSG00000106617,PRKAG2,51422,FALSE
ENSG00000106624,AEBP1,165,FALSE
ENSG00000106628,POLD2,5425,FALSE
ENSG00000106633,GCK,2645,FALSE
ENSG00000106635,BCL7B,9275,FALSE
ENSG00000106636,YKT6,10652,FALSE
ENSG00000106638,TBL2,26608,FALSE
ENSG00000106682,EIF4H,7458,FALSE
ENSG00000106686,SPATA6L,55064,TRUE
ENSG00000106688,SLC1A1,6505,FALSE
ENSG00000106701,FSD1L,83856,FALSE
ENSG00000106723,SPIN1,10927,FALSE
ENSG00000106733,NMRK1,54981,FALSE
ENSG00000106771,TMEM245,23731,FALSE
ENSG00000106780,MEGF9,1955,FALSE
ENSG00000106785,TRIM14,9830,FALSE
ENSG00000106789,CORO2A,7464,FALSE
ENSG00000106799,TGFBR1,7046,FALSE
ENSG00000106803,SEC61B,10952,FALSE
ENSG00000106804,C5,727,FALSE
ENSG00000106809,OGN,4969,FALSE
ENSG00000106819,ASPN,54829,FALSE
ENSG00000106829,TLE4,7091,FALSE
ENSG00000106853,PTGR1,22949,FALSE
ENSG00000106868,SUSD1,64420,FALSE
ENSG00000106927,AMBP,259,FALSE
ENSG00000106991,ENG,2022,FALSE
ENSG00000106992,AK1,203,FALSE
ENSG00000106993,CDC37L1,55664,FALSE
ENSG00000107020,PLGRKT,55848,FALSE
ENSG00000107021,TBC1D13,54662,FALSE
ENSG00000107077,KDM4C,23081,FALSE
ENSG00000107105,ELAVL2,1993,FALSE
ENSG00000107130,NCS1,23413,FALSE
ENSG00000107159,CA9,768,FALSE
ENSG00000107164,FUBP3,8939,FALSE
ENSG00000107165,TYRP1,7306,FALSE
ENSG00000107185,RGP1,9827,FALSE
ENSG00000107201,RIGI,23586,FALSE
ENSG00000107223,EDF1,8721,FALSE
ENSG00000107262,BAG1,573,FALSE
ENSG00000107281,NPDC1,56654,FALSE
ENSG00000107317,PTGDS,5730,FALSE
ENSG00000107338,SHB,6461,FALSE
ENSG00000107341,UBE2R2,54926,FALSE
ENSG00000107362,ABHD17B,51104,FALSE
ENSG00000107371,EXOSC3,51010,FALSE
ENSG00000107372,ZFAND5,7763,FALSE
ENSG00000107438,PDLIM1,9124,FALSE
ENSG00000107443,CCNJ,54619,FALSE
ENSG00000107485,GATA3,2625,FALSE
ENSG00000107518,ATRNL1,26033,FALSE
ENSG00000107537,PHYH,5264,FALSE
ENSG00000107551,RASSF4,83937,FALSE
ENSG00000107554,DNMBP,23268,FALSE
ENSG00000107562,CXCL12,6387,FALSE
ENSG00000107566,ERLIN1,10613,FALSE
ENSG00000107614,TRDMT1,1787,FALSE
ENSG00000107625,DDX50,79009,TRUE
ENSG00000107651,SEC23IP,11196,FALSE
ENSG00000107669,ATE1,11101,FALSE
ENSG00000107672,NSMCE4A,54780,FALSE
ENSG00000107719,PALD1,27143,FALSE
ENSG00000107731,UNC5B,219699,FALSE
ENSG00000107738,VSIR,64115,FALSE
ENSG00000107742,SPOCK2,9806,FALSE
ENSG00000107745,MICU1,10367,FALSE
ENSG00000107779,BMPR1A,657,TRUE
ENSG00000107789,MINPP1,9562,FALSE
ENSG00000107796,ACTA2,59,FALSE
ENSG00000107798,LIPA,3988,FALSE
ENSG00000107807,TLX1,3195,FALSE
ENSG00000107815,TWNK,56652,FALSE
ENSG00000107816,LZTS2,84445,FALSE
ENSG00000107819,SFXN3,81855,FALSE
ENSG00000107829,FBXW4,6468,FALSE
ENSG00000107831,FGF8,2253,FALSE
ENSG00000107864,CPEB3,22849,FALSE
ENSG00000107874,CUEDC2,79004,FALSE
ENSG00000107882,SUFU,51684,TRUE
ENSG00000107897,ACBD5,91452,FALSE
ENSG00000107902,LHPP,64077,FALSE
ENSG00000107929,LARP4B,23185,FALSE
ENSG00000107937,GTPBP4,23560,FALSE
ENSG00000107938,EDRF1,26098,FALSE
ENSG00000107949,BCCIP,56647,FALSE
ENSG00000107951,MTPAP,55149,FALSE
ENSG00000107959,PITRM1,10531,FALSE
ENSG00000107960,STN1,79991,TRUE
ENSG00000107968,MAP3K8,1326,FALSE
ENSG00000107984,DKK1,22943,FALSE
ENSG00000108010,GLRX3,10539,FALSE
ENSG00000108039,XPNPEP1,7511,FALSE
ENSG00000108055,SMC3,9126,FALSE
ENSG00000108061,SHOC2,8036,FALSE
ENSG00000108064,TFAM,7019,FALSE
ENSG00000108094,CUL2,8453,FALSE
ENSG00000108100,CCNY,219771,FALSE
ENSG00000108107,RPL28,6158,FALSE
ENSG00000108176,DNAJC12,56521,FALSE
ENSG00000108187,PBLD,64081,FALSE
ENSG00000108219,TSPAN14,81619,FALSE
ENSG00000108239,TBC1D12,23232,FALSE
ENSG00000108242,CYP2C18,1562,FALSE
ENSG00000108256,NUFIP2,57532,FALSE
ENSG00000108298,RPL19,6143,FALSE
ENSG00000108306,FBXL20,84961,FALSE
ENSG00000108309,RUNDC3A,10900,FALSE
ENSG00000108312,UBTF,7343,FALSE
ENSG00000108342,CSF3,1440,FALSE
ENSG00000108349,CASC3,22794,FALSE
ENSG00000108375,RNF43,54894,FALSE
ENSG00000108379,WNT3,7473,FALSE
ENSG00000108381,ASPA,443,FALSE
ENSG00000108384,RAD51C,5889,TRUE
ENSG00000108395,TRIM37,4591,FALSE
ENSG00000108406,DHX40,79665,FALSE
ENSG00000108423,TUBD1,51174,FALSE
ENSG00000108433,GOSR2,9570,TRUE
ENSG00000108439,PNPO,55163,FALSE
ENSG00000108443,RPS6KB1,6198,FALSE
ENSG00000108465,CDK5RAP3,80279,FALSE
ENSG00000108468,CBX1,10951,FALSE
ENSG00000108469,RECQL5,9400,FALSE
ENSG00000108474,PIGL,9487,FALSE
ENSG00000108479,GALK1,2584,FALSE
ENSG00000108506,INTS2,57508,FALSE
ENSG00000108511,HOXB6,3216,FALSE
ENSG00000108523,RNF167,26001,TRUE
ENSG00000108528,SLC25A11,8402,TRUE
ENSG00000108559,NUP88,4927,FALSE
ENSG00000108561,C1QBP,708,FALSE
ENSG00000108578,BLMH,642,FALSE
ENSG00000108582,CPD,1362,FALSE
ENSG00000108587,GOSR1,9527,FALSE
ENSG00000108588,CCDC47,57003,FALSE
ENSG00000108590,MED31,51003,FALSE
ENSG00000108591,DRG2,1819,FALSE
ENSG00000108592,FTSJ3,117246,FALSE
ENSG00000108599,AKAP10,11216,FALSE
ENSG00000108602,ALDH3A1,218,FALSE
ENSG00000108622,ICAM2,3384,FALSE
ENSG00000108641,B9D1,27077,FALSE
ENSG00000108651,UTP6,55813,FALSE
ENSG00000108654,DDX5,1655,FALSE
ENSG00000108666,C17orf75,64149,FALSE
ENSG00000108669,CYTH1,9267,FALSE
ENSG00000108671,PSMD11,5717,TRUE
ENSG00000108679,LGALS3BP,3959,FALSE
ENSG00000108684,ASIC2,40,FALSE
ENSG00000108691,CCL2,6347,FALSE
ENSG00000108733,PEX12,5193,FALSE
ENSG00000108771,DHX58,79132,FALSE
ENSG00000108773,KAT2A,2648,TRUE
ENSG00000108774,RAB5C,5878,FALSE
ENSG00000108784,NAGLU,4669,FALSE
ENSG00000108788,MLX,6945,FALSE
ENSG00000108798,ABI3,51225,FALSE
ENSG00000108819,PPP1R9B,84687,FALSE
ENSG00000108823,SGCA,6442,FALSE
ENSG00000108825,PTGES3L-AARSD1,100885850,FALSE
ENSG00000108826,MRPL27,51264,FALSE
ENSG00000108830,RND2,8153,FALSE
ENSG00000108839,ALOX12,239,FALSE
ENSG00000108840,HDAC5,10014,FALSE
ENSG00000108846,ABCC3,8714,FALSE
ENSG00000108848,LUC7L3,51747,FALSE
ENSG00000108854,SMURF2,64750,FALSE
ENSG00000108861,DUSP3,1845,FALSE
ENSG00000108883,EFTUD2,9343,FALSE
ENSG00000108924,HLF,3131,FALSE
ENSG00000108932,SLC16A6,9120,FALSE
ENSG00000108946,PRKAR1A,5573,FALSE
ENSG00000108947,EFNB3,1949,FALSE
ENSG00000108950,FAM20A,54757,FALSE
ENSG00000108953,YWHAE,7531,FALSE
ENSG00000108960,MMD,23531,FALSE
ENSG00000108961,RANGRF,29098,FALSE
ENSG00000108963,DPH1,1801,FALSE
ENSG00000108984,MAP2K6,5608,FALSE
ENSG00000109016,DHRS7B,25979,TRUE
ENSG00000109046,WSB1,26118,FALSE
ENSG00000109065,NAT9,26151,TRUE
ENSG00000109066,SLC38A12,54868,TRUE
ENSG00000109079,TNFAIP1,7126,FALSE
ENSG00000109083,IFT20,90410,FALSE
ENSG00000109089,CDR2L,30850,FALSE
ENSG00000109099,PMP22,5376,FALSE
ENSG00000109103,UNC119,9094,TRUE
ENSG00000109107,ALDOC,230,FALSE
ENSG00000109111,SUPT6H,6830,FALSE
ENSG00000109113,RAB34,83871,FALSE
ENSG00000109118,PHF12,57649,FALSE
ENSG00000109133,TMEM33,55161,FALSE
ENSG00000109171,SLAIN2,57606,FALSE
ENSG00000109180,OCIAD1,54940,TRUE
ENSG00000109182,CWH43,80157,FALSE
ENSG00000109184,DCUN1D4,23142,FALSE
ENSG00000109189,USP46,64854,FALSE
ENSG00000109193,SULT1E1,6783,FALSE
ENSG00000109255,NMU,10874,FALSE
ENSG00000109320,NFKB1,4790,FALSE
ENSG00000109321,AREG,374,FALSE
ENSG00000109323,MANBA,4126,FALSE
ENSG00000109332,UBE2D3,7323,FALSE
ENSG00000109339,MAPK10,5602,FALSE
ENSG00000109436,TBC1D9,23158,FALSE
ENSG00000109445,ZNF330,27309,FALSE
ENSG00000109458,GAB1,2549,FALSE
ENSG00000109466,KLHL2,11275,FALSE
ENSG00000109472,CPE,1363,FALSE
ENSG00000109475,RPL34,6164,FALSE
ENSG00000109501,WFS1,7466,FALSE
ENSG00000109511,ANXA10,11199,FALSE
ENSG00000109519,GRPEL1,80273,FALSE
ENSG00000109534,GAR1,54433,TRUE
ENSG00000109536,FRG1,2483,FALSE
ENSG00000109572,CLCN3,1182,FALSE
ENSG00000109576,AADAT,51166,FALSE
ENSG00000109586,GALNT7,51809,FALSE
ENSG00000109606,DHX15,1665,FALSE
ENSG00000109610,SOD3,6649,FALSE
ENSG00000109618,SEPSECS,51091,FALSE
ENSG00000109625,CPZ,8532,FALSE
ENSG00000109654,TRIM2,23321,FALSE
ENSG00000109667,SLC2A9,56606,FALSE
ENSG00000109670,FBXW7,55294,FALSE
ENSG00000109674,NEIL3,55247,FALSE
ENSG00000109680,TBC1D19,55296,FALSE
ENSG00000109685,NSD2,7468,FALSE
ENSG00000109686,SH3D19,152503,FALSE
ENSG00000109689,STIM2,57620,FALSE
ENSG00000109736,SLC75A1,10227,FALSE
ENSG00000109738,GLRB,2743,FALSE
ENSG00000109743,BST1,683,FALSE
ENSG00000109762,SNX25,83891,FALSE
ENSG00000109775,UFSP2,55325,FALSE
ENSG00000109787,KLF3,51274,FALSE
ENSG00000109790,KLHL5,51088,FALSE
ENSG00000109794,FAM149A,25854,FALSE
ENSG00000109805,NCAPG,64151,FALSE
ENSG00000109814,UGDH,7358,FALSE
ENSG00000109819,PPARGC1A,10891,FALSE
ENSG00000109832,DDX25,29118,FALSE
ENSG00000109846,CRYAB,1410,FALSE
ENSG00000109854,HTATIP2,10553,FALSE
ENSG00000109861,CTSC,1075,FALSE
ENSG00000109881,CCDC34,91057,FALSE
ENSG00000109906,ZBTB16,7704,FALSE
ENSG00000109911,ELP4,26610,FALSE
ENSG00000109917,ZPR1,8882,FALSE
ENSG00000109919,MTCH2,23788,FALSE
ENSG00000109929,SC5D,6309,FALSE
ENSG00000109971,HSPA8,3312,FALSE
ENSG00000109991,P2RX3,5024,FALSE
ENSG00000110002,VWA5A,4013,TRUE
ENSG00000110011,DNAJC4,3338,FALSE
ENSG00000110013,SIAE,54414,FALSE
ENSG00000110025,SNX15,29907,TRUE
ENSG00000110031,LPXN,9404,FALSE
ENSG00000110042,DTX4,23220,FALSE
ENSG00000110060,PUS3,83480,TRUE
ENSG00000110063,DCPS,28960,FALSE
ENSG00000110066,KMT5B,51111,FALSE
ENSG00000110074,FOXRED1,55572,FALSE
ENSG00000110075,PPP6R3,55291,FALSE
ENSG00000110080,ST3GAL4,6484,FALSE
ENSG00000110092,CCND1,595,FALSE
ENSG00000110107,PRPF19,27339,FALSE
ENSG00000110171,TRIM3,10612,FALSE
ENSG00000110172,CHORDC1,26973,FALSE
ENSG00000110195,FOLR1,2348,FALSE
ENSG00000110200,ANAPC15,25906,FALSE
ENSG00000110203,FOLR3,2352,FALSE
ENSG00000110218,PANX1,24145,FALSE
ENSG00000110274,CEP164,22897,FALSE
ENSG00000110318,CEP126,57562,FALSE
ENSG00000110321,EIF4G2,1982,FALSE
ENSG00000110324,IL10RA,3587,FALSE
ENSG00000110328,GALNT18,374378,FALSE
ENSG00000110330,BIRC2,329,FALSE
ENSG00000110344,UBE4A,9354,FALSE
ENSG00000110367,DDX6,1656,FALSE
ENSG00000110375,UPK2,7379,FALSE
ENSG00000110395,CBL,867,FALSE
ENSG00000110400,NECTIN1,5818,TRUE
ENSG00000110422,HIPK3,10114,FALSE
ENSG00000110429,FBXO3,26273,FALSE
ENSG00000110435,PDHX,8050,FALSE
ENSG00000110436,SLC1A2,6506,FALSE
ENSG00000110442,COMMD9,29099,TRUE
ENSG00000110446,SLC15A3,51296,FALSE
ENSG00000110455,ACCS,84680,FALSE
ENSG00000110492,MDK,4192,FALSE
ENSG00000110536,PTPMT1,114971,TRUE
ENSG00000110583,NAA40,79829,FALSE
ENSG00000110619,CARS1,833,FALSE
ENSG00000110628,SLC67A1,5002,FALSE
ENSG00000110660,SLC35F2,54733,FALSE
ENSG00000110675,ELMOD1,55531,FALSE
ENSG00000110697,PITPNM1,9600,FALSE
ENSG00000110700,RPS13,6207,FALSE
ENSG00000110711,AIP,9049,FALSE
ENSG00000110713,NUP98,4928,FALSE
ENSG00000110717,NDUFS8,4728,FALSE
ENSG00000110719,TCIRG1,10312,FALSE
ENSG00000110721,CHKA,1119,FALSE
ENSG00000110723,EXPH5,23086,FALSE
ENSG00000110756,HPS5,11234,FALSE
ENSG00000110768,GTF2H1,2965,FALSE
ENSG00000110801,PSMD9,5715,FALSE
ENSG00000110811,P3H3,10536,FALSE
ENSG00000110844,PRPF40B,25766,FALSE
ENSG00000110851,PRDM4,11108,TRUE
ENSG00000110852,CLEC2B,9976,FALSE
ENSG00000110871,COQ5,84274,FALSE
ENSG00000110880,CORO1C,23603,FALSE
ENSG00000110881,ASIC1,41,FALSE
ENSG00000110900,TSPAN11,441631,FALSE
ENSG00000110906,KCTD10,83892,FALSE
ENSG00000110911,SLC11A2,4891,TRUE
ENSG00000110917,MLEC,9761,FALSE
ENSG00000110921,MVK,4598,FALSE
ENSG00000110925,CSRNP2,81566,FALSE
ENSG00000110931,CAMKK2,10645,FALSE
ENSG00000110944,IL23A,51561,FALSE
ENSG00000110955,ATP5F1B,506,FALSE
ENSG00000110958,PTGES3,10728,FALSE
ENSG00000110987,BCL7A,605,FALSE
ENSG00000111011,RSRC2,65117,FALSE
ENSG00000111052,LIN7A,8825,FALSE
ENSG00000111057,KRT18,3875,FALSE
ENSG00000111058,ACSS3,79611,FALSE
ENSG00000111110,PPM1H,57460,FALSE
ENSG00000111142,METAP2,10988,FALSE
ENSG00000111144,LTA4H,4048,FALSE
ENSG00000111145,ELK3,2004,FALSE
ENSG00000111181,SLC6A12,6539,FALSE
ENSG00000111196,MAGOHB,55110,FALSE
ENSG00000111199,TRPV4,59341,FALSE
ENSG00000111203,ITFG2,55846,FALSE
ENSG00000111206,FOXM1,2305,FALSE
ENSG00000111224,PARP11,57097,FALSE
ENSG00000111231,GPN3,51184,FALSE
ENSG00000111237,VPS29,51699,FALSE
ENSG00000111247,RAD51AP1,10635,FALSE
ENSG00000111252,SH2B3,10019,FALSE
ENSG00000111261,MANSC1,54682,FALSE
ENSG00000111266,DUSP16,80824,FALSE
ENSG00000111269,CREBL2,1389,TRUE
ENSG00000111271,ACAD10,80724,FALSE
ENSG00000111275,ALDH2,217,FALSE
ENSG00000111276,CDKN1B,1027,FALSE
ENSG00000111291,GPRC5D,55507,FALSE
ENSG00000111305,GSG1,83445,FALSE
ENSG00000111319,SCNN1A,6337,FALSE
ENSG00000111321,LTBR,4055,FALSE
ENSG00000111325,OGFOD2,79676,TRUE
ENSG00000111331,OAS3,4940,FALSE
ENSG00000111335,OAS2,4939,FALSE
ENSG00000111339,ART4,420,FALSE
ENSG00000111341,MGP,4256,FALSE
ENSG00000111344,RASAL1,8437,FALSE
ENSG00000111358,GTF2H3,2967,FALSE
ENSG00000111361,EIF2B1,1967,FALSE
ENSG00000111371,SLC38A1,81539,FALSE
ENSG00000111405,ENDOU,8909,FALSE
ENSG00000111412,SPRING1,79794,FALSE
ENSG00000111424,VDR,7421,TRUE
ENSG00000111445,RFC5,5985,FALSE
ENSG00000111450,STX2,2054,FALSE
ENSG00000111481,COPZ1,22818,FALSE
ENSG00000111530,CAND1,55832,FALSE
ENSG00000111554,MDM1,56890,TRUE
ENSG00000111581,NUP107,57122,FALSE
ENSG00000111596,CNOT2,4848,FALSE
ENSG00000111602,TIMELESS,8914,FALSE
ENSG00000111605,CPSF6,11052,TRUE
ENSG00000111615,KRR1,11103,FALSE
ENSG00000111640,GAPDH,2597,FALSE
ENSG00000111641,NOP2,4839,FALSE
ENSG00000111644,ACRBP,84519,FALSE
ENSG00000111647,BLTP3B,23074,FALSE
ENSG00000111652,COPS7A,50813,FALSE
ENSG00000111653,ING4,51147,FALSE
ENSG00000111665,CDCA3,83461,FALSE
ENSG00000111666,CHPT1,56994,FALSE
ENSG00000111667,USP5,8078,FALSE
ENSG00000111671,SPSB2,84727,FALSE
ENSG00000111674,ENO2,2026,FALSE
ENSG00000111678,C12orf57,113246,TRUE
ENSG00000111679,PTPN6,5777,FALSE
ENSG00000111696,NT5DC3,51559,FALSE
ENSG00000111701,APOBEC1,339,FALSE
ENSG00000111707,SUDS3,64426,FALSE
ENSG00000111711,GOLT1B,51026,FALSE
ENSG00000111725,PRKAB1,5564,FALSE
ENSG00000111726,CMAS,55907,FALSE
ENSG00000111727,HCFC2,29915,FALSE
ENSG00000111731,C2CD5,9847,FALSE
ENSG00000111737,RAB35,11021,FALSE
ENSG00000111775,COX6A1,1337,FALSE
ENSG00000111785,RIC8B,55188,TRUE
ENSG00000111786,SRSF9,8683,FALSE
ENSG00000111790,FGFR1OP2,26127,FALSE
ENSG00000111801,BTN3A3,10384,FALSE
ENSG00000111802,TDP2,51567,FALSE
ENSG00000111816,FRK,2444,FALSE
ENSG00000111817,DSE,29940,FALSE
ENSG00000111832,RWDD1,51389,FALSE
ENSG00000111834,RSPH4A,345895,FALSE
ENSG00000111837,MAK,4117,FALSE
ENSG00000111843,TMEM14C,51522,FALSE
ENSG00000111845,PAK1IP1,55003,FALSE
ENSG00000111846,GCNT2,2651,FALSE
ENSG00000111850,SMIM8,57150,FALSE
ENSG00000111859,NEDD9,4739,FALSE
ENSG00000111860,CEP85L,387119,FALSE
ENSG00000111875,ASF1A,25842,FALSE
ENSG00000111879,FAM184A,79632,FALSE
ENSG00000111880,RNGTT,8732,FALSE
ENSG00000111885,MAN1A1,4121,TRUE
ENSG00000111897,SERINC1,57515,FALSE
ENSG00000111906,HDDC2,51020,FALSE
ENSG00000111907,TPD52L1,7164,FALSE
ENSG00000111911,HINT3,135114,FALSE
ENSG00000111962,UST,10090,FALSE
ENSG00000111981,ULBP1,80329,FALSE
ENSG00000112029,FBXO5,26271,FALSE
ENSG00000112031,MTRF1L,54516,FALSE
ENSG00000112033,PPARD,5467,FALSE
ENSG00000112039,FANCE,2178,TRUE
ENSG00000112062,MAPK14,1432,TRUE
ENSG00000112078,KCTD20,222658,FALSE
ENSG00000112079,STK38,11329,FALSE
ENSG00000112081,SRSF3,6428,FALSE
ENSG00000112118,MCM3,4172,TRUE
ENSG00000112130,RNF8,9025,TRUE
ENSG00000112137,PHACTR1,221692,FALSE
ENSG00000112139,MDGA1,266727,FALSE
ENSG00000112144,CILK1,22858,FALSE
ENSG00000112149,CD83,9308,FALSE
ENSG00000112167,SAYSD1,55776,FALSE
ENSG00000112175,BMP5,653,FALSE
ENSG00000112186,CAP2,10486,FALSE
ENSG00000112200,ZNF451,26036,FALSE
ENSG00000112208,BAG2,9532,FALSE
ENSG00000112210,RAB23,51715,FALSE
ENSG00000112218,GPR63,81491,FALSE
ENSG00000112234,FBXL4,26235,FALSE
ENSG00000112237,CCNC,892,FALSE
ENSG00000112249,ASCC3,10973,FALSE
ENSG00000112276,POPDC1,11149,FALSE
ENSG00000112282,MED23,9439,FALSE
ENSG00000112290,WASF1,8936,FALSE
ENSG00000112294,ALDH5A1,7915,FALSE
ENSG00000112303,VNN2,8875,FALSE
ENSG00000112304,ACOT13,55856,FALSE
ENSG00000112306,RPS12,6206,FALSE
ENSG00000112308,C6orf62,81688,FALSE
ENSG00000112312,GMNN,51053,TRUE
ENSG00000112319,EYA4,2070,FALSE
ENSG00000112335,SNX3,8724,FALSE
ENSG00000112339,HBS1L,10767,FALSE
ENSG00000112343,TRIM38,10475,FALSE
ENSG00000112357,PEX7,5191,FALSE
ENSG00000112367,FIG4,9896,FALSE
ENSG00000112379,ARFGEF3,57221,FALSE
ENSG00000112394,SLC16A10,117247,FALSE
ENSG00000112419,PHACTR2,9749,FALSE
ENSG00000112425,EPM2A,7957,FALSE
ENSG00000112473,SLC39A7,7922,FALSE
ENSG00000112511,PHF1,5252,FALSE
ENSG00000112514,CUTA,51596,FALSE
ENSG00000112531,QKI,9444,FALSE
ENSG00000112541,PDE10A,10846,FALSE
ENSG00000112559,MDFI,4188,FALSE
ENSG00000112561,TFEB,7942,TRUE
ENSG00000112562,SMOC2,64094,FALSE
ENSG00000112576,CCND3,896,TRUE
ENSG00000112578,BYSL,705,FALSE
ENSG00000112584,FAM120B,84498,FALSE
ENSG00000112592,TBP,6908,TRUE
ENSG00000112624,BICRAL,23506,FALSE
ENSG00000112640,PPP2R5D,5528,FALSE
ENSG00000112651,MRPL2,51069,FALSE
ENSG00000112655,PTK7,5754,FALSE
ENSG00000112658,SRF,6722,FALSE
ENSG00000112667,DNPH1,10591,FALSE
ENSG00000112679,DUSP22,56940,FALSE
ENSG00000112685,EXOC2,55770,FALSE
ENSG00000112695,COX7A2,1347,FALSE
ENSG00000112697,TMEM30A,55754,FALSE
ENSG00000112699,GMDS,2762,FALSE
ENSG00000112701,SENP6,26054,FALSE
ENSG00000112715,VEGFA,7422,FALSE
ENSG00000112739,PRP4K,8899,FALSE
ENSG00000112742,TTK,7272,FALSE
ENSG00000112759,SLC29A1,2030,FALSE
ENSG00000112761,CCN6,8838,FALSE
ENSG00000112763,BTN2A1,11120,FALSE
ENSG00000112769,LAMA4,3910,FALSE
ENSG00000112773,TENT5A,55603,TRUE
ENSG00000112782,CLIC5,53405,FALSE
ENSG00000112796,ENPP5,59084,FALSE
ENSG00000112837,TBX18,9096,FALSE
ENSG00000112852,PCDHB2,56133,FALSE
ENSG00000112855,HARS2,23438,FALSE
ENSG00000112874,NUDT12,83594,FALSE
ENSG00000112877,CEP72,55722,FALSE
ENSG00000112893,MAN2A1,4124,FALSE
ENSG00000112902,SEMA5A,9037,FALSE
ENSG00000112936,C7,730,FALSE
ENSG00000112964,GHR,2690,FALSE
ENSG00000112972,HMGCS1,3157,TRUE
ENSG00000112981,NME5,8382,FALSE
ENSG00000112983,BRD8,10902,FALSE
ENSG00000112984,KIF20A,10112,TRUE
ENSG00000112992,NNT,23530,FALSE
ENSG00000112996,MRPS30,10884,FALSE
ENSG00000113048,MRPS27,23107,FALSE
ENSG00000113068,PFDN1,5201,TRUE
ENSG00000113070,HBEGF,1839,FALSE
ENSG00000113083,LOX,4015,FALSE
ENSG00000113108,APBB3,10307,FALSE
ENSG00000113119,TMCO6,55374,FALSE
ENSG00000113140,SPARC,6678,FALSE
ENSG00000113161,HMGCR,3156,TRUE
ENSG00000113163,CERT1,10087,FALSE
ENSG00000113194,FAF2,23197,FALSE
ENSG00000113196,HAND1,9421,FALSE
ENSG00000113205,PCDHB3,56132,FALSE
ENSG00000113209,PCDHB5,26167,FALSE
ENSG00000113240,CLK4,57396,FALSE
ENSG00000113269,RNF130,55819,FALSE
ENSG00000113272,THG1L,54974,FALSE
ENSG00000113273,ARSB,411,FALSE
ENSG00000113282,CLINT1,9685,FALSE
ENSG00000113300,CNOT6,57472,FALSE
ENSG00000113303,BTNL8,79908,FALSE
ENSG00000113312,TTC1,7265,TRUE
ENSG00000113318,MSH3,4437,FALSE
ENSG00000113319,RASGRF2,5924,FALSE
ENSG00000113356,POLR3G,10622,FALSE
ENSG00000113360,DROSHA,29102,FALSE
ENSG00000113361,CDH6,1004,FALSE
ENSG00000113368,LMNB1,4001,FALSE
ENSG00000113369,ARRDC3,57561,FALSE
ENSG00000113384,GOLPH3,64083,FALSE
ENSG00000113389,NPR3,4883,FALSE
ENSG00000113391,ARB2A,83989,FALSE
ENSG00000113407,TARS1,6897,FALSE
ENSG00000113430,IRX4,50805,FALSE
ENSG00000113441,LNPEP,4012,FALSE
ENSG00000113456,RAD1,5810,FALSE
ENSG00000113494,PRLR,5618,FALSE
ENSG00000113504,SLC12A7,10723,FALSE
ENSG00000113532,ST8SIA4,7903,TRUE
ENSG00000113552,GNPDA1,10007,FALSE
ENSG00000113555,PCDH12,51294,FALSE
ENSG00000113569,NUP155,9631,FALSE
ENSG00000113578,FGF1,2246,FALSE
ENSG00000113580,NR3C1,2908,FALSE
ENSG00000113593,PPWD1,23398,FALSE
ENSG00000113594,LIFR,3977,FALSE
ENSG00000113597,TRAPPC13,80006,FALSE
ENSG00000113615,SEC24A,10802,FALSE
ENSG00000113621,TXNDC15,79770,FALSE
ENSG00000113638,TTC33,23548,TRUE
ENSG00000113645,WWC1,23286,FALSE
ENSG00000113648,MACROH2A1,9555,TRUE
ENSG00000113649,TCERG1,10915,FALSE
ENSG00000113657,DPYSL3,1809,FALSE
ENSG00000113658,SMAD5,4090,TRUE
ENSG00000113712,CSNK1A1,1452,TRUE
ENSG00000113716,HMGXB3,22993,FALSE
ENSG00000113719,ERGIC1,57222,FALSE
ENSG00000113734,BNIP1,662,FALSE
ENSG00000113742,CPEB4,80315,FALSE
ENSG00000113761,ZNF346,23567,FALSE
ENSG00000113790,EHHADH,1962,FALSE
ENSG00000113812,ACTR8,93973,FALSE
ENSG00000113838,TBCCD1,55171,FALSE
ENSG00000113845,TIMMDC1,51300,FALSE
ENSG00000113851,CRBN,51185,TRUE
ENSG00000113889,KNG1,3827,FALSE
ENSG00000113924,HGD,3081,FALSE
ENSG00000113966,ARL6,84100,FALSE
ENSG00000114019,AMOTL2,51421,FALSE
ENSG00000114021,NIT2,56954,FALSE
ENSG00000114023,FAM162A,26355,TRUE
ENSG00000114026,OGG1,4968,FALSE
ENSG00000114030,KPNA1,3836,FALSE
ENSG00000114054,PCCB,5096,FALSE
ENSG00000114098,ARMC8,25852,FALSE
ENSG00000114107,CEP70,80321,FALSE
ENSG00000114115,RBP1,5947,FALSE
ENSG00000114120,SLC25A36,55186,FALSE
ENSG00000114125,RNF7,9616,FALSE
ENSG00000114127,XRN1,54464,FALSE
ENSG00000114166,KAT2B,8850,FALSE
ENSG00000114200,BCHE,590,FALSE
ENSG00000114209,PDCD10,11235,FALSE
ENSG00000114251,WNT5A,7474,FALSE
ENSG00000114268,PFKFB4,5210,FALSE
ENSG00000114302,PRKAR2A,5576,FALSE
ENSG00000114315,HES1,3280,FALSE
ENSG00000114316,USP4,7375,FALSE
ENSG00000114346,ECT2,1894,FALSE
ENSG00000114353,GNAI2,2771,FALSE
ENSG00000114354,TFG,10342,FALSE
ENSG00000114378,HYAL1,3373,FALSE
ENSG00000114383,TUSC2,11334,FALSE
ENSG00000114388,NPRL2,10641,FALSE
ENSG00000114391,RPL24,6152,FALSE
ENSG00000114395,CYB561D2,11068,TRUE
ENSG00000114405,CEP15,57415,FALSE
ENSG00000114416,FXR1,8087,FALSE
ENSG00000114446,IFT57,55081,FALSE
ENSG00000114450,GNB4,59345,FALSE
ENSG00000114473,DRC9,84223,FALSE
ENSG00000114480,GBE1,2632,FALSE
ENSG00000114491,UMPS,7372,FALSE
ENSG00000114503,NCBP2,22916,FALSE
ENSG00000114520,SNX4,8723,FALSE
ENSG00000114529,C3orf52,79669,FALSE
ENSG00000114544,SLC41A3,54946,FALSE
ENSG00000114547,ROPN1B,152015,FALSE
ENSG00000114573,ATP6V1A,523,FALSE
ENSG00000114626,ABTB1,80325,FALSE
ENSG00000114631,PODXL2,50512,FALSE
ENSG00000114638,UPK1B,7348,FALSE
ENSG00000114646,CSPG5,10675,FALSE
ENSG00000114648,KLHL18,23276,TRUE
ENSG00000114650,SCAP,22937,FALSE
ENSG00000114656,CFAP92,57501,FALSE
ENSG00000114698,PLSCR4,57088,FALSE
ENSG00000114735,HEMK1,51409,FALSE
ENSG00000114737,CISH,1154,FALSE
ENSG00000114738,MAPKAPK3,7867,FALSE
ENSG00000114739,ACVR2B,93,FALSE
ENSG00000114742,WDR48,57599,FALSE
ENSG00000114744,COMMD2,51122,FALSE
ENSG00000114745,GORASP1,64689,FALSE
ENSG00000114757,PEX5L,51555,FALSE
ENSG00000114767,RRP9,9136,FALSE
ENSG00000114770,ABCC5,10057,FALSE
ENSG00000114771,AADAC,13,FALSE
ENSG00000114779,ABHD14B,84836,FALSE
ENSG00000114784,EIF1B,10289,FALSE
ENSG00000114786,ABHD14A-ACY1,100526760,FALSE
ENSG00000114790,ARHGEF26,26084,FALSE
ENSG00000114796,KLHL24,54800,FALSE
ENSG00000114805,PLCH1,23007,FALSE
ENSG00000114812,VIPR1,7433,FALSE
ENSG00000114859,CLCN2,1181,FALSE
ENSG00000114861,FOXP1,27086,TRUE
ENSG00000114902,SPCS1,28972,FALSE
ENSG00000114904,NEK4,6787,FALSE
ENSG00000114933,INO80D,54891,FALSE
ENSG00000114942,EEF1B2,1933,FALSE
ENSG00000114948,ADAM23,8745,FALSE
ENSG00000114956,DGUOK,1716,FALSE
ENSG00000114978,MOB1A,55233,FALSE
ENSG00000114982,KANSL3,55683,FALSE
ENSG00000114988,LMAN2L,81562,FALSE
ENSG00000114993,RTKN,6242,FALSE
ENSG00000114999,TTL,150465,FALSE
ENSG00000115008,IL1A,3552,FALSE
ENSG00000115009,CCL20,6364,FALSE
ENSG00000115042,FAHD2A,51011,FALSE
ENSG00000115073,ACTR1B,10120,FALSE
ENSG00000115084,SLC35F5,80255,FALSE
ENSG00000115107,STEAP3,55240,FALSE
ENSG00000115109,EPB41L5,57669,FALSE
ENSG00000115112,TFCP2L1,29842,FALSE
ENSG00000115129,TP53I3,9540,FALSE
ENSG00000115137,DNAJC27,51277,FALSE
ENSG00000115145,STAM2,10254,FALSE
ENSG00000115155,OTOF,9381,FALSE
ENSG00000115159,GPD2,2820,FALSE
ENSG00000115163,CENPA,1058,FALSE
ENSG00000115170,ACVR1,90,FALSE
ENSG00000115194,SLC30A3,7781,FALSE
ENSG00000115204,MPV17,4358,FALSE
ENSG00000115207,GTF3C2,2976,TRUE
ENSG00000115211,EIF2B4,8890,TRUE
ENSG00000115221,ITGB6,3694,FALSE
ENSG00000115226,FNDC4,64838,FALSE
ENSG00000115232,ITGA4,3676,FALSE
ENSG00000115234,SNX17,9784,FALSE
ENSG00000115239,ASB3,51130,FALSE
ENSG00000115241,PPM1G,5496,FALSE
ENSG00000115252,PDE1A,5136,FALSE
ENSG00000115255,REEP6,92840,FALSE
ENSG00000115257,PCSK4,54760,FALSE
ENSG00000115267,IFIH1,64135,FALSE
ENSG00000115268,RPS15,6209,FALSE
ENSG00000115271,GCA,25801,FALSE
ENSG00000115274,INO80B,83444,FALSE
ENSG00000115275,MOGS,7841,FALSE
ENSG00000115282,TTC31,64427,FALSE
ENSG00000115286,NDUFS7,374291,FALSE
ENSG00000115289,PCGF1,84759,FALSE
ENSG00000115290,GRB14,2888,FALSE
ENSG00000115307,AUP1,550,FALSE
ENSG00000115317,HTRA2,27429,FALSE
ENSG00000115318,LOXL3,84695,FALSE
ENSG00000115325,DOK1,1796,FALSE
ENSG00000115339,GALNT3,2591,FALSE
ENSG00000115350,POLE4,56655,FALSE
ENSG00000115361,ACADL,33,FALSE
ENSG00000115363,EVA1A,84141,FALSE
ENSG00000115364,MRPL19,9801,FALSE
ENSG00000115365,LANCL1,10314,FALSE
ENSG00000115368,WDR75,84128,FALSE
ENSG00000115380,EFEMP1,2202,FALSE
ENSG00000115392,FANCL,55120,FALSE
ENSG00000115415,STAT1,6772,FALSE
ENSG00000115419,GLS,2744,FALSE
ENSG00000115421,PAPOLG,64895,FALSE
ENSG00000115425,PECR,55825,FALSE
ENSG00000115446,UNC50,25972,FALSE
ENSG00000115459,ELMOD3,84173,FALSE
ENSG00000115461,IGFBP5,3488,FALSE
ENSG00000115474,KCNJ13,3769,FALSE
ENSG00000115484,CCT4,10575,FALSE
ENSG00000115486,GGCX,2677,FALSE
ENSG00000115504,EHBP1,23301,FALSE
ENSG00000115507,OTX1,5013,FALSE
ENSG00000115514,TXNDC9,10190,FALSE
ENSG00000115524,SF3B1,23451,FALSE
ENSG00000115525,ST3GAL5,8869,FALSE
ENSG00000115526,CHST10,9486,FALSE
ENSG00000115540,MOB4,25843,FALSE
ENSG00000115541,HSPE1,3336,FALSE
ENSG00000115548,KDM3A,55818,FALSE
ENSG00000115556,PLCD4,84812,FALSE
ENSG00000115561,CHMP3,51652,FALSE
ENSG00000115594,IL1R1,3554,TRUE
ENSG00000115598,IL1RL2,8808,FALSE
ENSG00000115602,IL1RL1,9173,FALSE
ENSG00000115616,SLC9A2,6549,FALSE
ENSG00000115641,FHL2,2274,FALSE
ENSG00000115648,MLPH,79083,FALSE
ENSG00000115649,CNPPD1,27013,FALSE
ENSG00000115652,UXS1,80146,TRUE
ENSG00000115657,ABCB6,10058,FALSE
ENSG00000115661,STK16,8576,TRUE
ENSG00000115677,HDLBP,3069,FALSE
ENSG00000115685,PPP1R7,5510,FALSE
ENSG00000115687,PASK,23178,FALSE
ENSG00000115694,STK25,10494,FALSE
ENSG00000115738,ID2,3398,FALSE
ENSG00000115750,TAF1B,9014,FALSE
ENSG00000115756,HPCAL1,3241,FALSE
ENSG00000115758,ODC1,4953,FALSE
ENSG00000115761,NOL10,79954,FALSE
ENSG00000115762,PLEKHB2,55041,FALSE
ENSG00000115806,GORASP2,26003,FALSE
ENSG00000115816,CEBPZ,10153,FALSE
ENSG00000115825,PRKD3,23683,FALSE
ENSG00000115828,QPCT,25797,FALSE
ENSG00000115839,RAB3GAP1,22930,FALSE
ENSG00000115840,SLC25A12,8604,FALSE
ENSG00000115841,RMDN2,151393,TRUE
ENSG00000115844,DLX2,1746,FALSE
ENSG00000115866,DARS1,1615,FALSE
ENSG00000115875,SRSF7,6432,FALSE
ENSG00000115884,SDC1,6382,FALSE
ENSG00000115902,SLC1A4,6509,FALSE
ENSG00000115919,KYNU,8942,TRUE
ENSG00000115942,ORC2,4999,FALSE
ENSG00000115946,PNO1,56902,TRUE
ENSG00000115947,ORC4,5000,TRUE
ENSG00000115963,RND3,390,FALSE
ENSG00000115966,ATF2,1386,FALSE
ENSG00000115993,TRAK2,66008,FALSE
ENSG00000115998,C2orf42,54980,FALSE
ENSG00000116001,TIA1,7072,FALSE
ENSG00000116005,PCYOX1,51449,FALSE
ENSG00000116014,KISS1R,84634,FALSE
ENSG00000116017,ARID3A,1820,FALSE
ENSG00000116030,SUMO1,7341,FALSE
ENSG00000116032,GRIN3B,116444,FALSE
ENSG00000116039,ATP6V1B1,525,FALSE
ENSG00000116062,MSH6,2956,TRUE
ENSG00000116095,PLEKHA3,65977,FALSE
ENSG00000116096,SPR,6697,FALSE
ENSG00000116120,FARSB,10056,FALSE
ENSG00000116128,BCL9,607,FALSE
ENSG00000116132,PRRX1,5396,FALSE
ENSG00000116138,DNAJC16,23341,FALSE
ENSG00000116157,GPX7,2882,FALSE
ENSG00000116171,SCP2,6342,FALSE
ENSG00000116191,RALGPS2,55103,FALSE
ENSG00000116194,ANGPTL1,9068,FALSE
ENSG00000116198,CEP104,9731,FALSE
ENSG00000116199,FAM20B,9917,FALSE
ENSG00000116205,TCEANC2,127428,FALSE
ENSG00000116209,TMEM59,9528,TRUE
ENSG00000116212,LRRC42,115353,FALSE
ENSG00000116213,WRAP73,49856,FALSE
ENSG00000116221,MRPL37,51253,FALSE
ENSG00000116237,ICMT,23463,FALSE
ENSG00000116251,RPL22,6146,FALSE
ENSG00000116260,QSOX1,5768,FALSE
ENSG00000116266,STXBP3,6814,FALSE
ENSG00000116273,PHF13,148479,FALSE
ENSG00000116285,ERRFI1,54206,FALSE
ENSG00000116288,PARK7,11315,FALSE
ENSG00000116299,ELAPOR1,57535,FALSE
ENSG00000116337,AMPD2,271,FALSE
ENSG00000116350,SRSF4,6429,FALSE
ENSG00000116353,MECR,51102,FALSE
ENSG00000116396,KCNC4,3749,FALSE
ENSG00000116406,EDEM3,80267,TRUE
ENSG00000116455,WDR77,79084,FALSE
ENSG00000116459,ATP5PB,515,FALSE
ENSG00000116473,RAP1A,5906,FALSE
ENSG00000116478,HDAC1,3065,FALSE
ENSG00000116497,S100PBP,64766,FALSE
ENSG00000116521,SCAMP3,10067,TRUE
ENSG00000116525,TRIM62,55223,FALSE
ENSG00000116560,SFPQ,6421,FALSE
ENSG00000116574,RHOU,58480,FALSE
ENSG00000116584,ARHGEF2,9181,FALSE
ENSG00000116586,LAMTOR2,28956,FALSE
ENSG00000116649,SRM,6723,FALSE
ENSG00000116661,FBXO2,26232,FALSE
ENSG00000116663,FBXO6,26270,FALSE
ENSG00000116668,SWT1,54823,FALSE
ENSG00000116670,MAD2L2,10459,TRUE
ENSG00000116678,LEPR,3953,FALSE
ENSG00000116679,IVNS1ABP,10625,FALSE
ENSG00000116688,MFN2,9927,FALSE
ENSG00000116691,MIIP,60672,FALSE
ENSG00000116698,SMG7,9887,FALSE
ENSG00000116701,NCF2,4688,FALSE
ENSG00000116704,SLC35D1,23169,TRUE
ENSG00000116717,GADD45A,1647,FALSE
ENSG00000116729,WLS,79971,FALSE
ENSG00000116741,RGS2,5997,FALSE
ENSG00000116747,RO60,6738,TRUE
ENSG00000116750,UCHL5,51377,FALSE
ENSG00000116752,BCAS2,10286,FALSE
ENSG00000116761,CTH,1491,FALSE
ENSG00000116771,AGMAT,79814,FALSE
ENSG00000116774,OLFML3,56944,FALSE
ENSG00000116791,CRYZ,1429,FALSE
ENSG00000116809,ZBTB17,7709,FALSE
ENSG00000116815,CD58,965,FALSE
ENSG00000116819,TFAP2E,339488,FALSE
ENSG00000116857,TMEM9,252839,FALSE
ENSG00000116863,ADPRS,54936,FALSE
ENSG00000116871,MAP7D1,55700,TRUE
ENSG00000116874,WARS2,10352,TRUE
ENSG00000116885,OSCP1,127700,FALSE
ENSG00000116906,GNPAT,8443,TRUE
ENSG00000116918,TSNAX,7257,FALSE
ENSG00000116954,RRAGC,64121,FALSE
ENSG00000116962,NID1,4811,FALSE
ENSG00000116977,LGALS8,3964,FALSE
ENSG00000116983,HPCAL4,51440,FALSE
ENSG00000116990,MYCL,4610,FALSE
ENSG00000117000,RLF,6018,FALSE
ENSG00000117009,KMO,8564,FALSE
ENSG00000117010,ZNF684,127396,FALSE
ENSG00000117020,AKT3,10000,FALSE
ENSG00000117036,ETV3,2117,FALSE
ENSG00000117054,ACADM,34,FALSE
ENSG00000117114,ADGRL2,23266,FALSE
ENSG00000117115,PADI2,11240,FALSE
ENSG00000117122,MFAP2,4237,FALSE
ENSG00000117139,KDM5B,10765,FALSE
ENSG00000117143,UAP1,6675,FALSE
ENSG00000117148,ACTL8,81569,FALSE
ENSG00000117151,CTBS,1486,FALSE
ENSG00000117152,RGS4,5999,FALSE
ENSG00000117153,KLHL12,59349,FALSE
ENSG00000117155,SSX2IP,117178,TRUE
ENSG00000117174,ZNHIT6,54680,FALSE
ENSG00000117222,RBBP5,5929,FALSE
ENSG00000117226,GBP3,2635,TRUE
ENSG00000117228,GBP1,2633,FALSE
ENSG00000117262,GPR89B,51463,FALSE
ENSG00000117266,CDK18,5129,FALSE
ENSG00000117280,RAB29,8934,FALSE
ENSG00000117305,HMGCL,3155,FALSE
ENSG00000117308,GALE,2582,FALSE
ENSG00000117322,CR2,1380,FALSE
ENSG00000117335,CD46,4179,FALSE
ENSG00000117360,PRPF3,9129,FALSE
ENSG00000117362,APH1A,51107,FALSE
ENSG00000117385,P3H1,64175,FALSE
ENSG00000117395,EBNA1BP2,10969,FALSE
ENSG00000117399,CDC20,991,FALSE
ENSG00000117407,ARTN,9048,FALSE
ENSG00000117408,IPO13,9670,FALSE
ENSG00000117410,ATP6V0B,533,FALSE
ENSG00000117411,B4GALT2,8704,TRUE
ENSG00000117419,ERI3,79033,FALSE
ENSG00000117448,AKR1A1,10327,FALSE
ENSG00000117461,PIK3R3,8503,TRUE
ENSG00000117472,TSPAN1,10103,TRUE
ENSG00000117475,BLZF1,8548,FALSE
ENSG00000117479,SLC19A2,10560,FALSE
ENSG00000117480,FAAH,2166,FALSE
ENSG00000117481,NSUN4,387338,FALSE
ENSG00000117500,TMED5,50999,FALSE
ENSG00000117505,DR1,1810,FALSE
ENSG00000117525,F3,2152,TRUE
ENSG00000117528,ABCD3,5825,FALSE
ENSG00000117533,VAMP4,8674,FALSE
ENSG00000117543,DPH5,51611,FALSE
ENSG00000117586,TNFSF4,7292,FALSE
ENSG00000117593,DARS2,55157,FALSE
ENSG00000117594,HSD11B1,3290,FALSE
ENSG00000117595,IRF6,3664,FALSE
ENSG00000117597,UTP25,27042,FALSE
ENSG00000117598,PLPPR5,163404,FALSE
ENSG00000117602,RCAN3,11123,FALSE
ENSG00000117616,RSRP1,57035,FALSE
ENSG00000117620,SLC35A3,23443,FALSE
ENSG00000117625,RCOR3,55758,FALSE
ENSG00000117640,MTFR1L,56181,TRUE
ENSG00000117643,MAN1C1,57134,FALSE
ENSG00000117650,NEK2,4751,FALSE
ENSG00000117676,RPS6KA1,6195,FALSE
ENSG00000117682,DHDDS,79947,FALSE
ENSG00000117691,NENF,29937,FALSE
ENSG00000117697,NSL1,25936,FALSE
ENSG00000117707,PROX1,5629,FALSE
ENSG00000117748,RPA2,6118,FALSE
ENSG00000117751,PPP1R8,5511,FALSE
ENSG00000117758,STX12,23673,FALSE
ENSG00000117791,MTARC2,54996,TRUE
ENSG00000117859,OSBPL9,114883,TRUE
ENSG00000117868,ESYT2,57488,FALSE
ENSG00000117877,POLR1G,10849,FALSE
ENSG00000117906,RCN2,5955,FALSE
ENSG00000117984,CTSD,1509,FALSE
ENSG00000118004,COLEC11,78989,FALSE
ENSG00000118007,STAG1,10274,FALSE
ENSG00000118046,STK11,6794,FALSE
ENSG00000118094,TREH,11181,FALSE
ENSG00000118096,IFT46,56912,FALSE
ENSG00000118137,APOA1,335,FALSE
ENSG00000118162,KPTN,11133,FALSE
ENSG00000118181,RPS25,6230,FALSE
ENSG00000118193,KIF14,9928,FALSE
ENSG00000118194,TNNT2,7139,FALSE
ENSG00000118217,ATF6,22926,FALSE
ENSG00000118242,MREG,55686,FALSE
ENSG00000118246,FASTKD2,22868,TRUE
ENSG00000118260,CREB1,1385,TRUE
ENSG00000118263,KLF7,8609,FALSE
ENSG00000118276,B4GALT6,9331,FALSE
ENSG00000118292,C1orf54,79630,TRUE
ENSG00000118307,DNAI7,55259,FALSE
ENSG00000118308,IRAG2,4033,FALSE
ENSG00000118412,CASP8AP2,9994,FALSE
ENSG00000118418,HMGN3,9324,TRUE
ENSG00000118420,UBE3D,90025,FALSE
ENSG00000118432,CNR1,1268,FALSE
ENSG00000118454,ANKRD13C,81573,FALSE
ENSG00000118482,PHF3,23469,FALSE
ENSG00000118495,PLAGL1,5325,FALSE
ENSG00000118496,FBXO30,84085,FALSE
ENSG00000118503,TNFAIP3,7128,FALSE
ENSG00000118507,AKAP7,9465,FALSE
ENSG00000118513,MYB,4602,FALSE
ENSG00000118523,CCN2,1490,FALSE
ENSG00000118526,TCF21,6943,FALSE
ENSG00000118564,FBXL5,26234,TRUE
ENSG00000118596,SLC16A7,9194,FALSE
ENSG00000118600,RXYLT1,10329,FALSE
ENSG00000118620,ZNF430,80264,FALSE
ENSG00000118655,DCLRE1B,64858,FALSE
ENSG00000118680,MYL12B,103910,TRUE
ENSG00000118689,FOXO3,2309,FALSE
ENSG00000118707,TGIF2,60436,TRUE
ENSG00000118762,PKD2,5311,FALSE
ENSG00000118777,ABCG2,9429,FALSE
ENSG00000118785,SPP1,6696,FALSE
ENSG00000118816,CCNI,10983,FALSE
ENSG00000118849,RARRES1,5918,FALSE
ENSG00000118855,MFSD1,64747,FALSE
ENSG00000118873,RAB3GAP2,25782,FALSE
ENSG00000118894,EEF2KMT,196483,FALSE
ENSG00000118898,PPL,5493,FALSE
ENSG00000118922,KLF12,11278,TRUE
ENSG00000118939,UCHL3,7347,FALSE
ENSG00000118960,HS1BP3,64342,FALSE
ENSG00000118961,LDAH,60526,FALSE
ENSG00000118965,WDR35,57539,FALSE
ENSG00000118971,CCND2,894,FALSE
ENSG00000118985,ELL2,22936,FALSE
ENSG00000119004,CYP20A1,57404,FALSE
ENSG00000119013,NDUFB3,4709,FALSE
ENSG00000119041,GTF3C3,9330,FALSE
ENSG00000119125,GDA,9615,FALSE
ENSG00000119138,KLF9,687,FALSE
ENSG00000119139,TJP2,9414,FALSE
ENSG00000119185,ITGB1BP1,9270,FALSE
ENSG00000119227,PIGZ,80235,FALSE
ENSG00000119242,CCDC92,80212,FALSE
ENSG00000119285,HEATR1,55127,FALSE
ENSG00000119314,PTBP3,9991,FALSE
ENSG00000119318,RAD23B,5887,FALSE
ENSG00000119321,FKBP15,23307,FALSE
ENSG00000119326,CTNNAL1,8727,FALSE
ENSG00000119328,ABITRAM,54942,FALSE
ENSG00000119333,DYNC2I2,89891,FALSE
ENSG00000119383,PTPA,5524,FALSE
ENSG00000119392,GLE1,2733,FALSE
ENSG00000119401,TRIM32,22954,TRUE
ENSG00000119402,FBXW2,26190,TRUE
ENSG00000119403,PHF19,26147,FALSE
ENSG00000119408,NEK6,10783,TRUE
ENSG00000119411,BSPRY,54836,FALSE
ENSG00000119414,PPP6C,5537,FALSE
ENSG00000119431,HDHD3,81932,FALSE
ENSG00000119446,RBM18,92400,FALSE
ENSG00000119457,SLC46A2,57864,FALSE
ENSG00000119471,HSDL2,84263,FALSE
ENSG00000119487,MAPKAP1,79109,TRUE
ENSG00000119508,NR4A3,8013,FALSE
ENSG00000119509,INVS,27130,FALSE
ENSG00000119514,GALNT12,79695,FALSE
ENSG00000119522,DENND1A,57706,TRUE
ENSG00000119523,ALG2,85365,FALSE
ENSG00000119535,CSF3R,1441,FALSE
ENSG00000119537,KDSR,2531,FALSE
ENSG00000119541,VPS4B,9525,FALSE
ENSG00000119559,C19orf25,148223,TRUE
ENSG00000119574,ZBTB45,84878,FALSE
ENSG00000119599,DCAF4,26094,TRUE
ENSG00000119630,PGF,5228,FALSE
ENSG00000119638,NEK9,91754,FALSE
ENSG00000119640,ACYP1,97,FALSE
ENSG00000119650,IFT43,112752,FALSE
ENSG00000119661,DNAL1,83544,FALSE
ENSG00000119669,IRF2BPL,64207,FALSE
ENSG00000119673,ACOT2,10965,FALSE
ENSG00000119682,AREL1,9870,FALSE
ENSG00000119685,TTLL5,23093,FALSE
ENSG00000119686,FLVCR2,55640,FALSE
ENSG00000119688,ABCD4,5826,FALSE
ENSG00000119689,DLST,1743,FALSE
ENSG00000119699,TGFB3,7043,FALSE
ENSG00000119703,ZC2HC1C,79696,TRUE
ENSG00000119705,SLIRP,81892,FALSE
ENSG00000119707,RBM25,58517,TRUE
ENSG00000119711,ALDH6A1,4329,FALSE
ENSG00000119714,GPR68,8111,FALSE
ENSG00000119718,EIF2B2,8892,FALSE
ENSG00000119720,NRDE2,55051,FALSE
ENSG00000119723,COQ6,51004,FALSE
ENSG00000119725,ZNF410,57862,TRUE
ENSG00000119729,RHOQ,23433,FALSE
ENSG00000119760,SUPT7L,9913,TRUE
ENSG00000119777,TMEM214,54867,FALSE
ENSG00000119782,FKBP1B,2281,FALSE
ENSG00000119787,ATL2,64225,FALSE
ENSG00000119801,YPEL5,51646,FALSE
ENSG00000119812,FAM98A,25940,FALSE
ENSG00000119820,YIPF4,84272,FALSE
ENSG00000119844,AFTPH,54812,TRUE
ENSG00000119862,LGALSL,29094,FALSE
ENSG00000119865,CNRIP1,25927,FALSE
ENSG00000119866,BCL11A,53335,FALSE
ENSG00000119888,EPCAM,4072,FALSE
ENSG00000119899,SLC17A5,26503,FALSE
ENSG00000119900,OGFRL1,79627,FALSE
ENSG00000119906,SLF2,55719,FALSE
ENSG00000119912,IDE,3416,FALSE
ENSG00000119915,ELOVL3,83401,FALSE
ENSG00000119917,IFIT3,3437,FALSE
ENSG00000119927,GPAM,57678,FALSE
ENSG00000119929,CUTC,51076,FALSE
ENSG00000119946,CNNM1,26507,FALSE
ENSG00000119953,SMNDC1,10285,FALSE
ENSG00000119965,C10orf88,80007,FALSE
ENSG00000119969,HELLS,3070,FALSE
ENSG00000119977,TCTN3,26123,TRUE
ENSG00000119979,DENND10,404636,FALSE
ENSG00000119986,AVPI1,60370,FALSE
ENSG00000120029,ARMH3,79591,FALSE
ENSG00000120053,GOT1,2805,FALSE
ENSG00000120055,C10orf95,79946,FALSE
ENSG00000120063,GNA13,10672,FALSE
ENSG00000120068,HOXB8,3218,FALSE
ENSG00000120129,DUSP1,1843,FALSE
ENSG00000120137,PANK3,79646,FALSE
ENSG00000120156,TEK,7010,FALSE
ENSG00000120158,RCL1,10171,FALSE
ENSG00000120159,CAAP1,79886,FALSE
ENSG00000120162,MOB3B,79817,FALSE
ENSG00000120211,INSL4,3641,FALSE
ENSG00000120217,CD274,29126,FALSE
ENSG00000120253,NUP43,348995,FALSE
ENSG00000120254,MTHFD1L,25902,FALSE
ENSG00000120256,LRP11,84918,FALSE
ENSG00000120262,CCDC170,80129,FALSE
ENSG00000120265,PCMT1,5110,TRUE
ENSG00000120279,MYCT1,80177,FALSE
ENSG00000120314,WDR55,54853,FALSE
ENSG00000120318,ARAP3,64411,FALSE
ENSG00000120327,PCDHB14,56122,FALSE
ENSG00000120328,PCDHB12,56124,FALSE
ENSG00000120333,MRPS14,63931,FALSE
ENSG00000120334,CENPL,91687,FALSE
ENSG00000120337,TNFSF18,8995,FALSE
ENSG00000120370,GORAB,92344,FALSE
ENSG00000120451,SNX19,399979,FALSE
ENSG00000120458,MSANTD2,79684,FALSE
ENSG00000120471,TP53AIP1,63970,FALSE
ENSG00000120509,PDZD11,51248,FALSE
ENSG00000120519,SLC10A7,84068,FALSE
ENSG00000120526,NUDCD1,84955,FALSE
ENSG00000120533,ENY2,56943,FALSE
ENSG00000120594,PLXDC2,84898,FALSE
ENSG00000120647,CCDC77,84318,FALSE
ENSG00000120658,ENOX1,55068,FALSE
ENSG00000120659,TNFSF11,8600,FALSE
ENSG00000120662,MTRF1,9617,FALSE
ENSG00000120685,PROSER1,80209,TRUE
ENSG00000120690,ELF1,1997,FALSE
ENSG00000120693,SMAD9,4093,FALSE
ENSG00000120694,HSPH1,10808,FALSE
ENSG00000120697,ALG5,29880,FALSE
ENSG00000120699,EXOSC8,11340,FALSE
ENSG00000120705,ETF1,2107,TRUE
ENSG00000120709,FAM53C,51307,FALSE
ENSG00000120725,SIL1,64374,FALSE
ENSG00000120738,EGR1,1958,FALSE
ENSG00000120756,PLS1,5357,TRUE
ENSG00000120798,NR2C1,7181,FALSE
ENSG00000120802,TMPO,7112,FALSE
ENSG00000120805,ARL1,400,FALSE
ENSG00000120820,GLT8D2,83468,FALSE
ENSG00000120832,MTERF2,80298,TRUE
ENSG00000120833,SOCS2,8835,FALSE
ENSG00000120837,NFYB,4801,FALSE
ENSG00000120860,WASHC3,51019,FALSE
ENSG00000120868,APAF1,317,FALSE
ENSG00000120889,TNFRSF10B,8795,FALSE
ENSG00000120896,SORBS3,10174,FALSE
ENSG00000120899,PTK2B,2185,FALSE
ENSG00000120910,PPP3CC,5533,FALSE
ENSG00000120913,PDLIM2,64236,FALSE
ENSG00000120915,EPHX2,2053,FALSE
ENSG00000120925,RNF170,81790,FALSE
ENSG00000120948,TARDBP,23435,FALSE
ENSG00000120963,ZNF706,51123,FALSE
ENSG00000120992,LYPLA1,10434,FALSE
ENSG00000121005,CRISPLD1,83690,FALSE
ENSG00000121022,COPS5,10987,FALSE
ENSG00000121057,AKAP1,8165,TRUE
ENSG00000121058,COIL,8161,FALSE
ENSG00000121060,TRIM25,7706,FALSE
ENSG00000121064,SCPEP1,59342,TRUE
ENSG00000121067,SPOP,8405,FALSE
ENSG00000121073,SLC35B1,10237,FALSE
ENSG00000121075,TBX4,9496,FALSE
ENSG00000121104,FAM117A,81558,FALSE
ENSG00000121152,NCAPH,23397,FALSE
ENSG00000121210,TMEM131L,23240,TRUE
ENSG00000121211,MND1,84057,FALSE
ENSG00000121236,TRIM6,117854,FALSE
ENSG00000121274,TENT4B,64282,FALSE
ENSG00000121289,CEP89,84902,TRUE
ENSG00000121297,TSHZ3,57616,FALSE
ENSG00000121310,ECHDC2,55268,FALSE
ENSG00000121316,PLBD1,79887,FALSE
ENSG00000121350,PYROXD1,79912,FALSE
ENSG00000121361,KCNJ8,3764,FALSE
ENSG00000121380,BCL2L14,79370,FALSE
ENSG00000121390,PSPC1,55269,FALSE
ENSG00000121406,ZNF549,256051,FALSE
ENSG00000121413,ZSCAN18,65982,FALSE
ENSG00000121417,ZNF211,10520,TRUE
ENSG00000121440,PDZRN3,23024,FALSE
ENSG00000121481,RNF2,6045,FALSE
ENSG00000121486,TRMT1L,81627,FALSE
ENSG00000121542,SEC22A,26984,FALSE
ENSG00000121552,CSTA,1475,FALSE
ENSG00000121578,B4GALT4,8702,FALSE
ENSG00000121579,NAA50,80218,FALSE
ENSG00000121621,KIF18A,81930,FALSE
ENSG00000121644,DESI2,51029,FALSE
ENSG00000121671,CRY2,1408,FALSE
ENSG00000121680,PEX16,9409,FALSE
ENSG00000121690,DEPDC7,91614,FALSE
ENSG00000121691,CAT,847,FALSE
ENSG00000121741,ZMYM2,7750,FALSE
ENSG00000121742,GJB6,10804,FALSE
ENSG00000121743,GJA3,2700,FALSE
ENSG00000121749,TBC1D15,64786,FALSE
ENSG00000121766,ZCCHC17,51538,FALSE
ENSG00000121769,FABP3,2170,FALSE
ENSG00000121774,KHDRBS1,10657,FALSE
ENSG00000121775,TMEM39B,55116,FALSE
ENSG00000121797,CCRL2,9034,FALSE
ENSG00000121851,POLR3GL,84265,FALSE
ENSG00000121858,TNFSF10,8743,FALSE
ENSG00000121864,ZNF639,51193,FALSE
ENSG00000121879,PIK3CA,5290,FALSE
ENSG00000121892,PDS5A,23244,FALSE
ENSG00000121895,TMEM156,80008,FALSE
ENSG00000121897,LIAS,11019,FALSE
ENSG00000121898,CPXM2,119587,FALSE
ENSG00000121900,TMEM54,113452,FALSE
ENSG00000121931,LRIF1,55791,TRUE
ENSG00000121940,CLCC1,23155,FALSE
ENSG00000121957,GPSM2,29899,FALSE
ENSG00000121964,QTMAN,79712,FALSE
ENSG00000121989,ACVR2A,92,FALSE
ENSG00000122008,POLK,51426,FALSE
ENSG00000122026,RPL21,6144,TRUE
ENSG00000122033,MTIF3,219402,TRUE
ENSG00000122034,GTF3A,2971,FALSE
ENSG00000122035,RASL11A,387496,FALSE
ENSG00000122068,FYTTD1,84248,FALSE
ENSG00000122085,MTERF4,130916,TRUE
ENSG00000122121,XPNPEP2,7512,FALSE
ENSG00000122126,OCRL,4952,FALSE
ENSG00000122140,MRPS2,51116,FALSE
ENSG00000122176,FMOD,2331,FALSE
ENSG00000122203,KIAA1191,57179,FALSE
ENSG00000122218,COPA,1314,FALSE
ENSG00000122257,RBBP6,5930,FALSE
ENSG00000122299,ZC3H7A,29066,FALSE
ENSG00000122335,SERAC1,84947,TRUE
ENSG00000122359,ANXA11,311,FALSE
ENSG00000122376,SHLD2,54537,FALSE
ENSG00000122378,PRXL2A,84293,FALSE
ENSG00000122386,ZNF205,7755,FALSE
ENSG00000122390,NAA60,79903,FALSE
ENSG00000122406,RPL5,6125,FALSE
ENSG00000122420,PTGFR,5737,FALSE
ENSG00000122481,RWDD3,25950,FALSE
ENSG00000122484,RPAP2,79871,FALSE
ENSG00000122490,SLC66A2,80148,FALSE
ENSG00000122507,BBS9,27241,FALSE
ENSG00000122512,PMS2,5395,TRUE
ENSG00000122545,SEPTIN7,989,FALSE
ENSG00000122547,EEPD1,80820,FALSE
ENSG00000122550,KLHL7,55975,FALSE
ENSG00000122557,HERPUD2,64224,FALSE
ENSG00000122565,CBX3,11335,TRUE
ENSG00000122566,HNRNPA2B1,3181,FALSE
ENSG00000122574,WIPF3,644150,FALSE
ENSG00000122591,HYCC1,84668,FALSE
ENSG00000122592,HOXA7,3204,FALSE
ENSG00000122641,INHBA,3624,FALSE
ENSG00000122642,FKBP9,11328,FALSE
ENSG00000122643,NT5C3A,51251,FALSE
ENSG00000122644,ARL4A,10124,FALSE
ENSG00000122674,CCZ1,51622,FALSE
ENSG00000122687,MRM2,29960,FALSE
ENSG00000122691,TWIST1,7291,FALSE
ENSG00000122692,SMU1,55234,FALSE
ENSG00000122694,GLIPR2,152007,FALSE
ENSG00000122729,ACO1,48,FALSE
ENSG00000122735,DNAI1,27019,FALSE
ENSG00000122741,DCAF10,79269,FALSE
ENSG00000122756,CNTFR,1271,FALSE
ENSG00000122779,TRIM24,8805,FALSE
ENSG00000122824,NUDT10,170685,FALSE
ENSG00000122852,SFTPA1,653509,FALSE
ENSG00000122859,NEUROG3,50674,FALSE
ENSG00000122861,PLAU,5328,FALSE
ENSG00000122862,SRGN,5552,FALSE
ENSG00000122863,CHST3,9469,FALSE
ENSG00000122870,BICC1,80114,FALSE
ENSG00000122873,CISD1,55847,FALSE
ENSG00000122877,EGR2,1959,FALSE
ENSG00000122882,ECD,11319,FALSE
ENSG00000122884,P4HA1,5033,FALSE
ENSG00000122912,SLC25A16,8034,FALSE
ENSG00000122952,ZWINT,11130,FALSE
ENSG00000122958,VPS26A,9559,FALSE
ENSG00000122965,RBM19,9904,FALSE
ENSG00000122970,IFT81,28981,FALSE
ENSG00000122971,ACADS,35,FALSE
ENSG00000123064,DDX54,79039,FALSE
ENSG00000123080,CDKN2C,1031,TRUE
ENSG00000123091,RNF11,26994,FALSE
ENSG00000123095,BHLHE41,79365,FALSE
ENSG00000123096,SSPN,8082,FALSE
ENSG00000123119,NECAB1,64168,FALSE
ENSG00000123124,WWP1,11059,FALSE
ENSG00000123130,ACOT9,23597,FALSE
ENSG00000123136,DDX39A,10212,FALSE
ENSG00000123143,PKN1,5585,FALSE
ENSG00000123144,TRIR,79002,FALSE
ENSG00000123146,ADGRE5,976,FALSE
ENSG00000123154,WDR83,84292,TRUE
ENSG00000123159,GIPC1,10755,FALSE
ENSG00000123178,SPRYD7,57213,FALSE
ENSG00000123179,EBPL,84650,FALSE
ENSG00000123213,NLN,57486,FALSE
ENSG00000123219,CENPK,64105,FALSE
ENSG00000123240,OPTN,10133,FALSE
ENSG00000123243,ITIH5,80760,FALSE
ENSG00000123268,ATF1,466,FALSE
ENSG00000123297,TSFM,10102,TRUE
ENSG00000123342,MMP19,4327,FALSE
ENSG00000123349,PFDN5,5204,FALSE
ENSG00000123353,ORMDL2,29095,FALSE
ENSG00000123358,NR4A1,3164,FALSE
ENSG00000123374,CDK2,1017,FALSE
ENSG00000123395,ATG101,60673,TRUE
ENSG00000123405,NFE2,4778,FALSE
ENSG00000123415,SMUG1,23583,FALSE
ENSG00000123416,TUBA1B,10376,FALSE
ENSG00000123427,EEF1AKMT3,25895,FALSE
ENSG00000123444,KBTBD4,55709,FALSE
ENSG00000123453,SARDH,1757,FALSE
ENSG00000123472,ATPAF1,64756,TRUE
ENSG00000123473,STIL,6491,FALSE
ENSG00000123485,HJURP,55355,FALSE
ENSG00000123505,AMD1,262,FALSE
ENSG00000123545,NDUFAF4,29078,FALSE
ENSG00000123552,USP45,85015,FALSE
ENSG00000123570,RAB9B,51209,FALSE
ENSG00000123575,FAM199X,139231,FALSE
ENSG00000123595,RAB9A,9367,FALSE
ENSG00000123600,METTL8,79828,FALSE
ENSG00000123607,TTC21B,79809,FALSE
ENSG00000123609,NMI,9111,FALSE
ENSG00000123610,TNFAIP6,7130,FALSE
ENSG00000123612,ACVR1C,130399,FALSE
ENSG00000123684,LPGAT1,9926,FALSE
ENSG00000123685,BATF3,55509,FALSE
ENSG00000123689,G0S2,50486,FALSE
ENSG00000123700,KCNJ2,3759,FALSE
ENSG00000123728,RAP2C,57826,FALSE
ENSG00000123737,EXOSC9,5393,FALSE
ENSG00000123739,PLA2G12A,81579,FALSE
ENSG00000123810,B9D2,80776,FALSE
ENSG00000123815,COQ8B,79934,FALSE
ENSG00000123836,PFKFB2,5208,FALSE
ENSG00000123838,C4BPA,722,FALSE
ENSG00000123843,C4BPB,725,FALSE
ENSG00000123892,RAB38,23682,FALSE
ENSG00000123908,AGO2,27161,FALSE
ENSG00000123933,MXD4,10608,FALSE
ENSG00000123977,DAW1,164781,FALSE
ENSG00000123983,ACSL3,2181,FALSE
ENSG00000123989,CHPF,79586,FALSE
ENSG00000123992,DNPEP,23549,FALSE
ENSG00000124006,OBSL1,23363,FALSE
ENSG00000124019,FAM124B,79843,FALSE
ENSG00000124067,SLC12A4,6560,FALSE
ENSG00000124074,ENKD1,84080,FALSE
ENSG00000124104,SNX21,90203,TRUE
ENSG00000124107,SLPI,6590,FALSE
ENSG00000124120,TTPAL,79183,FALSE
ENSG00000124143,ARHGAP40,343578,FALSE
ENSG00000124145,SDC4,6385,FALSE
ENSG00000124155,PIGT,51604,FALSE
ENSG00000124159,MATN4,8785,FALSE
ENSG00000124160,NCOA5,57727,FALSE
ENSG00000124164,VAPB,9217,FALSE
ENSG00000124171,PARD6B,84612,FALSE
ENSG00000124172,ATP5F1E,514,FALSE
ENSG00000124181,PLCG1,5335,FALSE
ENSG00000124191,TOX2,84969,FALSE
ENSG00000124193,SRSF6,6431,FALSE
ENSG00000124207,CSE1L,1434,FALSE
ENSG00000124209,RAB22A,57403,FALSE
ENSG00000124212,PTGIS,5740,FALSE
ENSG00000124214,STAU1,6780,FALSE
ENSG00000124216,SNAI1,6615,FALSE
ENSG00000124222,STX16,8675,FALSE
ENSG00000124225,PMEPA1,56937,FALSE
ENSG00000124226,RNF114,55905,FALSE
ENSG00000124228,DDX27,55661,FALSE
ENSG00000124237,CIMIP1,128602,FALSE
ENSG00000124243,BCAS4,55653,FALSE
ENSG00000124249,KCNK15,60598,FALSE
ENSG00000124256,ZBP1,81030,FALSE
ENSG00000124257,NEURL2,140825,FALSE
ENSG00000124275,MTRR,4552,FALSE
ENSG00000124313,IQSEC2,23096,FALSE
ENSG00000124333,VAMP7,6845,FALSE
ENSG00000124343,XG,7499,FALSE
ENSG00000124356,STAMBP,10617,TRUE
ENSG00000124357,NAGK,55577,FALSE
ENSG00000124370,MCEE,84693,FALSE
ENSG00000124374,PAIP2B,400961,FALSE
ENSG00000124380,SNRNP27,11017,FALSE
ENSG00000124383,MPHOSPH10,10199,FALSE
ENSG00000124391,IL17C,27189,FALSE
ENSG00000124406,ATP8A1,10396,FALSE
ENSG00000124422,USP22,23326,FALSE
ENSG00000124429,POF1B,79983,FALSE
ENSG00000124444,ZNF576,79177,TRUE
ENSG00000124459,ZNF45,7596,FALSE
ENSG00000124467,PSG8,440533,FALSE
ENSG00000124479,NDP,4693,FALSE
ENSG00000124490,CRISP2,7180,FALSE
ENSG00000124508,BTN2A2,10385,TRUE
ENSG00000124523,SIRT5,23408,FALSE
ENSG00000124532,MRS2,57380,FALSE
ENSG00000124535,WRNIP1,56897,FALSE
ENSG00000124541,RRP36,88745,FALSE
ENSG00000124562,SNRPC,6631,FALSE
ENSG00000124570,SERPINB6,5269,TRUE
ENSG00000124571,XPO5,57510,FALSE
ENSG00000124587,PEX6,5190,FALSE
ENSG00000124588,NQO2,4835,TRUE
ENSG00000124596,OARD1,221443,TRUE
ENSG00000124602,UNC5CL,222643,FALSE
ENSG00000124608,AARS2,57505,FALSE
ENSG00000124613,ZNF391,346157,FALSE
ENSG00000124614,RPS10,6204,FALSE
ENSG00000124615,MOCS1,4337,FALSE
ENSG00000124635,H2BC11,8970,FALSE
ENSG00000124641,MED20,9477,TRUE
ENSG00000124659,TBCC,6903,FALSE
ENSG00000124664,SPDEF,25803,FALSE
ENSG00000124678,TCP11,6954,FALSE
ENSG00000124688,MAD2L1BP,9587,FALSE
ENSG00000124702,KLHDC3,116138,FALSE
ENSG00000124731,TREM1,54210,FALSE
ENSG00000124733,MEA1,4201,FALSE
ENSG00000124762,CDKN1A,1026,FALSE
ENSG00000124766,SOX4,6659,FALSE
ENSG00000124784,RIOK1,83732,FALSE
ENSG00000124785,NRN1,51299,FALSE
ENSG00000124786,SLC35B3,51000,FALSE
ENSG00000124787,RPP40,10799,FALSE
ENSG00000124789,NUP153,9972,FALSE
ENSG00000124795,DEK,7913,FALSE
ENSG00000124802,EEF1E1,9521,FALSE
ENSG00000124813,RUNX2,860,FALSE
ENSG00000124831,LRRFIP1,9208,FALSE
ENSG00000124839,RAB17,64284,FALSE
ENSG00000124875,CXCL6,6372,FALSE
ENSG00000124882,EREG,2069,FALSE
ENSG00000124942,AHNAK,79026,FALSE
ENSG00000125037,EMC3,55831,TRUE
ENSG00000125046,SSUH2,51066,FALSE
ENSG00000125124,BBS2,583,FALSE
ENSG00000125148,MT2A,4502,FALSE
ENSG00000125166,GOT2,2806,FALSE
ENSG00000125170,DOK4,55715,TRUE
ENSG00000125246,CLYBL,171425,FALSE
ENSG00000125247,TMTC4,84899,FALSE
ENSG00000125257,ABCC4,10257,TRUE
ENSG00000125266,EFNB2,1948,FALSE
ENSG00000125304,TM9SF2,9375,FALSE
ENSG00000125319,HROB,78995,FALSE
ENSG00000125347,IRF1,3659,FALSE
ENSG00000125354,SEPTIN6,23157,FALSE
ENSG00000125355,TMEM255A,55026,FALSE
ENSG00000125356,NDUFA1,4694,FALSE
ENSG00000125375,DMAC2L,27109,TRUE
ENSG00000125378,BMP4,652,FALSE
ENSG00000125384,PTGER2,5732,FALSE
ENSG00000125388,GRK4,2868,FALSE
ENSG00000125398,SOX9,6662,FALSE
ENSG00000125430,HS3ST3B1,9953,FALSE
ENSG00000125434,SLC25A35,399512,FALSE
ENSG00000125445,MRPS7,51081,FALSE
ENSG00000125447,GGA3,23163,FALSE
ENSG00000125449,ARMC7,79637,TRUE
ENSG00000125450,NUP85,79902,FALSE
ENSG00000125454,SLC25A19,60386,FALSE
ENSG00000125457,MIF4GD,57409,FALSE
ENSG00000125458,NT5C,30833,TRUE
ENSG00000125459,MSTO1,55154,FALSE
ENSG00000125484,GTF3C4,9329,FALSE
ENSG00000125485,DDX31,64794,FALSE
ENSG00000125505,MBOAT7,79143,FALSE
ENSG00000125531,FNDC11,79025,FALSE
ENSG00000125534,PPDPF,79144,FALSE
ENSG00000125538,IL1B,3553,FALSE
ENSG00000125571,IL37,27178,FALSE
ENSG00000125611,CHCHD5,84269,FALSE
ENSG00000125629,INSIG2,51141,FALSE
ENSG00000125630,POLR1B,84172,FALSE
ENSG00000125633,CCDC93,54520,FALSE
ENSG00000125648,SLC25A23,79085,FALSE
ENSG00000125651,GTF2F1,2962,FALSE
ENSG00000125652,ALKBH7,84266,FALSE
ENSG00000125656,CLPP,8192,FALSE
ENSG00000125657,TNFSF9,8744,FALSE
ENSG00000125675,GRIA3,2892,FALSE
ENSG00000125686,MED1,5469,FALSE
ENSG00000125691,RPL23,9349,FALSE
ENSG00000125703,ATG4C,84938,TRUE
ENSG00000125726,CD70,970,FALSE
ENSG00000125731,SH2D3A,10045,FALSE
ENSG00000125733,TRIP10,9322,FALSE
ENSG00000125734,GPR108,56927,FALSE
ENSG00000125740,FOSB,2354,FALSE
ENSG00000125741,OPA3,80207,TRUE
ENSG00000125743,SNRPD2,6633,FALSE
ENSG00000125744,RTN2,6253,FALSE
ENSG00000125746,EML2,24139,FALSE
ENSG00000125753,VASP,7408,FALSE
ENSG00000125755,SYMPK,8189,FALSE
ENSG00000125775,SDCBP2,27111,TRUE
ENSG00000125779,PANK2,80025,FALSE
ENSG00000125780,TGM3,7053,FALSE
ENSG00000125798,FOXA2,3170,FALSE
ENSG00000125810,CD93,22918,FALSE
ENSG00000125812,GZF1,64412,FALSE
ENSG00000125814,NAPB,63908,FALSE
ENSG00000125818,PSMF1,9491,FALSE
ENSG00000125821,DTD1,92675,FALSE
ENSG00000125826,RBCK1,10616,FALSE
ENSG00000125835,SNRPB,6628,FALSE
ENSG00000125841,NRSN2,80023,FALSE
ENSG00000125843,AP5S1,55317,FALSE
ENSG00000125844,RRBP1,6238,FALSE
ENSG00000125845,BMP2,650,FALSE
ENSG00000125846,ZNF133,7692,FALSE
ENSG00000125848,FLRT3,23767,FALSE
ENSG00000125850,OVOL2,58495,FALSE
ENSG00000125851,PCSK2,5126,FALSE
ENSG00000125863,MKKS,8195,FALSE
ENSG00000125864,BFSP1,631,FALSE
ENSG00000125869,LAMP5,24141,FALSE
ENSG00000125870,SNRPB2,6629,FALSE
ENSG00000125871,MGME1,92667,TRUE
ENSG00000125875,TBC1D20,128637,FALSE
ENSG00000125877,ITPA,3704,FALSE
ENSG00000125878,TCF15,6939,FALSE
ENSG00000125898,FAM110A,83541,FALSE
ENSG00000125901,MRPS26,64949,FALSE
ENSG00000125912,NCLN,56926,FALSE
ENSG00000125931,CITED1,4435,FALSE
ENSG00000125945,ZNF436,80818,FALSE
ENSG00000125952,MAX,4149,TRUE
ENSG00000125954,CHURC1-FNTB,100529261,FALSE
ENSG00000125962,ARMCX5,64860,FALSE
ENSG00000125967,NECAB3,63941,FALSE
ENSG00000125970,RALY,22913,FALSE
ENSG00000125971,DYNLRB1,83658,FALSE
ENSG00000125977,EIF2S2,8894,FALSE
ENSG00000125995,ROMO1,140823,FALSE
ENSG00000125999,BPIFB1,92747,FALSE
ENSG00000126003,PLAGL2,5326,FALSE
ENSG00000126005,MMP24OS,101410538,TRUE
ENSG00000126010,GRPR,2925,FALSE
ENSG00000126067,PSMB2,5690,FALSE
ENSG00000126070,AGO3,192669,FALSE
ENSG00000126088,UROD,7389,FALSE
ENSG00000126091,ST3GAL3,6487,FALSE
ENSG00000126106,TMEM53,79639,FALSE
ENSG00000126107,HECTD3,79654,FALSE
ENSG00000126214,KLC1,3831,FALSE
ENSG00000126215,XRCC3,7517,FALSE
ENSG00000126216,TUBGCP3,10426,FALSE
ENSG00000126218,F10,2159,FALSE
ENSG00000126226,PCID2,55795,FALSE
ENSG00000126243,LRFN3,79414,FALSE
ENSG00000126247,CAPNS1,826,FALSE
ENSG00000126249,PDCD2L,84306,FALSE
ENSG00000126254,RBM42,79171,FALSE
ENSG00000126261,UBA2,10054,FALSE
ENSG00000126264,HCST,10870,FALSE
ENSG00000126267,COX6B1,1340,FALSE
ENSG00000126351,THRA,7067,FALSE
ENSG00000126368,NR1D1,9572,FALSE
ENSG00000126391,FRMD8,83786,FALSE
ENSG00000126432,PRDX5,25824,FALSE
ENSG00000126453,BCL2L12,83596,FALSE
ENSG00000126456,IRF3,3661,TRUE
ENSG00000126457,PRMT1,3276,FALSE
ENSG00000126458,RRAS,6237,FALSE
ENSG00000126460,PRRG2,5639,FALSE
ENSG00000126522,ASL,435,FALSE
ENSG00000126524,SBDS,51119,FALSE
ENSG00000126549,STATH,6779,FALSE
ENSG00000126550,HTN1,3346,FALSE
ENSG00000126561,STAT5A,6776,FALSE
ENSG00000126562,WNK4,65266,FALSE
ENSG00000126581,BECN1,8678,TRUE
ENSG00000126602,TRAP1,10131,FALSE
ENSG00000126653,NSRP1,84081,FALSE
ENSG00000126698,DNAJC8,22826,FALSE
ENSG00000126709,IFI6,2537,FALSE
ENSG00000126746,ZNF384,171017,FALSE
ENSG00000126756,UXT,8409,FALSE
ENSG00000126759,CFP,5199,FALSE
ENSG00000126767,ELK1,2002,FALSE
ENSG00000126768,TIMM17B,10245,FALSE
ENSG00000126773,PCNX4,64430,FALSE
ENSG00000126775,ATG14,22863,FALSE
ENSG00000126778,SIX1,6495,TRUE
ENSG00000126785,RHOJ,57381,FALSE
ENSG00000126787,DLGAP5,9787,FALSE
ENSG00000126790,L3HYPDH,112849,FALSE
ENSG00000126804,ZBTB1,22890,FALSE
ENSG00000126814,TRMT5,57570,FALSE
ENSG00000126821,SGPP1,81537,FALSE
ENSG00000126858,RHOT1,55288,FALSE
ENSG00000126860,EVI2A,2123,FALSE
ENSG00000126878,AIF1L,83543,FALSE
ENSG00000126882,FAM78A,286336,FALSE
ENSG00000126890,CTAG2,30848,FALSE
ENSG00000126903,SLC10A3,8273,FALSE
ENSG00000126945,HNRNPH2,3188,FALSE
ENSG00000126947,ARMCX1,51309,FALSE
ENSG00000126950,TMEM35A,59353,FALSE
ENSG00000126953,TIMM8A,1678,FALSE
ENSG00000126970,ZC4H2,55906,FALSE
ENSG00000127022,CANX,821,TRUE
ENSG00000127054,INTS11,54973,TRUE
ENSG00000127074,RGS13,6003,FALSE
ENSG00000127080,IPPK,64768,FALSE
ENSG00000127081,ZNF484,83744,FALSE
ENSG00000127083,OMD,4958,FALSE
ENSG00000127125,PPCS,79717,FALSE
ENSG00000127129,EDN2,1907,FALSE
ENSG00000127184,COX7C,1350,FALSE
ENSG00000127191,TRAF2,7186,FALSE
ENSG00000127241,MASP1,5648,FALSE
ENSG00000127249,ATP13A4,84239,FALSE
ENSG00000127252,PLAAT1,57110,TRUE
ENSG00000127311,HELB,92797,FALSE
ENSG00000127314,RAP1B,5908,FALSE
ENSG00000127324,TSPAN8,7103,FALSE
ENSG00000127328,RAB3IP,117177,FALSE
ENSG00000127334,DYRK2,8445,FALSE
ENSG00000127337,YEATS4,8089,FALSE
ENSG00000127377,CRYGN,155051,FALSE
ENSG00000127399,LRRC61,65999,FALSE
ENSG00000127415,IDUA,3425,FALSE
ENSG00000127419,TMEM175,84286,FALSE
ENSG00000127423,AUNIP,79000,FALSE
ENSG00000127445,PIN1,5300,FALSE
ENSG00000127452,FBXL12,54850,FALSE
ENSG00000127463,EMC1,23065,FALSE
ENSG00000127472,PLA2G5,5322,FALSE
ENSG00000127483,HP1BP3,50809,FALSE
ENSG00000127507,ADGRE2,30817,FALSE
ENSG00000127511,SIN3B,23309,FALSE
ENSG00000127526,SLC35E1,79939,FALSE
ENSG00000127527,EPS15L1,58513,FALSE
ENSG00000127528,KLF2,10365,FALSE
ENSG00000127530,OR7C1,26664,FALSE
ENSG00000127533,F2RL3,9002,FALSE
ENSG00000127540,UQCR11,10975,FALSE
ENSG00000127554,GFER,2671,FALSE
ENSG00000127564,PKMYT1,9088,TRUE
ENSG00000127580,WDR24,84219,FALSE
ENSG00000127585,FBXL16,146330,FALSE
ENSG00000127586,CHTF18,63922,FALSE
ENSG00000127663,KDM4B,23030,TRUE
ENSG00000127720,METTL25,84190,FALSE
ENSG00000127774,EMC6,83460,FALSE
ENSG00000127824,TUBA4A,7277,FALSE
ENSG00000127837,AAMP,14,FALSE
ENSG00000127838,PNKD,25953,FALSE
ENSG00000127863,TNFRSF19,55504,FALSE
ENSG00000127870,RNF6,6049,FALSE
ENSG00000127903,ZNF835,90485,FALSE
ENSG00000127922,SEM1,7979,TRUE
ENSG00000127946,HIP1,3092,FALSE
ENSG00000127954,STEAP4,79689,FALSE
ENSG00000127955,GNAI1,2770,FALSE
ENSG00000127980,PEX1,5189,FALSE
ENSG00000127989,MTERF1,7978,FALSE
ENSG00000127990,SGCE,8910,FALSE
ENSG00000127993,RBM48,84060,FALSE
ENSG00000127995,CASD1,64921,FALSE
ENSG00000128000,ZNF780B,163131,FALSE
ENSG00000128016,ZFP36,7538,FALSE
ENSG00000128039,SRD5A3,79644,FALSE
ENSG00000128040,SPINK2,6691,FALSE
ENSG00000128045,RASL11B,65997,FALSE
ENSG00000128050,PAICS,10606,FALSE
ENSG00000128052,KDR,3791,FALSE
ENSG00000128059,PPAT,5471,FALSE
ENSG00000128159,TUBGCP6,85378,FALSE
ENSG00000128165,ADM2,79924,FALSE
ENSG00000128185,DGCR6L,85359,FALSE
ENSG00000128191,DGCR8,54487,FALSE
ENSG00000128203,ASPHD2,57168,FALSE
ENSG00000128266,GNAZ,2781,FALSE
ENSG00000128272,ATF4,468,TRUE
ENSG00000128274,A4GALT,53947,FALSE
ENSG00000128283,CDC42EP1,11135,FALSE
ENSG00000128284,APOL3,80833,FALSE
ENSG00000128294,TPST2,8459,FALSE
ENSG00000128309,MPST,4357,TRUE
ENSG00000128311,TST,7263,FALSE
ENSG00000128335,APOL2,23780,FALSE
ENSG00000128340,RAC2,5880,FALSE
ENSG00000128342,LIF,3976,FALSE
ENSG00000128346,C22orf23,84645,FALSE
ENSG00000128383,APOBEC3A,200315,FALSE
ENSG00000128394,APOBEC3F,200316,FALSE
ENSG00000128408,RIBC2,26150,TRUE
ENSG00000128422,KRT17,3872,FALSE
ENSG00000128463,EMC4,51234,TRUE
ENSG00000128487,SPECC1,92521,FALSE
ENSG00000128510,CPA4,51200,FALSE
ENSG00000128513,POT1,25913,FALSE
ENSG00000128534,LSM8,51691,FALSE
ENSG00000128567,PODXL,5420,FALSE
ENSG00000128573,FOXP2,93986,FALSE
ENSG00000128578,STRIP2,57464,FALSE
ENSG00000128581,IFT22,64792,FALSE
ENSG00000128585,MKLN1,4289,FALSE
ENSG00000128594,LRRC4,64101,FALSE
ENSG00000128595,CALU,813,FALSE
ENSG00000128604,IRF5,3663,FALSE
ENSG00000128606,LRRC17,10234,FALSE
ENSG00000128609,NDUFA5,4698,FALSE
ENSG00000128610,FEZF1,389549,FALSE
ENSG00000128626,MRPS12,6183,FALSE
ENSG00000128641,MYO1B,4430,FALSE
ENSG00000128645,HOXD1,3231,FALSE
ENSG00000128654,MTX2,10651,FALSE
ENSG00000128683,GAD1,2571,FALSE
ENSG00000128699,ORMDL1,94101,FALSE
ENSG00000128708,HAT1,8520,TRUE
ENSG00000128709,HOXD9,3235,FALSE
ENSG00000128739,SNRPN,6638,FALSE
ENSG00000128789,PSMG2,56984,FALSE
ENSG00000128791,TWSG1,57045,FALSE
ENSG00000128872,TMOD2,29767,FALSE
ENSG00000128881,TTBK2,146057,FALSE
ENSG00000128891,CCDC32,90416,FALSE
ENSG00000128915,ICE2,79664,FALSE
ENSG00000128917,DLL4,54567,FALSE
ENSG00000128918,ALDH1A2,8854,FALSE
ENSG00000128923,MINDY2,54629,FALSE
ENSG00000128928,IVD,3712,FALSE
ENSG00000128944,KNSTRN,90417,FALSE
ENSG00000128973,CLN6,54982,FALSE
ENSG00000128989,ARPP19,10776,FALSE
ENSG00000129007,CALML4,91860,FALSE
ENSG00000129009,ISLR,3671,FALSE
ENSG00000129038,LOXL1,4016,FALSE
ENSG00000129048,ACKR4,51554,FALSE
ENSG00000129055,ANAPC13,25847,TRUE
ENSG00000129071,MBD4,8930,FALSE
ENSG00000129083,COPB1,1315,FALSE
ENSG00000129084,PSMA1,5682,FALSE
ENSG00000129103,SUMF2,25870,FALSE
ENSG00000129116,PALLD,23022,FALSE
ENSG00000129128,SPCS3,60559,FALSE
ENSG00000129151,BBOX1,8424,TRUE
ENSG00000129158,SERGEF,26297,FALSE
ENSG00000129170,CSRP3,8048,FALSE
ENSG00000129173,E2F8,79733,FALSE
ENSG00000129187,DCTD,1635,FALSE
ENSG00000129194,SOX15,6665,FALSE
ENSG00000129195,PIMREG,54478,FALSE
ENSG00000129197,RPAIN,84268,FALSE
ENSG00000129219,PLD2,5338,FALSE
ENSG00000129226,CD68,968,FALSE
ENSG00000129235,TXNDC17,84817,FALSE
ENSG00000129244,ATP1B2,482,FALSE
ENSG00000129245,FXR2,9513,FALSE
ENSG00000129250,KIF1C,10749,FALSE
ENSG00000129255,MPDU1,9526,FALSE
ENSG00000129295,DNAAF11,23639,FALSE
ENSG00000129315,CCNT1,904,FALSE
ENSG00000129317,PUS7L,83448,FALSE
ENSG00000129347,KRI1,65095,FALSE
ENSG00000129354,AP1M2,10053,FALSE
ENSG00000129355,CDKN2D,1032,FALSE
ENSG00000129451,KLK10,5655,FALSE
ENSG00000129455,KLK8,11202,FALSE
ENSG00000129460,NGDN,25983,FALSE
ENSG00000129465,RIPK3,11035,FALSE
ENSG00000129473,BCL2L2,599,FALSE
ENSG00000129474,AJUBA,84962,FALSE
ENSG00000129480,DTD2,112487,FALSE
ENSG00000129484,PARP2,10038,FALSE
ENSG00000129493,HEATR5A,25938,FALSE
ENSG00000129514,FOXA1,3169,FALSE
ENSG00000129515,SNX6,58533,FALSE
ENSG00000129518,EAPP,55837,TRUE
ENSG00000129521,EGLN3,112399,FALSE
ENSG00000129535,NRL,4901,FALSE
ENSG00000129538,RNASE1,6035,FALSE
ENSG00000129559,NEDD8,4738,FALSE
ENSG00000129562,DAD1,1603,FALSE
ENSG00000129595,EPB41L4A,64097,FALSE
ENSG00000129596,CDO1,1036,FALSE
ENSG00000129636,ITFG1,81533,FALSE
ENSG00000129654,FOXJ1,2302,FALSE
ENSG00000129657,SEC14L1,6397,FALSE
ENSG00000129667,RHBDF2,79651,TRUE
ENSG00000129675,ARHGEF6,9459,FALSE
ENSG00000129680,MAP7D3,79649,FALSE
ENSG00000129691,ASH2L,9070,FALSE
ENSG00000129696,TTI2,80185,TRUE
ENSG00000129757,CDKN1C,1028,FALSE
ENSG00000129824,RPS4Y1,6192,FALSE
ENSG00000129932,DOHH,83475,FALSE
ENSG00000129933,MAU2,23383,FALSE
ENSG00000129951,PLPPR3,79948,FALSE
ENSG00000129968,ABHD17A,81926,FALSE
ENSG00000129988,LBP,3929,FALSE
ENSG00000129990,SYT5,6861,FALSE
ENSG00000130005,GAMT,2593,FALSE
ENSG00000130021,PUDP,8226,FALSE
ENSG00000130023,ERMARD,55780,FALSE
ENSG00000130024,PHF10,55274,FALSE
ENSG00000130045,NXNL2,158046,FALSE
ENSG00000130054,NALF2,27112,FALSE
ENSG00000130055,GDPD2,54857,FALSE
ENSG00000130066,SAT1,6303,FALSE
ENSG00000130119,GNL3L,54552,FALSE
ENSG00000130150,MOSPD2,158747,FALSE
ENSG00000130159,ECSIT,51295,FALSE
ENSG00000130164,LDLR,3949,FALSE
ENSG00000130165,ELOF1,84337,FALSE
ENSG00000130176,CNN1,1264,FALSE
ENSG00000130177,CDC16,8881,TRUE
ENSG00000130193,THEM6,51337,TRUE
ENSG00000130202,NECTIN2,5819,FALSE
ENSG00000130203,APOE,348,FALSE
ENSG00000130204,TOMM40,10452,FALSE
ENSG00000130222,GADD45G,10912,FALSE
ENSG00000130224,LRCH2,57631,FALSE
ENSG00000130227,XPO7,23039,FALSE
ENSG00000130234,ACE2,59272,FALSE
ENSG00000130244,FAM98C,147965,FALSE
ENSG00000130254,SAFB2,9667,TRUE
ENSG00000130255,RPL36,25873,FALSE
ENSG00000130299,GTPBP3,84705,FALSE
ENSG00000130300,PLVAP,83483,FALSE
ENSG00000130303,BST2,684,FALSE
ENSG00000130304,SLC27A1,376497,FALSE
ENSG00000130305,NSUN5,55695,FALSE
ENSG00000130307,USHBP1,83878,FALSE
ENSG00000130309,COLGALT1,79709,FALSE
ENSG00000130311,DDA1,79016,FALSE
ENSG00000130313,PGLS,25796,FALSE
ENSG00000130332,LSM7,51690,FALSE
ENSG00000130340,SNX9,51429,FALSE
ENSG00000130347,RTN4IP1,84816,FALSE
ENSG00000130348,QRSL1,55278,FALSE
ENSG00000130349,MTRES1,51250,FALSE
ENSG00000130363,RSPH3,83861,FALSE
ENSG00000130402,ACTN4,81,FALSE
ENSG00000130413,STK33,65975,FALSE
ENSG00000130414,NDUFA10,4705,FALSE
ENSG00000130433,CACNG6,59285,FALSE
ENSG00000130479,MAP1S,55201,FALSE
ENSG00000130511,SSBP4,170463,FALSE
ENSG00000130513,GDF15,9518,FALSE
ENSG00000130522,JUND,3727,TRUE
ENSG00000130529,TRPM4,54795,FALSE
ENSG00000130540,SULT4A1,25830,FALSE
ENSG00000130544,ZNF557,79230,FALSE
ENSG00000130545,CRB3,92359,FALSE
ENSG00000130558,OLFM1,10439,FALSE
ENSG00000130560,UBAC1,10422,TRUE
ENSG00000130590,SAMD10,140700,FALSE
ENSG00000130592,LSP1,4046,FALSE
ENSG00000130640,TUBGCP2,10844,FALSE
ENSG00000130669,PAK4,10298,FALSE
ENSG00000130684,ZNF337,26152,FALSE
ENSG00000130695,CEP85,64793,FALSE
ENSG00000130701,RBBP8NL,140893,FALSE
ENSG00000130703,OSBPL2,9885,TRUE
ENSG00000130706,ADRM1,11047,FALSE
ENSG00000130707,ASS1,445,FALSE
ENSG00000130713,EXOSC2,23404,FALSE
ENSG00000130714,POMT1,10585,FALSE
ENSG00000130717,UCK1,83549,FALSE
ENSG00000130720,FIBCD1,84929,FALSE
ENSG00000130724,CHMP2A,27243,FALSE
ENSG00000130725,UBE2M,9040,FALSE
ENSG00000130726,TRIM28,10155,FALSE
ENSG00000130731,METTL26,84326,FALSE
ENSG00000130733,YIPF2,78992,FALSE
ENSG00000130734,ATG4D,84971,FALSE
ENSG00000130741,EIF2S3,1968,FALSE
ENSG00000130748,TMEM160,54958,FALSE
ENSG00000130755,GMFG,9535,FALSE
ENSG00000130762,ARHGEF16,27237,FALSE
ENSG00000130764,LRRC47,57470,FALSE
ENSG00000130766,SESN2,83667,FALSE
ENSG00000130768,SMPDL3B,27293,FALSE
ENSG00000130770,ATP5IF1,93974,FALSE
ENSG00000130775,THEMIS2,9473,FALSE
ENSG00000130787,HIP1R,9026,FALSE
ENSG00000130803,ZNF317,57693,FALSE
ENSG00000130811,EIF3G,8666,FALSE
ENSG00000130813,SHFL,55337,FALSE
ENSG00000130818,ZNF426,79088,FALSE
ENSG00000130821,SLC6A8,6535,FALSE
ENSG00000130822,PNCK,139728,FALSE
ENSG00000130826,DKC1,1736,FALSE
ENSG00000130829,DUSP9,1852,FALSE
ENSG00000130830,MPP1,4354,FALSE
ENSG00000130844,ZNF331,55422,TRUE
ENSG00000130876,SLC7A10,56301,FALSE
ENSG00000130921,MTRFR,91574,FALSE
ENSG00000130935,NOL11,25926,FALSE
ENSG00000130939,UBE4B,10277,FALSE
ENSG00000130948,HSD17B3,3293,FALSE
ENSG00000130956,HABP4,22927,FALSE
ENSG00000130958,SLC35D2,11046,FALSE
ENSG00000130962,PRRG1,5638,FALSE
ENSG00000130985,UBA1,7317,FALSE
ENSG00000130988,RGN,9104,FALSE
ENSG00000131013,PPIL4,85313,FALSE
ENSG00000131015,ULBP2,80328,FALSE
ENSG00000131019,ULBP3,79465,FALSE
ENSG00000131023,LATS1,9113,FALSE
ENSG00000131037,EPS8L1,54869,FALSE
ENSG00000131043,AAR2,25980,FALSE
ENSG00000131051,RBM39,9584,TRUE
ENSG00000131061,ZNF341,84905,FALSE
ENSG00000131067,GGT7,2686,FALSE
ENSG00000131069,ACSS2,55902,TRUE
ENSG00000131080,EDA2R,60401,FALSE
ENSG00000131089,ARHGEF9,23229,FALSE
ENSG00000131094,C1QL1,10882,FALSE
ENSG00000131115,ZNF227,7770,TRUE
ENSG00000131116,ZNF428,126299,FALSE
ENSG00000131127,ZNF141,7700,TRUE
ENSG00000131143,COX4I1,1327,FALSE
ENSG00000131148,EMC8,10328,FALSE
ENSG00000131165,CHMP1A,5119,FALSE
ENSG00000131174,COX7B,1349,FALSE
ENSG00000131188,PRR7,80758,FALSE
ENSG00000131196,NFATC1,4772,FALSE
ENSG00000131203,IDO1,3620,FALSE
ENSG00000131236,CAP1,10487,FALSE
ENSG00000131238,PPT1,5538,TRUE
ENSG00000131242,RAB11FIP4,84440,FALSE
ENSG00000131263,RLIM,51132,FALSE
ENSG00000131269,ABCB7,22,FALSE
ENSG00000131323,TRAF3,7187,FALSE
ENSG00000131351,HAUS8,93323,TRUE
ENSG00000131368,MRPS25,64432,TRUE
ENSG00000131370,SH3BP5,9467,FALSE
ENSG00000131373,HACL1,26061,FALSE
ENSG00000131375,CAPN7,23473,FALSE
ENSG00000131378,RFTN1,23180,FALSE
ENSG00000131381,RBSN,64145,FALSE
ENSG00000131386,GALNT15,117248,FALSE
ENSG00000131389,SLC6A6,6533,TRUE
ENSG00000131400,NAPSA,9476,TRUE
ENSG00000131408,NR1H2,7376,FALSE
ENSG00000131435,PDLIM4,8572,FALSE
ENSG00000131446,MGAT1,4245,TRUE
ENSG00000131459,GFPT2,9945,FALSE
ENSG00000131462,TUBG1,7283,FALSE
ENSG00000131469,RPL27,6155,FALSE
ENSG00000131470,PSMC3IP,29893,FALSE
ENSG00000131473,ACLY,47,FALSE
ENSG00000131477,RAMP2,10266,FALSE
ENSG00000131495,NDUFA2,4695,FALSE
ENSG00000131503,ANKHD1,54882,FALSE
ENSG00000131507,NDFIP1,80762,FALSE
ENSG00000131508,UBE2D2,7322,FALSE
ENSG00000131558,EXOC4,60412,FALSE
ENSG00000131584,ACAP3,116983,FALSE
ENSG00000131591,C1orf159,54991,FALSE
ENSG00000131634,TMEM204,79652,FALSE
ENSG00000131650,KREMEN2,79412,FALSE
ENSG00000131652,THOC6,79228,FALSE
ENSG00000131653,TRAF7,84231,FALSE
ENSG00000131724,IL13RA1,3597,FALSE
ENSG00000131725,WDR44,54521,FALSE
ENSG00000131730,CKMT2,1160,FALSE
ENSG00000131732,ZCCHC9,84240,FALSE
ENSG00000131737,KRT34,3885,FALSE
ENSG00000131746,TNS4,84951,FALSE
ENSG00000131748,STARD3,10948,FALSE
ENSG00000131759,RARA,5914,FALSE
ENSG00000131771,PPP1R1B,84152,FALSE
ENSG00000131773,KHDRBS3,10656,FALSE
ENSG00000131778,CHD1L,9557,FALSE
ENSG00000131781,FMO5,2330,TRUE
ENSG00000131791,PRKAB2,5565,TRUE
ENSG00000131828,PDHA1,5160,FALSE
ENSG00000131831,RAI2,10742,FALSE
ENSG00000131844,MCCC2,64087,FALSE
ENSG00000131845,ZNF304,57343,FALSE
ENSG00000131848,ZSCAN5A,79149,FALSE
ENSG00000131849,ZNF132,7691,FALSE
ENSG00000131871,SELENOS,55829,TRUE
ENSG00000131876,SNRPA1,6627,FALSE
ENSG00000131899,LLGL1,3996,FALSE
ENSG00000131910,NR0B2,8431,FALSE
ENSG00000131931,THAP1,55145,FALSE
ENSG00000131941,RHPN2,85415,FALSE
ENSG00000131943,C19orf12,83636,FALSE
ENSG00000131944,FAAP24,91442,FALSE
ENSG00000131966,ACTR10,55860,FALSE
ENSG00000131979,GCH1,2643,FALSE
ENSG00000131981,LGALS3,3958,FALSE
ENSG00000132004,FBXW9,84261,FALSE
ENSG00000132010,ZNF20,7568,FALSE
ENSG00000132016,BRME1,79173,FALSE
ENSG00000132017,DCAF15,90379,FALSE
ENSG00000132024,CC2D1A,54862,FALSE
ENSG00000132031,MATN3,4148,FALSE
ENSG00000132109,TRIM21,6737,TRUE
ENSG00000132122,SPATA6,54558,FALSE
ENSG00000132141,CCT6B,10693,FALSE
ENSG00000132153,DHX30,22907,FALSE
ENSG00000132155,RAF1,5894,FALSE
ENSG00000132164,SLC6A11,6538,FALSE
ENSG00000132170,PPARG,5468,FALSE
ENSG00000132185,FCRLA,84824,FALSE
ENSG00000132196,HSD17B7,51478,FALSE
ENSG00000132199,ENOSF1,55556,FALSE
ENSG00000132207,SLX1B,79008,FALSE
ENSG00000132254,ARFIP2,23647,FALSE
ENSG00000132256,TRIM5,85363,FALSE
ENSG00000132274,TRIM22,10346,FALSE
ENSG00000132275,RRP8,23378,FALSE
ENSG00000132286,TIMM10B,26515,FALSE
ENSG00000132294,EFR3A,23167,FALSE
ENSG00000132300,PTCD3,55037,FALSE
ENSG00000132305,IMMT,10989,FALSE
ENSG00000132313,MRPL35,51318,TRUE
ENSG00000132323,ILKAP,80895,FALSE
ENSG00000132329,RAMP1,10267,FALSE
ENSG00000132330,SCLY,51540,FALSE
ENSG00000132334,PTPRE,5791,FALSE
ENSG00000132356,PRKAA1,5562,FALSE
ENSG00000132357,CARD6,84674,FALSE
ENSG00000132376,INPP5K,51763,FALSE
ENSG00000132382,MYBBP1A,10514,FALSE
ENSG00000132386,SERPINF1,5176,FALSE
ENSG00000132388,UBE2G1,7326,FALSE
ENSG00000132394,EEFSEC,60678,TRUE
ENSG00000132405,TBC1D14,57533,FALSE
ENSG00000132406,TMEM128,85013,FALSE
ENSG00000132423,COQ3,51805,TRUE
ENSG00000132432,SEC61G,23480,FALSE
ENSG00000132436,FIGNL1,63979,FALSE
ENSG00000132437,DDC,1644,FALSE
ENSG00000132463,GRSF1,2926,FALSE
ENSG00000132465,JCHAIN,3512,FALSE
ENSG00000132478,UNK,85451,FALSE
ENSG00000132481,TRIM47,91107,FALSE
ENSG00000132485,ZRANB2,9406,FALSE
ENSG00000132507,EIF5A,1984,FALSE
ENSG00000132514,CLEC10A,10462,FALSE
ENSG00000132517,SLC52A1,55065,FALSE
ENSG00000132522,GPS2,2874,FALSE
ENSG00000132530,XAF1,54739,FALSE
ENSG00000132541,RIDA,10247,FALSE
ENSG00000132549,VPS13B,157680,FALSE
ENSG00000132561,MATN2,4147,FALSE
ENSG00000132563,REEP2,51308,FALSE
ENSG00000132570,PCBD2,84105,FALSE
ENSG00000132581,SDF2,6388,FALSE
ENSG00000132589,FLOT2,2319,FALSE
ENSG00000132591,ERAL1,26284,FALSE
ENSG00000132600,PRMT7,54496,TRUE
ENSG00000132612,VPS4A,27183,FALSE
ENSG00000132622,HSPA12B,116835,FALSE
ENSG00000132635,PCED1A,64773,FALSE
ENSG00000132639,SNAP25,6616,FALSE
ENSG00000132640,BTBD3,22903,FALSE
ENSG00000132646,PCNA,5111,TRUE
ENSG00000132664,POLR3F,10621,FALSE
ENSG00000132670,PTPRA,5786,TRUE
ENSG00000132676,DAP3,7818,FALSE
ENSG00000132680,KHDC4,22889,FALSE
ENSG00000132698,RAB25,57111,FALSE
ENSG00000132718,SYT11,23208,FALSE
ENSG00000132744,ACY3,91703,FALSE
ENSG00000132763,MMACHC,25974,FALSE
ENSG00000132768,DPH2,1802,FALSE
ENSG00000132773,TOE1,114034,TRUE
ENSG00000132780,NASP,4678,TRUE
ENSG00000132781,MUTYH,4595,FALSE
ENSG00000132792,CTNNBL1,56259,FALSE
ENSG00000132801,ZSWIM3,140831,FALSE
ENSG00000132819,RBM38,55544,FALSE
ENSG00000132821,VSTM2L,128434,FALSE
ENSG00000132823,OSER1,51526,FALSE
ENSG00000132824,SERINC3,10955,FALSE
ENSG00000132840,BHMT2,23743,FALSE
ENSG00000132842,AP3B1,8546,FALSE
ENSG00000132846,ZBED3,84327,FALSE
ENSG00000132854,KANK4,163782,FALSE
ENSG00000132879,FBXO44,93611,TRUE
ENSG00000132881,CPLANE2,79363,FALSE
ENSG00000132906,CASP9,842,FALSE
ENSG00000132911,NMUR2,56923,FALSE
ENSG00000132912,DCTN4,51164,FALSE
ENSG00000132950,ZMYM5,9205,FALSE
ENSG00000132952,USPL1,10208,FALSE
ENSG00000132953,XPO4,64328,FALSE
ENSG00000132964,CDK8,1024,FALSE
ENSG00000132970,WASF3,10810,FALSE
ENSG00000133027,PEMT,10400,FALSE
ENSG00000133028,SCO1,6341,FALSE
ENSG00000133048,CHI3L1,1116,FALSE
ENSG00000133055,MYBPH,4608,FALSE
ENSG00000133056,PIK3C2B,5287,FALSE
ENSG00000133059,DSTYK,25778,FALSE
ENSG00000133065,SLC41A1,254428,FALSE
ENSG00000133083,DCLK1,9201,FALSE
ENSG00000133101,CCNA1,8900,FALSE
ENSG00000133103,COG6,57511,FALSE
ENSG00000133104,SPART,23111,FALSE
ENSG00000133106,EPSTI1,94240,FALSE
ENSG00000133107,TRPC4,7223,FALSE
ENSG00000133110,POSTN,10631,FALSE
ENSG00000133111,RFXAP,5994,FALSE
ENSG00000133112,TPT1,7178,FALSE
ENSG00000133115,STOML3,161003,FALSE
ENSG00000133116,KL,9365,FALSE
ENSG00000133119,RFC3,5983,FALSE
ENSG00000133121,STARD13,90627,FALSE
ENSG00000133131,MORC4,79710,FALSE
ENSG00000133134,BEX2,84707,TRUE
ENSG00000133135,RNF128,79589,FALSE
ENSG00000133138,TBC1D8B,54885,FALSE
ENSG00000133142,TCEAL4,79921,TRUE
ENSG00000133169,BEX1,55859,FALSE
ENSG00000133193,VCF1,84923,TRUE
ENSG00000133195,SLC39A11,201266,FALSE
ENSG00000133226,SRRM1,10250,FALSE
ENSG00000133247,KMT5C,84787,FALSE
ENSG00000133250,ZNF414,84330,FALSE
ENSG00000133265,HSPBP1,23640,FALSE
ENSG00000133313,CNDP2,55748,FALSE
ENSG00000133315,MACROD1,28992,FALSE
ENSG00000133316,WDR74,54663,FALSE
ENSG00000133321,PLAAT4,5920,FALSE
ENSG00000133393,CEP20,123811,FALSE
ENSG00000133422,MORC2,22880,FALSE
ENSG00000133433,GSTT2B,653689,FALSE
ENSG00000133466,C1QTNF6,114904,FALSE
ENSG00000133561,GIMAP6,474344,FALSE
ENSG00000133574,GIMAP4,55303,TRUE
ENSG00000133597,ADCK2,90956,FALSE
ENSG00000133606,MKRN1,23608,FALSE
ENSG00000133627,ACTR3B,57180,FALSE
ENSG00000133636,NTS,4922,FALSE
ENSG00000133641,RLIG1,91298,FALSE
ENSG00000133661,SFTPD,6441,FALSE
ENSG00000133665,DYDC2,84332,FALSE
ENSG00000133678,TMEM254,80195,FALSE
ENSG00000133687,TMTC1,83857,FALSE
ENSG00000133703,KRAS,3845,FALSE
ENSG00000133704,IPO8,10526,FALSE
ENSG00000133706,LARS1,51520,FALSE
ENSG00000133731,IMPA1,3612,FALSE
ENSG00000133740,E2F5,1875,FALSE
ENSG00000133742,CA1,759,FALSE
ENSG00000133773,CCDC59,29080,FALSE
ENSG00000133789,SWAP70,23075,FALSE
ENSG00000133794,BMAL1,406,FALSE
ENSG00000133805,AMPD3,272,FALSE
ENSG00000133818,RRAS2,22800,FALSE
ENSG00000133835,HSD17B4,3295,FALSE
ENSG00000133858,ZFC3H1,196441,FALSE
ENSG00000133872,SARAF,51669,FALSE
ENSG00000133874,RNF122,79845,FALSE
ENSG00000133878,DUSP26,78986,FALSE
ENSG00000133884,DPF2,5977,FALSE
ENSG00000133895,MEN1,4221,FALSE
ENSG00000133935,ERG28,11161,FALSE
ENSG00000133943,DGLUCY,80017,FALSE
ENSG00000133961,NUMB,8650,TRUE
ENSG00000133983,COX16,51241,FALSE
ENSG00000133985,TTC9,23508,FALSE
ENSG00000133997,MED6,10001,FALSE
ENSG00000134001,EIF2S1,1965,FALSE
ENSG00000134013,LOXL2,4017,FALSE
ENSG00000134014,ELP3,55140,FALSE
ENSG00000134020,PEBP4,157310,FALSE
ENSG00000134030,CTIF,9811,FALSE
ENSG00000134046,MBD2,8932,FALSE
ENSG00000134057,CCNB1,891,FALSE
ENSG00000134058,CDK7,1022,FALSE
ENSG00000134070,IRAK2,3656,FALSE
ENSG00000134072,CAMK1,8536,FALSE
ENSG00000134077,THUMPD3,25917,TRUE
ENSG00000134107,BHLHE40,8553,FALSE
ENSG00000134108,ARL8B,55207,FALSE
ENSG00000134109,EDEM1,9695,FALSE
ENSG00000134115,CNTN6,27255,FALSE
ENSG00000134146,DPH6,89978,TRUE
ENSG00000134152,KATNBL1,79768,FALSE
ENSG00000134184,GSTM1,2944,FALSE
ENSG00000134186,PRPF38B,55119,FALSE
ENSG00000134198,TSPAN2,10100,FALSE
ENSG00000134201,GSTM5,2949,FALSE
ENSG00000134202,GSTM3,2947,FALSE
ENSG00000134215,VAV3,10451,FALSE
ENSG00000134216,CHIA,27159,FALSE
ENSG00000134222,PSRC1,84722,FALSE
ENSG00000134240,HMGCS2,3158,FALSE
ENSG00000134242,PTPN22,26191,FALSE
ENSG00000134243,SORT1,6272,FALSE
ENSG00000134247,PTGFRN,5738,FALSE
ENSG00000134250,NOTCH2,4853,FALSE
ENSG00000134253,TRIM45,80263,FALSE
ENSG00000134255,CEPT1,10390,FALSE
ENSG00000134258,VTCN1,79679,FALSE
ENSG00000134259,NGF,4803,FALSE
ENSG00000134262,AP4B1,10717,FALSE
ENSG00000134265,NAPG,8774,FALSE
ENSG00000134278,SPIRE1,56907,FALSE
ENSG00000134285,FKBP11,51303,TRUE
ENSG00000134291,TMEM106C,79022,FALSE
ENSG00000134294,SLC38A2,54407,FALSE
ENSG00000134308,YWHAQ,10971,FALSE
ENSG00000134317,GRHL1,29841,FALSE
ENSG00000134318,ROCK2,9475,FALSE
ENSG00000134321,RSAD2,91543,FALSE
ENSG00000134323,MYCN,4613,FALSE
ENSG00000134324,LPIN1,23175,FALSE
ENSG00000134326,CMPK2,129607,FALSE
ENSG00000134330,IAH1,285148,FALSE
ENSG00000134339,SAA2,6289,FALSE
ENSG00000134352,IL6ST,3572,FALSE
ENSG00000134363,FST,10468,FALSE
ENSG00000134369,NAV1,89796,FALSE
ENSG00000134371,CDC73,79577,TRUE
ENSG00000134375,TIMM17A,10440,FALSE
ENSG00000134398,ERN2,10595,FALSE
ENSG00000134419,RPS15A,6210,TRUE
ENSG00000134438,RAX,30062,FALSE
ENSG00000134440,NARS1,4677,FALSE
ENSG00000134443,GRP,2922,FALSE
ENSG00000134453,RBM17,84991,FALSE
ENSG00000134461,ANKRD16,54522,FALSE
ENSG00000134463,ECHDC3,79746,FALSE
ENSG00000134470,IL15RA,3601,FALSE
ENSG00000134480,CCNH,902,FALSE
ENSG00000134504,KCTD1,284252,FALSE
ENSG00000134508,CABLES1,91768,FALSE
ENSG00000134516,DOCK2,1794,FALSE
ENSG00000134532,SOX5,6660,FALSE
ENSG00000134533,RERG,85004,FALSE
ENSG00000134545,KLRC1,3821,FALSE
ENSG00000134574,DDB2,1643,FALSE
ENSG00000134575,ACP2,53,FALSE
ENSG00000134590,RTL8C,8933,FALSE
ENSG00000134597,RBMX2,51634,FALSE
ENSG00000134602,STK26,51765,FALSE
ENSG00000134644,PUM1,9698,FALSE
ENSG00000134684,YARS1,8565,FALSE
ENSG00000134690,CDCA8,55143,FALSE
ENSG00000134697,GNL2,29889,FALSE
ENSG00000134709,HOOK1,51361,FALSE
ENSG00000134716,CYP2J2,1573,FALSE
ENSG00000134717,BTF3L4,91408,FALSE
ENSG00000134748,PRPF38A,84950,FALSE
ENSG00000134755,DSC2,1824,FALSE
ENSG00000134757,DSG3,1830,FALSE
ENSG00000134758,RNF138,51444,FALSE
ENSG00000134759,ELP2,55250,FALSE
ENSG00000134762,DSC3,1825,FALSE
ENSG00000134779,TPGS2,25941,TRUE
ENSG00000134802,SLC43A3,29015,FALSE
ENSG00000134809,TIMM10,26519,TRUE
ENSG00000134815,DHX34,9704,FALSE
ENSG00000134824,FADS2,9415,FALSE
ENSG00000134825,TMEM258,746,FALSE
ENSG00000134827,TCN1,6947,FALSE
ENSG00000134851,TMEM165,55858,FALSE
ENSG00000134852,CLOCK,9575,FALSE
ENSG00000134864,GGACT,87769,FALSE
ENSG00000134873,CLDN10,9071,FALSE
ENSG00000134874,DZIP1,22873,FALSE
ENSG00000134882,UBAC2,337867,FALSE
ENSG00000134884,ARGLU1,55082,FALSE
ENSG00000134899,ERCC5,2073,FALSE
ENSG00000134900,TPP2,7174,FALSE
ENSG00000134901,POGLUT2,79070,FALSE
ENSG00000134905,CARS2,79587,FALSE
ENSG00000134909,ARHGAP32,9743,FALSE
ENSG00000134910,STT3A,3703,FALSE
ENSG00000134917,ADAMTS8,11095,FALSE
ENSG00000134940,ACRV1,56,FALSE
ENSG00000134954,ETS1,2113,FALSE
ENSG00000134955,SLC37A2,219855,FALSE
ENSG00000134986,NREP,9315,TRUE
ENSG00000134987,WDR36,134430,FALSE
ENSG00000134996,OSTF1,26578,FALSE
ENSG00000135018,UBQLN1,29979,FALSE
ENSG00000135040,NAA35,60560,FALSE
ENSG00000135045,C9orf40,55071,FALSE
ENSG00000135047,CTSL,1514,FALSE
ENSG00000135048,CEMIP2,23670,FALSE
ENSG00000135049,AGTPBP1,23287,FALSE
ENSG00000135052,GOLM1,51280,FALSE
ENSG00000135063,ENTREP1,9413,FALSE
ENSG00000135069,PSAT1,29968,FALSE
ENSG00000135074,ADAM19,8728,FALSE
ENSG00000135077,HAVCR2,84868,FALSE
ENSG00000135083,CCNJL,79616,FALSE
ENSG00000135090,TAOK3,51347,TRUE
ENSG00000135093,USP30,84749,FALSE
ENSG00000135108,FBXO21,23014,FALSE
ENSG00000135111,TBX3,6926,FALSE
ENSG00000135114,OASL,8638,FALSE
ENSG00000135116,HRK,8739,FALSE
ENSG00000135124,P2RX4,5025,TRUE
ENSG00000135144,DTX1,1840,FALSE
ENSG00000135148,TRAFD1,10906,FALSE
ENSG00000135164,DMTF1,9988,TRUE
ENSG00000135185,TMEM243,79161,FALSE
ENSG00000135218,CD36,948,FALSE
ENSG00000135241,PNPLA8,50640,FALSE
ENSG00000135245,HILPDA,29923,FALSE
ENSG00000135249,RINT1,60561,FALSE
ENSG00000135269,TES,26136,FALSE
ENSG00000135272,MDFIC,29969,FALSE
ENSG00000135297,MTO1,25821,FALSE
ENSG00000135299,ANKRD6,22881,FALSE
ENSG00000135314,KHDC1,80759,FALSE
ENSG00000135315,CEP162,22832,FALSE
ENSG00000135317,SNX14,57231,FALSE
ENSG00000135318,NT5E,4907,FALSE
ENSG00000135324,MRAP2,112609,FALSE
ENSG00000135333,EPHA7,2045,FALSE
ENSG00000135336,ORC3,23595,TRUE
ENSG00000135338,LCA5,167691,FALSE
ENSG00000135341,MAP3K7,6885,FALSE
ENSG00000135346,CGA,1081,FALSE
ENSG00000135365,PHF21A,51317,FALSE
ENSG00000135372,NAT10,55226,FALSE
ENSG00000135373,EHF,26298,FALSE
ENSG00000135374,ELF5,2001,FALSE
ENSG00000135378,PRRG4,79056,FALSE
ENSG00000135387,CAPRIN1,4076,FALSE
ENSG00000135390,ATP5MC2,517,FALSE
ENSG00000135392,DNAJC14,85406,FALSE
ENSG00000135404,CD63,967,TRUE
ENSG00000135423,GLS2,27165,FALSE
ENSG00000135437,RDH5,5959,FALSE
ENSG00000135439,AGAP2,116986,FALSE
ENSG00000135441,BLOC1S1,2647,TRUE
ENSG00000135446,CDK4,1019,FALSE
ENSG00000135451,TROAP,10024,FALSE
ENSG00000135452,TSPAN31,6302,FALSE
ENSG00000135454,B4GALNT1,2583,FALSE
ENSG00000135457,TFCP2,7024,FALSE
ENSG00000135469,COQ10A,93058,FALSE
ENSG00000135472,FAIM2,23017,FALSE
ENSG00000135473,PAN2,9924,FALSE
ENSG00000135482,ZC3H10,84872,FALSE
ENSG00000135486,HNRNPA1,3178,FALSE
ENSG00000135503,ACVR1B,91,FALSE
ENSG00000135506,OS9,10956,FALSE
ENSG00000135521,LTV1,84946,FALSE
ENSG00000135525,MAP7,9053,FALSE
ENSG00000135535,CD164,8763,FALSE
ENSG00000135537,AFG1L,246269,FALSE
ENSG00000135547,HEY2,23493,FALSE
ENSG00000135549,PKIB,5570,FALSE
ENSG00000135587,SMPD2,6610,FALSE
ENSG00000135596,MICAL1,64780,FALSE
ENSG00000135597,REPS1,85021,FALSE
ENSG00000135604,STX11,8676,FALSE
ENSG00000135617,PRADC1,84279,TRUE
ENSG00000135622,SEMA4F,10505,FALSE
ENSG00000135625,EGR4,1961,FALSE
ENSG00000135631,RAB11FIP5,26056,FALSE
ENSG00000135632,SMYD5,10322,FALSE
ENSG00000135637,CCDC142,84865,FALSE
ENSG00000135643,KCNMB4,27345,FALSE
ENSG00000135655,USP15,9958,FALSE
ENSG00000135677,GNS,2799,FALSE
ENSG00000135678,CPM,1368,FALSE
ENSG00000135679,MDM2,4193,FALSE
ENSG00000135686,KLHL36,79786,FALSE
ENSG00000135697,BCO1,53630,FALSE
ENSG00000135698,MPHOSPH6,10200,FALSE
ENSG00000135720,DYNC1LI2,1783,FALSE
ENSG00000135722,FBXL8,55336,FALSE
ENSG00000135723,FHOD1,29109,TRUE
ENSG00000135736,CCDC102A,92922,FALSE
ENSG00000135740,SLC9A5,6553,FALSE
ENSG00000135744,AGT,183,FALSE
ENSG00000135773,CAPN9,10753,FALSE
ENSG00000135775,COG2,22796,FALSE
ENSG00000135776,ABCB10,23456,FALSE
ENSG00000135778,NTPCR,84284,FALSE
ENSG00000135801,TAF5L,27097,FALSE
ENSG00000135823,STX6,10228,FALSE
ENSG00000135828,RNASEL,6041,FALSE
ENSG00000135829,DHX9,1660,FALSE
ENSG00000135838,NPL,80896,TRUE
ENSG00000135842,NIBAN1,116496,FALSE
ENSG00000135845,PIGC,5279,FALSE
ENSG00000135862,LAMC1,3915,FALSE
ENSG00000135870,RC3H1,149041,FALSE
ENSG00000135899,SP110,3431,FALSE
ENSG00000135900,MRPL44,65080,FALSE
ENSG00000135912,TTLL4,9654,FALSE
ENSG00000135913,USP37,57695,FALSE
ENSG00000135916,ITM2C,81618,FALSE
ENSG00000135917,SLC19A3,80704,FALSE
ENSG00000135919,SERPINE2,5270,FALSE
ENSG00000135924,DNAJB2,3300,FALSE
ENSG00000135925,WNT10A,80326,TRUE
ENSG00000135926,TMBIM1,64114,FALSE
ENSG00000135929,CYP27A1,1593,FALSE
ENSG00000135930,EIF4E2,9470,FALSE
ENSG00000135932,CAB39,51719,TRUE
ENSG00000135940,COX5B,1329,FALSE
ENSG00000135953,SLC67A2,84804,FALSE
ENSG00000135956,TMEM127,55654,FALSE
ENSG00000135972,MRPS9,64965,FALSE
ENSG00000135974,C2orf49,79074,FALSE
ENSG00000135999,EPC2,26122,FALSE
ENSG00000136003,ISCU,23479,FALSE
ENSG00000136010,ALDH1L2,160428,FALSE
ENSG00000136014,USP44,84101,FALSE
ENSG00000136021,SCYL2,55681,FALSE
ENSG00000136026,CKAP4,10970,FALSE
ENSG00000136040,PLXNC1,10154,FALSE
ENSG00000136044,APPL2,55198,FALSE
ENSG00000136048,DRAM1,55332,FALSE
ENSG00000136052,SLC41A2,84102,FALSE
ENSG00000136059,VILL,50853,FALSE
ENSG00000136100,VPS36,51028,FALSE
ENSG00000136104,RNASEH2B,79621,FALSE
ENSG00000136108,CKAP2,26586,FALSE
ENSG00000136114,THSD1,55901,FALSE
ENSG00000136122,BORA,79866,FALSE
ENSG00000136141,LRCH1,23143,FALSE
ENSG00000136143,SUCLA2,8803,FALSE
ENSG00000136144,RCBTB1,55213,FALSE
ENSG00000136146,MED4,29079,TRUE
ENSG00000136147,PHF11,51131,FALSE
ENSG00000136152,COG3,83548,FALSE
ENSG00000136155,SCEL,8796,FALSE
ENSG00000136158,SPRY2,10253,FALSE
ENSG00000136159,NUDT15,55270,FALSE
ENSG00000136160,EDNRB,1910,FALSE
ENSG00000136161,RCBTB2,1102,FALSE
ENSG00000136167,LCP1,3936,FALSE
ENSG00000136169,SETDB2,83852,FALSE
ENSG00000136193,SCRN1,9805,FALSE
ENSG00000136205,TNS3,64759,FALSE
ENSG00000136213,CHST12,55501,FALSE
ENSG00000136235,GPNMB,10457,FALSE
ENSG00000136238,RAC1,5879,FALSE
ENSG00000136243,NUP42,11097,FALSE
ENSG00000136244,IL6,3569,FALSE
ENSG00000136247,ZDHHC4,55146,FALSE
ENSG00000136261,BZW2,28969,FALSE
ENSG00000136270,TBRG4,9238,FALSE
ENSG00000136271,DDX56,54606,FALSE
ENSG00000136273,HUS1,3364,FALSE
ENSG00000136274,NACAD,23148,FALSE
ENSG00000136279,DBNL,28988,FALSE
ENSG00000136280,CCM2,83605,FALSE
ENSG00000136286,MYO1G,64005,FALSE
ENSG00000136295,TTYH3,80727,FALSE
ENSG00000136305,CIDEB,27141,FALSE
ENSG00000136319,TTC5,91875,FALSE
ENSG00000136352,NKX2-1,7080,FALSE
ENSG00000136371,MTHFS,10588,FALSE
ENSG00000136379,ABHD17C,58489,FALSE
ENSG00000136381,IREB2,3658,FALSE
ENSG00000136404,TM6SF1,53346,FALSE
ENSG00000136425,CIB2,10518,FALSE
ENSG00000136436,CALCOCO2,10241,FALSE
ENSG00000136444,RSAD1,55316,FALSE
ENSG00000136448,NMT1,4836,FALSE
ENSG00000136450,SRSF1,6426,FALSE
ENSG00000136451,VEZF1,7716,FALSE
ENSG00000136457,CHAD,1101,FALSE
ENSG00000136478,TEX2,55852,FALSE
ENSG00000136485,DCAF7,10238,FALSE
ENSG00000136490,LIMD2,80774,FALSE
ENSG00000136492,BRIP1,83990,FALSE
ENSG00000136504,KAT7,11143,FALSE
ENSG00000136518,ACTL6A,86,FALSE
ENSG00000136521,NDUFB5,4711,FALSE
ENSG00000136522,MRPL47,57129,FALSE
ENSG00000136527,TRA2B,6434,FALSE
ENSG00000136536,MARCHF7,64844,FALSE
ENSG00000136541,ERMN,57471,FALSE
ENSG00000136542,GALNT5,11227,FALSE
ENSG00000136560,TANK,10010,FALSE
ENSG00000136574,GATA4,2626,FALSE
ENSG00000136603,SKIL,6498,FALSE
ENSG00000136630,HLX,3142,FALSE
ENSG00000136631,VPS45,11311,FALSE
ENSG00000136636,KCTD3,51133,FALSE
ENSG00000136643,RPS6KC1,26750,FALSE
ENSG00000136682,ZNG1B,150472,FALSE
ENSG00000136688,IL36G,56300,FALSE
ENSG00000136689,IL1RN,3557,FALSE
ENSG00000136695,IL36RN,26525,FALSE
ENSG00000136699,SMPD4,55627,FALSE
ENSG00000136709,WDR33,55339,TRUE
ENSG00000136710,VMA22,84317,FALSE
ENSG00000136715,SAP130,79595,FALSE
ENSG00000136717,BIN1,274,TRUE
ENSG00000136718,IMP4,92856,FALSE
ENSG00000136720,HS6ST1,9394,FALSE
ENSG00000136731,UGGT1,56886,FALSE
ENSG00000136732,GYPC,2995,FALSE
ENSG00000136738,STAM,8027,FALSE
ENSG00000136754,ABI1,10006,FALSE
ENSG00000136758,YME1L1,10730,FALSE
ENSG00000136783,NIPSNAP3A,25934,FALSE
ENSG00000136802,LRRC8A,56262,FALSE
ENSG00000136807,CDK9,1025,FALSE
ENSG00000136811,ODF2,4957,TRUE
ENSG00000136816,TOR1B,27348,FALSE
ENSG00000136819,C9orf78,51759,FALSE
ENSG00000136826,KLF4,9314,FALSE
ENSG00000136842,TMOD1,7111,FALSE
ENSG00000136854,STXBP1,6812,FALSE
ENSG00000136856,SLC2A8,29988,FALSE
ENSG00000136859,ANGPTL2,23452,FALSE
ENSG00000136866,ZFP37,7539,FALSE
ENSG00000136867,SLC31A2,1318,FALSE
ENSG00000136869,TLR4,7099,FALSE
ENSG00000136870,ZNF189,7743,TRUE
ENSG00000136872,ALDOB,229,FALSE
ENSG00000136874,STX17,55014,FALSE
ENSG00000136875,PRPF4,9128,FALSE
ENSG00000136877,FPGS,2356,FALSE
ENSG00000136878,USP20,10868,FALSE
ENSG00000136881,BAAT,570,FALSE
ENSG00000136888,ATP6V1G1,9550,FALSE
ENSG00000136891,TEX10,54881,TRUE
ENSG00000136908,DPM2,8818,FALSE
ENSG00000136918,WDR38,401551,FALSE
ENSG00000136925,TSTD2,158427,FALSE
ENSG00000136930,PSMB7,5695,FALSE
ENSG00000136932,TRMO,51531,FALSE
ENSG00000136933,RABEPK,10244,TRUE
ENSG00000136935,GOLGA1,2800,FALSE
ENSG00000136936,XPA,7507,FALSE
ENSG00000136937,NCBP1,4686,FALSE
ENSG00000136938,ANP32B,10541,FALSE
ENSG00000136940,PDCL,5082,FALSE
ENSG00000136943,CTSV,1515,FALSE
ENSG00000136960,ENPP2,5168,FALSE
ENSG00000136982,DSCC1,79075,FALSE
ENSG00000136986,DERL1,79139,FALSE
ENSG00000136997,MYC,4609,FALSE
ENSG00000136999,CCN3,4856,FALSE
ENSG00000137033,IL33,90865,FALSE
ENSG00000137038,DMAC1,90871,FALSE
ENSG00000137040,RANBP6,26953,TRUE
ENSG00000137054,POLR1E,64425,FALSE
ENSG00000137055,PLAA,9373,FALSE
ENSG00000137070,IL11RA,3590,FALSE
ENSG00000137073,UBAP2,55833,FALSE
ENSG00000137075,RNF38,152006,FALSE
ENSG00000137094,DNAJB5,25822,FALSE
ENSG00000137098,SPAG8,26206,FALSE
ENSG00000137106,GRHPR,9380,FALSE
ENSG00000137133,HINT2,84681,FALSE
ENSG00000137135,ARHGEF39,84904,FALSE
ENSG00000137142,IGFBPL1,347252,FALSE
ENSG00000137145,DENND4C,55667,FALSE
ENSG00000137154,RPS6,6194,FALSE
ENSG00000137161,CNPY3,10695,FALSE
ENSG00000137171,KLC4,89953,FALSE
ENSG00000137177,KIF13A,63971,FALSE
ENSG00000137185,ZSCAN9,7746,FALSE
ENSG00000137193,PIM1,5292,FALSE
ENSG00000137198,GMPR,2766,TRUE
ENSG00000137200,CMTR1,23070,FALSE
ENSG00000137207,YIPF3,25844,FALSE
ENSG00000137210,TMEM14B,81853,FALSE
ENSG00000137216,TMEM63B,55362,FALSE
ENSG00000137218,FRS3,10817,FALSE
ENSG00000137221,TJAP1,93643,FALSE
ENSG00000137251,TINAG,27283,FALSE
ENSG00000137261,KIAA0319,9856,FALSE
ENSG00000137266,SLC22A23,63027,FALSE
ENSG00000137267,TUBB2A,7280,TRUE
ENSG00000137269,LRRC1,55227,FALSE
ENSG00000137273,FOXF2,2295,FALSE
ENSG00000137274,BPHL,670,FALSE
ENSG00000137275,RIPK1,8737,FALSE
ENSG00000137285,TUBB2B,347733,FALSE
ENSG00000137288,UQCC2,84300,FALSE
ENSG00000137309,HMGA1,3159,FALSE
ENSG00000137310,TCF19,6941,TRUE
ENSG00000137312,FLOT1,10211,FALSE
ENSG00000137338,PGBD1,84547,FALSE
ENSG00000137343,ATAT1,79969,FALSE
ENSG00000137364,TPMT,7172,FALSE
ENSG00000137393,RNF144B,255488,FALSE
ENSG00000137404,NRM,11270,FALSE
ENSG00000137409,MTCH1,23787,FALSE
ENSG00000137413,TAF8,129685,FALSE
ENSG00000137414,FAM8A1,51439,FALSE
ENSG00000137449,CPEB2,132864,FALSE
ENSG00000137460,FHDC1,85462,FALSE
ENSG00000137462,TLR2,7097,FALSE
ENSG00000137463,MGARP,84709,FALSE
ENSG00000137473,TTC29,83894,FALSE
ENSG00000137478,FCHSD2,9873,FALSE
ENSG00000137486,ARRB1,408,FALSE
ENSG00000137492,THAP12,5612,FALSE
ENSG00000137496,IL18BP,10068,FALSE
ENSG00000137500,CCDC90B,60492,FALSE
ENSG00000137502,RAB30,27314,FALSE
ENSG00000137504,CREBZF,58487,FALSE
ENSG00000137507,LRRC32,2615,FALSE
ENSG00000137509,PRCP,5547,FALSE
ENSG00000137513,NARS2,79731,FALSE
ENSG00000137522,RNF121,55298,FALSE
ENSG00000137561,TTPA,7274,FALSE
ENSG00000137563,GGH,8836,FALSE
ENSG00000137573,SULF1,23213,FALSE
ENSG00000137574,TGS1,96764,FALSE
ENSG00000137575,SDCBP,6386,FALSE
ENSG00000137628,DDX60,55601,FALSE
ENSG00000137642,SORL1,6653,FALSE
ENSG00000137648,TMPRSS4,56649,FALSE
ENSG00000137656,BUD13,84811,FALSE
ENSG00000137672,TRPC6,7225,FALSE
ENSG00000137673,MMP7,4316,FALSE
ENSG00000137691,CFAP300,85016,FALSE
ENSG00000137692,DCUN1D5,84259,FALSE
ENSG00000137693,YAP1,10413,FALSE
ENSG00000137707,BTG4,54766,FALSE
ENSG00000137713,PPP2R1B,5519,FALSE
ENSG00000137714,FDX1,2230,FALSE
ENSG00000137720,CFAP68,64776,FALSE
ENSG00000137727,ARHGAP20,57569,FALSE
ENSG00000137731,FXYD2,486,FALSE
ENSG00000137745,MMP13,4322,FALSE
ENSG00000137747,TMPRSS13,84000,FALSE
ENSG00000137752,CASP1,834,FALSE
ENSG00000137757,CASP5,838,FALSE
ENSG00000137760,ALKBH8,91801,FALSE
ENSG00000137764,MAP2K5,5607,FALSE
ENSG00000137767,SQOR,58472,FALSE
ENSG00000137770,CTDSPL2,51496,FALSE
ENSG00000137804,NUSAP1,51203,FALSE
ENSG00000137806,NDUFAF1,51103,TRUE
ENSG00000137807,KIF23,9493,FALSE
ENSG00000137809,ITGA11,22801,FALSE
ENSG00000137814,HAUS2,55142,FALSE
ENSG00000137818,RPLP1,6176,FALSE
ENSG00000137819,PAQR5,54852,FALSE
ENSG00000137821,LRRC49,54839,FALSE
ENSG00000137822,TUBGCP4,27229,FALSE
ENSG00000137824,RMDN3,55177,FALSE
ENSG00000137825,ITPKA,3706,FALSE
ENSG00000137834,SMAD6,4091,FALSE
ENSG00000137842,TMEM62,80021,FALSE
ENSG00000137845,ADAM10,102,FALSE
ENSG00000137868,STRA6,64220,TRUE
ENSG00000137872,SEMA6D,80031,FALSE
ENSG00000137875,BCL2L10,10017,FALSE
ENSG00000137880,GCHFR,2644,FALSE
ENSG00000137941,TTLL7,79739,FALSE
ENSG00000137942,FNBP1L,54874,FALSE
ENSG00000137944,KYAT3,56267,FALSE
ENSG00000137947,GTF2B,2959,FALSE
ENSG00000137955,RABGGTB,5876,FALSE
ENSG00000137960,GIPC2,54810,FALSE
ENSG00000137965,IFI44,10561,FALSE
ENSG00000137975,CLCA2,9635,FALSE
ENSG00000137992,DBT,1629,FALSE
ENSG00000137996,RTCA,8634,FALSE
ENSG00000138018,SELENOI,85465,FALSE
ENSG00000138029,HADHB,3032,FALSE
ENSG00000138030,KHK,3795,FALSE
ENSG00000138031,ADCY3,109,FALSE
ENSG00000138032,PPM1B,5495,FALSE
ENSG00000138035,PNPT1,87178,FALSE
ENSG00000138036,DYNC2LI1,51626,FALSE
ENSG00000138039,LHCGR,3973,FALSE
ENSG00000138050,THUMPD2,80745,FALSE
ENSG00000138061,CYP1B1,1545,TRUE
ENSG00000138069,RAB1A,5861,FALSE
ENSG00000138071,ACTR2,10097,FALSE
ENSG00000138073,PREB,10113,FALSE
ENSG00000138078,PREPL,9581,TRUE
ENSG00000138081,FBXO11,80204,FALSE
ENSG00000138092,CENPO,79172,FALSE
ENSG00000138095,LRPPRC,10128,FALSE
ENSG00000138111,SLC68A1,79847,FALSE
ENSG00000138119,MYOF,26509,FALSE
ENSG00000138131,LOXL4,84171,FALSE
ENSG00000138134,STAMBPL1,57559,FALSE
ENSG00000138138,ATAD1,84896,FALSE
ENSG00000138160,KIF11,3832,FALSE
ENSG00000138166,DUSP5,1847,TRUE
ENSG00000138172,CALHM2,51063,FALSE
ENSG00000138180,CEP55,55165,FALSE
ENSG00000138185,ENTPD1,953,FALSE
ENSG00000138190,EXOC6,54536,FALSE
ENSG00000138207,RBP4,5950,FALSE
ENSG00000138231,DBR1,51163,FALSE
ENSG00000138271,GPR87,53836,FALSE
ENSG00000138279,ANXA7,310,FALSE
ENSG00000138303,ASCC1,51008,FALSE
ENSG00000138308,PLA2G12B,84647,FALSE
ENSG00000138311,ZNF365,22891,FALSE
ENSG00000138326,RPS24,6229,FALSE
ENSG00000138346,DNA2,1763,FALSE
ENSG00000138363,ATIC,471,FALSE
ENSG00000138375,SMARCAL1,50485,FALSE
ENSG00000138376,BARD1,580,FALSE
ENSG00000138378,STAT4,6775,FALSE
ENSG00000138380,CARF,79800,FALSE
ENSG00000138381,ASNSD1,54529,FALSE
ENSG00000138382,METTL5,29081,FALSE
ENSG00000138385,SSB,6741,TRUE
ENSG00000138386,NAB1,4664,FALSE
ENSG00000138399,FASTKD1,79675,FALSE
ENSG00000138413,IDH1,3417,TRUE
ENSG00000138433,CIRSR,9541,FALSE
ENSG00000138435,CHRNA1,1134,FALSE
ENSG00000138442,WDR12,55759,FALSE
ENSG00000138443,ABI2,10152,TRUE
ENSG00000138448,ITGAV,3685,FALSE
ENSG00000138449,SLC40A1,30061,TRUE
ENSG00000138459,SLC35A5,55032,FALSE
ENSG00000138463,SLC49A4,84925,FALSE
ENSG00000138495,COX17,10063,FALSE
ENSG00000138496,PARP9,83666,FALSE
ENSG00000138587,MNS1,55329,FALSE
ENSG00000138594,TMOD3,29766,FALSE
ENSG00000138600,SPPL2A,84888,TRUE
ENSG00000138613,APH1B,83464,FALSE
ENSG00000138614,INTS14,81556,FALSE
ENSG00000138615,CILP,8483,FALSE
ENSG00000138617,PARP16,54956,FALSE
ENSG00000138621,PPCDC,60490,FALSE
ENSG00000138623,SEMA7A,8482,FALSE
ENSG00000138629,UBL7,84993,FALSE
ENSG00000138639,ARHGAP24,83478,FALSE
ENSG00000138640,FAM13A,10144,FALSE
ENSG00000138641,HERC3,8916,FALSE
ENSG00000138642,HERC6,55008,FALSE
ENSG00000138646,HERC5,51191,FALSE
ENSG00000138650,PCDH10,57575,FALSE
ENSG00000138658,ZGRF1,55345,FALSE
ENSG00000138663,COPS4,51138,FALSE
ENSG00000138668,HNRNPD,3184,FALSE
ENSG00000138669,PRKG2,5593,TRUE
ENSG00000138670,RASGEF1B,153020,FALSE
ENSG00000138674,SEC31A,22872,FALSE
ENSG00000138675,FGF5,2250,FALSE
ENSG00000138678,GPAT3,84803,FALSE
ENSG00000138696,BMPR1B,658,FALSE
ENSG00000138698,RAP1GDS1,5910,FALSE
ENSG00000138709,LARP1B,55132,FALSE
ENSG00000138722,MMRN1,22915,FALSE
ENSG00000138735,PDE5A,8654,FALSE
ENSG00000138738,PRDM5,11107,FALSE
ENSG00000138744,NAAA,27163,FALSE
ENSG00000138750,NUP54,53371,FALSE
ENSG00000138756,BMP2K,55589,FALSE
ENSG00000138757,G3BP2,9908,FALSE
ENSG00000138758,SEPTIN11,55752,FALSE
ENSG00000138760,SCARB2,950,FALSE
ENSG00000138764,CCNG2,901,FALSE
ENSG00000138767,CNOT6L,246175,FALSE
ENSG00000138768,USO1,8615,FALSE
ENSG00000138769,CDKL2,8999,FALSE
ENSG00000138777,PPA2,27068,FALSE
ENSG00000138780,GSTCD,79807,FALSE
ENSG00000138785,INTS12,57117,FALSE
ENSG00000138792,ENPEP,2028,FALSE
ENSG00000138794,CASP6,839,FALSE
ENSG00000138795,LEF1,51176,FALSE
ENSG00000138796,HADH,3033,FALSE
ENSG00000138801,PAPSS1,9061,FALSE
ENSG00000138802,SEC24B,10427,FALSE
ENSG00000138814,PPP3CA,5530,FALSE
ENSG00000138821,SLC39A8,64116,FALSE
ENSG00000138823,MTTP,4547,FALSE
ENSG00000138835,RGS3,5998,FALSE
ENSG00000138867,GUCD1,83606,FALSE
ENSG00000138942,RNF185,91445,FALSE
ENSG00000139055,ERP27,121506,FALSE
ENSG00000139083,ETV6,2120,FALSE
ENSG00000139112,GABARAPL1,23710,FALSE
ENSG00000139131,YARS2,51067,FALSE
ENSG00000139132,FGD4,121512,FALSE
ENSG00000139133,ALG10,84920,FALSE
ENSG00000139146,SINHCAF,58516,FALSE
ENSG00000139154,AEBP2,121536,FALSE
ENSG00000139160,ETFBKMT,254013,FALSE
ENSG00000139163,ETNK1,55500,FALSE
ENSG00000139168,ZCRB1,85437,FALSE
ENSG00000139173,TMEM117,84216,TRUE
ENSG00000139174,PRICKLE1,144165,FALSE
ENSG00000139178,C1RL,51279,FALSE
ENSG00000139180,NDUFA9,4704,FALSE
ENSG00000139182,CLSTN3,9746,FALSE
ENSG00000139192,TAPBPL,55080,FALSE
ENSG00000139197,PEX5,5830,FALSE
ENSG00000139200,PIANP,196500,FALSE
ENSG00000139209,SLC38A4,55089,FALSE
ENSG00000139211,AMIGO2,347902,FALSE
ENSG00000139218,SCAF11,9169,TRUE
ENSG00000139263,LRIG3,121227,FALSE
ENSG00000139266,MARCHF9,92979,FALSE
ENSG00000139278,GLIPR1,11010,FALSE
ENSG00000139291,TMEM19,55266,TRUE
ENSG00000139292,LGR5,8549,FALSE
ENSG00000139318,DUSP6,1848,FALSE
ENSG00000139323,POC1B,282809,FALSE
ENSG00000139324,TMTC3,160418,FALSE
ENSG00000139343,SNRPF,6636,FALSE
ENSG00000139344,AMDHD1,144193,FALSE
ENSG00000139350,NEDD1,121441,FALSE
ENSG00000139354,GAS2L3,283431,FALSE
ENSG00000139364,TMEM132B,114795,FALSE
ENSG00000139370,SLC15A4,121260,FALSE
ENSG00000139372,TDG,6996,FALSE
ENSG00000139405,RITA1,84934,TRUE
ENSG00000139410,SDSL,113675,FALSE
ENSG00000139428,MMAB,326625,FALSE
ENSG00000139436,GIT2,9815,TRUE
ENSG00000139437,TCHP,84260,TRUE
ENSG00000139438,FAM222A,84915,FALSE
ENSG00000139496,NUP58,9818,FALSE
ENSG00000139505,MTMR6,9107,FALSE
ENSG00000139508,SLC46A3,283537,FALSE
ENSG00000139514,SLC7A1,6541,TRUE
ENSG00000139517,LNX2,222484,FALSE
ENSG00000139531,SUOX,6821,TRUE
ENSG00000139537,DRC2,85478,FALSE
ENSG00000139546,TARBP2,6895,FALSE
ENSG00000139549,DHH,50846,FALSE
ENSG00000139567,ACVRL1,94,FALSE
ENSG00000139579,NABP2,79035,FALSE
ENSG00000139597,N4BP2L1,90634,FALSE
ENSG00000139620,KANSL2,54934,FALSE
ENSG00000139624,CERS5,91012,FALSE
ENSG00000139626,ITGB7,3695,FALSE
ENSG00000139636,LMBR1L,55716,FALSE
ENSG00000139637,MYG1,60314,FALSE
ENSG00000139641,ESYT1,23344,FALSE
ENSG00000139651,ZNF740,283337,FALSE
ENSG00000139668,WDFY2,115825,FALSE
ENSG00000139684,ESD,2098,FALSE
ENSG00000139687,RB1,5925,FALSE
ENSG00000139714,MORN3,283385,FALSE
ENSG00000139719,VPS33A,65082,FALSE
ENSG00000139722,VPS37B,79720,TRUE
ENSG00000139725,RHOF,54509,FALSE
ENSG00000139726,DENR,8562,FALSE
ENSG00000139737,SLAIN1,122060,FALSE
ENSG00000139746,RBM26,64062,FALSE
ENSG00000139793,MBNL2,10150,FALSE
ENSG00000139832,RAB20,55647,FALSE
ENSG00000139835,GRTP1,79774,FALSE
ENSG00000139890,REM2,161253,FALSE
ENSG00000139899,CBLN3,643866,FALSE
ENSG00000139910,NOVA1,4857,FALSE
ENSG00000139921,TMX1,81542,FALSE
ENSG00000139926,FRMD6,122786,FALSE
ENSG00000139946,PELI2,57161,FALSE
ENSG00000139971,ARMH4,145407,FALSE
ENSG00000139973,SYT16,83851,FALSE
ENSG00000139974,SLC38A6,145389,FALSE
ENSG00000139977,NAA30,122830,FALSE
ENSG00000139985,ADAM21,8747,FALSE
ENSG00000139990,DCAF5,8816,FALSE
ENSG00000139998,RAB15,376267,FALSE
ENSG00000140006,WDR89,112840,FALSE
ENSG00000140009,ESR2,2100,FALSE
ENSG00000140025,EFCAB11,90141,FALSE
ENSG00000140043,PTGR2,145482,FALSE
ENSG00000140044,JDP2,122953,FALSE
ENSG00000140057,AK7,122481,FALSE
ENSG00000140067,FAM181A,90050,FALSE
ENSG00000140092,FBLN5,10516,FALSE
ENSG00000140104,CLBA1,122616,FALSE
ENSG00000140105,WARS1,7453,FALSE
ENSG00000140153,WDR20,91833,FALSE
ENSG00000140157,NIPA2,81614,FALSE
ENSG00000140199,SLC12A6,9990,FALSE
ENSG00000140254,DUOXA1,90527,FALSE
ENSG00000140262,TCF12,6938,FALSE
ENSG00000140263,SORD,6652,FALSE
ENSG00000140264,SERF2,10169,FALSE
ENSG00000140274,DUOXA2,405753,FALSE
ENSG00000140280,LYSMD2,256586,FALSE
ENSG00000140284,SLC27A2,11001,FALSE
ENSG00000140285,FGF7,2252,FALSE
ENSG00000140287,HDC,3067,FALSE
ENSG00000140297,GCNT3,9245,FALSE
ENSG00000140299,BNIP2,663,FALSE
ENSG00000140307,GTF2A2,2958,FALSE
ENSG00000140320,BAHD1,22893,FALSE
ENSG00000140365,COMMD4,54939,FALSE
ENSG00000140367,UBE2Q2,92912,FALSE
ENSG00000140368,PSTPIP1,9051,FALSE
ENSG00000140374,ETFA,2108,TRUE
ENSG00000140379,BCL2A1,597,FALSE
ENSG00000140382,HMG20A,10363,TRUE
ENSG00000140386,SCAPER,49855,FALSE
ENSG00000140395,SKIC8,80349,FALSE
ENSG00000140400,MAN2C1,4123,FALSE
ENSG00000140403,DNAJA4,55466,FALSE
ENSG00000140406,TLNRD1,59274,FALSE
ENSG00000140416,TPM1,7168,FALSE
ENSG00000140450,ARRDC4,91947,FALSE
ENSG00000140451,PIF1,80119,FALSE
ENSG00000140455,USP3,9960,FALSE
ENSG00000140459,CYP11A1,1583,FALSE
ENSG00000140463,BBS4,585,FALSE
ENSG00000140464,PML,5371,TRUE
ENSG00000140465,CYP1A1,1543,TRUE
ENSG00000140471,LINS1,55180,TRUE
ENSG00000140474,ULK3,25989,FALSE
ENSG00000140511,HAPLN3,145864,FALSE
ENSG00000140519,RHCG,51458,FALSE
ENSG00000140521,POLG,5428,FALSE
ENSG00000140526,ABHD2,11057,FALSE
ENSG00000140527,WDR93,56964,FALSE
ENSG00000140543,DET1,55070,FALSE
ENSG00000140545,MFGE8,4240,FALSE
ENSG00000140563,MCTP2,55784,FALSE
ENSG00000140564,FURIN,5045,FALSE
ENSG00000140598,EFL1,79631,FALSE
ENSG00000140600,SH3GL3,6457,FALSE
ENSG00000140612,SEC11A,23478,FALSE
ENSG00000140632,GLYR1,84656,FALSE
ENSG00000140650,PMM2,5373,FALSE
ENSG00000140682,TGFB1I1,7041,FALSE
ENSG00000140688,RUSF1,64755,FALSE
ENSG00000140691,ARMC5,79798,FALSE
ENSG00000140694,PARN,5073,FALSE
ENSG00000140718,FTO,79068,FALSE
ENSG00000140743,CDR2,1039,FALSE
ENSG00000140750,ARHGAP17,55114,FALSE
ENSG00000140807,NKD1,85407,FALSE
ENSG00000140829,DHX38,9785,FALSE
ENSG00000140830,TXNL4B,54957,TRUE
ENSG00000140832,MARVELD3,91862,FALSE
ENSG00000140835,CHST4,10164,FALSE
ENSG00000140848,CPNE2,221184,FALSE
ENSG00000140854,KATNB1,10300,FALSE
ENSG00000140859,KIFC3,3801,FALSE
ENSG00000140873,ADAMTS18,170692,FALSE
ENSG00000140876,NUDT7,283927,FALSE
ENSG00000140905,GCSH,2653,FALSE
ENSG00000140931,CMTM3,123920,FALSE
ENSG00000140937,CDH11,1009,FALSE
ENSG00000140939,NOL3,8996,TRUE
ENSG00000140941,MAP1LC3B,81631,FALSE
ENSG00000140943,MBTPS1,8720,FALSE
ENSG00000140948,ZCCHC14,23174,FALSE
ENSG00000140950,MEAK7,57707,TRUE
ENSG00000140961,OSGIN1,29948,TRUE
ENSG00000140968,IRF8,3394,FALSE
ENSG00000140983,RHOT2,89941,FALSE
ENSG00000140987,ZSCAN32,54925,FALSE
ENSG00000140988,RPS2,6187,FALSE
ENSG00000140990,NDUFB10,4716,TRUE
ENSG00000140992,PDPK1,5170,FALSE
ENSG00000140993,TIGD7,91151,FALSE
ENSG00000140995,DEF8,54849,FALSE
ENSG00000141002,TCF25,22980,FALSE
ENSG00000141012,GALNS,2588,FALSE
ENSG00000141013,DRC4,2622,FALSE
ENSG00000141026,MED9,55090,FALSE
ENSG00000141030,COPS3,8533,FALSE
ENSG00000141034,GID4,79018,FALSE
ENSG00000141040,ZNF287,57336,FALSE
ENSG00000141076,UTP4,84916,TRUE
ENSG00000141084,RANBP10,57610,FALSE
ENSG00000141098,GFOD2,81577,FALSE
ENSG00000141101,NOB1,28987,FALSE
ENSG00000141127,PRPSAP2,5636,TRUE
ENSG00000141179,PCTP,58488,FALSE
ENSG00000141198,TOM1L1,10040,FALSE
ENSG00000141219,MTNAP1,55028,FALSE
ENSG00000141232,TOB1,10140,FALSE
ENSG00000141252,VPS53,55275,TRUE
ENSG00000141279,NPEPPS,9520,FALSE
ENSG00000141294,LRRC46,90506,FALSE
ENSG00000141295,SCRN2,90507,FALSE
ENSG00000141298,SSH2,85464,FALSE
ENSG00000141349,G6PC3,92579,FALSE
ENSG00000141378,PTRH2,51651,TRUE
ENSG00000141380,SS18,6760,TRUE
ENSG00000141384,TAF4B,6875,FALSE
ENSG00000141385,AFG3L2,10939,FALSE
ENSG00000141391,PRELID3A,10650,TRUE
ENSG00000141401,IMPA2,3613,FALSE
ENSG00000141404,GNAL,2774,FALSE
ENSG00000141424,SLC39A6,25800,FALSE
ENSG00000141425,RPRD1A,55197,FALSE
ENSG00000141428,RMP24,83608,FALSE
ENSG00000141429,GALNT1,2589,FALSE
ENSG00000141441,GAREM1,64762,FALSE
ENSG00000141447,OSBPL1A,114876,FALSE
ENSG00000141448,GATA6,2627,FALSE
ENSG00000141452,RMC1,29919,FALSE
ENSG00000141456,PELP1,27043,FALSE
ENSG00000141458,NPC1,4864,FALSE
ENSG00000141469,SLC14A1,6563,FALSE
ENSG00000141480,ARRB2,409,TRUE
ENSG00000141485,SLC13A5,284111,FALSE
ENSG00000141499,WRAP53,55135,TRUE
ENSG00000141510,TP53,7157,FALSE
ENSG00000141522,ARHGDIA,396,FALSE
ENSG00000141524,TMC6,11322,FALSE
ENSG00000141526,SLC16A3,9123,TRUE
ENSG00000141540,TTYH2,94015,FALSE
ENSG00000141542,RAB40B,10966,TRUE
ENSG00000141551,CSNK1D,1453,FALSE
ENSG00000141552,ANAPC11,51529,FALSE
ENSG00000141556,TBCD,6904,FALSE
ENSG00000141560,FN3KRP,79672,FALSE
ENSG00000141562,NARF,26502,TRUE
ENSG00000141564,RPTOR,57521,FALSE
ENSG00000141568,FOXK2,3607,FALSE
ENSG00000141570,CBX8,57332,FALSE
ENSG00000141574,SECTM1,6398,FALSE
ENSG00000141577,CEP131,22994,FALSE
ENSG00000141579,ZNF750,79755,FALSE
ENSG00000141582,CBX4,8535,FALSE
ENSG00000141622,ARK2C,494470,FALSE
ENSG00000141627,DYM,54808,FALSE
ENSG00000141639,MAPK4,5596,FALSE
ENSG00000141642,ELAC1,55520,FALSE
ENSG00000141644,MBD1,4152,FALSE
ENSG00000141646,SMAD4,4089,FALSE
ENSG00000141655,TNFRSF11A,8792,FALSE
ENSG00000141665,FBXO15,201456,FALSE
ENSG00000141668,CBLN2,147381,FALSE
ENSG00000141696,P3H4,10609,TRUE
ENSG00000141699,RETREG3,162427,FALSE
ENSG00000141736,ERBB2,2064,FALSE
ENSG00000141738,GRB7,2886,TRUE
ENSG00000141756,FKBP10,60681,FALSE
ENSG00000141759,TXNL4A,10907,FALSE
ENSG00000141837,CACNA1A,773,FALSE
ENSG00000141854,MISP3,113230,FALSE
ENSG00000141867,BRD4,23476,FALSE
ENSG00000141873,SLC39A3,29985,FALSE
ENSG00000141905,NFIC,4782,FALSE
ENSG00000141933,TPGS1,91978,FALSE
ENSG00000141934,PLPP2,8612,FALSE
ENSG00000141968,VAV1,7409,FALSE
ENSG00000141971,MVB12A,93343,FALSE
ENSG00000141994,DUS3L,56931,FALSE
ENSG00000142002,DPP9,91039,FALSE
ENSG00000142039,CCDC97,90324,TRUE
ENSG00000142082,SIRT3,23410,TRUE
ENSG00000142089,IFITM3,10410,FALSE
ENSG00000142102,PGGHG,80162,FALSE
ENSG00000142166,IFNAR1,3454,FALSE
ENSG00000142168,SOD1,6647,FALSE
ENSG00000142173,COL6A2,1292,FALSE
ENSG00000142178,SIK1,150094,FALSE
ENSG00000142186,SCYL1,57410,TRUE
ENSG00000142188,TMEM50B,757,FALSE
ENSG00000142192,APP,351,FALSE
ENSG00000142208,AKT1,207,FALSE
ENSG00000142224,IL19,29949,FALSE
ENSG00000142227,EMP3,2014,FALSE
ENSG00000142230,SAE1,10055,FALSE
ENSG00000142252,GEMIN7,79760,FALSE
ENSG00000142273,CBLC,23624,FALSE
ENSG00000142319,SLC6A3,6531,FALSE
ENSG00000142327,RNPEPL1,57140,FALSE
ENSG00000142330,CAPN10,11132,FALSE
ENSG00000142396,ERVK3-1,105372481,FALSE
ENSG00000142409,ZNF787,126208,FALSE
ENSG00000142444,TIMM29,90580,FALSE
ENSG00000142453,CARM1,10498,FALSE
ENSG00000142459,EVI5L,115704,FALSE
ENSG00000142494,SLC47A1,55244,FALSE
ENSG00000142528,ZNF473,25888,TRUE
ENSG00000142530,GARIN5A,112703,FALSE
ENSG00000142534,RPS11,6205,FALSE
ENSG00000142544,CTU1,90353,FALSE
ENSG00000142546,NOSIP,51070,FALSE
ENSG00000142552,RCN3,57333,FALSE
ENSG00000142556,ZNF614,80110,FALSE
ENSG00000142583,SLC2A5,6518,FALSE
ENSG00000142619,PADI3,51702,FALSE
ENSG00000142623,PADI1,29943,FALSE
ENSG00000142627,EPHA2,1969,FALSE
ENSG00000142634,EFHD2,79180,FALSE
ENSG00000142655,PEX14,5195,FALSE
ENSG00000142657,PGD,5226,FALSE
ENSG00000142669,SH3BGRL3,83442,FALSE
ENSG00000142675,CNKSR1,10256,FALSE
ENSG00000142676,RPL11,6135,FALSE
ENSG00000142677,IL22RA1,58985,FALSE
ENSG00000142684,ZNF593,51042,FALSE
ENSG00000142686,C1orf216,127703,FALSE
ENSG00000142687,KIAA0319L,79932,FALSE
ENSG00000142694,EVA1B,55194,FALSE
ENSG00000142700,DMRTA2,63950,FALSE
ENSG00000142731,PLK4,10733,FALSE
ENSG00000142733,MAP3K6,9064,FALSE
ENSG00000142748,FCN3,8547,FALSE
ENSG00000142751,GPN2,54707,FALSE
ENSG00000142765,SYTL1,84958,FALSE
ENSG00000142784,WDTC1,23038,FALSE
ENSG00000142856,ITGB3BP,23421,FALSE
ENSG00000142864,SERBP1,26135,TRUE
ENSG00000142867,BCL10,8915,FALSE
ENSG00000142871,CCN1,3491,FALSE
ENSG00000142875,PRKACB,5567,FALSE
ENSG00000142892,PIGK,10026,FALSE
ENSG00000142910,TINAGL1,64129,TRUE
ENSG00000142920,AZIN2,113451,FALSE
ENSG00000142937,RPS8,6202,FALSE
ENSG00000142945,KIF2C,11004,FALSE
ENSG00000142961,MOB3C,148932,FALSE
ENSG00000142973,CYP4B1,1580,FALSE
ENSG00000143001,TMEM61,199964,FALSE
ENSG00000143013,LMO4,8543,TRUE
ENSG00000143028,SYPL2,284612,FALSE
ENSG00000143036,SLC44A3,126969,FALSE
ENSG00000143061,IGSF3,3321,FALSE
ENSG00000143079,CTTNBP2NL,55917,FALSE
ENSG00000143093,STRIP1,85369,FALSE
ENSG00000143106,PSMA5,5686,FALSE
ENSG00000143110,C1orf162,128346,TRUE
ENSG00000143127,ITGA10,8515,FALSE
ENSG00000143147,GPR161,23432,FALSE
ENSG00000143149,ALDH9A1,223,FALSE
ENSG00000143155,TIPRL,261726,FALSE
ENSG00000143156,NME7,29922,FALSE
ENSG00000143157,POGK,57645,FALSE
ENSG00000143164,DCAF6,55827,TRUE
ENSG00000143171,RXRG,6258,FALSE
ENSG00000143179,UCK2,7371,FALSE
ENSG00000143190,POU2F1,5451,FALSE
ENSG00000143198,MGST3,4259,FALSE
ENSG00000143207,COP1,64326,FALSE
ENSG00000143217,NECTIN4,81607,FALSE
ENSG00000143224,PPOX,5498,FALSE
ENSG00000143228,NUF2,83540,TRUE
ENSG00000143252,SDHC,6391,FALSE
ENSG00000143258,USP21,27005,TRUE
ENSG00000143294,PRCC,5546,TRUE
ENSG00000143303,METTL25B,51093,FALSE
ENSG00000143314,MRPL24,79590,TRUE
ENSG00000143315,PIGM,93183,FALSE
ENSG00000143319,ISG20L2,81875,FALSE
ENSG00000143320,CRABP2,1382,FALSE
ENSG00000143321,HDGF,3068,FALSE
ENSG00000143322,ABL2,27,FALSE
ENSG00000143324,XPR1,9213,FALSE
ENSG00000143333,RGS16,6004,FALSE
ENSG00000143337,TOR1AIP1,26092,FALSE
ENSG00000143344,RGL1,23179,FALSE
ENSG00000143353,LYPLAL1,127018,FALSE
ENSG00000143363,PRUNE1,58497,FALSE
ENSG00000143365,RORC,6097,FALSE
ENSG00000143367,TUFT1,7286,FALSE
ENSG00000143369,ECM1,1893,FALSE
ENSG00000143373,ZNF687,57592,FALSE
ENSG00000143374,TARS2,80222,FALSE
ENSG00000143375,CGN,57530,FALSE
ENSG00000143376,SNX27,81609,FALSE
ENSG00000143384,MCL1,4170,FALSE
ENSG00000143387,CTSK,1513,TRUE
ENSG00000143390,RFX5,5993,TRUE
ENSG00000143393,PI4KB,5298,TRUE
ENSG00000143398,PIP5K1A,8394,FALSE
ENSG00000143401,ANP32E,81611,TRUE
ENSG00000143409,MINDY1,55793,FALSE
ENSG00000143412,ANXA9,8416,FALSE
ENSG00000143416,SELENBP1,8991,FALSE
ENSG00000143418,CERS2,29956,FALSE
ENSG00000143420,ENSA,2029,FALSE
ENSG00000143434,SEMA6C,10500,FALSE
ENSG00000143436,MRPL9,65005,FALSE
ENSG00000143437,ARNT,405,FALSE
ENSG00000143442,POGZ,23126,FALSE
ENSG00000143443,C1orf56,54964,FALSE
ENSG00000143457,GOLPH3L,55204,FALSE
ENSG00000143458,GABPB2,126626,FALSE
ENSG00000143476,DTL,51514,TRUE
ENSG00000143479,DYRK3,8444,FALSE
ENSG00000143486,EIF2D,1939,FALSE
ENSG00000143493,INTS7,25896,TRUE
ENSG00000143494,VASH2,79805,FALSE
ENSG00000143498,TAF1A,9015,TRUE
ENSG00000143499,SMYD2,56950,FALSE
ENSG00000143502,SUSD4,55061,FALSE
ENSG00000143507,DUSP10,11221,FALSE
ENSG00000143512,HHIPL2,79802,FALSE
ENSG00000143514,TP53BP2,7159,FALSE
ENSG00000143515,ATP8B2,57198,FALSE
ENSG00000143536,CRNN,49860,FALSE
ENSG00000143537,ADAM15,8751,FALSE
ENSG00000143543,JTB,10899,FALSE
ENSG00000143549,TPM3,7170,FALSE
ENSG00000143553,SNAPIN,23557,FALSE
ENSG00000143554,SLC27A3,11000,FALSE
ENSG00000143570,SLC39A1,27173,FALSE
ENSG00000143578,CREB3L4,148327,TRUE
ENSG00000143590,EFNA3,1944,TRUE
ENSG00000143595,AQP10,89872,FALSE
ENSG00000143603,KCNN3,3782,FALSE
ENSG00000143612,LTAP1,25912,FALSE
ENSG00000143614,GATAD2B,57459,FALSE
ENSG00000143622,RIT1,6016,FALSE
ENSG00000143624,INTS3,65123,FALSE
ENSG00000143633,FSAF1,128061,FALSE
ENSG00000143641,GALNT2,2590,FALSE
ENSG00000143643,TTC13,79573,FALSE
ENSG00000143653,SCCPDH,51097,FALSE
ENSG00000143674,MAP3K21,84451,FALSE
ENSG00000143727,ACP1,52,FALSE
ENSG00000143740,SNAP47,116841,FALSE
ENSG00000143742,SRP9,6726,FALSE
ENSG00000143748,NVL,4931,FALSE
ENSG00000143751,SDE2,163859,FALSE
ENSG00000143753,DEGS1,8560,FALSE
ENSG00000143756,FBXO28,23219,TRUE
ENSG00000143761,ARF1,375,FALSE
ENSG00000143771,CNIH4,29097,FALSE
ENSG00000143772,ITPKB,3707,FALSE
ENSG00000143774,GUK1,2987,FALSE
ENSG00000143786,CNIH3,149111,TRUE
ENSG00000143797,MBOAT2,129642,FALSE
ENSG00000143799,PARP1,142,FALSE
ENSG00000143801,PSEN2,5664,FALSE
ENSG00000143811,PYCR2,29920,FALSE
ENSG00000143815,LBR,3930,FALSE
ENSG00000143816,WNT9A,7483,FALSE
ENSG00000143845,ETNK2,55224,FALSE
ENSG00000143851,PTPN7,5778,FALSE
ENSG00000143858,SYT2,127833,FALSE
ENSG00000143862,ARL8A,127829,FALSE
ENSG00000143867,OSR1,130497,TRUE
ENSG00000143889,HNRNPLL,92906,FALSE
ENSG00000143891,GALM,130589,FALSE
ENSG00000143919,CAMKMT,79823,FALSE
ENSG00000143924,EML4,27436,FALSE
ENSG00000143947,RPS27A,6233,TRUE
ENSG00000143970,ASXL2,55252,FALSE
ENSG00000143971,ETAA1,54465,TRUE
ENSG00000143977,SNRPG,6637,FALSE
ENSG00000143995,MEIS1,4211,FALSE
ENSG00000144021,CIAO1,9391,FALSE
ENSG00000144026,ZNF514,84874,FALSE
ENSG00000144029,MRPS5,64969,FALSE
ENSG00000144034,TPRKB,51002,TRUE
ENSG00000144036,EXOC6B,23233,FALSE
ENSG00000144043,TEX261,113419,FALSE
ENSG00000144045,DQX1,165545,FALSE
ENSG00000144048,DUSP11,8446,FALSE
ENSG00000144061,NPHP1,4867,FALSE
ENSG00000144115,THNSL2,55258,FALSE
ENSG00000144118,RALB,5899,FALSE
ENSG00000144120,TMEM177,80775,TRUE
ENSG00000144134,RABL2B,11158,FALSE
ENSG00000144152,FBLN7,129804,FALSE
ENSG00000144161,ZC3H8,84524,FALSE
ENSG00000144182,LIPT1,51601,TRUE
ENSG00000144199,FAHD2B,151313,FALSE
ENSG00000144228,SPOPL,339745,FALSE
ENSG00000144231,POLR2D,5433,FALSE
ENSG00000144233,AMMECR1L,83607,FALSE
ENSG00000144278,GALNT13,114805,FALSE
ENSG00000144306,SCRN3,79634,FALSE
ENSG00000144320,LNPK,80856,FALSE
ENSG00000144339,TMEFF2,23671,FALSE
ENSG00000144354,CDCA7,83879,TRUE
ENSG00000144355,DLX1,1745,FALSE
ENSG00000144362,PHOSPHO2,493911,FALSE
ENSG00000144366,GULP1,51454,FALSE
ENSG00000144369,FAM171B,165215,FALSE
ENSG00000144381,HSPD1,3329,FALSE
ENSG00000144401,METTL21A,151194,TRUE
ENSG00000144445,KANSL1L,151050,FALSE
ENSG00000144451,SPAG16,79582,FALSE
ENSG00000144455,SUMF1,285362,FALSE
ENSG00000144468,RHBDD1,84236,TRUE
ENSG00000144485,HES6,55502,TRUE
ENSG00000144504,ANKMY1,51281,FALSE
ENSG00000144524,COPS7B,64708,TRUE
ENSG00000144535,DIS3L2,129563,FALSE
ENSG00000144559,TAMM41,132001,FALSE
ENSG00000144560,VGLL4,9686,FALSE
ENSG00000144566,RAB5A,5868,FALSE
ENSG00000144567,RETREG2,79137,FALSE
ENSG00000144579,CTDSP1,58190,FALSE
ENSG00000144580,CNOT9,9125,FALSE
ENSG00000144583,MARCHF4,57574,FALSE
ENSG00000144589,STK11IP,114790,FALSE
ENSG00000144591,GMPPA,29926,FALSE
ENSG00000144597,EAF1,85403,FALSE
ENSG00000144635,DYNC1LI1,51143,FALSE
ENSG00000144642,RBMS3,27303,FALSE
ENSG00000144645,OSBPL10,114884,FALSE
ENSG00000144648,ACKR2,1238,FALSE
ENSG00000144655,CSRNP1,64651,FALSE
ENSG00000144659,SLC25A38,54977,FALSE
ENSG00000144668,ITGA9,3680,FALSE
ENSG00000144671,SLC22A14,9389,FALSE
ENSG00000144677,CTDSPL,10217,FALSE
ENSG00000144681,STAC,6769,FALSE
ENSG00000144712,CAND2,23066,FALSE
ENSG00000144713,RPL32,6161,TRUE
ENSG00000144730,IL17RD,54756,FALSE
ENSG00000144741,SLC25A26,115286,FALSE
ENSG00000144744,UBA3,9039,FALSE
ENSG00000144791,LIMD1,8994,FALSE
ENSG00000144802,NFKBIZ,64332,FALSE
ENSG00000144810,COL8A1,1295,FALSE
ENSG00000144815,NXPE3,91775,FALSE
ENSG00000144827,ABHD10,55347,FALSE
ENSG00000144834,TAGLN3,29114,FALSE
ENSG00000144837,PLA1A,51365,FALSE
ENSG00000144840,RABL3,285282,FALSE
ENSG00000144843,ADPRH,141,FALSE
ENSG00000144847,IGSF11,152404,FALSE
ENSG00000144848,ATG3,64422,FALSE
ENSG00000144867,SRPRB,58477,FALSE
ENSG00000144868,TMEM108,66000,FALSE
ENSG00000144891,AGTR1,185,FALSE
ENSG00000144895,EIF2A,83939,FALSE
ENSG00000144908,ALDH1L1,10840,FALSE
ENSG00000144909,OSBPL11,114885,FALSE
ENSG00000144935,TRPC1,7220,FALSE
ENSG00000144959,NCEH1,57552,FALSE
ENSG00000145014,TMEM44,93109,FALSE
ENSG00000145016,RUBCN,9711,FALSE
ENSG00000145020,AMT,275,FALSE
ENSG00000145022,TCTA,6988,FALSE
ENSG00000145029,NICN1,84276,FALSE
ENSG00000145088,EAF2,55840,FALSE
ENSG00000145103,ILDR1,286676,FALSE
ENSG00000145107,TM4SF19,116211,FALSE
ENSG00000145191,EIF2B5,8893,FALSE
ENSG00000145216,FIP1L1,81608,TRUE
ENSG00000145220,LYAR,55646,FALSE
ENSG00000145247,OCIAD2,132299,FALSE
ENSG00000145248,SLC10A4,201780,FALSE
ENSG00000145284,SCD5,79966,FALSE
ENSG00000145287,PLAC8,51316,FALSE
ENSG00000145293,ENOPH1,58478,FALSE
ENSG00000145331,TRMT10A,93587,FALSE
ENSG00000145332,KLHL8,57563,FALSE
ENSG00000145335,SNCA,6622,FALSE
ENSG00000145348,TBCK,93627,TRUE
ENSG00000145349,CAMK2D,817,FALSE
ENSG00000145358,DDIT4L,115265,FALSE
ENSG00000145365,TIFA,92610,FALSE
ENSG00000145375,AFG2A,166378,FALSE
ENSG00000145386,CCNA2,890,FALSE
ENSG00000145388,METTL14,57721,TRUE
ENSG00000145391,SETD7,80854,FALSE
ENSG00000145414,NAF1,92345,FALSE
ENSG00000145425,RPS3A,6189,FALSE
ENSG00000145431,PDGFC,56034,FALSE
ENSG00000145439,CBR4,84869,FALSE
ENSG00000145476,CYP4V2,285440,FALSE
ENSG00000145491,ROPN1L,83853,FALSE
ENSG00000145494,NDUFS6,4726,FALSE
ENSG00000145495,MARCHF6,10299,FALSE
ENSG00000145506,NKD2,85409,FALSE
ENSG00000145526,CDH18,1016,FALSE
ENSG00000145545,SRD5A1,6715,FALSE
ENSG00000145569,OTULINL,54491,FALSE
ENSG00000145604,SKP2,6502,TRUE
ENSG00000145623,OSMR,9180,FALSE
ENSG00000145642,SHISAL2B,100132916,FALSE
ENSG00000145649,GZMA,3001,FALSE
ENSG00000145675,PIK3R1,5295,FALSE
ENSG00000145681,HAPLN1,1404,FALSE
ENSG00000145685,LHFPL2,10184,FALSE
ENSG00000145687,SSBP2,23635,FALSE
ENSG00000145715,RASA1,5921,FALSE
ENSG00000145723,GIN1,54826,FALSE
ENSG00000145730,PAM,5066,FALSE
ENSG00000145736,GTF2H2,2966,FALSE
ENSG00000145740,SLC30A5,64924,FALSE
ENSG00000145741,BTF3,689,FALSE
ENSG00000145780,FEM1C,56929,FALSE
ENSG00000145782,ATG12,9140,FALSE
ENSG00000145819,ARHGAP26,23092,FALSE
ENSG00000145860,RNF145,153830,FALSE
ENSG00000145861,C1QTNF2,114898,FALSE
ENSG00000145864,GABRB2,2561,FALSE
ENSG00000145868,FBXO38,81545,FALSE
ENSG00000145879,SPINK7,84651,FALSE
ENSG00000145882,PCYOX1L,78991,FALSE
ENSG00000145901,TNIP1,10318,FALSE
ENSG00000145907,G3BP1,10146,FALSE
ENSG00000145908,ZNF300,91975,FALSE
ENSG00000145911,N4BP3,23138,FALSE
ENSG00000145912,NHP2,55651,FALSE
ENSG00000145919,BOD1,91272,FALSE
ENSG00000145945,FAM50B,26240,TRUE
ENSG00000145949,MYLK4,340156,FALSE
ENSG00000145979,TBC1D7,51256,FALSE
ENSG00000145982,FARS2,10667,FALSE
ENSG00000145990,GFOD1,54438,FALSE
ENSG00000145996,CDKAL1,54901,TRUE
ENSG00000146007,ZMAT2,153527,FALSE
ENSG00000146013,GFRA3,2676,FALSE
ENSG00000146038,DCDC2,51473,FALSE
ENSG00000146054,TRIM7,81786,FALSE
ENSG00000146063,TRIM41,90933,FALSE
ENSG00000146066,HIGD2A,192286,FALSE
ENSG00000146070,PLA2G7,7941,FALSE
ENSG00000146072,TNFRSF21,27242,FALSE
ENSG00000146085,MMUT,4594,FALSE
ENSG00000146094,DOK3,79930,FALSE
ENSG00000146109,ABT1,29777,FALSE
ENSG00000146112,PPP1R18,170954,FALSE
ENSG00000146143,PRIM2,5558,TRUE
ENSG00000146147,MLIP,90523,FALSE
ENSG00000146215,CRIP3,401262,FALSE
ENSG00000146223,RPL7L1,285855,FALSE
ENSG00000146232,NFKBIE,4794,FALSE
ENSG00000146233,CYP39A1,51302,FALSE
ENSG00000146242,TPBG,7162,FALSE
ENSG00000146243,IRAK1BP1,134728,FALSE
ENSG00000146250,PRSS35,167681,FALSE
ENSG00000146263,MMS22L,253714,FALSE
ENSG00000146267,FAXC,84553,FALSE
ENSG00000146281,PM20D2,135293,FALSE
ENSG00000146282,RARS2,57038,FALSE
ENSG00000146350,TBC1D32,221322,FALSE
ENSG00000146373,RNF217,154214,FALSE
ENSG00000146376,ARHGAP18,93663,FALSE
ENSG00000146386,ABRACL,58527,FALSE
ENSG00000146409,SLC18B1,116843,FALSE
ENSG00000146410,MTFR2,113115,FALSE
ENSG00000146411,SLC2A12,154091,FALSE
ENSG00000146416,AIG1,51390,FALSE
ENSG00000146433,TMEM181,57583,FALSE
ENSG00000146453,PNLDC1,154197,FALSE
ENSG00000146457,WTAP,9589,FALSE
ENSG00000146463,ZMYM4,9202,FALSE
ENSG00000146469,VIP,7432,FALSE
ENSG00000146476,DCPH1,79624,FALSE
ENSG00000146477,SLC22A3,6581,FALSE
ENSG00000146535,GNA12,2768,FALSE
ENSG00000146540,CHLSN,84310,FALSE
ENSG00000146574,CCZ1B,221960,FALSE
ENSG00000146576,INTS15,79034,FALSE
ENSG00000146587,RBAK,57786,FALSE
ENSG00000146648,EGFR,1956,FALSE
ENSG00000146670,CDCA5,113130,FALSE
ENSG00000146674,IGFBP3,3486,FALSE
ENSG00000146701,MDH2,4191,FALSE
ENSG00000146707,POMZP3,22932,TRUE
ENSG00000146729,NIPSNAP2,2631,FALSE
ENSG00000146731,CCT6A,908,FALSE
ENSG00000146733,PSPH,5723,TRUE
ENSG00000146757,ZNF92,168374,FALSE
ENSG00000146776,ATXN7L1,222255,FALSE
ENSG00000146802,TMEM168,64418,TRUE
ENSG00000146826,TRAPPC14,55262,FALSE
ENSG00000146828,SLC12A9,56996,FALSE
ENSG00000146833,TRIM4,89122,TRUE
ENSG00000146834,MEPCE,56257,FALSE
ENSG00000146842,TMEM209,84928,TRUE
ENSG00000146872,TLK2,11011,FALSE
ENSG00000146904,EPHA1,2041,FALSE
ENSG00000146909,NOM1,64434,FALSE
ENSG00000146918,NCAPG2,54892,FALSE
ENSG00000146938,NLGN4X,57502,FALSE
ENSG00000146955,RAB19,401409,FALSE
ENSG00000146963,LUC7L2,51631,FALSE
ENSG00000147003,CLTRN,57393,FALSE
ENSG00000147027,TMEM47,83604,FALSE
ENSG00000147036,LANCL3,347404,FALSE
ENSG00000147041,SYTL5,94122,FALSE
ENSG00000147059,SPIN2A,54466,FALSE
ENSG00000147099,HDAC8,55869,FALSE
ENSG00000147100,SLC16A2,6567,TRUE
ENSG00000147113,DIPK2B,79742,FALSE
ENSG00000147118,ZNF182,7569,TRUE
ENSG00000147119,CHST7,56548,FALSE
ENSG00000147121,KRABD4,55634,TRUE
ENSG00000147123,NDUFB11,54539,FALSE
ENSG00000147124,ZNF41,7592,FALSE
ENSG00000147140,NONO,4841,FALSE
ENSG00000147155,EBP,10682,FALSE
ENSG00000147162,OGT,8473,FALSE
ENSG00000147164,SNX12,29934,FALSE
ENSG00000147166,ITGB1BP2,26548,FALSE
ENSG00000147168,IL2RG,3561,FALSE
ENSG00000147180,ZNF711,7552,FALSE
ENSG00000147183,CPXCR1,53336,FALSE
ENSG00000147206,NXF3,56000,FALSE
ENSG00000147224,PRPS1,5631,FALSE
ENSG00000147231,RADX,55086,FALSE
ENSG00000147255,IGSF1,3547,FALSE
ENSG00000147257,GPC3,2719,FALSE
ENSG00000147274,RBMX,27316,FALSE
ENSG00000147316,MCPH1,79648,FALSE
ENSG00000147324,MFHAS1,9258,FALSE
ENSG00000147364,FBXO25,26260,FALSE
ENSG00000147383,NSDHL,50814,FALSE
ENSG00000147400,CETN2,1069,FALSE
ENSG00000147403,RPL10,6134,FALSE
ENSG00000147408,CSGALNACT1,55790,FALSE
ENSG00000147419,CCDC25,55246,TRUE
ENSG00000147421,HMBOX1,79618,FALSE
ENSG00000147437,GNRH1,2796,FALSE
ENSG00000147439,BIN3,55909,FALSE
ENSG00000147443,DOK2,9046,FALSE
ENSG00000147457,CHMP7,91782,FALSE
ENSG00000147459,DOCK5,80005,FALSE
ENSG00000147465,STAR,6770,FALSE
ENSG00000147471,PLPBP,11212,FALSE
ENSG00000147475,ERLIN2,11160,FALSE
ENSG00000147509,RGS20,8601,FALSE
ENSG00000147526,TACC1,6867,FALSE
ENSG00000147533,GOLGA7,51125,FALSE
ENSG00000147535,PLPP5,84513,FALSE
ENSG00000147536,GINS4,84296,FALSE
ENSG00000147571,CRH,1392,FALSE
ENSG00000147573,TRIM55,84675,FALSE
ENSG00000147586,MRPS28,28957,FALSE
ENSG00000147592,LACTB2,51110,FALSE
ENSG00000147606,SLC26A7,115111,FALSE
ENSG00000147614,ATP6V0D2,245972,FALSE
ENSG00000147642,SYBU,55638,FALSE
ENSG00000147650,LRP12,29967,FALSE
ENSG00000147654,EBAG9,9166,FALSE
ENSG00000147655,RSPO2,340419,FALSE
ENSG00000147676,MAL2,114569,FALSE
ENSG00000147677,EIF3H,8667,FALSE
ENSG00000147679,UTP23,84294,FALSE
ENSG00000147684,NDUFB9,4715,FALSE
ENSG00000147687,TATDN1,83940,FALSE
ENSG00000147689,FAM83A,84985,FALSE
ENSG00000147697,GSDMC,56169,FALSE
ENSG00000147789,ZNF7,7553,FALSE
ENSG00000147813,NAPRT,93100,FALSE
ENSG00000147852,VLDLR,7436,FALSE
ENSG00000147853,AK3,50808,FALSE
ENSG00000147854,UHRF2,115426,FALSE
ENSG00000147862,NFIB,4781,FALSE
ENSG00000147872,PLIN2,123,FALSE
ENSG00000147874,HAUS6,54801,FALSE
ENSG00000147894,C9orf72,203228,FALSE
ENSG00000147905,ZCCHC7,84186,FALSE
ENSG00000147912,FBXO10,26267,FALSE
ENSG00000147955,SIGMAR1,10280,FALSE
ENSG00000147996,ZNG1E,220869,TRUE
ENSG00000148019,CEP78,84131,FALSE
ENSG00000148053,NTRK2,4915,FALSE
ENSG00000148057,IDNK,414328,FALSE
ENSG00000148082,SHC3,53358,FALSE
ENSG00000148090,AUH,549,TRUE
ENSG00000148110,SLC71A2,84641,FALSE
ENSG00000148123,PLPPR1,54886,FALSE
ENSG00000148153,INIP,58493,TRUE
ENSG00000148154,UGCG,7357,FALSE
ENSG00000148158,SNX30,401548,FALSE
ENSG00000148180,GSN,2934,FALSE
ENSG00000148187,MRRF,92399,TRUE
ENSG00000148200,NR6A1,2649,FALSE
ENSG00000148218,ALAD,210,FALSE
ENSG00000148225,WDR31,114987,FALSE
ENSG00000148248,SURF4,6836,FALSE
ENSG00000148288,GBGT1,26301,FALSE
ENSG00000148290,SURF1,6834,FALSE
ENSG00000148291,SURF2,6835,FALSE
ENSG00000148296,SURF6,6838,FALSE
ENSG00000148297,MED22,6837,FALSE
ENSG00000148300,REXO4,57109,FALSE
ENSG00000148303,RPL7A,6130,FALSE
ENSG00000148308,GTF3C5,9328,FALSE
ENSG00000148331,ASB6,140459,FALSE
ENSG00000148334,PTGES2,80142,FALSE
ENSG00000148335,NTMT1,28989,FALSE
ENSG00000148337,CIZ1,25792,FALSE
ENSG00000148339,SLC25A25,114789,FALSE
ENSG00000148341,SH3GLB2,56904,FALSE
ENSG00000148343,MIGA2,84895,FALSE
ENSG00000148344,PTGES,9536,FALSE
ENSG00000148346,LCN2,3934,FALSE
ENSG00000148356,LRSAM1,90678,FALSE
ENSG00000148358,GPR107,57720,FALSE
ENSG00000148384,INPP5E,56623,FALSE
ENSG00000148399,DPH7,92715,TRUE
ENSG00000148411,NACC2,138151,FALSE
ENSG00000148426,PROSER2,254427,FALSE
ENSG00000148444,COMMD3,23412,FALSE
ENSG00000148450,MSRB2,22921,FALSE
ENSG00000148459,PDSS1,23590,FALSE
ENSG00000148468,FAM171A1,221061,FALSE
ENSG00000148481,MINDY3,80013,FALSE
ENSG00000148484,RSU1,6251,FALSE
ENSG00000148488,ST8SIA6,338596,FALSE
ENSG00000148498,PARD3,56288,FALSE
ENSG00000148600,CDHR1,92211,FALSE
ENSG00000148606,POLR3A,11128,FALSE
ENSG00000148634,HERC4,26091,FALSE
ENSG00000148671,ADIRF,10974,FALSE
ENSG00000148677,ANKRD1,27063,FALSE
ENSG00000148680,HTR7,3363,FALSE
ENSG00000148688,RPP30,10556,TRUE
ENSG00000148690,FRA10AC1,118924,TRUE
ENSG00000148700,ADD3,120,FALSE
ENSG00000148702,HABP2,3026,FALSE
ENSG00000148719,DNAJB12,54788,FALSE
ENSG00000148737,TCF7L2,6934,TRUE
ENSG00000148795,CYP17A1,1586,FALSE
ENSG00000148798,INA,9118,FALSE
ENSG00000148803,FUOM,282969,TRUE
ENSG00000148814,LRRC27,80313,TRUE
ENSG00000148824,MTG1,92170,FALSE
ENSG00000148832,PAOX,196743,TRUE
ENSG00000148834,GSTO1,9446,FALSE
ENSG00000148835,TAF5,6877,TRUE
ENSG00000148840,PPRC1,23082,FALSE
ENSG00000148842,CNNM2,54805,TRUE
ENSG00000148848,ADAM12,8038,FALSE
ENSG00000148908,RGS10,6001,FALSE
ENSG00000148925,BTBD10,84280,FALSE
ENSG00000148926,ADM,133,FALSE
ENSG00000148943,LIN7C,55327,FALSE
ENSG00000148950,IMMP1L,196294,TRUE
ENSG00000148965,SAA4,6291,FALSE
ENSG00000148985,PGAP2,27315,FALSE
ENSG00000149016,TUT1,64852,FALSE
ENSG00000149043,SYT8,90019,FALSE
ENSG00000149050,ZNF214,7761,FALSE
ENSG00000149054,ZNF215,7762,FALSE
ENSG00000149084,HSD17B12,51144,FALSE
ENSG00000149089,APIP,51074,FALSE
ENSG00000149090,PAMR1,25891,FALSE
ENSG00000149091,DGKZ,8525,FALSE
ENSG00000149100,EIF3M,10480,FALSE
ENSG00000149131,SERPING1,710,FALSE
ENSG00000149136,SSRP1,6749,FALSE
ENSG00000149150,SLC43A1,8501,FALSE
ENSG00000149177,PTPRJ,5795,FALSE
ENSG00000149179,CSTPP1,79096,TRUE
ENSG00000149182,ARFGAP2,84364,FALSE
ENSG00000149196,HIKESHI,51501,FALSE
ENSG00000149212,SESN3,143686,TRUE
ENSG00000149218,ENDOD1,23052,FALSE
ENSG00000149231,CCDC82,79780,FALSE
ENSG00000149243,KLHL35,283212,FALSE
ENSG00000149257,SERPINH1,871,TRUE
ENSG00000149260,CAPN5,726,FALSE
ENSG00000149262,INTS4,92105,FALSE
ENSG00000149269,PAK1,5058,FALSE
ENSG00000149273,RPS3,6188,FALSE
ENSG00000149289,ZC3H12C,85463,FALSE
ENSG00000149292,TTC12,54970,TRUE
ENSG00000149295,DRD2,1813,FALSE
ENSG00000149300,C11orf52,91894,FALSE
ENSG00000149313,AASDHPPT,60496,FALSE
ENSG00000149346,SLX4IP,128710,TRUE
ENSG00000149380,P4HA3,283208,FALSE
ENSG00000149418,ST14,6768,FALSE
ENSG00000149428,HYOU1,10525,FALSE
ENSG00000149435,GGTLC1,92086,FALSE
ENSG00000149474,KAT14,57325,TRUE
ENSG00000149476,TKFC,26007,FALSE
ENSG00000149480,MTA2,9219,FALSE
ENSG00000149483,TMEM138,51524,FALSE
ENSG00000149489,ROM1,6094,FALSE
ENSG00000149499,EML3,256364,FALSE
ENSG00000149503,INCENP,3619,FALSE
ENSG00000149532,CPSF7,79869,FALSE
ENSG00000149541,B3GAT3,26229,FALSE
ENSG00000149547,EI24,9538,TRUE
ENSG00000149554,CHEK1,1111,TRUE
ENSG00000149557,FEZ1,9638,FALSE
ENSG00000149564,ESAM,90952,FALSE
ENSG00000149573,MPZL2,10205,FALSE
ENSG00000149577,SIDT2,51092,FALSE
ENSG00000149582,TMEM25,84866,FALSE
ENSG00000149591,TAGLN,6876,FALSE
ENSG00000149596,JPH2,57158,FALSE
ENSG00000149599,DUSP15,128853,FALSE
ENSG00000149600,COMMD7,149951,FALSE
ENSG00000149636,DSN1,79980,FALSE
ENSG00000149679,CABLES2,81928,FALSE
ENSG00000149716,LTO1,220064,FALSE
ENSG00000149743,TRPT1,83707,FALSE
ENSG00000149761,NUDT22,84304,FALSE
ENSG00000149781,FERMT3,83706,FALSE
ENSG00000149782,PLCB3,5331,FALSE
ENSG00000149798,CDC42EP2,10435,TRUE
ENSG00000149806,FAU,2197,FALSE
ENSG00000149809,TM7SF2,7108,FALSE
ENSG00000149823,VPS51,738,FALSE
ENSG00000149922,TBX6,6911,FALSE
ENSG00000149923,PPP4C,5531,FALSE
ENSG00000149925,ALDOA,226,FALSE
ENSG00000149929,HIRIP3,8479,FALSE
ENSG00000149932,TMEM219,124446,TRUE
ENSG00000149948,HMGA2,8091,FALSE
ENSG00000149968,MMP3,4314,FALSE
ENSG00000150048,CLEC1A,51267,FALSE
ENSG00000150051,MKX,283078,FALSE
ENSG00000150054,MPP7,143098,FALSE
ENSG00000150093,ITGB1,3688,FALSE
ENSG00000150281,CTF1,1489,FALSE
ENSG00000150316,CWC15,51503,TRUE
ENSG00000150401,DCUN1D2,55208,FALSE
ENSG00000150403,SLC9D1,55002,FALSE
ENSG00000150433,TMEM218,219854,TRUE
ENSG00000150455,TIRAP,114609,TRUE
ENSG00000150456,EEF1AKMT1,221143,FALSE
ENSG00000150457,LATS2,26524,FALSE
ENSG00000150459,SAP18,10284,FALSE
ENSG00000150477,KIAA1328,57536,FALSE
ENSG00000150510,FAM124A,220108,TRUE
ENSG00000150527,MIA2,4253,FALSE
ENSG00000150540,HNMT,3176,FALSE
ENSG00000150551,LYPD1,116372,FALSE
ENSG00000150556,LYPD6B,130576,FALSE
ENSG00000150593,PDCD4,27250,TRUE
ENSG00000150594,ADRA2A,150,FALSE
ENSG00000150628,SPATA4,132851,FALSE
ENSG00000150630,VEGFC,7424,FALSE
ENSG00000150667,FSIP1,161835,FALSE
ENSG00000150672,DLG2,1740,FALSE
ENSG00000150712,MTMR12,54545,FALSE
ENSG00000150753,CCT5,22948,FALSE
ENSG00000150756,ATPSCKMT,134145,FALSE
ENSG00000150768,DLAT,1737,FALSE
ENSG00000150773,PIH1D2,120379,FALSE
ENSG00000150776,NKAPD1,55216,TRUE
ENSG00000150779,TIMM8B,26521,FALSE
ENSG00000150782,IL18,3606,FALSE
ENSG00000150787,PTS,5805,FALSE
ENSG00000150867,PIP4K2A,5305,FALSE
ENSG00000150907,FOXO1,2308,FALSE
ENSG00000150961,SEC24D,9871,FALSE
ENSG00000150967,ABCB9,23457,FALSE
ENSG00000150977,RILPL2,196383,TRUE
ENSG00000150990,DHX37,57647,FALSE
ENSG00000150991,UBC,7316,FALSE
ENSG00000150995,ITPR1,3708,FALSE
ENSG00000151012,SLC7A11,23657,FALSE
ENSG00000151065,DCP1B,196513,FALSE
ENSG00000151092,NGLY1,55768,FALSE
ENSG00000151093,OXSM,54995,FALSE
ENSG00000151116,UEVLD,55293,FALSE
ENSG00000151117,TMEM86A,144110,FALSE
ENSG00000151131,NOPCHAP1,121053,FALSE
ENSG00000151135,TMEM263,90488,FALSE
ENSG00000151148,UBE3B,89910,FALSE
ENSG00000151151,IPMK,253430,FALSE
ENSG00000151164,RAD9B,144715,FALSE
ENSG00000151176,PLBD2,196463,FALSE
ENSG00000151224,MAT1A,4143,FALSE
ENSG00000151229,SLC2A13,114134,FALSE
ENSG00000151233,GXYLT1,283464,FALSE
ENSG00000151239,TWF1,5756,FALSE
ENSG00000151287,TEX30,93081,FALSE
ENSG00000151292,CSNK1G3,1456,TRUE
ENSG00000151304,SRFBP1,153443,FALSE
ENSG00000151327,FAM177A1,283635,FALSE
ENSG00000151332,MBIP,51562,FALSE
ENSG00000151338,MIPOL1,145282,FALSE
ENSG00000151348,EXT2,2132,FALSE
ENSG00000151353,TMEM18,129787,FALSE
ENSG00000151366,NDUFC2,4718,FALSE
ENSG00000151376,ME3,10873,FALSE
ENSG00000151388,ADAMTS12,81792,FALSE
ENSG00000151413,NUBPL,80224,FALSE
ENSG00000151414,NEK7,140609,FALSE
ENSG00000151422,FER,2241,FALSE
ENSG00000151445,VIPAS39,63894,FALSE
ENSG00000151461,UPF2,26019,FALSE
ENSG00000151465,CDC123,8872,FALSE
ENSG00000151466,SCLT1,132320,FALSE
ENSG00000151468,CCDC3,83643,FALSE
ENSG00000151470,C4orf33,132321,FALSE
ENSG00000151490,PTPRO,5800,FALSE
ENSG00000151491,EPS8,2059,FALSE
ENSG00000151498,ACAD8,27034,FALSE
ENSG00000151500,THYN1,29087,TRUE
ENSG00000151502,VPS26B,112936,FALSE
ENSG00000151503,NCAPD3,23310,FALSE
ENSG00000151532,VTI1A,143187,FALSE
ENSG00000151552,QDPR,5860,TRUE
ENSG00000151553,FHIP2A,57700,FALSE
ENSG00000151575,TEX9,374618,TRUE
ENSG00000151576,QTRT2,79691,FALSE
ENSG00000151611,MMAA,166785,FALSE
ENSG00000151612,ZNF827,152485,FALSE
ENSG00000151617,EDNRA,1909,FALSE
ENSG00000151623,NR3C2,4306,FALSE
ENSG00000151632,AKR1C2,1646,FALSE
ENSG00000151640,DPYSL4,10570,FALSE
ENSG00000151651,ADAM8,101,FALSE
ENSG00000151655,ITIH2,3698,FALSE
ENSG00000151657,KIN,22944,FALSE
ENSG00000151665,PIGF,5281,FALSE
ENSG00000151689,INPP1,3628,FALSE
ENSG00000151692,RNF144A,9781,FALSE
ENSG00000151694,ADAM17,6868,FALSE
ENSG00000151702,FLI1,2313,FALSE
ENSG00000151715,TMEM45B,120224,TRUE
ENSG00000151718,WWC2,80014,FALSE
ENSG00000151725,CENPU,79682,FALSE
ENSG00000151726,ACSL1,2180,FALSE
ENSG00000151729,SLC25A4,291,FALSE
ENSG00000151743,AMN1,196394,FALSE
ENSG00000151746,BICD1,636,TRUE
ENSG00000151748,SAV1,60485,FALSE
ENSG00000151778,SERP2,387923,FALSE
ENSG00000151806,GUF1,60558,FALSE
ENSG00000151835,SACS,26278,FALSE
ENSG00000151849,CPAP,55835,FALSE
ENSG00000151876,FBXO4,26272,FALSE
ENSG00000151881,TMEM267,64417,FALSE
ENSG00000151882,CCL28,56477,FALSE
ENSG00000151883,PARP8,79668,FALSE
ENSG00000151892,GFRA1,2674,FALSE
ENSG00000151893,CACUL1,143384,FALSE
ENSG00000151917,BEND6,221336,FALSE
ENSG00000151923,TIAL1,7073,FALSE
ENSG00000151929,BAG3,9531,FALSE
ENSG00000151967,SCHIP1,29970,FALSE
ENSG00000152056,AP1S3,130340,FALSE
ENSG00000152061,RABGAP1L,9910,FALSE
ENSG00000152076,CCDC74B,91409,FALSE
ENSG00000152078,TLCD4,148534,FALSE
ENSG00000152082,MZT2B,80097,FALSE
ENSG00000152102,FAM168B,130074,FALSE
ENSG00000152128,TMEM163,81615,FALSE
ENSG00000152133,GPATCH11,253635,FALSE
ENSG00000152147,GEMIN6,79833,FALSE
ENSG00000152154,TMEM178A,130733,FALSE
ENSG00000152193,OBI1,79596,FALSE
ENSG00000152213,ARL11,115761,FALSE
ENSG00000152217,SETBP1,26040,FALSE
ENSG00000152219,ARL14EP,120534,FALSE
ENSG00000152229,PSTPIP2,9050,FALSE
ENSG00000152240,HAUS1,115106,FALSE
ENSG00000152242,ARK2N,147339,TRUE
ENSG00000152253,SPC25,57405,FALSE
ENSG00000152256,PDK1,5163,FALSE
ENSG00000152270,PDE3B,5140,FALSE
ENSG00000152284,TCF7L1,83439,FALSE
ENSG00000152291,TGOLN2,10618,FALSE
ENSG00000152332,UHMK1,127933,FALSE
ENSG00000152348,ATG10,83734,FALSE
ENSG00000152359,POC5,134359,FALSE
ENSG00000152380,FAM151B,167555,FALSE
ENSG00000152382,TADA1,117143,FALSE
ENSG00000152404,CWF19L2,143884,FALSE
ENSG00000152413,HOMER1,9456,FALSE
ENSG00000152422,XRCC4,7518,FALSE
ENSG00000152433,ZNF547,284306,FALSE
ENSG00000152439,ZNF773,374928,FALSE
ENSG00000152443,ZNF776,284309,FALSE
ENSG00000152454,ZNF256,10172,FALSE
ENSG00000152455,SUV39H2,79723,FALSE
ENSG00000152457,DCLRE1C,64421,FALSE
ENSG00000152463,OLAH,55301,FALSE
ENSG00000152464,RPP38,10557,FALSE
ENSG00000152465,NMT2,9397,FALSE
ENSG00000152467,ZSCAN1,284312,FALSE
ENSG00000152475,ZNF837,116412,FALSE
ENSG00000152484,USP12,219333,FALSE
ENSG00000152492,CCDC50,152137,FALSE
ENSG00000152495,CAMK4,814,FALSE
ENSG00000152503,TRIM36,55521,FALSE
ENSG00000152518,ZFP36L2,678,FALSE
ENSG00000152556,PFKM,5213,FALSE
ENSG00000152582,SPEF2,79925,FALSE
ENSG00000152620,NADK2,133686,FALSE
ENSG00000152642,GPD1L,23171,FALSE
ENSG00000152683,SLC30A6,55676,FALSE
ENSG00000152700,SAR1B,51128,FALSE
ENSG00000152749,GPR180,160897,TRUE
ENSG00000152760,DYNLT5,200132,FALSE
ENSG00000152763,DNAI4,79819,TRUE
ENSG00000152766,ANKRD22,118932,FALSE
ENSG00000152767,FARP1,10160,TRUE
ENSG00000152778,IFIT5,24138,FALSE
ENSG00000152782,PANK1,53354,FALSE
ENSG00000152784,PRDM8,56978,FALSE
ENSG00000152785,BMP3,651,FALSE
ENSG00000152795,HNRNPDL,9987,FALSE
ENSG00000152804,HHEX,3087,FALSE
ENSG00000152894,PTPRK,5796,FALSE
ENSG00000152904,GGPS1,9453,TRUE
ENSG00000152926,ZNF117,51351,FALSE
ENSG00000152939,MARVELD2,153562,TRUE
ENSG00000152942,RAD17,5884,FALSE
ENSG00000152952,PLOD2,5352,TRUE
ENSG00000152953,STK32B,55351,FALSE
ENSG00000152990,ADGRA3,166647,TRUE
ENSG00000153002,CPB1,1360,FALSE
ENSG00000153006,SREK1IP1,285672,FALSE
ENSG00000153029,MR1,3140,FALSE
ENSG00000153037,SRP19,6728,TRUE
ENSG00000153044,CENPH,64946,FALSE
ENSG00000153046,CDYL,9425,FALSE
ENSG00000153048,CARHSP1,23589,FALSE
ENSG00000153064,BANK1,55024,FALSE
ENSG00000153066,TXNDC11,51061,FALSE
ENSG00000153071,DAB2,1601,FALSE
ENSG00000153093,ACOXL,55289,FALSE
ENSG00000153094,BCL2L11,10018,FALSE
ENSG00000153130,SCOC,60592,FALSE
ENSG00000153132,CLGN,1047,FALSE
ENSG00000153140,CETN3,1070,FALSE
ENSG00000153147,SMARCA5,8467,FALSE
ENSG00000153162,BMP6,654,FALSE
ENSG00000153179,RASSF3,283349,FALSE
ENSG00000153187,HNRNPU,3192,FALSE
ENSG00000153214,TMEM87B,84910,FALSE
ENSG00000153234,NR4A2,4929,FALSE
ENSG00000153292,ADGRF1,266977,FALSE
ENSG00000153294,ADGRF4,221393,FALSE
ENSG00000153310,CYRIB,51571,FALSE
ENSG00000153339,TRAPPC8,22878,FALSE
ENSG00000153391,INO80C,125476,FALSE
ENSG00000153395,LPCAT1,79888,FALSE
ENSG00000153406,NMRAL1,57407,TRUE
ENSG00000153443,UBALD1,124402,FALSE
ENSG00000153446,C16orf89,146556,TRUE
ENSG00000153485,LYSET,26175,FALSE
ENSG00000153487,ING1,3621,FALSE
ENSG00000153531,ADPRHL1,113622,FALSE
ENSG00000153551,CMTM7,112616,FALSE
ENSG00000153558,FBXL2,25827,FALSE
ENSG00000153560,UBP1,7342,FALSE
ENSG00000153574,RPIA,22934,FALSE
ENSG00000153714,LURAP1L,286343,FALSE
ENSG00000153721,CNKSR3,154043,FALSE
ENSG00000153767,GTF2E1,2960,FALSE
ENSG00000153774,CFDP1,10428,FALSE
ENSG00000153786,ZDHHC7,55625,FALSE
ENSG00000153802,TMPRSS11D,9407,FALSE
ENSG00000153814,JAZF1,221895,FALSE
ENSG00000153815,CMIP,80790,FALSE
ENSG00000153822,KCNJ16,3773,FALSE
ENSG00000153823,PID1,55022,FALSE
ENSG00000153832,FBXO36,130888,FALSE
ENSG00000153896,ZNF599,148103,FALSE
ENSG00000153898,MCOLN2,255231,FALSE
ENSG00000153904,DDAH1,23576,FALSE
ENSG00000153933,DGKE,8526,FALSE
ENSG00000153936,HS2ST1,9653,FALSE
ENSG00000153944,MSI2,124540,FALSE
ENSG00000153975,ZUP1,221302,TRUE
ENSG00000153976,HS3ST3A1,9955,FALSE
ENSG00000153982,GDPD1,284161,FALSE
ENSG00000153989,NUS1,116150,FALSE
ENSG00000153993,SEMA3D,223117,FALSE
ENSG00000154001,PPP2R5E,5529,FALSE
ENSG00000154016,GRAP,10750,FALSE
ENSG00000154027,AK5,26289,FALSE
ENSG00000154040,CABYR,26256,FALSE
ENSG00000154059,IMPACT,55364,FALSE
ENSG00000154065,ANKRD29,147463,FALSE
ENSG00000154080,CHST9,83539,TRUE
ENSG00000154099,DNAAF1,123872,FALSE
ENSG00000154102,C16orf74,404550,FALSE
ENSG00000154114,TBCEL,219899,FALSE
ENSG00000154122,ANKH,56172,FALSE
ENSG00000154124,OTULIN,90268,FALSE
ENSG00000154127,UBASH3B,84959,FALSE
ENSG00000154133,ROBO4,54538,FALSE
ENSG00000154144,TBRG1,84897,FALSE
ENSG00000154146,NRGN,4900,FALSE
ENSG00000154153,RETREG1,54463,FALSE
ENSG00000154174,TOMM70,9868,FALSE
ENSG00000154188,ANGPT1,284,FALSE
ENSG00000154222,CC2D1B,200014,FALSE
ENSG00000154227,CERS3,204219,FALSE
ENSG00000154229,PRKCA,5578,FALSE
ENSG00000154240,CEP112,201134,FALSE
ENSG00000154258,ABCA9,10350,FALSE
ENSG00000154262,ABCA6,23460,FALSE
ENSG00000154269,ENPP3,5169,FALSE
ENSG00000154274,PGCKA1,55286,FALSE
ENSG00000154277,UCHL1,7345,TRUE
ENSG00000154305,MIA3,375056,FALSE
ENSG00000154319,FAM167A,83648,FALSE
ENSG00000154328,NEIL2,252969,FALSE
ENSG00000154330,PGM5,5239,FALSE
ENSG00000154342,WNT3A,89780,FALSE
ENSG00000154359,LONRF1,91694,FALSE
ENSG00000154370,TRIM11,81559,FALSE
ENSG00000154380,ENAH,55740,FALSE
ENSG00000154429,CCSAP,126731,FALSE
ENSG00000154447,SH3RF1,57630,FALSE
ENSG00000154473,BUB3,9184,TRUE
ENSG00000154511,DIPK1A,388650,FALSE
ENSG00000154518,ATP5MC3,518,FALSE
ENSG00000154545,MAGED4,728239,FALSE
ENSG00000154553,PDLIM3,27295,FALSE
ENSG00000154582,ELOC,6921,FALSE
ENSG00000154589,LY96,23643,TRUE
ENSG00000154620,TMSB4Y,9087,FALSE
ENSG00000154639,CXADR,1525,FALSE
ENSG00000154640,BTG3,10950,FALSE
ENSG00000154642,C21orf91,54149,FALSE
ENSG00000154655,L3MBTL4,91133,FALSE
ENSG00000154710,RABGEF1,27342,FALSE
ENSG00000154719,MRPL39,54148,FALSE
ENSG00000154721,JAM2,58494,FALSE
ENSG00000154723,ATP5PF,522,FALSE
ENSG00000154727,GABPA,2551,FALSE
ENSG00000154734,ADAMTS1,9510,FALSE
ENSG00000154736,ADAMTS5,11096,FALSE
ENSG00000154743,TSEN2,80746,TRUE
ENSG00000154760,SLFN13,146857,FALSE
ENSG00000154764,WNT7A,7476,FALSE
ENSG00000154767,XPC,7508,FALSE
ENSG00000154783,FGD5,152273,FALSE
ENSG00000154803,FLCN,201163,FALSE
ENSG00000154813,DPH3,285381,FALSE
ENSG00000154814,OXNAD1,92106,FALSE
ENSG00000154832,CXXC1,30827,FALSE
ENSG00000154839,SKA1,220134,FALSE
ENSG00000154845,PPP4R1,9989,TRUE
ENSG00000154856,APCDD1,147495,FALSE
ENSG00000154889,MPPE1,65258,TRUE
ENSG00000154914,USP43,124739,FALSE
ENSG00000154917,RAB6B,51560,FALSE
ENSG00000154920,EME1,146956,TRUE
ENSG00000154930,ACSS1,84532,FALSE
ENSG00000154945,ANKRD40,91369,FALSE
ENSG00000154957,ZNF18,7566,FALSE
ENSG00000154975,CA10,56934,FALSE
ENSG00000155008,APOOL,139322,FALSE
ENSG00000155016,CYP2U1,113612,FALSE
ENSG00000155034,FBXL18,80028,FALSE
ENSG00000155066,PROM2,150696,FALSE
ENSG00000155085,AK9,221264,FALSE
ENSG00000155090,KLF10,7071,FALSE
ENSG00000155096,AZIN1,51582,FALSE
ENSG00000155097,ATP6V1C1,528,FALSE
ENSG00000155099,PIP4P2,55529,FALSE
ENSG00000155100,OTUD6B,51633,FALSE
ENSG00000155111,CDK19,23097,FALSE
ENSG00000155115,GTF3C6,112495,FALSE
ENSG00000155158,TTC39B,158219,FALSE
ENSG00000155189,AGPAT5,55326,FALSE
ENSG00000155229,MMS19,64210,FALSE
ENSG00000155252,PI4K2A,55361,FALSE
ENSG00000155256,ZFYVE27,118813,FALSE
ENSG00000155265,GOLGA7B,401647,TRUE
ENSG00000155275,TRMT44,152992,FALSE
ENSG00000155287,SLC25A28,81894,FALSE
ENSG00000155304,HSPA13,6782,FALSE
ENSG00000155313,USP25,29761,FALSE
ENSG00000155324,GRAMD2B,65983,FALSE
ENSG00000155329,ZCCHC10,54819,FALSE
ENSG00000155330,C16orf87,388272,FALSE
ENSG00000155363,MOV10,4343,FALSE
ENSG00000155366,RHOC,389,FALSE
ENSG00000155367,PPM1J,333926,FALSE
ENSG00000155368,DBI,1622,FALSE
ENSG00000155380,SLC16A1,6566,FALSE
ENSG00000155393,HEATR3,55027,FALSE
ENSG00000155438,NIFK,84365,FALSE
ENSG00000155463,OXA1L,5018,FALSE
ENSG00000155465,SLC7A7,9056,FALSE
ENSG00000155508,CNOT8,9337,FALSE
ENSG00000155511,GRIA1,2890,FALSE
ENSG00000155530,LRGUK,136332,FALSE
ENSG00000155542,SETD9,133383,FALSE
ENSG00000155545,MIER3,166968,FALSE
ENSG00000155561,NUP205,23165,FALSE
ENSG00000155592,ZKSCAN2,342357,FALSE
ENSG00000155621,C9orf85,138241,FALSE
ENSG00000155629,PIK3AP1,118788,FALSE
ENSG00000155636,RBM45,129831,TRUE
ENSG00000155660,PDIA4,9601,FALSE
ENSG00000155666,KDM8,79831,FALSE
ENSG00000155729,KCTD18,130535,FALSE
ENSG00000155744,HYCC2,285172,FALSE
ENSG00000155754,CATSPERT,151254,FALSE
ENSG00000155792,DEPTOR,64798,FALSE
ENSG00000155827,RNF20,56254,FALSE
ENSG00000155846,PPARGC1B,133522,FALSE
ENSG00000155849,ELMO1,9844,FALSE
ENSG00000155850,SLC26A2,1836,FALSE
ENSG00000155858,LSM11,134353,FALSE
ENSG00000155868,MED7,9443,FALSE
ENSG00000155893,PXYLP1,92370,FALSE
ENSG00000155903,RASA2,5922,FALSE
ENSG00000155906,RMND1,55005,FALSE
ENSG00000155918,RAET1L,154064,FALSE
ENSG00000155957,TMBIM4,51643,FALSE
ENSG00000155962,CLIC2,1193,FALSE
ENSG00000155975,VPS37A,137492,FALSE
ENSG00000156006,NAT2,10,FALSE
ENSG00000156011,PSD3,23362,FALSE
ENSG00000156017,CARNMT1,138199,FALSE
ENSG00000156026,MCU,90550,FALSE
ENSG00000156030,MIDEAS,91748,FALSE
ENSG00000156049,GNA14,9630,FALSE
ENSG00000156052,GNAQ,2776,FALSE
ENSG00000156076,WIF1,11197,FALSE
ENSG00000156103,MMP16,4325,FALSE
ENSG00000156110,ADK,132,FALSE
ENSG00000156113,KCNMA1,3778,FALSE
ENSG00000156136,DCK,1633,FALSE
ENSG00000156170,NDUFAF6,137682,FALSE
ENSG00000156171,DRAM2,128338,FALSE
ENSG00000156172,CFAP418,157657,FALSE
ENSG00000156239,HEMK2,29104,FALSE
ENSG00000156253,RWDD2B,10069,TRUE
ENSG00000156265,MAP3K7CL,56911,TRUE
ENSG00000156273,BACH1,571,FALSE
ENSG00000156304,SCAF4,57466,FALSE
ENSG00000156313,RPGR,6103,FALSE
ENSG00000156345,CDK20,23552,FALSE
ENSG00000156374,PCGF6,84108,FALSE
ENSG00000156381,ANKRD9,122416,FALSE
ENSG00000156384,SFR1,119392,FALSE
ENSG00000156398,SFXN2,118980,FALSE
ENSG00000156411,ATP5MJ,9556,FALSE
ENSG00000156413,FUT6,2528,FALSE
ENSG00000156414,TDRD9,122402,FALSE
ENSG00000156453,PCDH1,5097,FALSE
ENSG00000156463,SH3RF2,153769,TRUE
ENSG00000156467,UQCRB,7381,FALSE
ENSG00000156469,MTERF3,51001,TRUE
ENSG00000156471,PTDSS1,9791,FALSE
ENSG00000156482,RPL30,6156,FALSE
ENSG00000156500,PABIR3,159091,TRUE
ENSG00000156502,SUPV3L1,6832,FALSE
ENSG00000156504,PABIR2,159090,FALSE
ENSG00000156508,EEF1A1,1915,FALSE
ENSG00000156521,TYSND1,219743,TRUE
ENSG00000156531,PHF6,84295,TRUE
ENSG00000156535,CD109,135228,FALSE
ENSG00000156599,ZDHHC5,25921,FALSE
ENSG00000156603,MED19,219541,TRUE
ENSG00000156639,ZFAND3,60685,FALSE
ENSG00000156671,SAMD8,142891,FALSE
ENSG00000156675,RAB11FIP1,80223,FALSE
ENSG00000156689,GLYATL2,219970,FALSE
ENSG00000156697,UTP14A,10813,FALSE
ENSG00000156709,AIFM1,9131,FALSE
ENSG00000156711,MAPK13,5603,TRUE
ENSG00000156735,BAG4,9530,TRUE
ENSG00000156787,TBC1D31,93594,FALSE
ENSG00000156795,NTAQ1,55093,FALSE
ENSG00000156802,ATAD2,29028,FALSE
ENSG00000156831,NSMCE2,286053,FALSE
ENSG00000156853,ZNF689,115509,FALSE
ENSG00000156858,PRR14,78994,FALSE
ENSG00000156869,FRRS1,391059,FALSE
ENSG00000156873,PHKG2,5261,TRUE
ENSG00000156875,SLC71A1,64645,FALSE
ENSG00000156876,SASS6,163786,FALSE
ENSG00000156931,VPS8,23355,FALSE
ENSG00000156958,GALK2,2585,FALSE
ENSG00000156966,B3GNT7,93010,FALSE
ENSG00000156968,MPV17L,255027,FALSE
ENSG00000156970,BUB1B,701,FALSE
ENSG00000156973,PDE6D,5147,FALSE
ENSG00000156976,EIF4A2,1974,TRUE
ENSG00000156990,RPUSD3,285367,FALSE
ENSG00000157014,TATDN2,9797,FALSE
ENSG00000157017,GHRL,51738,FALSE
ENSG00000157020,SEC13,6396,FALSE
ENSG00000157036,EXOG,9941,TRUE
ENSG00000157045,NTAN1,123803,FALSE
ENSG00000157064,NMNAT2,23057,FALSE
ENSG00000157103,SLC6A1,6529,FALSE
ENSG00000157107,FCHO2,115548,FALSE
ENSG00000157110,RBPMS,11030,FALSE
ENSG00000157111,TMEM171,134285,FALSE
ENSG00000157150,TIMP4,7079,FALSE
ENSG00000157181,ODR4,54953,TRUE
ENSG00000157184,CPT2,1376,FALSE
ENSG00000157191,NECAP2,55707,FALSE
ENSG00000157193,LRP8,7804,FALSE
ENSG00000157212,PAXIP1,22976,FALSE
ENSG00000157214,STEAP2,261729,TRUE
ENSG00000157216,SSBP3,23648,FALSE
ENSG00000157224,CLDN12,9069,FALSE
ENSG00000157227,MMP14,4323,FALSE
ENSG00000157259,GATAD1,57798,FALSE
ENSG00000157303,SUSD3,203328,FALSE
ENSG00000157326,DHRS4,10901,FALSE
ENSG00000157330,CFAP107,93190,FALSE
ENSG00000157349,DDX19B,11269,FALSE
ENSG00000157350,ST3GAL2,6483,FALSE
ENSG00000157379,DHRS1,115817,FALSE
ENSG00000157399,ARSL,415,FALSE
ENSG00000157404,KIT,3815,FALSE
ENSG00000157426,AASDH,132949,FALSE
ENSG00000157429,ZNF19,7567,FALSE
ENSG00000157450,RNF111,54778,FALSE
ENSG00000157470,FAM81A,145773,FALSE
ENSG00000157483,MYO1E,4643,FALSE
ENSG00000157502,PWWP3B,139221,FALSE
ENSG00000157510,AFAP1L1,134265,FALSE
ENSG00000157538,VPS26C,10311,FALSE
ENSG00000157551,KCNJ15,3772,TRUE
ENSG00000157554,ERG,2078,TRUE
ENSG00000157557,ETS2,2114,FALSE
ENSG00000157570,TSPAN18,90139,FALSE
ENSG00000157593,SLC35B2,347734,FALSE
ENSG00000157600,TMEM164,84187,FALSE
ENSG00000157601,MX1,4599,FALSE
ENSG00000157613,CREB3L1,90993,FALSE
ENSG00000157625,TAB3,257397,FALSE
ENSG00000157637,SLC38A10,124565,FALSE
ENSG00000157653,C9orf43,257169,FALSE
ENSG00000157657,ZNF618,114991,TRUE
ENSG00000157693,TMEM268,203197,FALSE
ENSG00000157734,SNX22,79856,FALSE
ENSG00000157741,UBN2,254048,FALSE
ENSG00000157764,BRAF,673,FALSE
ENSG00000157765,SLC34A2,10568,FALSE
ENSG00000157778,PSMG3,84262,FALSE
ENSG00000157782,CABP1,9478,FALSE
ENSG00000157796,WDR19,57728,FALSE
ENSG00000157800,SLC37A3,84255,FALSE
ENSG00000157823,AP3S2,10239,FALSE
ENSG00000157837,SPPL3,121665,FALSE
ENSG00000157856,DRC1,92749,FALSE
ENSG00000157869,RAB28,9364,FALSE
ENSG00000157870,PRXL2B,127281,TRUE
ENSG00000157873,TNFRSF14,8764,FALSE
ENSG00000157881,PANK4,55229,FALSE
ENSG00000157895,C12orf43,64897,FALSE
ENSG00000157911,PEX10,5192,FALSE
ENSG00000157916,RER1,11079,FALSE
ENSG00000157927,RADIL,55698,FALSE
ENSG00000157954,WIPI2,26100,FALSE
ENSG00000157978,LDLRAP1,26119,FALSE
ENSG00000157992,KRTCAP3,200634,FALSE
ENSG00000158006,PAFAH2,5051,FALSE
ENSG00000158008,EXTL1,2134,FALSE
ENSG00000158014,SLC30A2,7780,FALSE
ENSG00000158019,BABAM2,9577,TRUE
ENSG00000158042,MRPL17,63875,FALSE
ENSG00000158050,DUSP2,1844,FALSE
ENSG00000158055,GRHL3,57822,FALSE
ENSG00000158062,UBXN11,91544,FALSE
ENSG00000158079,PTPDC1,138639,FALSE
ENSG00000158089,GALNT14,79623,FALSE
ENSG00000158092,NCK1,4690,FALSE
ENSG00000158106,RHPN1,114822,FALSE
ENSG00000158122,PRXL2C,195827,FALSE
ENSG00000158125,XDH,7498,FALSE
ENSG00000158156,XKR8,55113,FALSE
ENSG00000158158,CNNM4,26504,FALSE
ENSG00000158161,EYA3,2140,FALSE
ENSG00000158186,MRAS,22808,FALSE
ENSG00000158195,WASF2,10163,FALSE
ENSG00000158201,ABHD3,171586,FALSE
ENSG00000158220,ESYT3,83850,FALSE
ENSG00000158234,FAIM,55179,FALSE
ENSG00000158270,COLEC12,81035,FALSE
ENSG00000158290,CUL4B,8450,FALSE
ENSG00000158301,GPRASP2,114928,TRUE
ENSG00000158315,RHBDL2,54933,FALSE
ENSG00000158352,SHROOM4,57477,FALSE
ENSG00000158373,H2BC5,3017,FALSE
ENSG00000158402,CDC25C,995,FALSE
ENSG00000158406,H4C8,8365,FALSE
ENSG00000158411,MITD1,129531,FALSE
ENSG00000158427,TMSB15B,286527,FALSE
ENSG00000158428,CATIP,375307,FALSE
ENSG00000158435,CNOT11,55571,FALSE
ENSG00000158445,KCNB1,3745,FALSE
ENSG00000158457,TSPAN33,340348,FALSE
ENSG00000158458,NRG2,9542,FALSE
ENSG00000158467,AHCYL2,23382,FALSE
ENSG00000158470,B4GALT5,9334,FALSE
ENSG00000158473,CD1D,912,FALSE
ENSG00000158480,SPATA2,9825,FALSE
ENSG00000158526,TSR2,90121,FALSE
ENSG00000158528,PPP1R9A,55607,FALSE
ENSG00000158545,ZC3H18,124245,FALSE
ENSG00000158552,ZFAND2B,130617,FALSE
ENSG00000158555,GDPD5,81544,FALSE
ENSG00000158604,TMED4,222068,FALSE
ENSG00000158615,PPP1R15B,84919,FALSE
ENSG00000158623,COPG2,26958,TRUE
ENSG00000158636,EMSY,56946,FALSE
ENSG00000158691,ZSCAN12,9753,FALSE
ENSG00000158710,TAGLN2,8407,FALSE
ENSG00000158711,ELK4,2005,FALSE
ENSG00000158715,SLC45A3,85414,FALSE
ENSG00000158716,DUSP23,54935,FALSE
ENSG00000158717,RNF166,115992,FALSE
ENSG00000158747,NBL1,4681,FALSE
ENSG00000158769,F11R,50848,FALSE
ENSG00000158773,USF1,7391,FALSE
ENSG00000158792,SPATA2L,124044,FALSE
ENSG00000158793,NIT1,4817,FALSE
ENSG00000158796,DEDD,9191,FALSE
ENSG00000158805,ZNF276,92822,FALSE
ENSG00000158806,NPM2,10361,FALSE
ENSG00000158825,CDA,978,FALSE
ENSG00000158828,PINK1,65018,FALSE
ENSG00000158850,B4GALT3,8703,FALSE
ENSG00000158859,ADAMTS4,9507,FALSE
ENSG00000158863,FHIP2B,64760,FALSE
ENSG00000158864,NDUFS2,4720,FALSE
ENSG00000158882,TOMM40L,84134,FALSE
ENSG00000158941,CCAR2,57805,FALSE
ENSG00000158966,CACHD1,57685,FALSE
ENSG00000158987,RAPGEF6,51735,FALSE
ENSG00000159055,MIS18A,54069,FALSE
ENSG00000159063,ALG8,79053,FALSE
ENSG00000159069,FBXW5,54461,FALSE
ENSG00000159079,CFAP298,56683,FALSE
ENSG00000159082,SYNJ1,8867,FALSE
ENSG00000159086,PAXBP1,94104,FALSE
ENSG00000159110,IFNAR2,3455,FALSE
ENSG00000159111,MRPL10,124995,FALSE
ENSG00000159128,IFNGR2,3460,FALSE
ENSG00000159131,GART,2618,FALSE
ENSG00000159147,DONSON,29980,FALSE
ENSG00000159164,SV2A,9900,FALSE
ENSG00000159166,LAD1,3898,FALSE
ENSG00000159167,STC1,6781,FALSE
ENSG00000159176,CSRP1,1465,FALSE
ENSG00000159199,ATP5MC1,516,FALSE
ENSG00000159202,UBE2Z,65264,FALSE
ENSG00000159208,CIART,148523,FALSE
ENSG00000159210,SNF8,11267,FALSE
ENSG00000159212,CLIC6,54102,FALSE
ENSG00000159214,CCDC24,149473,FALSE
ENSG00000159216,RUNX1,861,FALSE
ENSG00000159217,IGF2BP1,10642,FALSE
ENSG00000159231,CBR3,874,FALSE
ENSG00000159251,ACTC1,70,FALSE
ENSG00000159256,MORC3,23515,TRUE
ENSG00000159259,CHAF1B,8208,FALSE
ENSG00000159261,CLDN14,23562,FALSE
ENSG00000159267,HLCS,3141,FALSE
ENSG00000159314,ARHGAP27,201176,TRUE
ENSG00000159322,ADPGK,83440,FALSE
ENSG00000159335,PTMS,5763,FALSE
ENSG00000159339,PADI4,23569,FALSE
ENSG00000159346,ADIPOR1,51094,FALSE
ENSG00000159348,CYB5R1,51706,FALSE
ENSG00000159352,PSMD4,5710,TRUE
ENSG00000159363,ATP13A2,23400,FALSE
ENSG00000159374,M1AP,130951,FALSE
ENSG00000159377,PSMB4,5692,FALSE
ENSG00000159387,IRX6,79190,FALSE
ENSG00000159399,HK2,3099,FALSE
ENSG00000159403,C1R,715,FALSE
ENSG00000159423,ALDH4A1,8659,FALSE
ENSG00000159445,THEM4,117145,FALSE
ENSG00000159461,AMFR,267,FALSE
ENSG00000159479,MED8,112950,FALSE
ENSG00000159527,PGLYRP3,114771,FALSE
ENSG00000159556,ISL2,64843,FALSE
ENSG00000159579,RSPRY1,89970,FALSE
ENSG00000159592,GPBP1L1,60313,FALSE
ENSG00000159593,NAE1,8883,FALSE
ENSG00000159596,TMEM69,51249,FALSE
ENSG00000159640,ACE,1636,FALSE
ENSG00000159658,EFCAB14,9813,FALSE
ENSG00000159674,SPON2,10417,FALSE
ENSG00000159685,CHCHD6,84303,FALSE
ENSG00000159692,CTBP1,1487,FALSE
ENSG00000159713,TPPP3,51673,FALSE
ENSG00000159714,ZDHHC1,29800,FALSE
ENSG00000159753,CARMIL2,146206,FALSE
ENSG00000159761,C16orf86,388284,FALSE
ENSG00000159784,FAM131B,9715,FALSE
ENSG00000159792,PSKH1,5681,FALSE
ENSG00000159840,ZYX,7791,FALSE
ENSG00000159842,ABR,29,FALSE
ENSG00000159871,LYPD5,284348,FALSE
ENSG00000159873,CCDC117,150275,FALSE
ENSG00000159882,ZNF230,7773,FALSE
ENSG00000159884,CCDC107,203260,FALSE
ENSG00000159885,ZNF222,7673,FALSE
ENSG00000159905,ZNF221,7638,FALSE
ENSG00000159915,ZNF233,353355,FALSE
ENSG00000159917,ZNF235,9310,FALSE
ENSG00000159921,GNE,10020,TRUE
ENSG00000159958,TNFRSF13C,115650,FALSE
ENSG00000160013,PTGIR,5739,FALSE
ENSG00000160049,DFFA,1676,FALSE
ENSG00000160050,CCDC28B,79140,FALSE
ENSG00000160051,IQCC,55721,FALSE
ENSG00000160055,TMEM234,56063,FALSE
ENSG00000160058,BSDC1,55108,FALSE
ENSG00000160062,ZBTB8A,653121,FALSE
ENSG00000160072,ATAD3B,83858,FALSE
ENSG00000160075,SSU72,29101,FALSE
ENSG00000160087,UBE2J2,118424,FALSE
ENSG00000160124,MIX23,131076,FALSE
ENSG00000160131,VMA21,203547,FALSE
ENSG00000160179,ABCG1,9619,TRUE
ENSG00000160183,TMPRSS3,64699,FALSE
ENSG00000160188,RSPH1,89765,FALSE
ENSG00000160190,SLC37A1,54020,FALSE
ENSG00000160191,PDE9A,5152,FALSE
ENSG00000160193,WDR4,10785,FALSE
ENSG00000160194,NDUFV3,4731,FALSE
ENSG00000160199,PKNOX1,5316,FALSE
ENSG00000160200,CBS,875,FALSE
ENSG00000160201,U2AF1,7307,FALSE
ENSG00000160207,HSF2BP,11077,FALSE
ENSG00000160209,PDXK,8566,FALSE
ENSG00000160211,G6PD,2539,FALSE
ENSG00000160213,CSTB,1476,FALSE
ENSG00000160214,RRP1,8568,FALSE
ENSG00000160216,AGPAT3,56894,FALSE
ENSG00000160218,TRAPPC10,7109,FALSE
ENSG00000160219,GAB3,139716,FALSE
ENSG00000160221,GATD3,8209,FALSE
ENSG00000160223,ICOSLG,23308,FALSE
ENSG00000160226,CFAP410,755,FALSE
ENSG00000160229,ZNF66,7617,FALSE
ENSG00000160233,LRRC3,81543,FALSE
ENSG00000160255,ITGB2,3689,FALSE
ENSG00000160256,SLX9,85395,FALSE
ENSG00000160271,RALGDS,5900,FALSE
ENSG00000160284,SPATC1L,84221,FALSE
ENSG00000160285,LSS,4047,FALSE
ENSG00000160293,VAV2,7410,FALSE
ENSG00000160305,DIP2A,23181,FALSE
ENSG00000160310,PRMT2,3275,TRUE
ENSG00000160325,CACFD1,11094,TRUE
ENSG00000160326,SLC2A6,11182,FALSE
ENSG00000160345,PIERCE1,138162,FALSE
ENSG00000160360,GPSM1,26086,FALSE
ENSG00000160392,C19orf47,126526,FALSE
ENSG00000160404,TOR2A,27433,FALSE
ENSG00000160408,ST6GALNAC6,30815,FALSE
ENSG00000160410,SHKBP1,92799,FALSE
ENSG00000160439,RDH13,112724,FALSE
ENSG00000160446,ZDHHC12,84885,FALSE
ENSG00000160447,PKN3,29941,FALSE
ENSG00000160539,PLPP7,84814,FALSE
ENSG00000160551,TAOK1,57551,FALSE
ENSG00000160563,MED27,9442,FALSE
ENSG00000160570,DEDD2,162989,TRUE
ENSG00000160588,MPZL3,196264,FALSE
ENSG00000160602,NEK8,284086,FALSE
ENSG00000160606,TLCD1,116238,FALSE
ENSG00000160613,PCSK7,9159,FALSE
ENSG00000160633,SAFB,6294,FALSE
ENSG00000160678,S100A1,6271,FALSE
ENSG00000160679,CHTOP,26097,TRUE
ENSG00000160685,ZBTB7B,51043,FALSE
ENSG00000160688,FLAD1,80308,TRUE
ENSG00000160691,SHC1,6464,FALSE
ENSG00000160695,VPS11,55823,FALSE
ENSG00000160703,NLRX1,79671,FALSE
ENSG00000160710,ADAR,103,FALSE
ENSG00000160712,IL6R,3570,FALSE
ENSG00000160746,ANO10,55129,FALSE
ENSG00000160752,FDPS,2224,FALSE
ENSG00000160753,RUSC1,23623,FALSE
ENSG00000160767,ENTREP3,10712,FALSE
ENSG00000160783,PMF1,11243,FALSE
ENSG00000160785,SLC25A44,9673,FALSE
ENSG00000160789,LMNA,4000,FALSE
ENSG00000160799,CCDC12,151903,FALSE
ENSG00000160801,PTH1R,5745,FALSE
ENSG00000160803,UBQLN4,56893,FALSE
ENSG00000160813,PPP1R35,221908,FALSE
ENSG00000160818,GPATCH4,54865,FALSE
ENSG00000160862,AZGP1,563,FALSE
ENSG00000160867,FGFR4,2264,FALSE
ENSG00000160877,NACC1,112939,FALSE
ENSG00000160886,LY6K,54742,FALSE
ENSG00000160888,IER2,9592,FALSE
ENSG00000160908,ZNF394,84124,FALSE
ENSG00000160917,CPSF4,10898,FALSE
ENSG00000160932,LY6E,4061,FALSE
ENSG00000160948,VPS28,51160,FALSE
ENSG00000160951,PTGER1,5731,FALSE
ENSG00000160957,RECQL4,9401,FALSE
ENSG00000160961,ZNF333,84449,FALSE
ENSG00000160963,COL26A1,136227,FALSE
ENSG00000160972,PPP1R16A,84988,FALSE
ENSG00000160991,ORAI2,80228,FALSE
ENSG00000160993,ALKBH4,54784,FALSE
ENSG00000160999,SH2B2,10603,FALSE
ENSG00000161010,MRNIP,51149,TRUE
ENSG00000161016,RPL8,6132,FALSE
ENSG00000161036,LRWD1,222229,FALSE
ENSG00000161048,NAPEPLD,222236,TRUE
ENSG00000161055,SCGB3A1,92304,FALSE
ENSG00000161091,MFSD12,126321,FALSE
ENSG00000161179,YDJC,150223,TRUE
ENSG00000161202,DVL3,1857,FALSE
ENSG00000161204,ABCF3,55324,FALSE
ENSG00000161217,PCYT1A,5130,FALSE
ENSG00000161243,FBXO27,126433,FALSE
ENSG00000161249,DMKN,93099,FALSE
ENSG00000161265,U2AF1L4,199746,FALSE
ENSG00000161267,BDH1,622,FALSE
ENSG00000161277,THAP8,199745,FALSE
ENSG00000161281,COX7A1,1346,FALSE
ENSG00000161298,ZNF382,84911,FALSE
ENSG00000161395,PGAP3,93210,FALSE
ENSG00000161513,FDXR,2232,FALSE
ENSG00000161526,SAP30BP,29115,FALSE
ENSG00000161533,ACOX1,51,FALSE
ENSG00000161542,PRPSAP1,5635,TRUE
ENSG00000161547,SRSF2,6427,FALSE
ENSG00000161558,TMEM143,55260,FALSE
ENSG00000161618,ALDH16A1,126133,FALSE
ENSG00000161642,ZNF385A,25946,TRUE
ENSG00000161654,LSM12,124801,FALSE
ENSG00000161671,EMC10,284361,FALSE
ENSG00000161677,JOSD2,126119,FALSE
ENSG00000161682,FAM171A2,284069,FALSE
ENSG00000161714,PLCD3,113026,FALSE
ENSG00000161798,AQP5,362,FALSE
ENSG00000161800,RACGAP1,29127,FALSE
ENSG00000161813,LARP4,113251,FALSE
ENSG00000161835,TAMALIN,160622,FALSE
ENSG00000161847,RAVER1,125950,FALSE
ENSG00000161888,SPC24,147841,FALSE
ENSG00000161904,LEMD2,221496,FALSE
ENSG00000161914,ZNF653,115950,FALSE
ENSG00000161920,MED11,400569,FALSE
ENSG00000161921,CXCL16,58191,FALSE
ENSG00000161940,BCL6B,255877,FALSE
ENSG00000161955,TNFSF13,8741,FALSE
ENSG00000161958,FGF11,2256,FALSE
ENSG00000161970,RPL26,6154,FALSE
ENSG00000161973,CCDC42,146849,FALSE
ENSG00000161981,SNRNP25,79622,FALSE
ENSG00000161996,WDR90,197335,FALSE
ENSG00000161999,JMJD8,339123,FALSE
ENSG00000162004,CCDC78,124093,FALSE
ENSG00000162032,SPSB3,90864,FALSE
ENSG00000162039,MEIOB,254528,FALSE
ENSG00000162040,HS3ST6,64711,FALSE
ENSG00000162062,TEDC2,80178,FALSE
ENSG00000162063,CCNF,899,FALSE
ENSG00000162065,TBC1D24,57465,FALSE
ENSG00000162066,AMDHD2,51005,FALSE
ENSG00000162069,BICDL2,146439,FALSE
ENSG00000162073,PAQR4,124222,FALSE
ENSG00000162076,FLYWCH2,114984,FALSE
ENSG00000162078,ZG16B,124220,FALSE
ENSG00000162086,ZNF75A,7627,TRUE
ENSG00000162129,CLPB,81570,FALSE
ENSG00000162144,CYB561A3,220002,FALSE
ENSG00000162174,ASRGL1,80150,FALSE
ENSG00000162188,GNG3,2785,FALSE
ENSG00000162191,UBXN1,51035,FALSE
ENSG00000162194,LBHD1,79081,TRUE
ENSG00000162222,TTC9C,283237,FALSE
ENSG00000162227,TAF6L,10629,FALSE
ENSG00000162231,NXF1,10482,FALSE
ENSG00000162236,STX5,6811,FALSE
ENSG00000162244,RPL29,6159,FALSE
ENSG00000162298,SYVN1,84447,FALSE
ENSG00000162300,ZFPL1,7542,TRUE
ENSG00000162302,RPS6KA4,8986,FALSE
ENSG00000162341,TPCN2,219931,FALSE
ENSG00000162366,PDZK1IP1,10158,FALSE
ENSG00000162367,TAL1,6886,FALSE
ENSG00000162368,CMPK1,51727,FALSE
ENSG00000162373,BEND5,79656,FALSE
ENSG00000162377,COA7,65260,FALSE
ENSG00000162378,ZYG11B,79699,FALSE
ENSG00000162384,CZIB,54987,FALSE
ENSG00000162385,MAGOH,4116,FALSE
ENSG00000162407,PLPP3,8613,FALSE
ENSG00000162408,NOL9,79707,FALSE
ENSG00000162409,PRKAA2,5563,FALSE
ENSG00000162413,KLHL21,9903,FALSE
ENSG00000162415,ZSWIM5,57643,FALSE
ENSG00000162419,GMEB1,10691,FALSE
ENSG00000162426,SLC45A1,50651,FALSE
ENSG00000162430,SELENON,57190,FALSE
ENSG00000162433,AK4,205,FALSE
ENSG00000162434,JAK1,3716,TRUE
ENSG00000162441,LZIC,84328,TRUE
ENSG00000162458,FBLIM1,54751,TRUE
ENSG00000162482,AKR7A3,22977,FALSE
ENSG00000162490,DRAXIN,374946,FALSE
ENSG00000162493,PDPN,10630,FALSE
ENSG00000162494,LRRC38,126755,FALSE
ENSG00000162496,DHRS3,9249,FALSE
ENSG00000162511,LAPTM5,7805,FALSE
ENSG00000162517,PEF1,553115,FALSE
ENSG00000162520,SYNC,81493,FALSE
ENSG00000162521,RBBP4,5928,FALSE
ENSG00000162543,UBXN10,127733,FALSE
ENSG00000162545,CAMK2N1,55450,FALSE
ENSG00000162551,ALPL,249,FALSE
ENSG00000162552,WNT4,54361,FALSE
ENSG00000162576,MXRA8,54587,FALSE
ENSG00000162585,FAAP20,199990,FALSE
ENSG00000162598,C1orf87,127795,FALSE
ENSG00000162599,NFIA,4774,TRUE
ENSG00000162604,TM2D1,83941,FALSE
ENSG00000162613,FUBP1,8880,FALSE
ENSG00000162616,DNAJB4,11080,FALSE
ENSG00000162618,ADGRL4,64123,FALSE
ENSG00000162623,TYW3,127253,FALSE
ENSG00000162627,SNX7,51375,FALSE
ENSG00000162630,B3GALT2,8707,FALSE
ENSG00000162636,EEIG2,284611,FALSE
ENSG00000162639,HENMT1,113802,FALSE
ENSG00000162642,C1orf52,148423,FALSE
ENSG00000162643,DNAI3,126820,FALSE
ENSG00000162645,GBP2,2634,FALSE
ENSG00000162650,ATXN7L2,127002,FALSE
ENSG00000162654,GBP4,115361,FALSE
ENSG00000162692,VCAM1,7412,FALSE
ENSG00000162694,EXTL2,2135,TRUE
ENSG00000162695,SLC30A7,148867,FALSE
ENSG00000162702,ZNF281,23528,TRUE
ENSG00000162706,CADM3,57863,FALSE
ENSG00000162714,ZNF496,84838,FALSE
ENSG00000162722,TRIM58,25893,FALSE
ENSG00000162723,SLAMF9,89886,FALSE
ENSG00000162729,IGSF8,93185,FALSE
ENSG00000162733,DDR2,4921,FALSE
ENSG00000162734,PEA15,8682,FALSE
ENSG00000162735,PEX19,5824,FALSE
ENSG00000162736,NCSTN,23385,FALSE
ENSG00000162738,VANGL2,57216,FALSE
ENSG00000162769,FLVCR1,28982,FALSE
ENSG00000162772,ATF3,467,FALSE
ENSG00000162775,RBM15,64783,FALSE
ENSG00000162777,DENND2D,79961,FALSE
ENSG00000162783,IER5,51278,FALSE
ENSG00000162813,BPNT1,10380,FALSE
ENSG00000162836,ACP6,51205,FALSE
ENSG00000162851,TFB2M,64216,FALSE
ENSG00000162852,CNST,163882,TRUE
ENSG00000162869,PPP1R21,129285,FALSE
ENSG00000162873,KLHDC8A,55220,FALSE
ENSG00000162877,PM20D1,148811,FALSE
ENSG00000162882,HAAO,23498,FALSE
ENSG00000162885,B3GALNT2,148789,FALSE
ENSG00000162889,MAPKAPK2,9261,FALSE
ENSG00000162910,MRPL55,128308,FALSE
ENSG00000162924,REL,5966,FALSE
ENSG00000162928,PEX13,5194,FALSE
ENSG00000162931,TRIM17,51127,FALSE
ENSG00000162944,RFTN2,130132,FALSE
ENSG00000162949,CAPN13,92291,FALSE
ENSG00000162951,LRRTM1,347730,FALSE
ENSG00000162959,MEMO1,51072,FALSE
ENSG00000162961,DPY30,84661,FALSE
ENSG00000162971,TYW5,129450,FALSE
ENSG00000162972,MAIP1,79568,FALSE
ENSG00000162976,SLC66A3,130814,FALSE
ENSG00000162980,ARL5A,26225,FALSE
ENSG00000162981,LRATD1,151354,FALSE
ENSG00000162998,FRZB,2487,FALSE
ENSG00000162999,DUSP19,142679,FALSE
ENSG00000163001,CFAP36,112942,FALSE
ENSG00000163002,NUP35,129401,FALSE
ENSG00000163006,CCDC138,165055,TRUE
ENSG00000163017,ACTG2,72,FALSE
ENSG00000163026,WDCP,80304,FALSE
ENSG00000163029,SMC6,79677,FALSE
ENSG00000163032,VSNL1,7447,FALSE
ENSG00000163040,CCDC74A,90557,FALSE
ENSG00000163041,H3-3A,3020,FALSE
ENSG00000163050,COQ8A,56997,FALSE
ENSG00000163053,SLC16A14,151473,TRUE
ENSG00000163069,SGCB,6443,FALSE
ENSG00000163071,SPATA18,132671,FALSE
ENSG00000163072,NOSTRIN,115677,FALSE
ENSG00000163082,SGPP2,130367,FALSE
ENSG00000163093,BBS5,129880,FALSE
ENSG00000163110,PDLIM5,10611,TRUE
ENSG00000163121,NEURL3,93082,FALSE
ENSG00000163125,RPRD2,23248,FALSE
ENSG00000163131,CTSS,1520,FALSE
ENSG00000163138,PACRGL,133015,FALSE
ENSG00000163141,BNIPL,149428,FALSE
ENSG00000163145,C1QTNF7,114905,FALSE
ENSG00000163154,TNFAIP8L2,79626,FALSE
ENSG00000163155,LYSMD1,388695,FALSE
ENSG00000163156,SCNM1,79005,FALSE
ENSG00000163159,VPS72,6944,FALSE
ENSG00000163161,ERCC3,2071,FALSE
ENSG00000163162,RNF149,284996,TRUE
ENSG00000163166,IWS1,55677,FALSE
ENSG00000163170,BOLA3,388962,FALSE
ENSG00000163171,CDC42EP3,10602,FALSE
ENSG00000163191,S100A11,6282,FALSE
ENSG00000163202,LCE3D,84648,FALSE
ENSG00000163207,IVL,3713,FALSE
ENSG00000163209,SPRR3,6707,FALSE
ENSG00000163214,DHX57,90957,FALSE
ENSG00000163216,SPRR2D,6703,FALSE
ENSG00000163219,ARHGAP25,9938,FALSE
ENSG00000163220,S100A9,6280,FALSE
ENSG00000163221,S100A12,6283,FALSE
ENSG00000163235,TGFA,7039,FALSE
ENSG00000163249,CCNYL1,151195,FALSE
ENSG00000163251,FZD5,7855,FALSE
ENSG00000163257,DCAF16,54876,FALSE
ENSG00000163273,NPPC,4880,FALSE
ENSG00000163281,GNPDA2,132789,FALSE
ENSG00000163291,PAQR3,152559,FALSE
ENSG00000163293,NIPAL1,152519,FALSE
ENSG00000163297,ANTXR2,118429,FALSE
ENSG00000163319,MRPS18C,51023,FALSE
ENSG00000163320,CGGBP1,8545,FALSE
ENSG00000163322,ABRAXAS1,84142,FALSE
ENSG00000163328,GPR155,151556,FALSE
ENSG00000163331,DAPL1,92196,FALSE
ENSG00000163346,PBXIP1,57326,FALSE
ENSG00000163347,CLDN1,9076,FALSE
ENSG00000163348,PYGO2,90780,FALSE
ENSG00000163362,INAVA,55765,TRUE
ENSG00000163374,YY1AP1,55249,TRUE
ENSG00000163376,KBTBD8,84541,FALSE
ENSG00000163378,EOGT,285203,FALSE
ENSG00000163382,NAXE,128240,TRUE
ENSG00000163389,POGLUT1,56983,FALSE
ENSG00000163393,SLC22A15,55356,FALSE
ENSG00000163399,ATP1A1,476,FALSE
ENSG00000163406,SLC15A2,6565,FALSE
ENSG00000163412,EIF4E3,317649,FALSE
ENSG00000163430,FSTL1,11167,FALSE
ENSG00000163435,ELF3,1999,FALSE
ENSG00000163444,TMEM183A,92703,FALSE
ENSG00000163449,TMEM169,92691,FALSE
ENSG00000163466,ARPC2,10109,FALSE
ENSG00000163467,TSACC,128229,FALSE
ENSG00000163472,TMEM79,84283,TRUE
ENSG00000163479,SSR2,6746,FALSE
ENSG00000163481,RNF25,64320,TRUE
ENSG00000163485,ADORA1,134,FALSE
ENSG00000163492,CCDC141,285025,FALSE
ENSG00000163499,CRYBA2,1412,FALSE
ENSG00000163501,IHH,3549,FALSE
ENSG00000163507,CIP2A,57650,FALSE
ENSG00000163510,CWC22,57703,FALSE
ENSG00000163512,AZI2,64343,FALSE
ENSG00000163516,ANKZF1,55139,FALSE
ENSG00000163517,HDAC11,79885,FALSE
ENSG00000163520,FBLN2,2199,FALSE
ENSG00000163527,STT3B,201595,FALSE
ENSG00000163528,CHCHD4,131474,FALSE
ENSG00000163531,NFASC,23114,FALSE
ENSG00000163536,SERPINI1,5274,FALSE
ENSG00000163539,CLASP2,23122,FALSE
ENSG00000163541,SUCLG1,8802,FALSE
ENSG00000163545,NUAK2,81788,FALSE
ENSG00000163558,PRKCI,5584,FALSE
ENSG00000163568,AIM2,9447,FALSE
ENSG00000163577,EIF5A2,56648,FALSE
ENSG00000163584,RPL22L1,200916,FALSE
ENSG00000163596,ICA1L,130026,FALSE
ENSG00000163602,RYBP,23429,FALSE
ENSG00000163605,PPP4R2,151987,FALSE
ENSG00000163606,CD200R1,131450,FALSE
ENSG00000163607,GTPBP8,29083,FALSE
ENSG00000163608,RMP64,25871,FALSE
ENSG00000163617,CCDC191,57577,FALSE
ENSG00000163624,CDS1,1040,FALSE
ENSG00000163626,COX18,285521,FALSE
ENSG00000163630,SYNPR,132204,FALSE
ENSG00000163633,C4orf36,132989,FALSE
ENSG00000163634,THOC7,80145,FALSE
ENSG00000163636,PSMD6,9861,FALSE
ENSG00000163637,PRICKLE2,166336,FALSE
ENSG00000163644,PPM1K,152926,FALSE
ENSG00000163655,GMPS,8833,FALSE
ENSG00000163659,TIPARP,25976,FALSE
ENSG00000163660,CCNL1,57018,TRUE
ENSG00000163661,PTX3,5806,FALSE
ENSG00000163682,RPL9,6133,FALSE
ENSG00000163684,RPP14,11102,TRUE
ENSG00000163686,ABHD6,57406,TRUE
ENSG00000163687,DNASE1L3,1776,TRUE
ENSG00000163694,RBM47,54502,TRUE
ENSG00000163697,APBB2,323,FALSE
ENSG00000163701,IL17RE,132014,FALSE
ENSG00000163702,IL17RC,84818,FALSE
ENSG00000163703,CRELD1,78987,FALSE
ENSG00000163710,PCOLCE2,26577,FALSE
ENSG00000163719,MTMR14,64419,FALSE
ENSG00000163728,TTC14,151613,TRUE
ENSG00000163734,CXCL3,2921,FALSE
ENSG00000163735,CXCL5,6374,FALSE
ENSG00000163736,PPBP,5473,FALSE
ENSG00000163743,RCHY1,25898,FALSE
ENSG00000163754,GYG1,2992,FALSE
ENSG00000163755,HPS3,84343,FALSE
ENSG00000163762,TM4SF18,116441,FALSE
ENSG00000163781,TOPBP1,11073,FALSE
ENSG00000163785,RYK,6259,FALSE
ENSG00000163788,SNRK,54861,FALSE
ENSG00000163795,ZNF513,130557,FALSE
ENSG00000163798,SLC4A1AP,22950,FALSE
ENSG00000163807,KIAA1143,57456,FALSE
ENSG00000163808,KIF15,56992,FALSE
ENSG00000163812,ZDHHC3,51304,FALSE
ENSG00000163815,CLEC3B,7123,FALSE
ENSG00000163817,SLC6A20,54716,FALSE
ENSG00000163818,LZTFL1,54585,FALSE
ENSG00000163827,LRRC2,79442,FALSE
ENSG00000163832,ELP6,54859,FALSE
ENSG00000163840,DTX3L,151636,FALSE
ENSG00000163848,ZNF148,7707,TRUE
ENSG00000163866,SMIM12,113444,FALSE
ENSG00000163867,ZMYM6,9204,TRUE
ENSG00000163870,TPRA1,131601,FALSE
ENSG00000163872,YEATS2,55689,FALSE
ENSG00000163874,ZC3H12A,80149,FALSE
ENSG00000163875,MEAF6,64769,FALSE
ENSG00000163877,SNIP1,79753,FALSE
ENSG00000163879,DNALI1,7802,FALSE
ENSG00000163882,POLR2H,5437,TRUE
ENSG00000163884,KLF15,28999,FALSE
ENSG00000163898,LIPH,200879,FALSE
ENSG00000163900,TMEM41A,90407,FALSE
ENSG00000163902,RPN1,6184,FALSE
ENSG00000163904,SENP2,59343,FALSE
ENSG00000163913,IFT122,55764,FALSE
ENSG00000163918,RFC4,5984,TRUE
ENSG00000163923,RPL39L,116832,FALSE
ENSG00000163930,BAP1,8314,FALSE
ENSG00000163931,TKT,7086,FALSE
ENSG00000163932,PRKCD,5580,FALSE
ENSG00000163933,RFT1,91869,FALSE
ENSG00000163935,SFMBT1,51460,FALSE
ENSG00000163938,GNL3,26354,FALSE
ENSG00000163945,UVSSA,57654,FALSE
ENSG00000163947,ARHGEF3,50650,FALSE
ENSG00000163950,SLBP,7884,FALSE
ENSG00000163959,SLC51A,200931,FALSE
ENSG00000163960,UBXN7,26043,FALSE
ENSG00000163964,PIGX,54965,FALSE
ENSG00000163975,MELTF,4241,FALSE
ENSG00000164002,EXO5,64789,TRUE
ENSG00000164008,C1orf50,79078,FALSE
ENSG00000164010,ERMAP,114625,FALSE
ENSG00000164011,ZNF691,51058,TRUE
ENSG00000164022,AIMP1,9255,FALSE
ENSG00000164023,SGMS2,166929,FALSE
ENSG00000164024,METAP1,23173,FALSE
ENSG00000164031,DNAJB14,79982,FALSE
ENSG00000164035,EMCN,51705,FALSE
ENSG00000164039,BDH2,56898,TRUE
ENSG00000164045,CDC25A,993,FALSE
ENSG00000164047,CAMP,820,FALSE
ENSG00000164048,ZNF589,51385,TRUE
ENSG00000164051,CCDC51,79714,FALSE
ENSG00000164053,ATRIP,84126,FALSE
ENSG00000164062,APEH,327,FALSE
ENSG00000164066,INTU,27152,FALSE
ENSG00000164068,RNF123,63891,FALSE
ENSG00000164070,HSPA4L,22824,FALSE
ENSG00000164073,MFSD8,256471,FALSE
ENSG00000164077,MON1A,84315,FALSE
ENSG00000164078,MST1R,4486,FALSE
ENSG00000164081,TEX264,51368,FALSE
ENSG00000164086,DUSP7,1849,FALSE
ENSG00000164087,POC1A,25886,FALSE
ENSG00000164088,PPM1M,132160,FALSE
ENSG00000164091,WDR82,80335,FALSE
ENSG00000164093,PITX2,5308,FALSE
ENSG00000164099,PRSS12,8492,FALSE
ENSG00000164104,HMGB2,3148,FALSE
ENSG00000164105,SAP30,8819,FALSE
ENSG00000164106,SCRG1,11341,FALSE
ENSG00000164109,MAD2L1,4085,FALSE
ENSG00000164111,ANXA5,308,FALSE
ENSG00000164112,SMIM43,132332,FALSE
ENSG00000164116,GUCY1A1,2982,TRUE
ENSG00000164117,FBXO8,26269,FALSE
ENSG00000164118,CEP44,80817,FALSE
ENSG00000164120,HPGD,3248,FALSE
ENSG00000164124,TMEM144,55314,FALSE
ENSG00000164125,GASK1B,51313,FALSE
ENSG00000164128,NPY1R,4886,FALSE
ENSG00000164136,IL15,3600,FALSE
ENSG00000164142,FHIP1A,729830,FALSE
ENSG00000164144,ARFIP1,27236,FALSE
ENSG00000164161,HHIP,64399,FALSE
ENSG00000164162,ANAPC10,10393,FALSE
ENSG00000164163,ABCE1,6059,TRUE
ENSG00000164164,OTUD4,54726,FALSE
ENSG00000164167,LSM6,11157,FALSE
ENSG00000164168,TMEM184C,55751,FALSE
ENSG00000164169,PRMT9,90826,FALSE
ENSG00000164172,MOCS2,4338,FALSE
ENSG00000164176,EDIL3,10085,FALSE
ENSG00000164181,ELOVL7,79993,FALSE
ENSG00000164182,NDUFAF2,91942,FALSE
ENSG00000164185,ZNF474,133923,FALSE
ENSG00000164187,LMBRD2,92255,FALSE
ENSG00000164197,RNF180,285671,FALSE
ENSG00000164199,ADGRV1,84059,FALSE
ENSG00000164209,SLC25A46,91137,FALSE
ENSG00000164211,STARD4,134429,FALSE
ENSG00000164219,PGGT1B,5229,FALSE
ENSG00000164220,F2RL2,2151,FALSE
ENSG00000164236,ANKRD33B,651746,FALSE
ENSG00000164237,CMBL,134147,FALSE
ENSG00000164241,C5orf63,401207,FALSE
ENSG00000164244,PRRC1,133619,TRUE
ENSG00000164251,F2RL1,2150,FALSE
ENSG00000164252,AGGF1,55109,FALSE
ENSG00000164253,WDR41,55255,FALSE
ENSG00000164258,NDUFS4,4724,FALSE
ENSG00000164283,ESM1,11082,FALSE
ENSG00000164284,GRPEL2,134266,FALSE
ENSG00000164294,GPX8,493869,FALSE
ENSG00000164296,TIGD6,81789,FALSE
ENSG00000164300,SERINC5,256987,FALSE
ENSG00000164305,CASP3,836,FALSE
ENSG00000164306,PRIMPOL,201973,FALSE
ENSG00000164307,ERAP1,51752,FALSE
ENSG00000164308,ERAP2,64167,TRUE
ENSG00000164318,EGFLAM,133584,FALSE
ENSG00000164327,RICTOR,253260,FALSE
ENSG00000164329,TENT2,167153,FALSE
ENSG00000164331,ANKRA2,57763,FALSE
ENSG00000164332,UBLCP1,134510,FALSE
ENSG00000164338,UTP15,84135,FALSE
ENSG00000164342,TLR3,7098,FALSE
ENSG00000164346,NSA2,10412,FALSE
ENSG00000164347,GFM2,84340,FALSE
ENSG00000164379,FOXQ1,94234,FALSE
ENSG00000164402,SEPTIN8,23176,FALSE
ENSG00000164403,SHROOM1,134549,FALSE
ENSG00000164404,GDF9,2661,FALSE
ENSG00000164411,GJB7,375519,FALSE
ENSG00000164414,SLC35A1,10559,FALSE
ENSG00000164430,CGAS,115004,FALSE
ENSG00000164463,CREBRF,153222,FALSE
ENSG00000164465,DCBLD1,285761,FALSE
ENSG00000164466,SFXN1,94081,TRUE
ENSG00000164483,SAMD3,154075,TRUE
ENSG00000164484,TMEM200A,114801,FALSE
ENSG00000164488,DACT2,168002,FALSE
ENSG00000164494,PDSS2,57107,FALSE
ENSG00000164530,PI16,221476,FALSE
ENSG00000164535,DAGLB,221955,TRUE
ENSG00000164542,MATCAP2,23366,FALSE
ENSG00000164543,STK17A,9263,FALSE
ENSG00000164548,TRA2A,29896,FALSE
ENSG00000164574,GALNT10,55568,FALSE
ENSG00000164576,SAP30L,79685,FALSE
ENSG00000164587,RPS14,6208,FALSE
ENSG00000164597,COG5,10466,FALSE
ENSG00000164603,SAMTOR,154743,FALSE
ENSG00000164604,GPR85,54329,FALSE
ENSG00000164610,RP9,6100,FALSE
ENSG00000164611,PTTG1,9232,FALSE
ENSG00000164615,CAMLG,819,TRUE
ENSG00000164619,BMPER,168667,FALSE
ENSG00000164620,RELL2,285613,FALSE
ENSG00000164626,KCNK5,8645,FALSE
ENSG00000164631,ZNF12,7559,FALSE
ENSG00000164638,SLC29A4,222962,FALSE
ENSG00000164647,STEAP1,26872,FALSE
ENSG00000164649,CDCA7L,55536,FALSE
ENSG00000164654,MIOS,54468,FALSE
ENSG00000164659,ELAPOR2,222223,FALSE
ENSG00000164663,USP49,25862,FALSE
ENSG00000164675,IQUB,154865,FALSE
ENSG00000164683,HEY1,23462,FALSE
ENSG00000164684,ZNF704,619279,FALSE
ENSG00000164691,TAGAP,117289,FALSE
ENSG00000164692,COL1A2,1278,FALSE
ENSG00000164695,CHMP4C,92421,FALSE
ENSG00000164713,BRI3,25798,FALSE
ENSG00000164715,LMTK2,22853,FALSE
ENSG00000164733,CTSB,1508,FALSE
ENSG00000164741,DLC1,10395,FALSE
ENSG00000164742,ADCY1,107,FALSE
ENSG00000164746,C7orf57,136288,FALSE
ENSG00000164751,PEX2,5828,FALSE
ENSG00000164754,RAD21,5885,FALSE
ENSG00000164758,MED30,90390,FALSE
ENSG00000164761,TNFRSF11B,4982,FALSE
ENSG00000164764,SBSPON,157869,FALSE
ENSG00000164794,KCNV1,27012,FALSE
ENSG00000164808,SPIDR,23514,TRUE
ENSG00000164815,ORC5,5001,FALSE
ENSG00000164818,DNAAF5,54919,TRUE
ENSG00000164823,OSGIN2,734,FALSE
ENSG00000164830,OXR1,55074,FALSE
ENSG00000164849,GPR146,115330,FALSE
ENSG00000164850,GPER1,2852,FALSE
ENSG00000164855,TMEM184A,202915,FALSE
ENSG00000164867,NOS3,4846,FALSE
ENSG00000164877,MICALL2,79778,FALSE
ENSG00000164879,CA3,761,FALSE
ENSG00000164885,CDK5,1020,FALSE
ENSG00000164889,SLC4A2,6522,FALSE
ENSG00000164896,FASTK,10922,FALSE
ENSG00000164897,TMUB1,83590,FALSE
ENSG00000164898,FMC1,154791,FALSE
ENSG00000164902,PHAX,51808,FALSE
ENSG00000164904,ALDH7A1,501,FALSE
ENSG00000164919,COX6C,1345,FALSE
ENSG00000164920,OSR2,116039,FALSE
ENSG00000164924,YWHAZ,7534,FALSE
ENSG00000164929,BAALC,79870,FALSE
ENSG00000164930,FZD6,8323,FALSE
ENSG00000164932,CTHRC1,115908,FALSE
ENSG00000164933,SLC25A32,81034,FALSE
ENSG00000164938,TP53INP1,94241,FALSE
ENSG00000164941,INTS8,55656,FALSE
ENSG00000164944,VIRMA,25962,FALSE
ENSG00000164949,GEM,2669,FALSE
ENSG00000164951,PDP1,54704,FALSE
ENSG00000164953,TMEM67,91147,FALSE
ENSG00000164961,WASHC5,9897,FALSE
ENSG00000164967,RPP25L,138716,FALSE
ENSG00000164970,FAM219A,203259,FALSE
ENSG00000164972,SPMIP6,84688,FALSE
ENSG00000164975,SNAPC3,6619,FALSE
ENSG00000164976,MYORG,57462,FALSE
ENSG00000164978,NUDT2,318,TRUE
ENSG00000164983,TMEM65,157378,FALSE
ENSG00000165006,UBAP1,51271,TRUE
ENSG00000165028,NIPSNAP3B,55335,FALSE
ENSG00000165030,NFIL3,4783,FALSE
ENSG00000165046,LETM2,137994,FALSE
ENSG00000165055,METTL2B,55798,TRUE
ENSG00000165060,FXN,2395,TRUE
ENSG00000165061,ZMAT4,79698,FALSE
ENSG00000165071,TMEM71,137835,FALSE
ENSG00000165072,MAMDC2,256691,FALSE
ENSG00000165078,CPA6,57094,FALSE
ENSG00000165084,C8orf34,116328,FALSE
ENSG00000165097,KDM1B,221656,FALSE
ENSG00000165102,HGSNAT,138050,FALSE
ENSG00000165105,RASEF,158158,FALSE
ENSG00000165113,GKAP1,80318,FALSE
ENSG00000165118,QNG1,84267,FALSE
ENSG00000165119,HNRNPK,3190,FALSE
ENSG00000165125,TRPV6,55503,FALSE
ENSG00000165140,FBP1,2203,FALSE
ENSG00000165152,PGAP4,84302,FALSE
ENSG00000165156,ZHX1,11244,FALSE
ENSG00000165169,DYNLT3,6990,FALSE
ENSG00000165171,METTL27,155368,FALSE
ENSG00000165175,MID1IP1,58526,FALSE
ENSG00000165185,KIAA1958,158405,FALSE
ENSG00000165188,RNF183,138065,TRUE
ENSG00000165194,PCDH19,57526,FALSE
ENSG00000165195,PIGA,5277,FALSE
ENSG00000165209,STRBP,55342,FALSE
ENSG00000165233,CARD19,84270,FALSE
ENSG00000165240,ATP7A,538,FALSE
ENSG00000165244,ZNF367,195828,FALSE
ENSG00000165246,NLGN4Y,22829,FALSE
ENSG00000165259,HDX,139324,FALSE
ENSG00000165264,NDUFB6,4712,FALSE
ENSG00000165269,AQP7,364,FALSE
ENSG00000165271,NOL6,65083,FALSE
ENSG00000165272,AQP3,360,FALSE
ENSG00000165275,TRMT10B,158234,FALSE
ENSG00000165288,BRWD3,254065,FALSE
ENSG00000165300,SLITRK5,26050,FALSE
ENSG00000165304,MELK,9833,FALSE
ENSG00000165312,OTUD1,220213,FALSE
ENSG00000165322,ARHGAP12,94134,FALSE
ENSG00000165325,DEUP1,159989,FALSE
ENSG00000165338,HECTD2,143279,FALSE
ENSG00000165355,FBXO33,254170,FALSE
ENSG00000165359,INTS6L,203522,FALSE
ENSG00000165379,LRFN5,145581,FALSE
ENSG00000165406,MARCHF8,220972,FALSE
ENSG00000165410,CFL2,1073,FALSE
ENSG00000165416,SUGT1,10910,FALSE
ENSG00000165417,GTF2A1,2957,FALSE
ENSG00000165424,ZCCHC24,219654,FALSE
ENSG00000165434,PGM2L1,283209,FALSE
ENSG00000165443,PHYHIPL,84457,FALSE
ENSG00000165449,SLC16A9,220963,TRUE
ENSG00000165474,GJB2,2706,FALSE
ENSG00000165475,CRYL1,51084,FALSE
ENSG00000165476,REEP3,221035,FALSE
ENSG00000165480,SKA3,221150,FALSE
ENSG00000165487,MICU2,221154,FALSE
ENSG00000165490,DDIAS,220042,FALSE
ENSG00000165495,PKNOX2,63876,FALSE
ENSG00000165501,LRR1,122769,TRUE
ENSG00000165502,RPL36AL,6166,FALSE
ENSG00000165506,DNAAF2,55172,FALSE
ENSG00000165516,KLHDC2,23588,FALSE
ENSG00000165526,RPUSD4,84881,FALSE
ENSG00000165527,ARF6,382,FALSE
ENSG00000165533,TTC8,123016,FALSE
ENSG00000165591,FAAH2,158584,FALSE
ENSG00000165606,DRGX,644168,FALSE
ENSG00000165609,NUDT5,11164,TRUE
ENSG00000165617,DACT1,51339,FALSE
ENSG00000165621,OXGR1,27199,FALSE
ENSG00000165629,ATP5F1C,509,FALSE
ENSG00000165630,PRPF18,8559,FALSE
ENSG00000165633,VSTM4,196740,FALSE
ENSG00000165637,VDAC2,7417,FALSE
ENSG00000165644,COMTD1,118881,FALSE
ENSG00000165650,PDZD8,118987,FALSE
ENSG00000165655,ZNF503,84858,FALSE
ENSG00000165660,ABRAXAS2,23172,FALSE
ENSG00000165661,QSOX2,169714,FALSE
ENSG00000165669,FAM204A,63877,FALSE
ENSG00000165675,ENOX2,10495,FALSE
ENSG00000165682,CLEC1B,51266,FALSE
ENSG00000165685,TMEM52B,120939,FALSE
ENSG00000165688,PMPCA,23203,FALSE
ENSG00000165689,ENTR1,10807,FALSE
ENSG00000165695,AK8,158067,FALSE
ENSG00000165698,SPACA9,11092,FALSE
ENSG00000165699,TSC1,7248,FALSE
ENSG00000165704,HPRT1,3251,FALSE
ENSG00000165714,BORCS5,118426,FALSE
ENSG00000165716,DIPK1B,138311,FALSE
ENSG00000165724,ZMYND19,116225,FALSE
ENSG00000165730,STOX1,219736,FALSE
ENSG00000165731,RET,5979,FALSE
ENSG00000165732,DDX21,9188,FALSE
ENSG00000165733,BMS1,9790,FALSE
ENSG00000165752,STK32C,282974,FALSE
ENSG00000165782,PIP4P1,90809,FALSE
ENSG00000165792,METTL17,64745,FALSE
ENSG00000165794,SLC39A2,29986,FALSE
ENSG00000165799,RNASE7,84659,FALSE
ENSG00000165802,NSMF,26012,FALSE
ENSG00000165806,CASP7,840,TRUE
ENSG00000165813,CCDC186,55088,FALSE
ENSG00000165816,VWA2,340706,FALSE
ENSG00000165819,METTL3,56339,TRUE
ENSG00000165821,SALL2,6297,FALSE
ENSG00000165832,TRUB1,142940,FALSE
ENSG00000165861,ZFYVE1,53349,FALSE
ENSG00000165886,UBTD1,80019,FALSE
ENSG00000165895,ARHGAP42,143872,FALSE
ENSG00000165898,ISCA2,122961,FALSE
ENSG00000165905,LARGE2,120071,FALSE
ENSG00000165912,PACSIN3,29763,FALSE
ENSG00000165914,TTC7B,145567,FALSE
ENSG00000165915,SLC39A13,91252,FALSE
ENSG00000165929,TC2N,123036,FALSE
ENSG00000165934,CPSF2,53981,FALSE
ENSG00000165943,MOAP1,64112,FALSE
ENSG00000165948,IFI27L1,122509,TRUE
ENSG00000165949,IFI27,3429,FALSE
ENSG00000165973,NELL1,4745,FALSE
ENSG00000165983,PTER,9317,FALSE
ENSG00000165996,HACD1,9200,FALSE
ENSG00000165997,ARL5B,221079,FALSE
ENSG00000166002,SMCO4,56935,TRUE
ENSG00000166016,ABTB2,25841,FALSE
ENSG00000166024,R3HCC1L,27291,TRUE
ENSG00000166025,AMOTL1,154810,FALSE
ENSG00000166037,CEP57,9702,FALSE
ENSG00000166046,TCP11L2,255394,FALSE
ENSG00000166068,SPRED1,161742,FALSE
ENSG00000166069,TMCO5A,145942,FALSE
ENSG00000166073,GPR176,11245,FALSE
ENSG00000166086,JAM3,83700,FALSE
ENSG00000166105,GLB1L3,112937,FALSE
ENSG00000166106,ADAMTS15,170689,FALSE
ENSG00000166123,GPT2,84706,FALSE
ENSG00000166128,RAB8B,51762,FALSE
ENSG00000166130,IKBIP,121457,FALSE
ENSG00000166133,RPUSD2,27079,FALSE
ENSG00000166135,HIF1AN,55662,FALSE
ENSG00000166136,NDUFB8,4714,FALSE
ENSG00000166140,ZFYVE19,84936,TRUE
ENSG00000166145,SPINT1,6692,TRUE
ENSG00000166153,DEPDC4,120863,FALSE
ENSG00000166164,BRD7,29117,FALSE
ENSG00000166166,TRMT61A,115708,FALSE
ENSG00000166167,BTRC,8945,FALSE
ENSG00000166169,POLL,27343,FALSE
ENSG00000166170,BAG5,9529,FALSE
ENSG00000166171,DPCD,25911,FALSE
ENSG00000166173,LARP6,55323,FALSE
ENSG00000166181,API5,8539,FALSE
ENSG00000166188,ZNF319,57567,FALSE
ENSG00000166189,HPS6,79803,FALSE
ENSG00000166192,SENP8,123228,FALSE
ENSG00000166197,NOLC1,9221,FALSE
ENSG00000166199,ALKBH3,221120,FALSE
ENSG00000166200,COPS2,9318,TRUE
ENSG00000166206,GABRB3,2562,FALSE
ENSG00000166224,SGPL1,8879,TRUE
ENSG00000166225,FRS2,10818,FALSE
ENSG00000166226,CCT2,10576,FALSE
ENSG00000166228,PCBD1,5092,FALSE
ENSG00000166233,ARIH1,25820,FALSE
ENSG00000166250,CLMP,79827,FALSE
ENSG00000166257,SCN3B,55800,FALSE
ENSG00000166260,COX11,1353,FALSE
ENSG00000166261,ZNF202,7753,FALSE
ENSG00000166263,STXBP4,252983,FALSE
ENSG00000166265,CYYR1,116159,FALSE
ENSG00000166266,CUL5,8065,TRUE
ENSG00000166272,WBP1L,54838,FALSE
ENSG00000166275,BORCS7,119032,FALSE
ENSG00000166278,C2,717,FALSE
ENSG00000166289,PLEKHF1,79156,FALSE
ENSG00000166292,TMEM100,55273,FALSE
ENSG00000166295,ANAPC16,119504,FALSE
ENSG00000166311,SMPD1,6609,FALSE
ENSG00000166313,APBB1,322,FALSE
ENSG00000166321,NUDT13,25961,FALSE
ENSG00000166323,C11orf65,160140,FALSE
ENSG00000166326,TRIM44,54765,FALSE
ENSG00000166333,ILK,3611,FALSE
ENSG00000166337,TAF10,6881,FALSE
ENSG00000166340,TPP1,1200,TRUE
ENSG00000166349,RAG1,5896,FALSE
ENSG00000166352,IFTAP,119710,TRUE
ENSG00000166377,ATP9B,374868,FALSE
ENSG00000166387,PPFIBP2,8495,FALSE
ENSG00000166394,CYB5R2,51700,FALSE
ENSG00000166396,SERPINB7,8710,FALSE
ENSG00000166398,GARRE1,9710,FALSE
ENSG00000166401,SERPINB8,5271,FALSE
ENSG00000166411,IDH3A,3419,FALSE
ENSG00000166432,ZMAT1,84460,FALSE
ENSG00000166439,RNF169,254225,FALSE
ENSG00000166441,RPL27A,6157,FALSE
ENSG00000166444,DENND2B,6764,FALSE
ENSG00000166448,TMEM130,222865,FALSE
ENSG00000166450,PRTG,283659,FALSE
ENSG00000166451,CENPN,55839,FALSE
ENSG00000166452,AKIP1,56672,TRUE
ENSG00000166454,ATMIN,23300,FALSE
ENSG00000166471,TMEM41B,440026,FALSE
ENSG00000166473,PKD1L2,114780,FALSE
ENSG00000166477,LEO1,123169,FALSE
ENSG00000166478,ZNF143,7702,TRUE
ENSG00000166479,TMX3,54495,FALSE
ENSG00000166482,MFAP4,4239,FALSE
ENSG00000166483,WEE1,7465,FALSE
ENSG00000166484,MAPK7,5598,FALSE
ENSG00000166501,PRKCB,5579,FALSE
ENSG00000166503,HDGFL3,50810,FALSE
ENSG00000166507,NDST2,8509,FALSE
ENSG00000166510,CCDC68,80323,FALSE
ENSG00000166526,ZNF3,7551,FALSE
ENSG00000166529,ZSCAN21,7589,FALSE
ENSG00000166532,RIMKLB,57494,FALSE
ENSG00000166535,A2ML1,144568,FALSE
ENSG00000166546,BEAN1,146227,FALSE
ENSG00000166548,TK2,7084,FALSE
ENSG00000166557,TMED3,23423,FALSE
ENSG00000166562,SEC11C,90701,FALSE
ENSG00000166575,TMEM135,65084,FALSE
ENSG00000166579,NDEL1,81565,FALSE
ENSG00000166582,CENPV,201161,FALSE
ENSG00000166592,RRAD,6236,FALSE
ENSG00000166595,CIAO2B,51647,FALSE
ENSG00000166598,HSP90B1,7184,FALSE
ENSG00000166619,BLCAP,10904,FALSE
ENSG00000166670,MMP10,4319,FALSE
ENSG00000166681,BEX3,27018,TRUE
ENSG00000166685,COG1,9382,FALSE
ENSG00000166704,ZNF606,80095,FALSE
ENSG00000166716,ZNF592,9640,FALSE
ENSG00000166734,GOLM2,113201,FALSE
ENSG00000166736,HTR3A,3359,FALSE
ENSG00000166741,NNMT,4837,TRUE
ENSG00000166747,AP1G1,164,FALSE
ENSG00000166750,SLFN5,162394,FALSE
ENSG00000166780,BMERB1,89927,FALSE
ENSG00000166788,SAAL1,113174,TRUE
ENSG00000166793,YPEL4,219539,FALSE
ENSG00000166796,LDHC,3948,FALSE
ENSG00000166797,CIAO2A,84191,FALSE
ENSG00000166801,FAM111A,63901,FALSE
ENSG00000166803,PCLAF,9768,FALSE
ENSG00000166816,LDHD,197257,FALSE
ENSG00000166821,PEX11A,8800,TRUE
ENSG00000166822,TMEM170A,124491,FALSE
ENSG00000166825,ANPEP,290,FALSE
ENSG00000166828,SCNN1G,6340,FALSE
ENSG00000166831,RBPMS2,348093,FALSE
ENSG00000166845,C18orf54,162681,FALSE
ENSG00000166847,DCTN5,84516,FALSE
ENSG00000166851,PLK1,5347,FALSE
ENSG00000166855,CLPX,10845,FALSE
ENSG00000166869,CHP2,63928,FALSE
ENSG00000166881,NEMP1,23306,TRUE
ENSG00000166886,NAB2,4665,FALSE
ENSG00000166887,VPS39,23339,FALSE
ENSG00000166888,STAT6,6778,FALSE
ENSG00000166889,PATL1,219988,TRUE
ENSG00000166896,ATP23,91419,FALSE
ENSG00000166900,STX3,6809,FALSE
ENSG00000166902,MRPL16,54948,FALSE
ENSG00000166908,PIP4K2C,79837,FALSE
ENSG00000166912,MTMR10,54893,FALSE
ENSG00000166913,YWHAB,7529,TRUE
ENSG00000166920,COXFA4L3,84419,FALSE
ENSG00000166922,SCG5,6447,FALSE
ENSG00000166923,GREM1,26585,FALSE
ENSG00000166925,TSC22D4,81628,FALSE
ENSG00000166938,DIS3L,115752,FALSE
ENSG00000166946,CCNDBP1,23582,FALSE
ENSG00000166959,MS4A8,83661,FALSE
ENSG00000166960,CCDC178,374864,FALSE
ENSG00000166965,RCCD1,91433,TRUE
ENSG00000166979,EVA1C,59271,FALSE
ENSG00000166986,MARS1,4141,FALSE
ENSG00000166997,CNPY4,245812,FALSE
ENSG00000167034,NKX3-1,4824,FALSE
ENSG00000167065,DUSP18,150290,FALSE
ENSG00000167074,TEF,7008,FALSE
ENSG00000167081,PBX3,5090,FALSE
ENSG00000167083,GNGT2,2793,TRUE
ENSG00000167100,SAMD14,201191,FALSE
ENSG00000167103,PIP5KL1,138429,FALSE
ENSG00000167105,TMEM92,162461,FALSE
ENSG00000167106,EEIG1,399665,FALSE
ENSG00000167107,ACSF2,80221,FALSE
ENSG00000167110,GOLGA2,2801,FALSE
ENSG00000167112,TRUB2,26995,FALSE
ENSG00000167113,COQ4,51117,FALSE
ENSG00000167114,SLC27A4,10999,FALSE
ENSG00000167118,URM1,81605,FALSE
ENSG00000167123,CERCAM,51148,FALSE
ENSG00000167130,DOLPP1,57171,FALSE
ENSG00000167131,DNAAF19,388389,FALSE
ENSG00000167136,ENDOG,2021,TRUE
ENSG00000167157,PRRX2,51450,FALSE
ENSG00000167165,UGT1A6,54578,FALSE
ENSG00000167182,SP2,6668,FALSE
ENSG00000167183,PRR15L,79170,FALSE
ENSG00000167186,COQ7,10229,FALSE
ENSG00000167191,GPRC5B,51704,FALSE
ENSG00000167193,CRK,1398,FALSE
ENSG00000167196,FBXO22,26263,FALSE
ENSG00000167202,TBC1D2B,23102,FALSE
ENSG00000167220,HDHD2,84064,FALSE
ENSG00000167232,ZNF91,7644,TRUE
ENSG00000167244,IGF2,3481,FALSE
ENSG00000167257,RNF214,257160,FALSE
ENSG00000167264,DUS2,54920,FALSE
ENSG00000167272,POP5,51367,FALSE
ENSG00000167280,ENGASE,64772,FALSE
ENSG00000167302,TEPSIN,146705,FALSE
ENSG00000167306,MYO5B,4645,FALSE
ENSG00000167323,STIM1,6786,FALSE
ENSG00000167325,RRM1,6240,FALSE
ENSG00000167363,FN3K,64122,FALSE
ENSG00000167371,PRRT2,112476,FALSE
ENSG00000167380,ZNF226,7769,TRUE
ENSG00000167384,ZNF180,7733,FALSE
ENSG00000167394,ZNF668,79759,FALSE
ENSG00000167395,ZNF646,9726,TRUE
ENSG00000167397,VKORC1,79001,FALSE
ENSG00000167434,CA4,762,FALSE
ENSG00000167447,SMG8,55181,FALSE
ENSG00000167476,JSRP1,126306,FALSE
ENSG00000167487,KLHL26,55295,FALSE
ENSG00000167508,MVD,4597,FALSE
ENSG00000167513,CDT1,81620,FALSE
ENSG00000167515,TRAPPC2L,51693,FALSE
ENSG00000167523,SPATA33,124045,FALSE
ENSG00000167526,RPL13,6137,FALSE
ENSG00000167528,ZNF641,121274,FALSE
ENSG00000167535,CACNB3,784,FALSE
ENSG00000167536,DHRS13,147015,FALSE
ENSG00000167543,TP53I13,90313,FALSE
ENSG00000167549,CORO6,84940,FALSE
ENSG00000167550,RHEBL1,121268,FALSE
ENSG00000167552,TUBA1A,7846,FALSE
ENSG00000167554,ZNF610,162963,FALSE
ENSG00000167562,ZNF701,55762,FALSE
ENSG00000167565,SERTAD3,29946,FALSE
ENSG00000167578,RAB4B,53916,FALSE
ENSG00000167588,GPD1,2819,FALSE
ENSG00000167600,CYP2S1,29785,FALSE
ENSG00000167601,AXL,558,FALSE
ENSG00000167604,NFKBID,84807,FALSE
ENSG00000167608,TMC4,147798,FALSE
ENSG00000167617,CDC42EP5,148170,FALSE
ENSG00000167625,ZNF526,116115,FALSE
ENSG00000167632,TRAPPC9,83696,FALSE
ENSG00000167635,ZNF146,7705,FALSE
ENSG00000167637,ZNF283,284349,FALSE
ENSG00000167642,SPINT2,10653,FALSE
ENSG00000167644,C19orf33,64073,FALSE
ENSG00000167645,YIF1B,90522,FALSE
ENSG00000167646,DNAAF3,352909,FALSE
ENSG00000167653,PSCA,8000,FALSE
ENSG00000167656,LY6D,8581,FALSE
ENSG00000167658,EEF2,1938,FALSE
ENSG00000167674,HDGFL2,84717,FALSE
ENSG00000167680,SEMA6B,10501,FALSE
ENSG00000167685,ZNF444,55311,FALSE
ENSG00000167693,NXN,64359,FALSE
ENSG00000167695,TLCD3A,79850,TRUE
ENSG00000167699,GLOD4,51031,FALSE
ENSG00000167700,SLC33A2,113655,FALSE
ENSG00000167701,GPT,2875,FALSE
ENSG00000167702,KIFC2,90990,FALSE
ENSG00000167703,SLC43A2,124935,FALSE
ENSG00000167720,SRR,63826,FALSE
ENSG00000167721,TSR1,55720,FALSE
ENSG00000167723,TRPV3,162514,FALSE
ENSG00000167733,HSD11B1L,374875,FALSE
ENSG00000167740,CYB5D2,124936,FALSE
ENSG00000167741,GGT6,124975,FALSE
ENSG00000167754,KLK5,25818,FALSE
ENSG00000167755,KLK6,5653,FALSE
ENSG00000167757,KLK11,11012,FALSE
ENSG00000167766,ZNF83,55769,FALSE
ENSG00000167767,KRT80,144501,FALSE
ENSG00000167770,OTUB1,55611,FALSE
ENSG00000167771,RCOR2,283248,FALSE
ENSG00000167772,ANGPTL4,51129,FALSE
ENSG00000167775,CD320,51293,FALSE
ENSG00000167778,SPRYD3,84926,FALSE
ENSG00000167785,ZNF558,148156,FALSE
ENSG00000167797,CDK2AP2,10263,FALSE
ENSG00000167799,NUDT8,254552,FALSE
ENSG00000167840,ZNF232,7775,FALSE
ENSG00000167842,MIS12,79003,FALSE
ENSG00000167850,CD300C,10871,FALSE
ENSG00000167851,CD300A,11314,FALSE
ENSG00000167858,TEKT1,83659,FALSE
ENSG00000167861,HID1,283987,FALSE
ENSG00000167862,MRPL58,3396,FALSE
ENSG00000167863,ATP5PD,10476,FALSE
ENSG00000167874,TMEM88,92162,FALSE
ENSG00000167880,EVPL,2125,FALSE
ENSG00000167881,SRP68,6730,FALSE
ENSG00000167895,TMC8,147138,FALSE
ENSG00000167900,TK1,7083,FALSE
ENSG00000167904,TMEM68,137695,FALSE
ENSG00000167916,KRT24,192666,FALSE
ENSG00000167925,GHDC,84514,FALSE
ENSG00000167930,FAM234A,83986,FALSE
ENSG00000167964,RAB26,25837,FALSE
ENSG00000167965,MLST8,64223,TRUE
ENSG00000167967,E4F1,1877,FALSE
ENSG00000167968,DNASE1L2,1775,FALSE
ENSG00000167969,ECI1,1632,FALSE
ENSG00000167981,ZNF597,146434,FALSE
ENSG00000167985,SDHAF2,54949,TRUE
ENSG00000167987,VPS37C,55048,FALSE
ENSG00000167992,VWCE,220001,FALSE
ENSG00000167994,RAB3IL1,5866,FALSE
ENSG00000168000,BSCL2,26580,TRUE
ENSG00000168002,POLR2G,5436,FALSE
ENSG00000168003,SLC3A2,6520,TRUE
ENSG00000168004,PLAAT5,117245,FALSE
ENSG00000168005,SPINDOC,144097,FALSE
ENSG00000168010,ATG16L2,89849,FALSE
ENSG00000168028,RPSA,3921,FALSE
ENSG00000168032,ENTPD3,956,FALSE
ENSG00000168036,CTNNB1,1499,FALSE
ENSG00000168056,LTBP3,4054,TRUE
ENSG00000168060,NAALADL1,10004,TRUE
ENSG00000168061,SAC3D1,29901,FALSE
ENSG00000168062,BATF2,116071,FALSE
ENSG00000168066,SF1,7536,FALSE
ENSG00000168067,MAP4K2,5871,FALSE
ENSG00000168077,SCARA3,51435,FALSE
ENSG00000168078,PBK,55872,FALSE
ENSG00000168090,COPS6,10980,TRUE
ENSG00000168092,PAFAH1B2,5049,FALSE
ENSG00000168101,NUDT16L1,84309,TRUE
ENSG00000168116,KIAA1586,57691,FALSE
ENSG00000168118,RAB4A,5867,FALSE
ENSG00000168140,VASN,114990,FALSE
ENSG00000168143,FAM83B,222584,FALSE
ENSG00000168152,THAP9,79725,FALSE
ENSG00000168159,RNF187,149603,FALSE
ENSG00000168172,HOOK3,84376,FALSE
ENSG00000168175,MAPK1IP1L,93487,FALSE
ENSG00000168214,RBPJ,3516,FALSE
ENSG00000168216,LMBRD1,55788,FALSE
ENSG00000168234,TTC39C,125488,FALSE
ENSG00000168237,GLYCTK,132158,TRUE
ENSG00000168243,GNG4,2786,FALSE
ENSG00000168246,UBTD2,92181,FALSE
ENSG00000168255,POLR2J3-UPK3BL2,123258399,FALSE
ENSG00000168256,NKIRAS2,28511,FALSE
ENSG00000168259,DNAJC7,7266,FALSE
ENSG00000168264,IRF2BP2,359948,FALSE
ENSG00000168268,NT5DC2,64943,FALSE
ENSG00000168273,UQCC5,440957,FALSE
ENSG00000168275,COA6,388753,FALSE
ENSG00000168282,MGAT2,4247,FALSE
ENSG00000168283,BMI1,648,FALSE
ENSG00000168288,MMADHC,27249,FALSE
ENSG00000168291,PDHB,5162,FALSE
ENSG00000168297,PXK,54899,FALSE
ENSG00000168300,PCMTD1,115294,FALSE
ENSG00000168301,KCTD6,200845,FALSE
ENSG00000168309,FAM107A,11170,FALSE
ENSG00000168310,IRF2,3660,FALSE
ENSG00000168333,PPDPFL,492307,FALSE
ENSG00000168374,ARF4,378,FALSE
ENSG00000168385,SEPTIN2,4735,FALSE
ENSG00000168386,FILIP1L,11259,FALSE
ENSG00000168389,MFSD2A,84879,FALSE
ENSG00000168393,DTYMK,1841,FALSE
ENSG00000168395,ING5,84289,TRUE
ENSG00000168397,ATG4B,23192,FALSE
ENSG00000168398,BDKRB2,624,FALSE
ENSG00000168404,MLKL,197259,FALSE
ENSG00000168411,RFWD3,55159,FALSE
ENSG00000168412,MTNR1A,4543,FALSE
ENSG00000168434,COG7,91949,FALSE
ENSG00000168438,CDC40,51362,FALSE
ENSG00000168439,STIP1,10963,TRUE
ENSG00000168447,SCNN1B,6338,FALSE
ENSG00000168461,RAB31,11031,FALSE
ENSG00000168476,REEP4,80346,FALSE
ENSG00000168481,LGI3,203190,FALSE
ENSG00000168484,SFTPC,6440,FALSE
ENSG00000168487,BMP1,649,FALSE
ENSG00000168488,ATXN2L,11273,FALSE
ENSG00000168490,PHYHIP,9796,FALSE
ENSG00000168491,CCDC110,256309,FALSE
ENSG00000168495,POLR3D,661,FALSE
ENSG00000168497,CAVIN2,8436,FALSE
ENSG00000168517,HEXIM2,124790,TRUE
ENSG00000168522,FNTA,2339,FALSE
ENSG00000168538,TRAPPC11,60684,FALSE
ENSG00000168542,COL3A1,1281,FALSE
ENSG00000168564,CDKN2AIP,55602,TRUE
ENSG00000168566,SNRNP48,154007,FALSE
ENSG00000168569,TMEM223,79064,FALSE
ENSG00000168575,SLC20A2,6575,FALSE
ENSG00000168610,STAT3,6774,FALSE
ENSG00000168615,ADAM9,8754,FALSE
ENSG00000168621,GDNF,2668,FALSE
ENSG00000168646,AXIN2,8313,FALSE
ENSG00000168653,NDUFS5,4725,FALSE
ENSG00000168661,ZNF30,90075,TRUE
ENSG00000168679,SLC16A4,9122,FALSE
ENSG00000168685,IL7R,3575,FALSE
ENSG00000168701,TMEM208,29100,FALSE
ENSG00000168710,AHCYL1,10768,FALSE
ENSG00000168724,DNAJC21,134218,FALSE
ENSG00000168734,PKIG,11142,TRUE
ENSG00000168743,NPNT,255743,FALSE
ENSG00000168763,CNNM3,26505,FALSE
ENSG00000168765,GSTM4,2948,FALSE
ENSG00000168778,TCTN2,79867,FALSE
ENSG00000168779,SHOX2,6474,FALSE
ENSG00000168785,TSPAN5,10098,FALSE
ENSG00000168792,ABHD15,116236,FALSE
ENSG00000168795,ZBTB5,9925,FALSE
ENSG00000168802,CHTF8,54921,FALSE
ENSG00000168803,MAPDA,161823,FALSE
ENSG00000168806,LCMT2,9836,FALSE
ENSG00000168807,SNTB2,6645,FALSE
ENSG00000168811,IL12A,3592,FALSE
ENSG00000168813,ZNF507,22847,FALSE
ENSG00000168818,STX18,53407,FALSE
ENSG00000168824,NSG1,27065,FALSE
ENSG00000168826,ZBTB49,166793,FALSE
ENSG00000168827,GFM1,85476,FALSE
ENSG00000168830,HTR1E,3354,FALSE
ENSG00000168872,DDX19A,55308,FALSE
ENSG00000168874,ATOH8,84913,FALSE
ENSG00000168876,ANKRD49,54851,FALSE
ENSG00000168878,SFTPB,6439,FALSE
ENSG00000168883,USP39,10713,FALSE
ENSG00000168884,TNIP2,79155,FALSE
ENSG00000168887,C2orf68,388969,FALSE
ENSG00000168890,TMEM150A,129303,FALSE
ENSG00000168894,RNF181,51255,TRUE
ENSG00000168899,VAMP5,10791,FALSE
ENSG00000168904,LRRC28,123355,FALSE
ENSG00000168906,MAT2A,4144,FALSE
ENSG00000168907,PLA2G4F,255189,FALSE
ENSG00000168917,SLC35G2,80723,FALSE
ENSG00000168924,LETM1,3954,FALSE
ENSG00000168936,TMEM129,92305,FALSE
ENSG00000168939,SPRY3,10251,FALSE
ENSG00000168944,CEP120,153241,FALSE
ENSG00000168952,STXBP6,29091,FALSE
ENSG00000168958,MFF,56947,TRUE
ENSG00000168961,LGALS9,3965,FALSE
ENSG00000168970,JMJD7-PLA2G4B,8681,FALSE
ENSG00000168993,CPLX1,10815,FALSE
ENSG00000168994,PXDC1,221749,FALSE
ENSG00000169016,E2F6,1876,FALSE
ENSG00000169018,FEM1B,10116,FALSE
ENSG00000169019,COMMD8,54951,FALSE
ENSG00000169021,UQCRFS1,7386,TRUE
ENSG00000169026,SLC49A3,84179,FALSE
ENSG00000169032,MAP2K1,5604,FALSE
ENSG00000169035,KLK7,5650,FALSE
ENSG00000169045,HNRNPH1,3187,FALSE
ENSG00000169057,MECP2,4204,TRUE
ENSG00000169083,AR,367,FALSE
ENSG00000169084,DHRSX,207063,FALSE
ENSG00000169087,HSPBAP1,79663,FALSE
ENSG00000169093,ASMTL,8623,FALSE
ENSG00000169100,SLC25A6,293,FALSE
ENSG00000169116,PARM1,25849,FALSE
ENSG00000169118,CSNK1G1,53944,FALSE
ENSG00000169122,FAM110B,90362,FALSE
ENSG00000169126,ODAD2,55130,FALSE
ENSG00000169129,AFAP1L2,84632,FALSE
ENSG00000169131,ZNF354A,6940,FALSE
ENSG00000169136,ATF5,22809,FALSE
ENSG00000169139,UBE2V2,7336,FALSE
ENSG00000169155,ZBTB43,23099,FALSE
ENSG00000169169,CPT1C,126129,FALSE
ENSG00000169174,PCSK9,255738,FALSE
ENSG00000169180,XPO6,23214,FALSE
ENSG00000169188,APEX2,27301,FALSE
ENSG00000169189,NSMCE1,197370,FALSE
ENSG00000169193,CCDC126,90693,FALSE
ENSG00000169213,RAB3B,5865,FALSE
ENSG00000169217,CD2BP2,10421,FALSE
ENSG00000169221,TBC1D10B,26000,FALSE
ENSG00000169223,LMAN2,10960,FALSE
ENSG00000169228,RAB24,53917,FALSE
ENSG00000169231,THBS3,7059,FALSE
ENSG00000169239,CA5B,11238,TRUE
ENSG00000169241,SLC50A1,55974,FALSE
ENSG00000169242,EFNA1,1942,FALSE
ENSG00000169247,SH3TC2,79628,FALSE
ENSG00000169249,ZRSR2,8233,FALSE
ENSG00000169251,NMD3,51068,FALSE
ENSG00000169252,ADRB2,154,FALSE
ENSG00000169255,B3GALNT1,8706,FALSE
ENSG00000169258,GPRIN1,114787,FALSE
ENSG00000169282,KCNAB1,7881,FALSE
ENSG00000169288,MRPL1,65008,FALSE
ENSG00000169291,SHE,126669,FALSE
ENSG00000169297,NR0B1,190,FALSE
ENSG00000169299,PGM2,55276,FALSE
ENSG00000169302,STK32A,202374,FALSE
ENSG00000169314,C22orf15,150248,FALSE
ENSG00000169359,SLC33A1,9197,FALSE
ENSG00000169371,SNUPN,10073,TRUE
ENSG00000169372,CRADD,8738,FALSE
ENSG00000169375,SIN3A,25942,FALSE
ENSG00000169403,PTAFR,5724,TRUE
ENSG00000169410,PTPN9,5780,FALSE
ENSG00000169413,RNASE6,6039,FALSE
ENSG00000169418,NPR1,4881,FALSE
ENSG00000169435,RASSF6,166824,FALSE
ENSG00000169446,MMGT1,93380,FALSE
ENSG00000169474,SPRR1A,6698,FALSE
ENSG00000169490,TM2D2,83877,FALSE
ENSG00000169499,PLEKHA2,59339,FALSE
ENSG00000169508,GPR183,1880,FALSE
ENSG00000169550,MUC15,143662,FALSE
ENSG00000169554,ZEB2,9839,FALSE
ENSG00000169562,GJB1,2705,FALSE
ENSG00000169567,HINT1,3094,FALSE
ENSG00000169570,DTWD2,285605,FALSE
ENSG00000169583,CLIC3,9022,FALSE
ENSG00000169592,INO80E,283899,FALSE
ENSG00000169598,DFFB,1677,FALSE
ENSG00000169599,NFU1,27247,FALSE
ENSG00000169604,ANTXR1,84168,FALSE
ENSG00000169609,C15orf40,123207,FALSE
ENSG00000169621,APLF,200558,FALSE
ENSG00000169627,BOLA2,552900,FALSE
ENSG00000169629,RGPD8,727851,FALSE
ENSG00000169635,HIC2,23119,FALSE
ENSG00000169660,HEXD,284004,FALSE
ENSG00000169679,BUB1,699,FALSE
ENSG00000169682,SPNS1,83985,FALSE
ENSG00000169683,LRRC45,201255,FALSE
ENSG00000169689,CENPX,201254,FALSE
ENSG00000169692,AGPAT2,10555,FALSE
ENSG00000169696,ASPSCR1,79058,FALSE
ENSG00000169714,CNBP,7555,FALSE
ENSG00000169715,MT1E,4493,FALSE
ENSG00000169718,DUS1L,64118,FALSE
ENSG00000169727,GPS1,2873,TRUE
ENSG00000169733,RFNG,5986,FALSE
ENSG00000169738,DCXR,51181,FALSE
ENSG00000169740,ZNF32,7580,FALSE
ENSG00000169744,LDB2,9079,FALSE
ENSG00000169750,RAC3,5881,FALSE
ENSG00000169756,LIMS1,3987,TRUE
ENSG00000169762,TAPT1,202018,FALSE
ENSG00000169764,UGP2,7360,TRUE
ENSG00000169813,HNRNPF,3185,FALSE
ENSG00000169814,BTD,686,FALSE
ENSG00000169826,CSGALNACT2,55454,FALSE
ENSG00000169851,PCDH7,5099,TRUE
ENSG00000169857,AVEN,57099,FALSE
ENSG00000169860,P2RY1,5028,FALSE
ENSG00000169871,TRIM56,81844,FALSE
ENSG00000169902,TPST1,8460,FALSE
ENSG00000169905,TOR1AIP2,163590,FALSE
ENSG00000169908,TM4SF1,4071,FALSE
ENSG00000169914,OTUD3,23252,FALSE
ENSG00000169919,GUSB,2990,FALSE
ENSG00000169925,BRD3,8019,FALSE
ENSG00000169926,KLF13,51621,FALSE
ENSG00000169951,ZNF764,92595,FALSE
ENSG00000169955,ZNF747,65988,FALSE
ENSG00000169964,TMEM42,131616,FALSE
ENSG00000169967,MAP3K2,10746,FALSE
ENSG00000169972,PUSL1,126789,FALSE
ENSG00000169981,ZNF35,7584,FALSE
ENSG00000169989,TIGD4,201798,FALSE
ENSG00000170006,TMEM154,201799,FALSE
ENSG00000170017,ALCAM,214,FALSE
ENSG00000170035,UBE2E3,10477,TRUE
ENSG00000170037,CNTROB,116840,FALSE
ENSG00000170043,TRAPPC1,58485,FALSE
ENSG00000170049,KCNAB3,9196,FALSE
ENSG00000170054,SERPINA9,327657,FALSE
ENSG00000170085,SIMC1,375484,FALSE
ENSG00000170088,TMEM192,201931,TRUE
ENSG00000170099,SERPINA6,866,FALSE
ENSG00000170113,NIPA1,123606,FALSE
ENSG00000170142,UBE2E1,7324,FALSE
ENSG00000170144,HNRNPA3,220988,FALSE
ENSG00000170145,SIK2,23235,TRUE
ENSG00000170153,RNF150,57484,FALSE
ENSG00000170166,HOXD4,3233,FALSE
ENSG00000170175,CHRNB1,1140,FALSE
ENSG00000170185,USP38,84640,FALSE
ENSG00000170209,ANKK1,255239,FALSE
ENSG00000170214,ADRA1B,147,FALSE
ENSG00000170222,ADPRM,56985,FALSE
ENSG00000170234,PWWP2A,114825,FALSE
ENSG00000170242,USP47,55031,FALSE
ENSG00000170248,PDCD6IP,10015,FALSE
ENSG00000170260,ZNF212,7988,FALSE
ENSG00000170265,ZNF282,8427,TRUE
ENSG00000170271,FAXDC2,10826,FALSE
ENSG00000170291,ELP5,23587,TRUE
ENSG00000170293,CMTM8,152189,FALSE
ENSG00000170298,LGALS9B,284194,FALSE
ENSG00000170310,STX8,9482,FALSE
ENSG00000170312,CDK1,983,FALSE
ENSG00000170323,FABP4,2167,FALSE
ENSG00000170345,FOS,2353,FALSE
ENSG00000170364,SETMAR,6419,TRUE
ENSG00000170365,SMAD1,4086,FALSE
ENSG00000170381,SEMA3E,9723,FALSE
ENSG00000170417,TMEM182,130827,FALSE
ENSG00000170421,KRT8,3856,FALSE
ENSG00000170423,KRT78,196374,FALSE
ENSG00000170425,ADORA2B,136,FALSE
ENSG00000170430,MGMT,4255,FALSE
ENSG00000170445,HARS1,3035,FALSE
ENSG00000170458,CD14,929,FALSE
ENSG00000170464,DNAJC18,202052,FALSE
ENSG00000170469,SPATA24,202051,FALSE
ENSG00000170473,PYM1,84305,FALSE
ENSG00000170477,KRT4,3851,FALSE
ENSG00000170498,KISS1,3814,FALSE
ENSG00000170500,LONRF2,164832,FALSE
ENSG00000170502,NUDT9,53343,FALSE
ENSG00000170515,PA2G4,5036,TRUE
ENSG00000170522,ELOVL6,79071,FALSE
ENSG00000170525,PFKFB3,5209,FALSE
ENSG00000170537,TMC7,79905,FALSE
ENSG00000170542,SERPINB9,5272,FALSE
ENSG00000170545,SMAGP,57228,FALSE
ENSG00000170549,IRX1,79192,FALSE
ENSG00000170558,CDH2,1000,FALSE
ENSG00000170571,EMB,133418,FALSE
ENSG00000170577,SIX2,10736,FALSE
ENSG00000170581,STAT2,6773,FALSE
ENSG00000170584,NUDCD2,134492,FALSE
ENSG00000170606,HSPA4,3308,FALSE
ENSG00000170608,FOXA3,3171,FALSE
ENSG00000170619,COMMD5,28991,TRUE
ENSG00000170627,GTSF1,121355,FALSE
ENSG00000170631,ZNF16,7564,TRUE
ENSG00000170632,ARMC10,83787,FALSE
ENSG00000170633,RNF34,80196,TRUE
ENSG00000170638,TRABD,80305,FALSE
ENSG00000170653,ATF7,11016,FALSE
ENSG00000170677,SOCS6,9306,FALSE
ENSG00000170684,ZNF296,162979,FALSE
ENSG00000170734,POLH,5429,FALSE
ENSG00000170743,SYT9,143425,FALSE
ENSG00000170745,KCNS3,3790,TRUE
ENSG00000170779,CDCA4,55038,FALSE
ENSG00000170786,SDR16C5,195814,FALSE
ENSG00000170791,CHCHD7,79145,FALSE
ENSG00000170801,HTRA3,94031,FALSE
ENSG00000170836,PPM1D,8493,FALSE
ENSG00000170846,MRFAP1L2,93622,FALSE
ENSG00000170848,PSG6,5675,FALSE
ENSG00000170852,KBTBD2,25948,FALSE
ENSG00000170854,RIOX2,84864,FALSE
ENSG00000170876,TMEM43,79188,FALSE
ENSG00000170889,RPS9,6203,FALSE
ENSG00000170891,CYTL1,54360,FALSE
ENSG00000170892,TSEN34,79042,TRUE
ENSG00000170893,TRH,7200,FALSE
ENSG00000170899,GSTA4,2941,TRUE
ENSG00000170903,MSANTD4,84437,TRUE
ENSG00000170906,NDUFA3,4696,FALSE
ENSG00000170915,PAQR8,85315,FALSE
ENSG00000170917,NUDT6,11162,FALSE
ENSG00000170935,NCBP2L,392517,FALSE
ENSG00000170949,ZNF160,90338,FALSE
ENSG00000170954,ZNF415,55786,TRUE
ENSG00000170956,CEACAM3,1084,FALSE
ENSG00000170961,HAS2,3037,FALSE
ENSG00000170962,PDGFD,80310,FALSE
ENSG00000170989,S1PR1,1901,FALSE
ENSG00000171016,PYGO1,26108,FALSE
ENSG00000171017,LRRC8E,80131,FALSE
ENSG00000171033,PKIA,5569,TRUE
ENSG00000171044,XKR6,286046,FALSE
ENSG00000171051,FPR1,2357,FALSE
ENSG00000171055,FEZ2,9637,FALSE
ENSG00000171067,C11orf24,53838,FALSE
ENSG00000171097,KYAT1,883,TRUE
ENSG00000171100,MTM1,4534,FALSE
ENSG00000171103,TRMT61B,55006,FALSE
ENSG00000171105,INSR,3643,FALSE
ENSG00000171109,MFN1,55669,FALSE
ENSG00000171115,GIMAP8,155038,FALSE
ENSG00000171121,KCNMB3,27094,FALSE
ENSG00000171124,FUT3,2525,FALSE
ENSG00000171126,KCNG3,170850,FALSE
ENSG00000171130,ATP6V0E2,155066,FALSE
ENSG00000171148,TADA3,10474,FALSE
ENSG00000171150,SOCS5,9655,FALSE
ENSG00000171159,BBLN,79095,FALSE
ENSG00000171161,ZNF672,79894,FALSE
ENSG00000171163,ZNF692,55657,FALSE
ENSG00000171174,RBKS,64080,FALSE
ENSG00000171195,MUC7,4589,FALSE
ENSG00000171202,TMEM126A,84233,FALSE
ENSG00000171204,TMEM126B,55863,FALSE
ENSG00000171206,TRIM8,81603,FALSE
ENSG00000171208,NETO2,81831,FALSE
ENSG00000171224,FAM241B,219738,FALSE
ENSG00000171227,TMEM37,140738,FALSE
ENSG00000171234,UGT2B7,7364,FALSE
ENSG00000171246,NPTX1,4884,FALSE
ENSG00000171262,FAM98B,283742,FALSE
ENSG00000171291,ZNF439,90594,FALSE
ENSG00000171295,ZNF440,126070,FALSE
ENSG00000171298,GAA,2548,FALSE
ENSG00000171302,CANT1,124583,FALSE
ENSG00000171307,ZDHHC16,84287,FALSE
ENSG00000171310,CHST11,50515,FALSE
ENSG00000171311,EXOSC1,51013,FALSE
ENSG00000171314,PGAM1,5223,FALSE
ENSG00000171320,ESCO2,157570,FALSE
ENSG00000171346,KRT15,3866,FALSE
ENSG00000171365,CLCN5,1184,FALSE
ENSG00000171368,TPPP,11076,FALSE
ENSG00000171385,KCND3,3752,FALSE
ENSG00000171388,APLN,8862,FALSE
ENSG00000171401,KRT13,3860,FALSE
ENSG00000171421,MRPL36,64979,FALSE
ENSG00000171425,ZNF581,51545,FALSE
ENSG00000171428,NAT1,9,FALSE
ENSG00000171433,GLOD5,392465,FALSE
ENSG00000171443,ZNF524,147807,FALSE
ENSG00000171444,MCC,4163,FALSE
ENSG00000171448,ZBTB26,57684,FALSE
ENSG00000171451,DSEL,92126,FALSE
ENSG00000171453,POLR1C,9533,TRUE
ENSG00000171462,DLK2,65989,FALSE
ENSG00000171466,ZNF562,54811,FALSE
ENSG00000171469,ZNF561,93134,FALSE
ENSG00000171475,WIPF2,147179,FALSE
ENSG00000171476,HOPX,84525,FALSE
ENSG00000171488,LRRC8C,84230,FALSE
ENSG00000171490,RSL1D1,26156,TRUE
ENSG00000171492,LRRC8D,55144,FALSE
ENSG00000171497,PPID,5481,FALSE
ENSG00000171503,ETFDH,2110,FALSE
ENSG00000171517,LPAR3,23566,FALSE
ENSG00000171522,PTGER4,5734,FALSE
ENSG00000171530,TBCA,6902,FALSE
ENSG00000171533,MAP6,4135,FALSE
ENSG00000171551,ECEL1,9427,FALSE
ENSG00000171552,BCL2L1,598,FALSE
ENSG00000171557,FGG,2266,FALSE
ENSG00000171566,PLRG1,5356,FALSE
ENSG00000171570,,,FALSE
ENSG00000171604,CXXC5,51523,TRUE
ENSG00000171606,ZNF274,10782,FALSE
ENSG00000171612,SLC25A33,84275,FALSE
ENSG00000171617,ENC1,8507,FALSE
ENSG00000171621,SPSB1,80176,FALSE
ENSG00000171631,P2RY6,5031,TRUE
ENSG00000171649,ZIK1,284307,FALSE
ENSG00000171681,ATF7IP,55729,TRUE
ENSG00000171695,LKAAEAR1,198437,FALSE
ENSG00000171700,RGS19,10287,FALSE
ENSG00000171703,TCEA2,6919,FALSE
ENSG00000171714,ANO5,203859,FALSE
ENSG00000171720,HDAC3,8841,TRUE
ENSG00000171723,GPHN,10243,FALSE
ENSG00000171724,VAT1L,57687,FALSE
ENSG00000171729,TMEM51,55092,FALSE
ENSG00000171735,CAMTA1,23261,FALSE
ENSG00000171763,AFG2B,79029,FALSE
ENSG00000171766,GATM,2628,FALSE
ENSG00000171772,SYCE1,93426,FALSE
ENSG00000171790,SLFNL1,200172,FALSE
ENSG00000171792,RHNO1,83695,TRUE
ENSG00000171793,CTPS1,1503,FALSE
ENSG00000171806,METTL18,92342,TRUE
ENSG00000171813,PWWP2B,170394,FALSE
ENSG00000171817,ZNF540,163255,FALSE
ENSG00000171823,FBXL14,144699,FALSE
ENSG00000171824,EXOSC10,5394,FALSE
ENSG00000171827,ZNF570,148268,FALSE
ENSG00000171840,NINJ2,4815,FALSE
ENSG00000171843,MLLT3,4300,TRUE
ENSG00000171847,FAM90A1,55138,FALSE
ENSG00000171848,RRM2,6241,FALSE
ENSG00000171853,TRAPPC12,51112,TRUE
ENSG00000171861,MRM3,55178,FALSE
ENSG00000171862,PTEN,5728,FALSE
ENSG00000171863,RPS7,6201,FALSE
ENSG00000171865,RNASEH1,246243,FALSE
ENSG00000171867,PRNP,5621,FALSE
ENSG00000171903,CYP4F11,57834,FALSE
ENSG00000171914,TLN2,83660,FALSE
ENSG00000171916,LGALS9C,654346,FALSE
ENSG00000171928,TVP23B,51030,FALSE
ENSG00000171943,SRGAP2C,653464,FALSE
ENSG00000171953,ATPAF2,91647,FALSE
ENSG00000171954,CYP4F22,126410,FALSE
ENSG00000171960,PPIH,10465,FALSE
ENSG00000171962,DRC3,83450,FALSE
ENSG00000171970,ZNF57,126295,FALSE
ENSG00000171984,SHLD1,149840,FALSE
ENSG00000172000,ZNF556,80032,FALSE
ENSG00000172006,ZNF554,115196,FALSE
ENSG00000172007,RAB33B,83452,FALSE
ENSG00000172009,THOP1,7064,FALSE
ENSG00000172031,EPHX4,253152,FALSE
ENSG00000172046,USP19,10869,FALSE
ENSG00000172053,QARS1,5859,FALSE
ENSG00000172057,ORMDL3,94103,FALSE
ENSG00000172058,SERF1A,8293,FALSE
ENSG00000172059,KLF11,8462,FALSE
ENSG00000172062,SMN1,6606,FALSE
ENSG00000172071,EIF2AK3,9451,FALSE
ENSG00000172081,MOB3A,126308,FALSE
ENSG00000172086,KRCC1,51315,FALSE
ENSG00000172113,NME6,10201,FALSE
ENSG00000172123,SLFN12,55106,TRUE
ENSG00000172137,CALB2,794,FALSE
ENSG00000172164,SNTB1,6641,FALSE
ENSG00000172171,TEFM,79736,FALSE
ENSG00000172172,MRPL13,28998,FALSE
ENSG00000172175,MALT1,10892,FALSE
ENSG00000172183,ISG20,3669,FALSE
ENSG00000172197,MBOAT1,154141,FALSE
ENSG00000172201,ID4,3400,FALSE
ENSG00000172239,PAIP1,10605,FALSE
ENSG00000172243,CLEC7A,64581,FALSE
ENSG00000172269,DPAGT1,1798,FALSE
ENSG00000172270,BSG,682,FALSE
ENSG00000172273,HINFP,25988,TRUE
ENSG00000172292,CERS6,253782,FALSE
ENSG00000172296,SPTLC3,55304,FALSE
ENSG00000172301,COPRS,55352,FALSE
ENSG00000172315,TP53RK,112858,FALSE
ENSG00000172318,B3GALT1,8708,FALSE
ENSG00000172331,BPGM,669,TRUE
ENSG00000172339,ALG14,199857,FALSE
ENSG00000172340,SUCLG2,8801,FALSE
ENSG00000172345,STARD5,80765,FALSE
ENSG00000172346,CSDC2,27254,FALSE
ENSG00000172349,IL16,3603,FALSE
ENSG00000172354,GNB2,2783,FALSE
ENSG00000172366,MCRIP2,84331,FALSE
ENSG00000172375,C2CD2L,9854,FALSE
ENSG00000172380,GNG12,55970,FALSE
ENSG00000172382,PRSS27,83886,FALSE
ENSG00000172399,MYOZ2,51778,FALSE
ENSG00000172403,SYNPO2,171024,FALSE
ENSG00000172409,CLP1,10978,TRUE
ENSG00000172426,RSPH9,221421,FALSE
ENSG00000172432,GTPBP2,54676,FALSE
ENSG00000172456,FGGY,55277,FALSE
ENSG00000172458,IL17D,53342,FALSE
ENSG00000172461,FUT9,10690,FALSE
ENSG00000172466,ZNF24,7572,FALSE
ENSG00000172469,MANEA,79694,FALSE
ENSG00000172478,MAB21L4,79919,FALSE
ENSG00000172497,ACOT12,134526,FALSE
ENSG00000172500,FIBP,9158,FALSE
ENSG00000172530,BANP,54971,FALSE
ENSG00000172548,NIPAL4,348938,FALSE
ENSG00000172551,MUCL1,118430,FALSE
ENSG00000172572,PDE3A,5139,FALSE
ENSG00000172575,RASGRP1,10125,FALSE
ENSG00000172578,KLHL6,89857,FALSE
ENSG00000172586,CHCHD1,118487,FALSE
ENSG00000172590,MRPL52,122704,FALSE
ENSG00000172594,SMPDL3A,10924,FALSE
ENSG00000172602,RND1,27289,FALSE
ENSG00000172613,RAD9A,5883,FALSE
ENSG00000172638,EFEMP2,30008,FALSE
ENSG00000172661,WASHC2C,253725,FALSE
ENSG00000172663,TMEM134,80194,FALSE
ENSG00000172667,ZMAT3,64393,TRUE
ENSG00000172687,ZNF738,148203,FALSE
ENSG00000172716,SLFN11,91607,FALSE
ENSG00000172725,CORO1B,57175,FALSE
ENSG00000172728,POFUT3,84750,FALSE
ENSG00000172731,LRRC20,55222,FALSE
ENSG00000172732,MUS81,80198,FALSE
ENSG00000172738,TMEM217,221468,FALSE
ENSG00000172748,ZNF596,169270,TRUE
ENSG00000172771,EFCAB12,90288,FALSE
ENSG00000172775,PSME3IP1,80011,TRUE
ENSG00000172780,RAB43,339122,TRUE
ENSG00000172785,ZNG1A,55871,TRUE
ENSG00000172794,RAB37,326624,FALSE
ENSG00000172803,SNX32,254122,FALSE
ENSG00000172809,RPL38,6169,FALSE
ENSG00000172817,CYP7B1,9420,FALSE
ENSG00000172818,OVOL1,5017,FALSE
ENSG00000172819,RARG,5916,FALSE
ENSG00000172828,CES3,23491,FALSE
ENSG00000172830,SSH3,54961,FALSE
ENSG00000172831,CES2,8824,FALSE
ENSG00000172840,PDP2,57546,FALSE
ENSG00000172845,SP3,6670,FALSE
ENSG00000172878,METAP1D,254042,FALSE
ENSG00000172888,ZNF621,285268,FALSE
ENSG00000172889,EGFL7,51162,TRUE
ENSG00000172890,NADSYN1,55191,FALSE
ENSG00000172893,DHCR7,1717,FALSE
ENSG00000172922,RNASEH2C,84153,FALSE
ENSG00000172932,ANKRD13D,338692,TRUE
ENSG00000172935,MRGPRF,116535,FALSE
ENSG00000172936,MYD88,4615,FALSE
ENSG00000172939,OXSR1,9943,FALSE
ENSG00000172943,PHF8,23133,FALSE
ENSG00000172954,LCLAT1,253558,FALSE
ENSG00000172955,ADH6,130,FALSE
ENSG00000172977,KAT5,10524,FALSE
ENSG00000172986,GXYLT2,727936,FALSE
ENSG00000172992,DCAKD,79877,FALSE
ENSG00000173011,TADA2B,93624,FALSE
ENSG00000173013,CFAP184,257236,FALSE
ENSG00000173020,GRK2,156,FALSE
ENSG00000173039,RELA,5970,FALSE
ENSG00000173040,EVC2,132884,FALSE
ENSG00000173041,ZNF680,340252,TRUE
ENSG00000173065,FAM222B,55731,TRUE
ENSG00000173068,BNC2,54796,FALSE
ENSG00000173083,HPSE,10855,FALSE
ENSG00000173085,COQ2,27235,FALSE
ENSG00000173113,TRMT112,51504,FALSE
ENSG00000173114,LRRN3,54674,FALSE
ENSG00000173137,ADCK5,203054,FALSE
ENSG00000173141,MRPL57,78988,FALSE
ENSG00000173145,NOC3L,64318,FALSE
ENSG00000173153,ESRRA,2101,FALSE
ENSG00000173156,RHOD,29984,FALSE
ENSG00000173163,COMMD1,150684,FALSE
ENSG00000173166,RAPH1,65059,FALSE
ENSG00000173171,MTX1,4580,FALSE
ENSG00000173198,CYSLTR1,10800,FALSE
ENSG00000173200,PARP15,165631,TRUE
ENSG00000173207,CKS1B,1163,FALSE
ENSG00000173214,SLC60A2,91749,FALSE
ENSG00000173218,VANGL1,81839,FALSE
ENSG00000173221,GLRX,2745,FALSE
ENSG00000173226,IQCB1,9657,FALSE
ENSG00000173227,SYT12,91683,FALSE
ENSG00000173237,C11orf86,254439,FALSE
ENSG00000173253,DMRT2,10655,TRUE
ENSG00000173258,ZNF483,158399,FALSE
ENSG00000173262,SLC2A14,144195,FALSE
ENSG00000173264,GPR137,56834,FALSE
ENSG00000173267,SNCG,6623,FALSE
ENSG00000173269,MMRN2,79812,FALSE
ENSG00000173272,MZT2A,653784,FALSE
ENSG00000173273,TNKS,8658,FALSE
ENSG00000173275,ZNF449,203523,FALSE
ENSG00000173276,ZBTB21,49854,FALSE
ENSG00000173281,PPP1R3B,79660,FALSE
ENSG00000173320,STOX2,56977,FALSE
ENSG00000173327,MAP3K11,4296,FALSE
ENSG00000173334,TRIB1,10221,FALSE
ENSG00000173338,KCNK7,10089,FALSE
ENSG00000173349,SFT2D3,84826,FALSE
ENSG00000173376,NDNF,79625,FALSE
ENSG00000173391,OLR1,4973,FALSE
ENSG00000173402,DAG1,1605,FALSE
ENSG00000173409,ARV1,64801,TRUE
ENSG00000173418,NAA20,51126,FALSE
ENSG00000173432,SAA1,6288,FALSE
ENSG00000173436,MICOS10,440574,FALSE
ENSG00000173451,THAP2,83591,FALSE
ENSG00000173465,ZNRD2,10534,FALSE
ENSG00000173467,AGR3,155465,FALSE
ENSG00000173480,ZNF417,147687,FALSE
ENSG00000173486,FKBP2,2286,FALSE
ENSG00000173511,VEGFB,7423,FALSE
ENSG00000173530,TNFRSF10D,8793,FALSE
ENSG00000173535,TNFRSF10C,8794,FALSE
ENSG00000173540,GMPPB,29925,FALSE
ENSG00000173542,MOB1B,92597,FALSE
ENSG00000173548,SNX33,257364,FALSE
ENSG00000173559,NABP1,64859,FALSE
ENSG00000173575,CHD2,1106,TRUE
ENSG00000173581,CCDC106,29903,TRUE
ENSG00000173588,CEP83,51134,FALSE
ENSG00000173597,SULT1B1,27284,FALSE
ENSG00000173598,NUDT4,11163,FALSE
ENSG00000173599,PC,5091,FALSE
ENSG00000173614,NMNAT1,64802,FALSE
ENSG00000173621,LRFN4,78999,FALSE
ENSG00000173626,TRAPPC3L,100128327,FALSE
ENSG00000173638,SLC19A1,6573,FALSE
ENSG00000173641,HSPB7,27129,FALSE
ENSG00000173653,RCE1,9986,FALSE
ENSG00000173660,UQCRH,7388,FALSE
ENSG00000173662,TAS1R1,80835,FALSE
ENSG00000173674,EIF1AX,1964,FALSE
ENSG00000173698,ADGRG2,10149,FALSE
ENSG00000173705,SUSD5,26032,FALSE
ENSG00000173706,HEG1,57493,FALSE
ENSG00000173726,TOMM20,9804,FALSE
ENSG00000173744,AGFG1,3267,FALSE
ENSG00000173757,STAT5B,6777,FALSE
ENSG00000173762,CD7,924,FALSE
ENSG00000173786,CNP,1267,FALSE
ENSG00000173801,JUP,3728,FALSE
ENSG00000173805,HAP1,9001,FALSE
ENSG00000173812,EIF1,10209,FALSE
ENSG00000173818,ENDOV,284131,FALSE
ENSG00000173826,KCNH6,81033,FALSE
ENSG00000173838,MARCHF10,162333,FALSE
ENSG00000173846,PLK3,1263,FALSE
ENSG00000173848,NET1,10276,FALSE
ENSG00000173868,PHOSPHO1,162466,FALSE
ENSG00000173875,ZNF791,163049,FALSE
ENSG00000173890,GPR160,26996,FALSE
ENSG00000173894,CBX2,84733,FALSE
ENSG00000173905,GOLIM4,27333,FALSE
ENSG00000173914,RBM4B,83759,TRUE
ENSG00000173915,ATP5MK,84833,TRUE
ENSG00000173917,HOXB2,3212,FALSE
ENSG00000173918,C1QTNF1,114897,FALSE
ENSG00000173926,MARCHF3,115123,TRUE
ENSG00000173930,SLCO4C1,353189,FALSE
ENSG00000173933,RBM4,5936,TRUE
ENSG00000173947,CIMAP3,128344,FALSE
ENSG00000173950,XXYLT1,152002,FALSE
ENSG00000173960,UBXN2A,165324,FALSE
ENSG00000173992,CCS,9973,FALSE
ENSG00000174004,NRROS,375387,FALSE
ENSG00000174007,CEP19,84984,FALSE
ENSG00000174010,KLHL15,80311,FALSE
ENSG00000174021,GNG5,2787,TRUE
ENSG00000174032,SLC25A30,253512,FALSE
ENSG00000174059,CD34,947,FALSE
ENSG00000174080,CTSF,8722,FALSE
ENSG00000174099,MSRB3,253827,FALSE
ENSG00000174106,LEMD3,23592,FALSE
ENSG00000174109,UQCC4,283951,FALSE
ENSG00000174125,TLR1,7096,FALSE
ENSG00000174130,TLR6,10333,FALSE
ENSG00000174132,FAM174A,345757,FALSE
ENSG00000174136,RGMB,285704,FALSE
ENSG00000174156,GSTA3,2940,FALSE
ENSG00000174165,ZDHHC24,254359,FALSE
ENSG00000174175,SELP,6403,FALSE
ENSG00000174177,CTU2,348180,FALSE
ENSG00000174206,KICS2,144577,FALSE
ENSG00000174226,SNX31,169166,FALSE
ENSG00000174227,PIGG,54872,TRUE
ENSG00000174243,DDX23,9416,FALSE
ENSG00000174282,ZBTB4,57659,FALSE
ENSG00000174292,TNK1,8711,FALSE
ENSG00000174306,ZHX3,23051,FALSE
ENSG00000174327,SLC16A13,201232,FALSE
ENSG00000174348,PODN,127435,FALSE
ENSG00000174405,LIG4,3981,FALSE
ENSG00000174428,GTF2IRD2B,389524,TRUE
ENSG00000174442,ZWILCH,55055,FALSE
ENSG00000174444,RPL4,6124,FALSE
ENSG00000174446,SNAPC5,10302,FALSE
ENSG00000174456,C12orf76,400073,FALSE
ENSG00000174460,ZCCHC12,170261,FALSE
ENSG00000174469,CNTNAP2,26047,FALSE
ENSG00000174483,BBS1,582,FALSE
ENSG00000174500,GCSAM,257144,FALSE
ENSG00000174502,SLC26A9,115019,FALSE
ENSG00000174516,PELI3,246330,FALSE
ENSG00000174547,MRPL11,65003,FALSE
ENSG00000174564,IL20RB,53833,FALSE
ENSG00000174567,GOLT1A,127845,FALSE
ENSG00000174574,AKIRIN1,79647,FALSE
ENSG00000174579,MSL2,55167,FALSE
ENSG00000174600,CMKLR1,1240,FALSE
ENSG00000174607,UGT8,7368,FALSE
ENSG00000174628,IQCK,124152,FALSE
ENSG00000174640,SLCO2A1,6578,FALSE
ENSG00000174669,SLC29A2,3177,TRUE
ENSG00000174695,TMEM167A,153339,FALSE
ENSG00000174720,LARP7,51574,TRUE
ENSG00000174738,NR1D2,9975,FALSE
ENSG00000174744,BRMS1,25855,FALSE
ENSG00000174748,RPL15,6138,TRUE
ENSG00000174749,FAM241A,132720,FALSE
ENSG00000174775,HRAS,3265,TRUE
ENSG00000174791,RIN1,9610,TRUE
ENSG00000174792,ODAPH,152816,FALSE
ENSG00000174796,THAP6,152815,TRUE
ENSG00000174804,FZD4,8322,FALSE
ENSG00000174808,BTC,685,FALSE
ENSG00000174840,PDE12,201626,TRUE
ENSG00000174842,GLMN,11146,FALSE
ENSG00000174851,YIF1A,10897,FALSE
ENSG00000174876,AMY1B,277,FALSE
ENSG00000174886,NDUFA11,126328,TRUE
ENSG00000174891,RSRC1,51319,FALSE
ENSG00000174915,PTDSS2,81490,FALSE
ENSG00000174917,MICOS13,125988,FALSE
ENSG00000174928,C3orf33,285315,TRUE
ENSG00000174938,SEZ6L2,26470,FALSE
ENSG00000174939,ASPHD1,253982,FALSE
ENSG00000174943,KCTD13,253980,FALSE
ENSG00000174945,AMZ1,155185,FALSE
ENSG00000174950,CD164L2,388611,FALSE
ENSG00000174951,FUT1,2523,FALSE
ENSG00000174989,FBXW8,26259,FALSE
ENSG00000174996,KLC2,64837,FALSE
ENSG00000175029,CTBP2,1488,FALSE
ENSG00000175040,CHST2,9435,FALSE
ENSG00000175048,ZDHHC14,79683,FALSE
ENSG00000175063,UBE2C,11065,FALSE
ENSG00000175066,GK5,256356,FALSE
ENSG00000175073,VCPIP1,80124,FALSE
ENSG00000175087,PDIK1L,149420,FALSE
ENSG00000175104,TRAF6,7189,FALSE
ENSG00000175106,TVP23C,201158,FALSE
ENSG00000175110,MRPS22,56945,FALSE
ENSG00000175115,PACS1,55690,FALSE
ENSG00000175121,WFDC5,149708,FALSE
ENSG00000175130,MARCKSL1,65108,FALSE
ENSG00000175137,SH3BP5L,80851,FALSE
ENSG00000175155,YPEL2,388403,FALSE
ENSG00000175182,FAM131A,131408,FALSE
ENSG00000175183,CSRP2,1466,FALSE
ENSG00000175193,PARL,55486,TRUE
ENSG00000175197,DDIT3,1649,TRUE
ENSG00000175198,PCCA,5095,FALSE
ENSG00000175203,DCTN2,10540,FALSE
ENSG00000175206,NPPA,4878,FALSE
ENSG00000175213,ZNF408,79797,FALSE
ENSG00000175215,CTDSP2,10106,FALSE
ENSG00000175220,ARHGAP1,392,FALSE
ENSG00000175221,MED16,10025,FALSE
ENSG00000175224,ATG13,9776,FALSE
ENSG00000175264,CHST1,8534,FALSE
ENSG00000175274,TP53I11,9537,FALSE
ENSG00000175279,CENPS,378708,FALSE
ENSG00000175287,PHYHD1,254295,FALSE
ENSG00000175305,CCNE2,9134,TRUE
ENSG00000175309,PHYKPL,85007,FALSE
ENSG00000175318,GRAMD2A,196996,FALSE
ENSG00000175322,ZNF519,162655,FALSE
ENSG00000175324,LSM1,27257,FALSE
ENSG00000175334,BANF1,8815,FALSE
ENSG00000175344,CHRNA7,1139,FALSE
ENSG00000175348,TMEM9B,56674,FALSE
ENSG00000175352,NRIP3,56675,FALSE
ENSG00000175354,PTPN2,5771,FALSE
ENSG00000175376,EIF1AD,84285,FALSE
ENSG00000175387,SMAD2,4087,FALSE
ENSG00000175390,EIF3F,8665,FALSE
ENSG00000175395,ZNF25,219749,TRUE
ENSG00000175414,ARL10,285598,FALSE
ENSG00000175416,CLTB,1212,FALSE
ENSG00000175445,LPL,4023,FALSE
ENSG00000175449,RFESD,317671,FALSE
ENSG00000175455,CCDC14,64770,FALSE
ENSG00000175467,SART1,9092,FALSE
ENSG00000175470,PPP2R2D,55844,FALSE
ENSG00000175471,MCTP1,79772,FALSE
ENSG00000175482,POLD4,57804,FALSE
ENSG00000175489,LRRC25,126364,FALSE
ENSG00000175497,DPP10,57628,FALSE
ENSG00000175505,CLCF1,23529,FALSE
ENSG00000175536,LIPT2,387787,FALSE
ENSG00000175548,ALG10B,144245,FALSE
ENSG00000175550,DRAP1,10589,FALSE
ENSG00000175556,LONRF3,79836,FALSE
ENSG00000175564,UCP3,7352,FALSE
ENSG00000175573,C11orf68,83638,FALSE
ENSG00000175575,PAAF1,80227,TRUE
ENSG00000175581,MRPL48,51642,FALSE
ENSG00000175582,RAB6A,5870,FALSE
ENSG00000175591,P2RY2,5029,FALSE
ENSG00000175592,FOSL1,8061,TRUE
ENSG00000175595,ERCC4,2072,FALSE
ENSG00000175606,TMEM70,54968,FALSE
ENSG00000175634,RPS6KB2,6199,FALSE
ENSG00000175643,RMI2,116028,FALSE
ENSG00000175662,TOM1L2,146691,FALSE
ENSG00000175691,ZNF77,58492,FALSE
ENSG00000175707,KDF1,126695,FALSE
ENSG00000175711,QTGAL,146712,FALSE
ENSG00000175727,MLXIP,22877,FALSE
ENSG00000175756,AURKAIP1,54998,FALSE
ENSG00000175764,TTLL11,158135,FALSE
ENSG00000175768,TOMM5,401505,FALSE
ENSG00000175782,SLC35E3,55508,FALSE
ENSG00000175787,ZNF169,169841,FALSE
ENSG00000175792,RUVBL1,8607,FALSE
ENSG00000175806,MSRA,4482,FALSE
ENSG00000175826,CTDNEP1,23399,TRUE
ENSG00000175832,ETV4,2118,FALSE
ENSG00000175854,SWI5,375757,FALSE
ENSG00000175866,BAIAP2,10458,FALSE
ENSG00000175879,HOXD8,3234,FALSE
ENSG00000175893,ZDHHC21,340481,FALSE
ENSG00000175895,PLEKHF2,79666,FALSE
ENSG00000175899,A2M,2,FALSE
ENSG00000175928,LRRN1,57633,FALSE
ENSG00000175938,ORAI3,93129,FALSE
ENSG00000175946,KLHL38,340359,FALSE
ENSG00000175970,UNC119B,84747,FALSE
ENSG00000175985,PLEKHD1,400224,FALSE
ENSG00000176014,TUBB6,84617,FALSE
ENSG00000176018,LYSMD3,116068,FALSE
ENSG00000176022,B3GALT6,126792,FALSE
ENSG00000176024,ZNF613,79898,FALSE
ENSG00000176029,C11orf16,56673,FALSE
ENSG00000176046,NUPR1,26471,FALSE
ENSG00000176049,JAKMIP2,9832,FALSE
ENSG00000176055,MBLAC2,153364,FALSE
ENSG00000176058,TPRN,286262,FALSE
ENSG00000176087,SLC35A4,113829,FALSE
ENSG00000176095,IP6K1,9807,FALSE
ENSG00000176102,CSTF3,1479,FALSE
ENSG00000176105,YES1,7525,FALSE
ENSG00000176142,TMEM39A,55254,FALSE
ENSG00000176148,TCP11L1,55346,TRUE
ENSG00000176153,GPX2,2877,FALSE
ENSG00000176170,SPHK1,8877,FALSE
ENSG00000176171,BNIP3,664,FALSE
ENSG00000176182,MYPOP,339344,FALSE
ENSG00000176209,SMIM19,114926,FALSE
ENSG00000176248,ANAPC2,29882,FALSE
ENSG00000176261,ZBTB8OS,339487,FALSE
ENSG00000176273,SLC35G1,159371,TRUE
ENSG00000176371,ZSCAN2,54993,FALSE
ENSG00000176381,PRR18,285800,FALSE
ENSG00000176383,B3GNT4,79369,TRUE
ENSG00000176386,CDC26,246184,FALSE
ENSG00000176390,CRLF3,51379,FALSE
ENSG00000176393,RNPEP,6051,FALSE
ENSG00000176401,EID2B,126272,TRUE
ENSG00000176402,GJC3,349149,FALSE
ENSG00000176406,RIMS2,9699,FALSE
ENSG00000176407,KCMF1,56888,FALSE
ENSG00000176428,VPS37D,155382,FALSE
ENSG00000176438,SYNE3,161176,FALSE
ENSG00000176444,CLK2,1196,FALSE
ENSG00000176454,LPCAT4,254531,FALSE
ENSG00000176463,SLCO3A1,28232,FALSE
ENSG00000176472,ZNF575,284346,TRUE
ENSG00000176473,WDR25,79446,FALSE
ENSG00000176476,SGF29,112869,FALSE
ENSG00000176485,PLAAT3,11145,FALSE
ENSG00000176531,PHLDB3,653583,FALSE
ENSG00000176532,PRR15,222171,FALSE
ENSG00000176533,GNG7,2788,FALSE
ENSG00000176542,USF3,205717,FALSE
ENSG00000176597,B3GNT5,84002,FALSE
ENSG00000176601,MAP3K19,80122,FALSE
ENSG00000176619,LMNB2,84823,FALSE
ENSG00000176623,RMDN1,51115,FALSE
ENSG00000176624,MEX3C,51320,FALSE
ENSG00000176641,RNF152,220441,FALSE
ENSG00000176658,MYO1D,4642,FALSE
ENSG00000176678,FOXL1,2300,FALSE
ENSG00000176697,BDNF,627,FALSE
ENSG00000176714,CCDC121,79635,FALSE
ENSG00000176715,ACSF3,197322,FALSE
ENSG00000176720,BOK,666,FALSE
ENSG00000176723,ZNF843,283933,FALSE
ENSG00000176731,RBIS,401466,FALSE
ENSG00000176732,PFN4,375189,FALSE
ENSG00000176749,CDK5R1,8851,FALSE
ENSG00000176783,RUFY1,80230,FALSE
ENSG00000176842,IRX5,10265,FALSE
ENSG00000176853,FAM91A1,157769,FALSE
ENSG00000176871,WSB2,55884,FALSE
ENSG00000176887,SOX11,6664,FALSE
ENSG00000176890,TYMS,7298,TRUE
ENSG00000176894,PXMP2,5827,TRUE
ENSG00000176896,TCEANC,170082,FALSE
ENSG00000176915,ANKLE2,23141,TRUE
ENSG00000176919,C8G,733,FALSE
ENSG00000176920,FUT2,2524,FALSE
ENSG00000176928,GCNT4,51301,FALSE
ENSG00000176953,NFATC2IP,84901,FALSE
ENSG00000176971,FIBIN,387758,FALSE
ENSG00000176973,FAM89B,23625,FALSE
ENSG00000176974,SHMT1,6470,FALSE
ENSG00000176978,DPP7,29952,FALSE
ENSG00000176986,SEC24C,9632,FALSE
ENSG00000176994,SMCR8,140775,FALSE
ENSG00000177000,MTHFR,4524,FALSE
ENSG00000177030,DEAF1,10522,FALSE
ENSG00000177034,MTX3,345778,FALSE
ENSG00000177042,TMEM80,283232,FALSE
ENSG00000177045,SIX5,147912,FALSE
ENSG00000177051,FBXO46,23403,FALSE
ENSG00000177054,ZDHHC13,54503,FALSE
ENSG00000177058,SLC38A9,153129,TRUE
ENSG00000177076,ACER2,340485,FALSE
ENSG00000177082,WDR73,84942,FALSE
ENSG00000177096,PHETA2,150368,FALSE
ENSG00000177098,SCN4B,6330,FALSE
ENSG00000177105,RHOG,391,FALSE
ENSG00000177106,EPS8L2,64787,FALSE
ENSG00000177119,ANO6,196527,FALSE
ENSG00000177125,ZBTB34,403341,FALSE
ENSG00000177150,FAM210A,125228,TRUE
ENSG00000177156,TALDO1,6888,FALSE
ENSG00000177181,RIMKLA,284716,FALSE
ENSG00000177189,RPS6KA3,6197,FALSE
ENSG00000177191,B3GNT8,374907,FALSE
ENSG00000177192,PUS1,80324,FALSE
ENSG00000177239,MAN1B1,11253,FALSE
ENSG00000177272,KCNA3,3738,FALSE
ENSG00000177294,FBXO39,162517,FALSE
ENSG00000177302,TOP3A,7156,FALSE
ENSG00000177311,ZBTB38,253461,FALSE
ENSG00000177374,HIC1,3090,FALSE
ENSG00000177409,SAMD9L,219285,FALSE
ENSG00000177414,UBE2U,148581,FALSE
ENSG00000177425,PAWR,5074,FALSE
ENSG00000177426,TGIF1,7050,FALSE
ENSG00000177427,MIEF2,125170,FALSE
ENSG00000177453,NIM1K,167359,FALSE
ENSG00000177459,ERICH5,203111,FALSE
ENSG00000177463,NR2C2,7182,FALSE
ENSG00000177464,GPR4,2828,FALSE
ENSG00000177465,ACOT4,122970,FALSE
ENSG00000177469,CAVIN1,284119,FALSE
ENSG00000177479,ARIH2,10425,FALSE
ENSG00000177485,ZBTB33,10009,FALSE
ENSG00000177494,ZBED2,79413,FALSE
ENSG00000177542,SLC25A22,79751,FALSE
ENSG00000177548,RABEP2,79874,FALSE
ENSG00000177565,TBL1XR1,79718,FALSE
ENSG00000177570,SAMD12,401474,TRUE
ENSG00000177576,C18orf32,497661,FALSE
ENSG00000177595,PIDD1,55367,FALSE
ENSG00000177599,ZNF491,126069,FALSE
ENSG00000177600,RPLP2,6181,FALSE
ENSG00000177602,HASPIN,83903,FALSE
ENSG00000177628,GBA1,2629,FALSE
ENSG00000177646,ACAD9,28976,FALSE
ENSG00000177663,IL17RA,23765,FALSE
ENSG00000177674,AGTRAP,57085,FALSE
ENSG00000177683,THAP5,168451,FALSE
ENSG00000177692,DNAJC28,54943,FALSE
ENSG00000177697,CD151,977,FALSE
ENSG00000177706,FAM20C,56975,FALSE
ENSG00000177707,NECTIN3,25945,FALSE
ENSG00000177731,FLII,2314,FALSE
ENSG00000177732,SOX12,6666,FALSE
ENSG00000177830,CHID1,66005,FALSE
ENSG00000177842,ZNF620,253639,FALSE
ENSG00000177853,ZNF518A,9849,FALSE
ENSG00000177868,SVBP,374969,FALSE
ENSG00000177873,ZNF619,285267,FALSE
ENSG00000177879,AP3S1,1176,FALSE
ENSG00000177885,GRB2,2885,FALSE
ENSG00000177889,UBE2N,7334,FALSE
ENSG00000177917,ARL6IP6,151188,FALSE
ENSG00000177932,ZNF354C,30832,FALSE
ENSG00000177951,BET1L,51272,FALSE
ENSG00000177963,RIC8A,60626,FALSE
ENSG00000177981,ASB8,140461,TRUE
ENSG00000177984,LCN15,389812,FALSE
ENSG00000177989,CIMAP1B,440836,FALSE
ENSG00000177994,CIMIP6,129852,FALSE
ENSG00000178015,GPR150,285601,FALSE
ENSG00000178026,LRRC75B,388886,FALSE
ENSG00000178028,DMAP1,55929,TRUE
ENSG00000178031,ADAMTSL1,92949,FALSE
ENSG00000178035,IMPDH2,3615,FALSE
ENSG00000178038,ALS2CL,259173,FALSE
ENSG00000178053,MLF1,4291,FALSE
ENSG00000178057,NDUFAF3,25915,FALSE
ENSG00000178074,C2orf69,205327,FALSE
ENSG00000178075,GRAMD1C,54762,FALSE
ENSG00000178078,STAP2,55620,TRUE
ENSG00000178096,BOLA1,51027,FALSE
ENSG00000178104,PDE4DIP,9659,FALSE
ENSG00000178105,DDX10,1662,FALSE
ENSG00000178127,NDUFV2,4729,FALSE
ENSG00000178149,DALRD3,55152,FALSE
ENSG00000178150,ZNF114,163071,TRUE
ENSG00000178177,LCORL,254251,FALSE
ENSG00000178187,ZNF454,285676,FALSE
ENSG00000178188,SH2B1,25970,FALSE
ENSG00000178202,POGLUT3,143888,FALSE
ENSG00000178222,RNF212,285498,FALSE
ENSG00000178229,ZNF543,125919,FALSE
ENSG00000178234,GALNT11,63917,FALSE
ENSG00000178235,SLITRK1,114798,FALSE
ENSG00000178295,GEN1,348654,TRUE
ENSG00000178301,AQP11,282679,FALSE
ENSG00000178307,TMEM11,8834,FALSE
ENSG00000178338,ZNF354B,117608,FALSE
ENSG00000178342,KCNG2,26251,FALSE
ENSG00000178381,ZFAND2A,90637,TRUE
ENSG00000178385,PLEKHM3,389072,FALSE
ENSG00000178386,ZNF223,7766,FALSE
ENSG00000178409,BEND3,57673,FALSE
ENSG00000178425,NT5DC1,221294,FALSE
ENSG00000178445,GLDC,2731,FALSE
ENSG00000178449,COX14,84987,FALSE
ENSG00000178460,MCMDC2,157777,FALSE
ENSG00000178467,P4HTM,54681,FALSE
ENSG00000178498,DTX3,196403,FALSE
ENSG00000178502,KLHL11,55175,FALSE
ENSG00000178531,CTXN1,404217,FALSE
ENSG00000178537,SLC25A20,788,FALSE
ENSG00000178538,CA8,767,FALSE
ENSG00000178567,EPM2AIP1,9852,FALSE
ENSG00000178573,MAF,4094,FALSE
ENSG00000178585,CTNNBIP1,56998,FALSE
ENSG00000178597,PSAPL1,768239,FALSE
ENSG00000178602,OTOS,150677,FALSE
ENSG00000178605,GTPBP6,8225,FALSE
ENSG00000178607,ERN1,2081,FALSE
ENSG00000178623,GPR35,2859,FALSE
ENSG00000178662,CSRNP3,80034,FALSE
ENSG00000178685,PARP10,84875,FALSE
ENSG00000178694,NSUN3,63899,FALSE
ENSG00000178700,DHFR2,200895,FALSE
ENSG00000178718,RPP25,54913,FALSE
ENSG00000178719,GRINA,2907,FALSE
ENSG00000178726,THBD,7056,FALSE
ENSG00000178741,COX5A,9377,FALSE
ENSG00000178750,STX19,415117,FALSE
ENSG00000178761,FAM219B,57184,FALSE
ENSG00000178773,CPNE7,27132,FALSE
ENSG00000178776,C5orf46,389336,FALSE
ENSG00000178796,RIIAD1,284485,FALSE
ENSG00000178802,MPI,4351,FALSE
ENSG00000178814,OPLAH,26873,FALSE
ENSG00000178860,MSC,9242,FALSE
ENSG00000178882,RFLNA,144347,FALSE
ENSG00000178904,DPY19L3,147991,FALSE
ENSG00000178921,PFAS,5198,FALSE
ENSG00000178922,HYI,81888,FALSE
ENSG00000178927,CYBC1,79415,FALSE
ENSG00000178935,ZNF552,79818,FALSE
ENSG00000178947,SMIM10L2A,399668,FALSE
ENSG00000178950,GAK,2580,FALSE
ENSG00000178951,ZBTB7A,51341,FALSE
ENSG00000178966,RMI1,80010,FALSE
ENSG00000178971,CTC1,80169,FALSE
ENSG00000178974,FBXO34,55030,FALSE
ENSG00000178982,EIF3K,27335,FALSE
ENSG00000178988,MRFAP1L1,114932,TRUE
ENSG00000178996,SNX18,112574,FALSE
ENSG00000178999,AURKB,9212,FALSE
ENSG00000179010,MRFAP1,93621,FALSE
ENSG00000179021,C3orf38,285237,FALSE
ENSG00000179023,KLHDC7A,127707,FALSE
ENSG00000179029,TMEM107,84314,TRUE
ENSG00000179044,EXOC3L1,283849,FALSE
ENSG00000179051,RCC2,55920,FALSE
ENSG00000179059,ZFP42,132625,FALSE
ENSG00000179083,FAM133A,286499,FALSE
ENSG00000179091,CYC1,1537,FALSE
ENSG00000179111,HES7,84667,FALSE
ENSG00000179119,SPTY2D1,144108,FALSE
ENSG00000179134,SAMD4B,55095,FALSE
ENSG00000179148,ALOXE3,59344,FALSE
ENSG00000179151,EDC3,80153,FALSE
ENSG00000179152,TCAIM,285343,FALSE
ENSG00000179163,FUCA1,2517,FALSE
ENSG00000179178,TMEM125,128218,FALSE
ENSG00000179195,ZNF664,144348,FALSE
ENSG00000179218,CALR,811,FALSE
ENSG00000179222,MAGED1,9500,FALSE
ENSG00000179240,GVQW3,100506127,FALSE
ENSG00000179241,LDLRAD3,143458,FALSE
ENSG00000179262,RAD23A,5886,FALSE
ENSG00000179304,FAM156A,29057,FALSE
ENSG00000179314,WSCD1,23302,FALSE
ENSG00000179335,CLK3,1198,FALSE
ENSG00000179344,HLA-DQB1,3119,FALSE
ENSG00000179348,GATA2,2624,FALSE
ENSG00000179361,ARID3B,10620,FALSE
ENSG00000179364,PACS2,23241,FALSE
ENSG00000179387,ELMOD2,255520,FALSE
ENSG00000179403,VWA1,64856,FALSE
ENSG00000179409,GEMIN4,50628,FALSE
ENSG00000179454,KLHL28,54813,FALSE
ENSG00000179476,DORIP1,122525,FALSE
ENSG00000179526,SHARPIN,81858,TRUE
ENSG00000179542,SLITRK4,139065,FALSE
ENSG00000179546,HTR1D,3352,FALSE
ENSG00000179593,ALOX15B,247,FALSE
ENSG00000179598,PLD6,201164,FALSE
ENSG00000179604,CDC42EP4,23580,FALSE
ENSG00000179627,ZBTB42,100128927,FALSE
ENSG00000179630,LACC1,144811,FALSE
ENSG00000179632,MAF1,84232,FALSE
ENSG00000179750,APOBEC3B,9582,FALSE
ENSG00000179776,CDH5,1003,FALSE
ENSG00000179813,FAM216B,144809,FALSE
ENSG00000179820,MYADM,91663,FALSE
ENSG00000179826,MRGPRX3,117195,FALSE
ENSG00000179832,MROH1,727957,FALSE
ENSG00000179833,SERTAD2,9792,FALSE
ENSG00000179855,GIPC3,126326,FALSE
ENSG00000179859,RNF227,284023,FALSE
ENSG00000179886,TIGD5,84948,FALSE
ENSG00000179889,PDXDC1,23042,FALSE
ENSG00000179902,CFAP276,127003,FALSE
ENSG00000179909,ZNF154,7710,FALSE
ENSG00000179913,B3GNT3,10331,FALSE
ENSG00000179914,ITLN1,55600,FALSE
ENSG00000179922,ZNF784,147808,FALSE
ENSG00000179941,BBS10,79738,FALSE
ENSG00000179943,FIZ1,84922,FALSE
ENSG00000179950,PUF60,22827,FALSE
ENSG00000179965,ZNF771,51333,FALSE
ENSG00000179981,TSHZ1,10194,FALSE
ENSG00000179988,PSTK,118672,TRUE
ENSG00000180008,SOCS4,122809,FALSE
ENSG00000180035,ZNF48,197407,FALSE
ENSG00000180098,TRNAU1AP,54952,FALSE
ENSG00000180104,EXOC3,11336,FALSE
ENSG00000180155,LYNX1,66004,FALSE
ENSG00000180182,MED14,9282,FALSE
ENSG00000180190,TDRP,157695,TRUE
ENSG00000180198,RCC1,1104,FALSE
ENSG00000180228,PRKRA,8575,FALSE
ENSG00000180233,ZNRF2,223082,FALSE
ENSG00000180257,ZNF816,125893,FALSE
ENSG00000180263,FGD6,55785,FALSE
ENSG00000180287,PLD5,200150,FALSE
ENSG00000180318,ALX1,8092,FALSE
ENSG00000180329,CCDC43,124808,FALSE
ENSG00000180332,KCTD4,386618,FALSE
ENSG00000180340,FZD2,2535,FALSE
ENSG00000180353,HCLS1,3059,FALSE
ENSG00000180354,MTURN,222166,FALSE
ENSG00000180370,PAK2,5062,FALSE
ENSG00000180376,CCDC66,285331,FALSE
ENSG00000180398,MCFD2,90411,FALSE
ENSG00000180423,HARBI1,283254,FALSE
ENSG00000180447,GAS1,2619,FALSE
ENSG00000180448,ARHGAP45,23526,FALSE
ENSG00000180479,ZNF571,51276,FALSE
ENSG00000180481,GLIPR1L2,144321,FALSE
ENSG00000180488,MIGA1,374986,FALSE
ENSG00000180509,KCNE1,3753,FALSE
ENSG00000180530,NRIP1,8204,FALSE
ENSG00000180537,RNF182,221687,FALSE
ENSG00000180543,TSPYL5,85453,FALSE
ENSG00000180573,H2AC6,8334,FALSE
ENSG00000180596,H2BC4,8347,FALSE
ENSG00000180611,MB21D2,151963,FALSE
ENSG00000180626,ZNF594,84622,FALSE
ENSG00000180638,SLC47A2,146802,FALSE
ENSG00000180667,YOD1,55432,FALSE
ENSG00000180694,TMEM64,169200,FALSE
ENSG00000180720,CHRM4,1132,FALSE
ENSG00000180730,SHISA2,387914,FALSE
ENSG00000180739,S1PR5,53637,TRUE
ENSG00000180773,SLC36A4,120103,FALSE
ENSG00000180787,ZFP3,124961,FALSE
ENSG00000180801,ARSJ,79642,FALSE
ENSG00000180817,PPA1,5464,FALSE
ENSG00000180822,PSMG4,389362,FALSE
ENSG00000180834,MAP6D1,79929,FALSE
ENSG00000180855,ZNF443,10224,FALSE
ENSG00000180871,CXCR2,3579,FALSE
ENSG00000180875,GREM2,64388,FALSE
ENSG00000180879,SSR4,6748,FALSE
ENSG00000180884,ZNF792,126375,FALSE
ENSG00000180891,CUEDC1,404093,FALSE
ENSG00000180902,D2HGDH,728294,FALSE
ENSG00000180914,OXTR,5021,FALSE
ENSG00000180917,CMTR2,55783,FALSE
ENSG00000180938,ZNF572,137209,FALSE
ENSG00000180964,TCEAL8,90843,TRUE
ENSG00000180979,LRRC57,255252,FALSE
ENSG00000180988,OR52N2,390077,FALSE
ENSG00000180992,MRPL14,64928,FALSE
ENSG00000180998,GPR137C,283554,FALSE
ENSG00000181004,BBS12,166379,FALSE
ENSG00000181007,ZFP82,284406,FALSE
ENSG00000181019,NQO1,1728,FALSE
ENSG00000181026,AEN,64782,FALSE
ENSG00000181027,FKRP,79147,FALSE
ENSG00000181029,TRAPPC5,126003,FALSE
ENSG00000181031,RPH3AL,9501,FALSE
ENSG00000181035,SLC25A42,284439,FALSE
ENSG00000181038,METTL23,124512,FALSE
ENSG00000181045,SLC26A11,284129,FALSE
ENSG00000181061,HIGD1A,25994,FALSE
ENSG00000181085,MAPK15,225689,FALSE
ENSG00000181104,F2R,2149,FALSE
ENSG00000181135,ZNF707,286075,FALSE
ENSG00000181163,NPM1,4869,FALSE
ENSG00000181191,PJA1,64219,FALSE
ENSG00000181192,DHTKD1,55526,FALSE
ENSG00000181195,PENK,5179,FALSE
ENSG00000181220,ZNF746,155061,FALSE
ENSG00000181264,TLCD5,219902,FALSE
ENSG00000181284,TMEM102,284114,FALSE
ENSG00000181315,ZNF322,79692,FALSE
ENSG00000181350,LRRC75A,388341,FALSE
ENSG00000181374,CCL13,6357,FALSE
ENSG00000181378,CFAP65,255101,FALSE
ENSG00000181392,SYNE4,163183,FALSE
ENSG00000181396,OGFOD3,79701,FALSE
ENSG00000181444,ZNF467,168544,FALSE
ENSG00000181450,ZNF678,339500,TRUE
ENSG00000181458,TMEM45A,55076,FALSE
ENSG00000181467,RAP2B,5912,FALSE
ENSG00000181472,ZBTB2,57621,FALSE
ENSG00000181481,RNF135,84282,FALSE
ENSG00000181513,ACBD4,79777,FALSE
ENSG00000181523,SGSH,6448,FALSE
ENSG00000181577,LINC03040,221416,FALSE
ENSG00000181585,TMIE,259236,FALSE
ENSG00000181625,SLX1B,79008,FALSE
ENSG00000181634,TNFSF15,9966,FALSE
ENSG00000181638,ZFP41,286128,FALSE
ENSG00000181666,ZNF875,284459,TRUE
ENSG00000181690,PLAG1,5324,FALSE
ENSG00000181704,YIPF6,286451,FALSE
ENSG00000181744,DIPK2A,205428,FALSE
ENSG00000181751,MACIR,90355,FALSE
ENSG00000181754,AMIGO1,57463,FALSE
ENSG00000181773,GPR3,2827,FALSE
ENSG00000181781,CIMAP1D,284451,FALSE
ENSG00000181804,SLC9A9,285195,FALSE
ENSG00000181817,LSM10,84967,FALSE
ENSG00000181826,RELL1,768211,FALSE
ENSG00000181827,RFX7,64864,FALSE
ENSG00000181830,SLC35C1,55343,FALSE
ENSG00000181852,RNF41,10193,FALSE
ENSG00000181856,SLC2A4,6517,FALSE
ENSG00000181885,CLDN7,1366,FALSE
ENSG00000181896,ZNF101,94039,FALSE
ENSG00000181904,C5orf24,134553,FALSE
ENSG00000181915,ADO,84890,FALSE
ENSG00000181924,COA4,51287,FALSE
ENSG00000181929,PRKAG1,5571,FALSE
ENSG00000181938,GINS3,64785,FALSE
ENSG00000181982,CCDC149,91050,FALSE
ENSG00000181991,MRPS11,64963,FALSE
ENSG00000182004,SNRPE,6635,FALSE
ENSG00000182010,RTKN2,219790,FALSE
ENSG00000182013,PNMA8A,55228,FALSE
ENSG00000182040,USH1G,124590,FALSE
ENSG00000182054,IDH2,3418,FALSE
ENSG00000182087,TMEM259,91304,FALSE
ENSG00000182103,FAM181B,220382,FALSE
ENSG00000182108,DEXI,28955,FALSE
ENSG00000182117,NOP10,55505,FALSE
ENSG00000182118,FAM89A,375061,FALSE
ENSG00000182134,TDRKH,11022,FALSE
ENSG00000182141,ZNF708,7562,FALSE
ENSG00000182149,IST1,9798,FALSE
ENSG00000182150,ERCC6L2,375748,FALSE
ENSG00000182158,CREB3L2,64764,FALSE
ENSG00000182173,TSEN54,283989,TRUE
ENSG00000182175,RGMA,56963,FALSE
ENSG00000182179,UBA7,7318,FALSE
ENSG00000182180,MRPS16,51021,FALSE
ENSG00000182183,SHISAL2A,348378,FALSE
ENSG00000182195,LDOC1,23641,FALSE
ENSG00000182196,ARL6IP4,51329,FALSE
ENSG00000182199,SHMT2,6472,FALSE
ENSG00000182218,HHIPL1,84439,FALSE
ENSG00000182224,CYB5D1,124637,TRUE
ENSG00000182240,BACE2,25825,FALSE
ENSG00000182253,SYNM,23336,FALSE
ENSG00000182261,NLRP10,338322,FALSE
ENSG00000182263,FIGN,55137,FALSE
ENSG00000182287,AP1S2,8905,FALSE
ENSG00000182307,C8orf33,65265,FALSE
ENSG00000182318,ZSCAN22,342945,TRUE
ENSG00000182324,KCNJ14,3770,FALSE
ENSG00000182325,FBXL6,26233,FALSE
ENSG00000182326,C1S,716,FALSE
ENSG00000182359,KBTBD3,143879,TRUE
ENSG00000182362,YBEY,54059,FALSE
ENSG00000182372,CLN8,2055,FALSE
ENSG00000182379,NXPH4,11247,FALSE
ENSG00000182389,CACNB4,785,FALSE
ENSG00000182400,TRAPPC6B,122553,FALSE
ENSG00000182446,NPLOC4,55666,FALSE
ENSG00000182473,EXOC7,23265,FALSE
ENSG00000182481,KPNA2,3838,FALSE
ENSG00000182489,XKRX,402415,FALSE
ENSG00000182492,BGN,633,FALSE
ENSG00000182511,FES,2242,TRUE
ENSG00000182518,VCF2,90736,FALSE
ENSG00000182534,MXRA7,439921,FALSE
ENSG00000182541,LIMK2,3985,FALSE
ENSG00000182552,RWDD4,201965,FALSE
ENSG00000182557,SPNS3,201305,FALSE
ENSG00000182568,SATB1,6304,FALSE
ENSG00000182580,EPHB3,2049,FALSE
ENSG00000182585,EPGN,255324,FALSE
ENSG00000182606,TRAK1,22906,TRUE
ENSG00000182612,TSPAN10,83882,FALSE
ENSG00000182628,SKA2,348235,FALSE
ENSG00000182685,BRICD5,283870,FALSE
ENSG00000182712,CMC4,100272147,FALSE
ENSG00000182718,ANXA2,302,FALSE
ENSG00000182749,PAQR7,164091,FALSE
ENSG00000182782,HCAR2,338442,FALSE
ENSG00000182795,C1orf116,79098,FALSE
ENSG00000182809,CRIP2,1397,FALSE
ENSG00000182827,ACBD3,64746,FALSE
ENSG00000182831,HAPSTR1,29035,FALSE
ENSG00000182853,VMO1,284013,FALSE
ENSG00000182858,ALG12,79087,FALSE
ENSG00000182866,LCK,3932,FALSE
ENSG00000182870,GALNT9,50614,FALSE
ENSG00000182872,RBM10,8241,FALSE
ENSG00000182890,GLUD2,2747,FALSE
ENSG00000182899,RPL35A,6165,FALSE
ENSG00000182903,ZNF721,170960,FALSE
ENSG00000182916,TCEAL7,56849,FALSE
ENSG00000182919,BKGD,28970,FALSE
ENSG00000182923,CEP63,80254,FALSE
ENSG00000182934,SRPRA,6734,FALSE
ENSG00000182938,OTOP3,347741,FALSE
ENSG00000182944,EWSR1,2130,FALSE
ENSG00000182950,CIMAP1C,161753,FALSE
ENSG00000182952,HMGN4,10473,FALSE
ENSG00000182963,GJC1,10052,FALSE
ENSG00000182973,CNOT10,25904,TRUE
ENSG00000182979,MTA1,9112,FALSE
ENSG00000182993,C12orf60,144608,FALSE
ENSG00000183010,PYCR1,5831,FALSE
ENSG00000183011,NAA38,84316,FALSE
ENSG00000183018,SPNS2,124976,FALSE
ENSG00000183020,AP2A2,161,FALSE
ENSG00000183034,OTOP2,92736,FALSE
ENSG00000183036,PCP4,5121,FALSE
ENSG00000183044,ABAT,18,FALSE
ENSG00000183048,SLC25A10,1468,FALSE
ENSG00000183060,LYSMD4,145748,FALSE
ENSG00000183087,GAS6,2621,FALSE
ENSG00000183092,BEGAIN,57596,FALSE
ENSG00000183111,ARHGEF37,389337,FALSE
ENSG00000183137,CEP57L1,285753,FALSE
ENSG00000183145,RIPPLY3,53820,FALSE
ENSG00000183150,GPR19,2842,FALSE
ENSG00000183153,GJD3,125111,FALSE
ENSG00000183160,TMEM119,338773,FALSE
ENSG00000183161,FANCF,2188,FALSE
ENSG00000183172,SMDT1,91689,FALSE
ENSG00000183196,CHST6,4166,FALSE
ENSG00000183207,RUVBL2,10856,FALSE
ENSG00000183208,GDPGP1,390637,TRUE
ENSG00000183255,PTTG1IP,754,FALSE
ENSG00000183258,DDX41,51428,FALSE
ENSG00000183273,CCDC60,160777,FALSE
ENSG00000183283,DAZAP2,9802,TRUE
ENSG00000183287,CCBE1,147372,FALSE
ENSG00000183291,SELENOF,9403,FALSE
ENSG00000183309,ZNF623,9831,FALSE
ENSG00000183336,BOLA2,552900,FALSE
ENSG00000183346,CABCOCO1,219621,FALSE
ENSG00000183347,GBP6,163351,FALSE
ENSG00000183386,FHL3,2275,FALSE
ENSG00000183395,PMCH,5367,FALSE
ENSG00000183401,CCDC159,126075,FALSE
ENSG00000183421,RIPK4,54101,FALSE
ENSG00000183431,SF3A3,10946,FALSE
ENSG00000183439,TRIM61,391712,FALSE
ENSG00000183474,GTF2H2C,728340,FALSE
ENSG00000183475,ASB7,140460,FALSE
ENSG00000183486,MX2,4600,FALSE
ENSG00000183496,MEX3B,84206,FALSE
ENSG00000183508,TENT5C,54855,FALSE
ENSG00000183513,COA5,493753,FALSE
ENSG00000183520,UTP11,51118,FALSE
ENSG00000183527,PSMG1,8624,FALSE
ENSG00000183549,ACSM5,54988,FALSE
ENSG00000183569,SERHL2,253190,FALSE
ENSG00000183576,SETD3,84193,FALSE
ENSG00000183578,TNFAIP8L3,388121,FALSE
ENSG00000183580,FBXL7,23194,FALSE
ENSG00000183605,SFXN4,119559,FALSE
ENSG00000183607,GKN2,200504,TRUE
ENSG00000183617,MRPL54,116541,FALSE
ENSG00000183624,HMCES,56941,FALSE
ENSG00000183628,DGCR6,8214,FALSE
ENSG00000183644,HOATZ,399949,FALSE
ENSG00000183647,ZNF530,348327,FALSE
ENSG00000183648,NDUFB1,4707,FALSE
ENSG00000183655,KLHL25,64410,FALSE
ENSG00000183665,TYW2,55039,FALSE
ENSG00000183668,PSG9,5678,FALSE
ENSG00000183671,CMKLR2,2825,FALSE
ENSG00000183682,BMP8A,353500,FALSE
ENSG00000183684,ALYREF,10189,FALSE
ENSG00000183688,RFLNB,359845,FALSE
ENSG00000183690,EFHC2,80258,FALSE
ENSG00000183696,UPP1,7378,FALSE
ENSG00000183718,TRIM52,84851,FALSE
ENSG00000183723,CMTM4,146223,FALSE
ENSG00000183726,TMEM50A,23585,FALSE
ENSG00000183734,ASCL2,430,FALSE
ENSG00000183735,TBK1,29110,FALSE
ENSG00000183741,CBX6,23466,FALSE
ENSG00000183742,MACC1,346389,FALSE
ENSG00000183751,TBL3,10607,FALSE
ENSG00000183760,ACP7,390928,FALSE
ENSG00000183762,KREMEN1,83999,FALSE
ENSG00000183763,TRAIP,10293,TRUE
ENSG00000183765,CHEK2,11200,TRUE
ENSG00000183778,B3GALT5,10317,FALSE
ENSG00000183779,ZNF703,80139,FALSE
ENSG00000183780,SLC35F3,148641,FALSE
ENSG00000183785,TUBA8,51807,FALSE
ENSG00000183801,OLFML1,283298,FALSE
ENSG00000183807,FAM162B,221303,FALSE
ENSG00000183808,RBM12B,389677,FALSE
ENSG00000183814,LIN9,286826,FALSE
ENSG00000183826,BTBD9,114781,FALSE
ENSG00000183828,NUDT14,256281,FALSE
ENSG00000183831,ANKRD45,339416,FALSE
ENSG00000183833,CFAP91,89876,FALSE
ENSG00000183837,PNMA3,29944,FALSE
ENSG00000183844,FAM3B,54097,FALSE
ENSG00000183850,ZNF730,100129543,FALSE
ENSG00000183853,KIRREL1,55243,FALSE
ENSG00000183864,TOB2,10766,FALSE
ENSG00000183888,SRARP,149563,FALSE
ENSG00000183891,TTC32,130502,FALSE
ENSG00000183943,PRKX,5613,FALSE
ENSG00000183963,SMTN,6525,FALSE
ENSG00000183979,NPB,256933,FALSE
ENSG00000184007,PTP4A2,8073,FALSE
ENSG00000184009,ACTG1,71,FALSE
ENSG00000184012,TMPRSS2,7113,FALSE
ENSG00000184047,DIABLO,56616,FALSE
ENSG00000184056,VPS33B,26276,FALSE
ENSG00000184058,TBX1,6899,FALSE
ENSG00000184060,ADAP2,55803,FALSE
ENSG00000184076,UQCR10,29796,TRUE
ENSG00000184083,FAM120C,54954,FALSE
ENSG00000184110,EIF3C,8663,FALSE
ENSG00000184117,NIPSNAP1,8508,FALSE
ENSG00000184154,LRRC51,120356739,FALSE
ENSG00000184156,KCNQ3,3786,FALSE
ENSG00000184162,NR2C2AP,126382,FALSE
ENSG00000184163,C1QTNF12,388581,FALSE
ENSG00000184164,CRELD2,79174,FALSE
ENSG00000184182,UBE2F,140739,FALSE
ENSG00000184185,KCNJ12,3768,FALSE
ENSG00000184194,GPR173,54328,FALSE
ENSG00000184203,PPP1R2,5504,FALSE
ENSG00000184205,TSPYL2,64061,FALSE
ENSG00000184207,PGP,283871,FALSE
ENSG00000184209,SNRNP35,11066,FALSE
ENSG00000184226,PCDH9,5101,FALSE
ENSG00000184227,ACOT1,641371,FALSE
ENSG00000184232,OAF,220323,FALSE
ENSG00000184254,ALDH1A3,220,TRUE
ENSG00000184277,TM2D3,80213,TRUE
ENSG00000184281,TSSC4,10078,TRUE
ENSG00000184307,ZDHHC23,254887,FALSE
ENSG00000184363,PKP3,11187,FALSE
ENSG00000184371,CSF1,1435,FALSE
ENSG00000184378,ACTRT3,84517,FALSE
ENSG00000184381,PLA2G6,8398,FALSE
ENSG00000184402,SS18L1,26039,FALSE
ENSG00000184428,TOP1MT,116447,FALSE
ENSG00000184432,COPB2,9276,FALSE
ENSG00000184436,THAP7,80764,FALSE
ENSG00000184451,CCR10,2826,FALSE
ENSG00000184454,NCMAP,400746,FALSE
ENSG00000184470,TXNRD2,10587,FALSE
ENSG00000184481,FOXO4,4303,FALSE
ENSG00000184489,PTP4A3,11156,FALSE
ENSG00000184497,TMEM255B,348013,FALSE
ENSG00000184500,PROS1,5627,FALSE
ENSG00000184508,HDDC3,374659,FALSE
ENSG00000184515,BEX5,340542,FALSE
ENSG00000184517,ZFP1,162239,FALSE
ENSG00000184545,DUSP8,1850,FALSE
ENSG00000184557,SOCS3,9021,FALSE
ENSG00000184564,SLITRK6,84189,FALSE
ENSG00000184574,LPAR5,57121,FALSE
ENSG00000184575,XPOT,11260,FALSE
ENSG00000184584,STING1,340061,FALSE
ENSG00000184588,PDE4B,5142,FALSE
ENSG00000184599,TAFA3,284467,FALSE
ENSG00000184619,KRABD2,124751,FALSE
ENSG00000184635,ZNF93,81931,FALSE
ENSG00000184661,CDCA2,157313,FALSE
ENSG00000184677,ZBTB40,9923,FALSE
ENSG00000184678,H2BC21,8349,FALSE
ENSG00000184702,SEPTIN5,5413,FALSE
ENSG00000184708,EIF4ENIF1,56478,FALSE
ENSG00000184731,FAM110C,642273,FALSE
ENSG00000184743,ATL3,25923,FALSE
ENSG00000184752,NDUFA12,55967,FALSE
ENSG00000184785,SMIM10,644538,FALSE
ENSG00000184828,ZBTB7C,201501,FALSE
ENSG00000184831,APOO,79135,FALSE
ENSG00000184857,TMEM186,25880,FALSE
ENSG00000184860,SDR42E1,93517,FALSE
ENSG00000184863,RBM33,155435,FALSE
ENSG00000184867,ARMCX2,9823,FALSE
ENSG00000184887,BTBD6,90135,FALSE
ENSG00000184897,H1-10,8971,FALSE
ENSG00000184898,RBM43,375287,FALSE
ENSG00000184911,DMRTC1B,728656,FALSE
ENSG00000184923,NUTM2A,728118,FALSE
ENSG00000184967,NOC4L,79050,FALSE
ENSG00000184979,USP18,11274,FALSE
ENSG00000184986,TMEM121,80757,FALSE
ENSG00000184988,TMEM106A,113277,FALSE
ENSG00000184990,SIVA1,10572,FALSE
ENSG00000184992,BRI3BP,140707,FALSE
ENSG00000185000,DGAT1,8694,FALSE
ENSG00000185009,AP3M1,26985,FALSE
ENSG00000185015,CA13,377677,FALSE
ENSG00000185019,UBOX5,22888,FALSE
ENSG00000185024,BRF1,2972,FALSE
ENSG00000185033,SEMA4B,10509,FALSE
ENSG00000185043,CIB1,10519,FALSE
ENSG00000185049,NELFA,7469,FALSE
ENSG00000185055,EFCAB10,100130771,FALSE
ENSG00000185070,FLRT2,23768,FALSE
ENSG00000185085,INTS5,80789,FALSE
ENSG00000185088,RPS27L,51065,FALSE
ENSG00000185090,MANEAL,149175,FALSE
ENSG00000185100,ADSS1,122622,FALSE
ENSG00000185101,ANO9,338440,FALSE
ENSG00000185112,FAM43A,131583,FALSE
ENSG00000185122,HSF1,3297,FALSE
ENSG00000185127,C6orf120,387263,FALSE
ENSG00000185129,PURA,5813,FALSE
ENSG00000185133,INPP5J,27124,FALSE
ENSG00000185163,DDX51,317781,FALSE
ENSG00000185164,NOMO2,283820,FALSE
ENSG00000185187,SIGIRR,59307,TRUE
ENSG00000185189,NRBP2,340371,FALSE
ENSG00000185219,ZNF445,353274,FALSE
ENSG00000185220,PGBD2,267002,FALSE
ENSG00000185222,TCEAL9,51186,FALSE
ENSG00000185236,RAB11B,9230,FALSE
ENSG00000185238,PRMT3,10196,FALSE
ENSG00000185246,PRPF39,55015,FALSE
ENSG00000185250,PPIL6,285755,FALSE
ENSG00000185252,ZNF74,7625,FALSE
ENSG00000185261,KIAA0825,285600,FALSE
ENSG00000185267,CDNF,441549,FALSE
ENSG00000185269,NOTUM,147111,FALSE
ENSG00000185272,RBM11,54033,FALSE
ENSG00000185278,ZBTB37,84614,FALSE
ENSG00000185291,IL3RA,3563,FALSE
ENSG00000185298,CCDC137,339230,FALSE
ENSG00000185304,RGPD2,729857,FALSE
ENSG00000185305,ARL15,54622,FALSE
ENSG00000185306,C12orf56,115749,FALSE
ENSG00000185324,CDK10,8558,FALSE
ENSG00000185338,SOCS1,8651,FALSE
ENSG00000185339,TCN2,6948,FALSE
ENSG00000185340,GAS2L1,10634,FALSE
ENSG00000185344,ATP6V0A2,23545,TRUE
ENSG00000185347,TEDC1,283643,FALSE
ENSG00000185359,HGS,9146,FALSE
ENSG00000185361,TNFAIP8L1,126282,FALSE
ENSG00000185379,RAD51D,5892,TRUE
ENSG00000185386,MAPK11,5600,FALSE
ENSG00000185404,SP140L,93349,TRUE
ENSG00000185414,MRPL30,51263,FALSE
ENSG00000185418,TARS3,123283,FALSE
ENSG00000185432,TMT1A,25840,FALSE
ENSG00000185436,IFNLR1,163702,FALSE
ENSG00000185437,SH3BGR,6450,FALSE
ENSG00000185467,KPNA7,402569,FALSE
ENSG00000185475,TMEM179B,374395,FALSE
ENSG00000185480,PARPBP,55010,FALSE
ENSG00000185504,FAAP100,80233,FALSE
ENSG00000185507,IRF7,3665,FALSE
ENSG00000185518,SV2B,9899,FALSE
ENSG00000185519,FAM131C,348487,FALSE
ENSG00000185527,PDE6G,5148,FALSE
ENSG00000185561,TLCD2,727910,FALSE
ENSG00000185585,OLFML2A,169611,FALSE
ENSG00000185591,SP1,6667,FALSE
ENSG00000185614,INKA1,389119,FALSE
ENSG00000185619,PCGF3,10336,FALSE
ENSG00000185621,LMLN,89782,FALSE
ENSG00000185627,PSMD13,5719,FALSE
ENSG00000185633,COXFA4L2,56901,FALSE
ENSG00000185634,SHC4,399694,FALSE
ENSG00000185652,NTF3,4908,FALSE
ENSG00000185658,BRWD1,54014,FALSE
ENSG00000185664,PMEL,6490,FALSE
ENSG00000185670,ZBTB3,79842,FALSE
ENSG00000185674,LYG2,254773,FALSE
ENSG00000185716,MOSMO,730094,FALSE
ENSG00000185721,DRG1,4733,FALSE
ENSG00000185722,ANKFY1,51479,FALSE
ENSG00000185730,ZNF696,79943,FALSE
ENSG00000185745,IFIT1,3434,FALSE
ENSG00000185753,CXorf38,159013,TRUE
ENSG00000185774,KCNIP4,80333,FALSE
ENSG00000185798,WDR53,348793,TRUE
ENSG00000185803,SLC52A2,79581,FALSE
ENSG00000185808,PIGP,51227,FALSE
ENSG00000185811,IKZF1,10320,FALSE
ENSG00000185813,PCYT2,5833,FALSE
ENSG00000185825,BCAP31,10134,FALSE
ENSG00000185829,ARL17A,51326,TRUE
ENSG00000185838,GNB1L,54584,FALSE
ENSG00000185842,DNAH14,127602,FALSE
ENSG00000185862,EVI2B,2124,FALSE
ENSG00000185869,ZNF829,374899,FALSE
ENSG00000185873,TMPRSS11B,132724,FALSE
ENSG00000185875,THNSL1,79896,TRUE
ENSG00000185885,IFITM1,8519,FALSE
ENSG00000185900,POMK,84197,FALSE
ENSG00000185909,KLHDC8B,200942,FALSE
ENSG00000185946,RNPC3,55599,FALSE
ENSG00000185947,ZNF267,10308,FALSE
ENSG00000185963,BICD2,23299,FALSE
ENSG00000185966,LCE3E,353145,FALSE
ENSG00000185973,TMLHE,55217,FALSE
ENSG00000185989,RASA3,22821,FALSE
ENSG00000186001,LRCH3,84859,FALSE
ENSG00000186010,NDUFA13,51079,FALSE
ENSG00000186017,ZNF566,84924,FALSE
ENSG00000186026,ZNF284,342909,FALSE
ENSG00000186063,AIDA,64853,FALSE
ENSG00000186073,CDIN1,84529,FALSE
ENSG00000186074,CD300LF,146722,FALSE
ENSG00000186081,KRT5,3852,FALSE
ENSG00000186088,GSAP,54103,FALSE
ENSG00000186104,CYP2R1,120227,FALSE
ENSG00000186106,ANKRD46,157567,FALSE
ENSG00000186111,PIP5K1C,23396,FALSE
ENSG00000186130,ZBTB6,10773,FALSE
ENSG00000186132,C2orf76,130355,FALSE
ENSG00000186141,POLR3C,10623,FALSE
ENSG00000186153,WWOX,51741,FALSE
ENSG00000186166,CENATAC,338657,FALSE
ENSG00000186184,POLR1D,51082,FALSE
ENSG00000186185,KIF18B,146909,FALSE
ENSG00000186187,ZNRF1,84937,FALSE
ENSG00000186197,EDARADD,128178,FALSE
ENSG00000186198,SLC51B,123264,FALSE
ENSG00000186204,CYP4F12,66002,FALSE
ENSG00000186205,MTARC1,64757,FALSE
ENSG00000186212,SOWAHB,345079,FALSE
ENSG00000186226,LCE1E,353135,FALSE
ENSG00000186260,MRTFB,57496,FALSE
ENSG00000186272,ZNF17,7565,FALSE
ENSG00000186280,KDM4D,55693,FALSE
ENSG00000186281,GPAT2,150763,FALSE
ENSG00000186283,TOR3A,64222,FALSE
ENSG00000186297,GABRA5,2558,FALSE
ENSG00000186298,PPP1CC,5501,FALSE
ENSG00000186300,ZNF555,148254,FALSE
ENSG00000186314,PRELID2,153768,FALSE
ENSG00000186318,BACE1,23621,FALSE
ENSG00000186340,THBS2,7058,FALSE
ENSG00000186350,RXRA,6256,FALSE
ENSG00000186352,ANKRD37,353322,FALSE
ENSG00000186376,ZNF75D,7626,FALSE
ENSG00000186377,CYP4X1,260293,FALSE
ENSG00000186416,NKRF,55922,FALSE
ENSG00000186417,GLDN,342035,FALSE
ENSG00000186446,ZNF501,115560,FALSE
ENSG00000186448,ZNF197,10168,FALSE
ENSG00000186453,FAM228A,653140,FALSE
ENSG00000186468,RPS23,6228,FALSE
ENSG00000186469,GNG2,54331,FALSE
ENSG00000186470,BTN3A2,11118,FALSE
ENSG00000186474,KLK12,43849,FALSE
ENSG00000186479,RGS7BP,401190,FALSE
ENSG00000186480,INSIG1,3638,FALSE
ENSG00000186496,ZNF396,252884,FALSE
ENSG00000186501,TMEM222,84065,FALSE
ENSG00000186522,SEPTIN10,151011,FALSE
ENSG00000186523,FAM86B1,85002,FALSE
ENSG00000186529,CYP4F3,4051,FALSE
ENSG00000186532,SMYD4,114826,FALSE
ENSG00000186566,GPATCH8,23131,FALSE
ENSG00000186567,CEACAM19,56971,FALSE
ENSG00000186575,NF2,4771,FALSE
ENSG00000186577,SMIM29,221491,TRUE
ENSG00000186591,UBE2H,7328,FALSE
ENSG00000186625,KATNA1,11104,FALSE
ENSG00000186635,ARAP1,116985,FALSE
ENSG00000186642,PDE2A,5138,FALSE
ENSG00000186654,PRR5,55615,FALSE
ENSG00000186660,ZFP91,80829,FALSE
ENSG00000186665,C17orf58,284018,FALSE
ENSG00000186684,CYP27C1,339761,FALSE
ENSG00000186687,LYRM7,90624,FALSE
ENSG00000186710,CFAP73,387885,FALSE
ENSG00000186716,BCR,613,FALSE
ENSG00000186765,FSCN2,25794,FALSE
ENSG00000186766,FOXI2,399823,FALSE
ENSG00000186787,SPIN2B,474343,TRUE
ENSG00000186792,HYAL3,8372,FALSE
ENSG00000186812,ZNF397,84307,FALSE
ENSG00000186815,TPCN1,53373,FALSE
ENSG00000186832,KRT16,3868,FALSE
ENSG00000186834,HEXIM1,10614,FALSE
ENSG00000186847,KRT14,3861,FALSE
ENSG00000186854,TRABD2A,129293,FALSE
ENSG00000186866,POFUT2,23275,FALSE
ENSG00000186867,QRFPR,84109,FALSE
ENSG00000186868,MAPT,4137,FALSE
ENSG00000186871,ERCC6L,54821,FALSE
ENSG00000186889,TMEM17,200728,FALSE
ENSG00000186891,TNFRSF18,8784,FALSE
ENSG00000186907,RTN4RL2,349667,FALSE
ENSG00000186908,ZDHHC17,23390,FALSE
ENSG00000186951,PPARA,5465,FALSE
ENSG00000186973,CFAP144,440585,FALSE
ENSG00000186998,EMID1,129080,FALSE
ENSG00000187024,PTRH1,138428,FALSE
ENSG00000187049,TMEM216,51259,FALSE
ENSG00000187051,RPS19BP1,91582,FALSE
ENSG00000187054,TMPRSS11A,339967,FALSE
ENSG00000187079,TEAD1,7003,FALSE
ENSG00000187091,PLCD1,5333,FALSE
ENSG00000187094,CCK,885,FALSE
ENSG00000187097,ENTPD5,957,FALSE
ENSG00000187098,MITF,4286,TRUE
ENSG00000187109,NAP1L1,4673,TRUE
ENSG00000187118,CMC1,152100,FALSE
ENSG00000187123,LYPD6,130574,FALSE
ENSG00000187134,AKR1C1,1645,FALSE
ENSG00000187151,ANGPTL5,253935,FALSE
ENSG00000187164,SHTN1,57698,FALSE
ENSG00000187186,LOC730098,730098,FALSE
ENSG00000187187,ZNF546,339327,FALSE
ENSG00000187189,TSPYL4,23270,FALSE
ENSG00000187231,SESTD1,91404,FALSE
ENSG00000187239,FNBP1,23048,FALSE
ENSG00000187243,MAGED4B,81557,TRUE
ENSG00000187244,BCAM,4059,FALSE
ENSG00000187260,WDR86,349136,FALSE
ENSG00000187266,EPOR,2057,FALSE
ENSG00000187325,TAF9B,51616,FALSE
ENSG00000187446,CHP1,11261,FALSE
ENSG00000187510,PLEKHG7,440107,FALSE
ENSG00000187513,GJA4,2701,FALSE
ENSG00000187514,PTMA,5757,FALSE
ENSG00000187522,HSPA14,51182,FALSE
ENSG00000187531,SIRT7,51547,FALSE
ENSG00000187546,AGMO,392636,FALSE
ENSG00000187554,TLR5,7100,FALSE
ENSG00000187583,PLEKHN1,84069,FALSE
ENSG00000187609,EXD3,54932,FALSE
ENSG00000187624,LIAT1,400566,FALSE
ENSG00000187626,ZKSCAN4,387032,TRUE
ENSG00000187630,DHRS4L2,317749,FALSE
ENSG00000187650,VMAC,400673,FALSE
ENSG00000187676,B3GLCT,145173,FALSE
ENSG00000187678,SPRY4,81848,FALSE
ENSG00000187688,TRPV2,51393,FALSE
ENSG00000187699,AKAP19,84281,FALSE
ENSG00000187726,DNAJB13,374407,FALSE
ENSG00000187730,GABRD,2563,FALSE
ENSG00000187733,AMY1C,278,TRUE
ENSG00000187735,TCEA1,6917,FALSE
ENSG00000187736,NHEJ1,79840,FALSE
ENSG00000187741,FANCA,2175,FALSE
ENSG00000187778,MCRS1,10445,FALSE
ENSG00000187790,FANCM,57697,FALSE
ENSG00000187792,ZNF70,7621,FALSE
ENSG00000187796,CARD9,64170,FALSE
ENSG00000187800,PEAR1,375033,FALSE
ENSG00000187815,ZFP69,339559,FALSE
ENSG00000187824,TMEM220,388335,FALSE
ENSG00000187838,PLSCR3,57048,TRUE
ENSG00000187848,P2RX2,22953,FALSE
ENSG00000187860,CCDC157,550631,FALSE
ENSG00000187866,PABIR1,116224,FALSE
ENSG00000187867,PALM3,342979,FALSE
ENSG00000187889,FYB2,199920,FALSE
ENSG00000187942,LDLRAD2,401944,FALSE
ENSG00000187954,ZFTRAF1,50626,FALSE
ENSG00000187957,DNER,92737,FALSE
ENSG00000187961,KLHL17,339451,FALSE
ENSG00000187994,RINL,126432,FALSE
ENSG00000188001,TPRG1,285386,FALSE
ENSG00000188010,MORN2,729967,FALSE
ENSG00000188015,S100A3,6274,TRUE
ENSG00000188026,RILPL1,353116,FALSE
ENSG00000188033,ZNF490,57474,FALSE
ENSG00000188060,RAB42,115273,FALSE
ENSG00000188064,WNT7B,7477,FALSE
ENSG00000188089,PLA2G4E,123745,FALSE
ENSG00000188092,GPR89B,51463,FALSE
ENSG00000188112,C6orf132,647024,FALSE
ENSG00000188171,ZNF626,199777,FALSE
ENSG00000188175,HEPACAM2,253012,FALSE
ENSG00000188186,LAMTOR4,389541,FALSE
ENSG00000188191,PRKAR1B,5575,FALSE
ENSG00000188211,NCR3LG1,374383,FALSE
ENSG00000188215,DCUN1D3,123879,FALSE
ENSG00000188223,,,FALSE
ENSG00000188229,TUBB4B,10383,FALSE
ENSG00000188234,AGAP4,119016,FALSE
ENSG00000188243,COMMD6,170622,FALSE
ENSG00000188266,HYKK,123688,FALSE
ENSG00000188290,HES4,57801,FALSE
ENSG00000188293,IGFL1,374918,FALSE
ENSG00000188295,ZNF669,79862,FALSE
ENSG00000188313,PLSCR1,5359,FALSE
ENSG00000188322,SBK1,388228,FALSE
ENSG00000188342,GTF2F2,2963,FALSE
ENSG00000188352,FOCAD,54914,FALSE
ENSG00000188368,PRR19,284338,FALSE
ENSG00000188372,ZP3,7784,FALSE
ENSG00000188373,GPR15LG,387695,FALSE
ENSG00000188396,DYNLT4,343521,FALSE
ENSG00000188404,SELL,6402,FALSE
ENSG00000188419,CHM,1121,FALSE
ENSG00000188428,BLOC1S5,63915,FALSE
ENSG00000188452,CERKL,375298,FALSE
ENSG00000188483,IER5L,389792,FALSE
ENSG00000188488,SERPINA5,5104,FALSE
ENSG00000188493,ACTMAP,284325,FALSE
ENSG00000188523,CFAP77,389799,FALSE
ENSG00000188529,SRSF10,10772,TRUE
ENSG00000188542,DUSP28,285193,FALSE
ENSG00000188549,CCDC9B,388115,FALSE
ENSG00000188554,NBR1,4077,FALSE
ENSG00000188566,NDOR1,27158,FALSE
ENSG00000188582,PAQR9,344838,FALSE
ENSG00000188585,CLEC20A,400797,FALSE
ENSG00000188603,CLN3,1201,FALSE
ENSG00000188610,FAM72B,653820,FALSE
ENSG00000188613,NANOS1,340719,FALSE
ENSG00000188636,RTL6,84247,FALSE
ENSG00000188641,DPYD,1806,FALSE
ENSG00000188643,S100A16,140576,FALSE
ENSG00000188647,PTAR1,375743,FALSE
ENSG00000188677,PARVB,29780,FALSE
ENSG00000188690,UROS,7390,FALSE
ENSG00000188706,ZDHHC9,51114,FALSE
ENSG00000188725,SMIM15,643155,FALSE
ENSG00000188729,OSTN,344901,FALSE
ENSG00000188732,FAM221A,340277,TRUE
ENSG00000188735,TMEM120B,144404,FALSE
ENSG00000188739,RBM34,23029,TRUE
ENSG00000188747,NOXA1,10811,FALSE
ENSG00000188760,TMEM198,130612,FALSE
ENSG00000188761,BCL2L15,440603,FALSE
ENSG00000188783,PRELP,5549,FALSE
ENSG00000188785,ZNF548,147694,FALSE
ENSG00000188786,MTF1,4520,FALSE
ENSG00000188807,TMEM201,199953,FALSE
ENSG00000188811,NHLRC3,387921,TRUE
ENSG00000188833,ENTPD8,377841,FALSE
ENSG00000188846,RPL14,9045,FALSE
ENSG00000188859,FAM78B,149297,FALSE
ENSG00000188868,ZNF563,147837,FALSE
ENSG00000188883,KLRG2,346689,FALSE
ENSG00000188895,MSL1,339287,FALSE
ENSG00000188910,GJB3,2707,FALSE
ENSG00000188917,TRMT2B,79979,FALSE
ENSG00000188921,HACD4,401494,FALSE
ENSG00000188931,CFAP126,257177,FALSE
ENSG00000188938,FAM120AOS,158293,FALSE
ENSG00000188958,UTS2B,257313,FALSE
ENSG00000188959,C9orf152,401546,FALSE
ENSG00000188976,NOC2L,26155,FALSE
ENSG00000188986,NELFB,25920,FALSE
ENSG00000188994,ZNF292,23036,FALSE
ENSG00000188997,KCTD21,283219,FALSE
ENSG00000189001,SBSN,374897,FALSE
ENSG00000189007,ADAT2,134637,FALSE
ENSG00000189042,ZNF567,163081,FALSE
ENSG00000189043,COXFA4,4697,FALSE
ENSG00000189046,ALKBH2,121642,TRUE
ENSG00000189050,RNFT1,51136,FALSE
ENSG00000189057,FAM111B,374393,TRUE
ENSG00000189060,H1-0,3005,FALSE
ENSG00000189067,LITAF,9516,TRUE
ENSG00000189077,TMEM120A,83862,FALSE
ENSG00000189079,ARID2,196528,FALSE
ENSG00000189091,SF3B3,23450,FALSE
ENSG00000189114,BLOC1S3,388552,FALSE
ENSG00000189120,SP6,80320,FALSE
ENSG00000189127,ANKRD34B,340120,FALSE
ENSG00000189129,PLAC9,219348,FALSE
ENSG00000189144,ZNF573,126231,FALSE
ENSG00000189152,GRAPL,400581,FALSE
ENSG00000189157,FAM47E,100129583,FALSE
ENSG00000189159,JPT1,51155,FALSE
ENSG00000189164,ZNF527,84503,FALSE
ENSG00000189171,S100A13,6284,TRUE
ENSG00000189180,ZNF33A,7581,TRUE
ENSG00000189184,PCDH18,54510,FALSE
ENSG00000189190,ZNF600,162966,FALSE
ENSG00000189221,MAOA,4128,FALSE
ENSG00000189227,C15orf61,145853,FALSE
ENSG00000189280,GJB5,2709,FALSE
ENSG00000189292,ALKAL2,285016,FALSE
ENSG00000189298,ZKSCAN3,80317,FALSE
ENSG00000189306,RRP7A,27341,FALSE
ENSG00000189308,LIN54,132660,FALSE
ENSG00000189319,FAM53B,9679,FALSE
ENSG00000189320,FAM180A,389558,FALSE
ENSG00000189325,BNIP5,389384,FALSE
ENSG00000189334,S100A14,57402,FALSE
ENSG00000189337,KAZN,23254,FALSE
ENSG00000189339,SLC35E2B,728661,FALSE
ENSG00000189362,NEMP2,100131211,FALSE
ENSG00000189367,KIAA0408,9729,FALSE
ENSG00000189369,GSPT2,23708,FALSE
ENSG00000189376,C8orf76,84933,FALSE
ENSG00000189409,MMP23B,8510,FALSE
ENSG00000189410,SH2D5,400745,FALSE
ENSG00000189433,GJB4,127534,FALSE
ENSG00000196072,BLOC1S2,282991,FALSE
ENSG00000196081,ZNF724,440519,FALSE
ENSG00000196083,IL1RAP,3556,FALSE
ENSG00000196104,SPOCK3,50859,FALSE
ENSG00000196110,ZNF699,374879,FALSE
ENSG00000196116,TDRD7,23424,FALSE
ENSG00000196118,CFAP119,90835,FALSE
ENSG00000196126,HLA-DRB1,3123,FALSE
ENSG00000196136,SERPINA3,12,FALSE
ENSG00000196141,SPATS2L,26010,FALSE
ENSG00000196150,ZNF250,58500,FALSE
ENSG00000196151,WDSUB1,151525,FALSE
ENSG00000196169,KIF19,124602,FALSE
ENSG00000196172,ZNF681,148213,FALSE
ENSG00000196177,ACADSB,36,FALSE
ENSG00000196182,STK40,83931,FALSE
ENSG00000196187,TMEM63A,9725,FALSE
ENSG00000196188,CTSE,1510,FALSE
ENSG00000196189,SEMA4A,64218,FALSE
ENSG00000196214,ZNF766,90321,FALSE
ENSG00000196227,FAM217B,63939,FALSE
ENSG00000196233,LCOR,84458,TRUE
ENSG00000196235,SUPT5H,6829,FALSE
ENSG00000196247,ZNF107,51427,FALSE
ENSG00000196262,PPIA,5478,FALSE
ENSG00000196263,ZNF471,57573,FALSE
ENSG00000196267,ZNF836,162962,FALSE
ENSG00000196275,GTF2IRD2,84163,TRUE
ENSG00000196290,NIF3L1,60491,FALSE
ENSG00000196305,IARS1,3376,FALSE
ENSG00000196323,ZBTB44,29068,TRUE
ENSG00000196329,GIMAP5,55340,FALSE
ENSG00000196335,STK31,56164,FALSE
ENSG00000196337,CGB7,94027,FALSE
ENSG00000196344,ADH7,131,FALSE
ENSG00000196345,ZKSCAN7,55888,FALSE
ENSG00000196352,CD55,1604,FALSE
ENSG00000196357,ZNF565,147929,FALSE
ENSG00000196358,NTNG2,84628,FALSE
ENSG00000196363,WDR5,11091,TRUE
ENSG00000196368,NUDT11,55190,FALSE
ENSG00000196371,FUT4,2526,FALSE
ENSG00000196372,ASB13,79754,FALSE
ENSG00000196378,ZNF34,80778,TRUE
ENSG00000196387,ZNF140,7699,FALSE
ENSG00000196388,INCA1,388324,FALSE
ENSG00000196391,ZNF774,342132,FALSE
ENSG00000196396,PTPN1,5770,FALSE
ENSG00000196405,EVL,51466,FALSE
ENSG00000196417,ZNF765,91661,FALSE
ENSG00000196418,ZNF124,7678,TRUE
ENSG00000196419,XRCC6,2547,TRUE
ENSG00000196422,PPP1R26,9858,FALSE
ENSG00000196428,TSC22D2,9819,FALSE
ENSG00000196437,ZNF569,148266,TRUE
ENSG00000196449,YRDC,79693,FALSE
ENSG00000196455,PIK3R4,30849,FALSE
ENSG00000196456,ZNF775,285971,FALSE
ENSG00000196459,TRAPPC2,6399,TRUE
ENSG00000196465,MYL6B,140465,TRUE
ENSG00000196466,ZNF799,90576,FALSE
ENSG00000196468,FGF16,8823,FALSE
ENSG00000196470,SIAH1,6477,FALSE
ENSG00000196476,C20orf96,140680,FALSE
ENSG00000196497,IPO4,79711,FALSE
ENSG00000196502,SULT1A1,6817,FALSE
ENSG00000196503,ARL9,132946,FALSE
ENSG00000196505,GDAP2,54834,TRUE
ENSG00000196507,TCEAL3,85012,FALSE
ENSG00000196510,ANAPC7,51434,TRUE
ENSG00000196511,TPK1,27010,FALSE
ENSG00000196517,SLC6A9,6536,FALSE
ENSG00000196526,AFAP1,60312,FALSE
ENSG00000196531,NACA,4666,FALSE
ENSG00000196542,SPTSSB,165679,FALSE
ENSG00000196544,BORCS6,54785,FALSE
ENSG00000196549,MME,4311,FALSE
ENSG00000196550,FAM72A,729533,FALSE
ENSG00000196562,SULF2,55959,FALSE
ENSG00000196569,LAMA2,3908,FALSE
ENSG00000196581,AJAP1,55966,FALSE
ENSG00000196584,XRCC2,7516,FALSE
ENSG00000196591,HDAC2,3066,FALSE
ENSG00000196597,ZNF782,158431,FALSE
ENSG00000196605,ZNF846,162993,FALSE
ENSG00000196611,MMP1,4312,FALSE
ENSG00000196620,UGT2B15,7366,FALSE
ENSG00000196628,TCF4,6925,FALSE
ENSG00000196636,SDHAF3,57001,FALSE
ENSG00000196639,HRH1,3269,TRUE
ENSG00000196642,RABL6,55684,FALSE
ENSG00000196646,ZNF136,7695,FALSE
ENSG00000196653,ZNF502,91392,FALSE
ENSG00000196655,TRAPPC4,51399,FALSE
ENSG00000196660,SLC30A10,55532,FALSE
ENSG00000196670,ZFP62,643836,TRUE
ENSG00000196678,ERI2,112479,FALSE
ENSG00000196683,TOMM7,54543,FALSE
ENSG00000196684,HSH2D,84941,FALSE
ENSG00000196700,ZNF512B,57473,FALSE
ENSG00000196704,AMZ2,51321,TRUE
ENSG00000196705,ZNF431,170959,FALSE
ENSG00000196711,ALKAL1,389658,FALSE
ENSG00000196715,VKORC1L1,154807,FALSE
ENSG00000196735,HLA-DQA1,3117,FALSE
ENSG00000196743,GM2A,2760,FALSE
ENSG00000196754,S100A2,6273,FALSE
ENSG00000196757,ZNF700,90592,FALSE
ENSG00000196776,CD47,961,FALSE
ENSG00000196787,H2AC11,8969,FALSE
ENSG00000196792,STRN3,29966,FALSE
ENSG00000196812,ZSCAN16,80345,FALSE
ENSG00000196814,MVB12B,89853,FALSE
ENSG00000196821,ILRUN,64771,FALSE
ENSG00000196839,ADA,100,FALSE
ENSG00000196843,ARID5A,10865,FALSE
ENSG00000196850,PPTC7,160760,FALSE
ENSG00000196865,NHLRC2,374354,FALSE
ENSG00000196867,ZFP28,140612,FALSE
ENSG00000196873,ZNG1B,150472,TRUE
ENSG00000196878,LAMB3,3914,FALSE
ENSG00000196890,H2BC26,128312,FALSE
ENSG00000196911,KPNA5,3841,TRUE
ENSG00000196923,PDLIM7,9260,FALSE
ENSG00000196943,NOP9,161424,FALSE
ENSG00000196954,CASP4,837,FALSE
ENSG00000196967,ZNF585A,199704,FALSE
ENSG00000196968,POFUT4,170384,FALSE
ENSG00000196975,ANXA4,307,FALSE
ENSG00000196976,LAGE3,8270,FALSE
ENSG00000196998,WDR45,11152,FALSE
ENSG00000197006,METTL9,51108,FALSE
ENSG00000197008,ZNF138,7697,TRUE
ENSG00000197016,ZNF470,388566,TRUE
ENSG00000197020,ZNF100,163227,FALSE
ENSG00000197021,EOLA2,541578,TRUE
ENSG00000197024,ZNF398,57541,FALSE
ENSG00000197037,ZSCAN25,221785,FALSE
ENSG00000197043,ANXA6,309,FALSE
ENSG00000197044,ZNF441,126068,FALSE
ENSG00000197045,GMFB,2764,FALSE
ENSG00000197046,SIGLEC15,284266,FALSE
ENSG00000197050,ZNF420,147923,FALSE
ENSG00000197054,ZNF763,284390,FALSE
ENSG00000197056,ZMYM1,79830,FALSE
ENSG00000197057,DTHD1,401124,FALSE
ENSG00000197062,ZSCAN26,7741,TRUE
ENSG00000197063,MAFG,4097,FALSE
ENSG00000197070,ARRDC1,92714,FALSE
ENSG00000197077,KIAA1671,85379,FALSE
ENSG00000197093,GAL3ST4,79690,FALSE
ENSG00000197106,SLC6A17,388662,FALSE
ENSG00000197111,PCBP2,5094,TRUE
ENSG00000197114,ZGPAT,84619,FALSE
ENSG00000197119,SLC25A29,123096,FALSE
ENSG00000197121,PGAP1,80055,FALSE
ENSG00000197122,SRC,6714,FALSE
ENSG00000197124,ZNF682,91120,FALSE
ENSG00000197128,ZNF772,400720,TRUE
ENSG00000197134,ZNF257,113835,FALSE
ENSG00000197142,ACSL5,51703,FALSE
ENSG00000197147,LRRC8B,23507,FALSE
ENSG00000197150,ABCB8,11194,FALSE
ENSG00000197162,ZNF785,146540,FALSE
ENSG00000197165,SULT1A2,6799,FALSE
ENSG00000197181,PIWIL2,55124,FALSE
ENSG00000197183,NOL4L,140688,FALSE
ENSG00000197191,CYSRT1,375791,FALSE
ENSG00000197208,SLC22A4,6583,FALSE
ENSG00000197217,ENTPD4,9583,FALSE
ENSG00000197223,C1D,10438,FALSE
ENSG00000197226,TBC1D9B,23061,TRUE
ENSG00000197249,SERPINA1,5265,FALSE
ENSG00000197265,GTF2E2,2961,FALSE
ENSG00000197275,RAD54B,25788,FALSE
ENSG00000197279,ZNF165,7718,FALSE
ENSG00000197296,FITM2,128486,FALSE
ENSG00000197299,BLM,641,FALSE
ENSG00000197302,KRABD5,124411,FALSE
ENSG00000197312,DDI2,84301,FALSE
ENSG00000197323,TRIM33,51592,FALSE
ENSG00000197324,LRP10,26020,FALSE
ENSG00000197329,PELI1,57162,FALSE
ENSG00000197343,ZNF655,79027,FALSE
ENSG00000197345,MRPL21,219927,FALSE
ENSG00000197355,UAP1L1,91373,FALSE
ENSG00000197362,ZNF786,136051,FALSE
ENSG00000197372,ZNF675,171392,FALSE
ENSG00000197375,SLC22A5,6584,FALSE
ENSG00000197380,DACT3,147906,FALSE
ENSG00000197385,ZNF860,344787,FALSE
ENSG00000197417,SHPK,23729,FALSE
ENSG00000197429,IPP,3652,FALSE
ENSG00000197442,MAP3K5,4217,FALSE
ENSG00000197444,OGDHL,55753,FALSE
ENSG00000197448,GSTK1,373156,TRUE
ENSG00000197451,HNRNPAB,3182,FALSE
ENSG00000197457,STMN3,50861,FALSE
ENSG00000197461,PDGFA,5154,FALSE
ENSG00000197479,PCDHB11,56125,FALSE
ENSG00000197483,ZNF628,89887,FALSE
ENSG00000197496,SLC2A10,81031,FALSE
ENSG00000197497,ZNF665,79788,FALSE
ENSG00000197498,RPF2,84154,FALSE
ENSG00000197506,SLC28A3,64078,FALSE
ENSG00000197520,FAM177B,400823,FALSE
ENSG00000197548,ATG7,10533,FALSE
ENSG00000197562,RAB40C,57799,FALSE
ENSG00000197563,PIGN,23556,FALSE
ENSG00000197566,ZNF624,57547,FALSE
ENSG00000197576,HOXA4,3201,FALSE
ENSG00000197579,TOPORS,10210,FALSE
ENSG00000197580,BCO2,83875,FALSE
ENSG00000197586,ENTPD6,955,FALSE
ENSG00000197594,ENPP1,5167,FALSE
ENSG00000197601,FAR1,84188,FALSE
ENSG00000197614,MFAP5,8076,FALSE
ENSG00000197619,ZNF615,284370,FALSE
ENSG00000197620,EOLA1,91966,FALSE
ENSG00000197622,CDC42SE1,56882,TRUE
ENSG00000197629,MPEG1,219972,FALSE
ENSG00000197632,SERPINB2,5055,FALSE
ENSG00000197635,DPP4,1803,FALSE
ENSG00000197641,SERPINB13,5275,TRUE
ENSG00000197646,PDCD1LG2,80380,FALSE
ENSG00000197647,ZNF433,163059,FALSE
ENSG00000197696,NMB,4828,FALSE
ENSG00000197702,PARVA,55742,FALSE
ENSG00000197713,RPE,6120,FALSE
ENSG00000197724,PHF2,5253,FALSE
ENSG00000197728,RPS26,6231,FALSE
ENSG00000197747,S100A10,6281,FALSE
ENSG00000197757,HOXC6,3223,FALSE
ENSG00000197763,TXNRD3,114112,FALSE
ENSG00000197766,CFD,1675,FALSE
ENSG00000197771,MCMBP,79892,FALSE
ENSG00000197776,KLHDC1,122773,FALSE
ENSG00000197782,ZNF780A,284323,FALSE
ENSG00000197785,ATAD3A,55210,FALSE
ENSG00000197798,FAM118B,79607,FALSE
ENSG00000197808,ZNF461,92283,FALSE
ENSG00000197818,SLC9A8,23315,FALSE
ENSG00000197822,OCLN,100506658,FALSE
ENSG00000197852,INKA2,55924,FALSE
ENSG00000197857,ZNF44,51710,TRUE
ENSG00000197858,GPAA1,8733,FALSE
ENSG00000197860,SGTB,54557,FALSE
ENSG00000197863,ZNF790,388536,FALSE
ENSG00000197872,CYRIA,81553,FALSE
ENSG00000197885,NKIRAS1,28512,TRUE
ENSG00000197889,MEIG1,644890,FALSE
ENSG00000197894,ADH5,128,FALSE
ENSG00000197912,SPG7,6687,FALSE
ENSG00000197921,HES5,388585,FALSE
ENSG00000197928,ZNF677,342926,TRUE
ENSG00000197930,ERO1A,30001,FALSE
ENSG00000197933,ZNF823,55552,FALSE
ENSG00000197935,ZNF311,282890,FALSE
ENSG00000197943,PLCG2,5336,TRUE
ENSG00000197948,FCHSD1,89848,FALSE
ENSG00000197951,ZNF71,58491,FALSE
ENSG00000197956,S100A6,6277,FALSE
ENSG00000197958,RPL12,6136,FALSE
ENSG00000197961,ZNF121,7675,FALSE
ENSG00000197965,MPZL1,9019,FALSE
ENSG00000197971,MBP,4155,FALSE
ENSG00000197976,AKAP17A,8227,FALSE
ENSG00000197977,ELOVL2,54898,FALSE
ENSG00000197980,LEKR1,389170,FALSE
ENSG00000197982,C1orf122,127687,FALSE
ENSG00000198001,IRAK4,51135,FALSE
ENSG00000198015,MRPL42,28977,FALSE
ENSG00000198018,ENTPD7,57089,FALSE
ENSG00000198026,ZNF335,63925,TRUE
ENSG00000198028,ZNF560,147741,FALSE
ENSG00000198034,RPS4X,6191,FALSE
ENSG00000198040,ZNF84,7637,TRUE
ENSG00000198042,MAK16,84549,FALSE
ENSG00000198046,ZNF667,63934,FALSE
ENSG00000198049,AVPR1B,553,FALSE
ENSG00000198053,SIRPA,140885,FALSE
ENSG00000198055,GRK6,2870,FALSE
ENSG00000198056,PRIM1,5557,FALSE
ENSG00000198060,MARCHF5,54708,FALSE
ENSG00000198074,AKR1B10,57016,FALSE
ENSG00000198075,SULT1C4,27233,TRUE
ENSG00000198077,CYP2A7,1549,FALSE
ENSG00000198081,ZBTB14,7541,FALSE
ENSG00000198087,CD2AP,23607,FALSE
ENSG00000198092,TMPRSS11F,389208,FALSE
ENSG00000198093,ZNF649,65251,FALSE
ENSG00000198105,ZNF248,57209,FALSE
ENSG00000198113,TOR4A,54863,FALSE
ENSG00000198125,MB,4151,FALSE
ENSG00000198130,HIBCH,26275,FALSE
ENSG00000198131,ZNF544,27300,FALSE
ENSG00000198133,TMEM229B,161145,FALSE
ENSG00000198142,SOWAHC,65124,FALSE
ENSG00000198146,ZNF770,54989,FALSE
ENSG00000198157,HMGN5,79366,FALSE
ENSG00000198168,SVIP,258010,FALSE
ENSG00000198169,ZNF251,90987,FALSE
ENSG00000198171,DDRGK1,65992,FALSE
ENSG00000198176,TFDP1,7027,FALSE
ENSG00000198182,ZNF607,84775,FALSE
ENSG00000198183,BPIFA1,51297,FALSE
ENSG00000198185,ZNF334,55713,FALSE
ENSG00000198189,HSD17B11,51170,FALSE
ENSG00000198203,SULT1C2,6819,FALSE
ENSG00000198205,ZXDA,7789,FALSE
ENSG00000198218,QRICH1,54870,TRUE
ENSG00000198223,CSF2RA,1438,FALSE
ENSG00000198231,DDX42,11325,FALSE
ENSG00000198246,SLC29A3,55315,FALSE
ENSG00000198252,STYX,6815,FALSE
ENSG00000198265,HELZ,9931,FALSE
ENSG00000198270,TMEM116,89894,TRUE
ENSG00000198276,UCKL1,54963,FALSE
ENSG00000198298,ZNF485,220992,FALSE
ENSG00000198315,ZKSCAN8,7745,FALSE
ENSG00000198324,PHETA1,144717,FALSE
ENSG00000198331,HYLS1,219844,FALSE
ENSG00000198342,ZNF442,79973,FALSE
ENSG00000198346,ZNF813,126017,FALSE
ENSG00000198356,GET3,439,FALSE
ENSG00000198363,ASPH,444,FALSE
ENSG00000198369,SPRED2,200734,FALSE
ENSG00000198373,WWP2,11060,FALSE
ENSG00000198380,GFPT1,2673,FALSE
ENSG00000198382,UVRAG,7405,FALSE
ENSG00000198393,ZNF26,7574,FALSE
ENSG00000198408,OGA,10724,FALSE
ENSG00000198417,MT1F,4494,FALSE
ENSG00000198420,TCAF1,9747,FALSE
ENSG00000198431,TXNRD1,7296,FALSE
ENSG00000198440,ZNF583,147949,FALSE
ENSG00000198453,ZNF568,374900,FALSE
ENSG00000198455,ZXDB,158586,FALSE
ENSG00000198464,ZNF480,147657,FALSE
ENSG00000198466,ZNF587,84914,FALSE
ENSG00000198467,TPM2,7169,FALSE
ENSG00000198482,ZNF808,388558,FALSE
ENSG00000198483,ANKRD35,148741,FALSE
ENSG00000198488,B3GNT6,192134,FALSE
ENSG00000198492,YTHDF2,51441,FALSE
ENSG00000198498,TMA16,55319,FALSE
ENSG00000198513,ATL1,51062,TRUE
ENSG00000198517,MAFK,7975,FALSE
ENSG00000198521,ZNF43,7594,FALSE
ENSG00000198522,GPN1,11321,FALSE
ENSG00000198535,C2CD4A,145741,FALSE
ENSG00000198546,ZNF511,118472,TRUE
ENSG00000198551,ZNF627,199692,FALSE
ENSG00000198554,WDHD1,11169,FALSE
ENSG00000198561,CTNND1,1500,FALSE
ENSG00000198563,DDX39B,7919,TRUE
ENSG00000198574,SH2D1B,117157,FALSE
ENSG00000198585,NUDT16,131870,FALSE
ENSG00000198598,MMP17,4326,FALSE
ENSG00000198612,COPS8,10920,FALSE
ENSG00000198624,CCDC69,26112,FALSE
ENSG00000198625,MDM4,4194,FALSE
ENSG00000198648,STK39,27347,FALSE
ENSG00000198677,SKIC3,9652,FALSE
ENSG00000198682,PAPSS2,9060,FALSE
ENSG00000198689,SLC9A6,10479,FALSE
ENSG00000198690,FAN1,22909,FALSE
ENSG00000198692,EIF1AY,9086,FALSE
ENSG00000198700,IPO9,55705,FALSE
ENSG00000198707,CEP290,80184,FALSE
ENSG00000198715,GLMP,112770,TRUE
ENSG00000198719,DLL1,28514,FALSE
ENSG00000198720,ANKRD13B,124930,FALSE
ENSG00000198721,ECI2,10455,FALSE
ENSG00000198722,UNC13B,10497,FALSE
ENSG00000198729,PPP1R14C,81706,FALSE
ENSG00000198730,CTR9,9646,FALSE
ENSG00000198732,SMOC1,64093,FALSE
ENSG00000198740,ZNF652,22834,FALSE
ENSG00000198742,SMURF1,57154,FALSE
ENSG00000198746,GPATCH3,63906,FALSE
ENSG00000198755,RPL10A,4736,FALSE
ENSG00000198756,COLGALT2,23127,FALSE
ENSG00000198758,EPS8L3,79574,FALSE
ENSG00000198768,APCDD1L,164284,FALSE
ENSG00000198771,RCSD1,92241,FALSE
ENSG00000198774,RASSF9,9182,FALSE
ENSG00000198780,FAM169A,26049,FALSE
ENSG00000198791,CNOT7,29883,TRUE
ENSG00000198792,TMEM184B,25829,FALSE
ENSG00000198794,SCAMP5,192683,FALSE
ENSG00000198799,LRIG2,9860,FALSE
ENSG00000198805,PNP,4860,FALSE
ENSG00000198807,PAX9,5083,FALSE
ENSG00000198814,GK,2710,FALSE
ENSG00000198815,FOXJ3,22887,FALSE
ENSG00000198816,ZNF358,140467,FALSE
ENSG00000198818,SFT2D1,113402,FALSE
ENSG00000198824,CHAMP1,283489,FALSE
ENSG00000198825,INPP5F,22876,FALSE
ENSG00000198826,ARHGAP11A,9824,FALSE
ENSG00000198829,SUCNR1,56670,FALSE
ENSG00000198832,SELENOM,140606,FALSE
ENSG00000198833,UBE2J1,51465,FALSE
ENSG00000198836,OPA1,4976,FALSE
ENSG00000198839,ZNF277,11179,FALSE
ENSG00000198843,SELENOT,51714,FALSE
ENSG00000198844,ARHGEF15,22899,FALSE
ENSG00000198846,TOX,9760,TRUE
ENSG00000198848,CES1,1066,FALSE
ENSG00000198855,FICD,11153,FALSE
ENSG00000198856,OSTC,58505,FALSE
ENSG00000198858,R3HDM4,91300,FALSE
ENSG00000198860,TSEN15,116461,FALSE
ENSG00000198863,RUNDC1,146923,FALSE
ENSG00000198865,CCDC152,100129792,FALSE
ENSG00000198873,GRK5,2869,FALSE
ENSG00000198874,TYW1,55253,FALSE
ENSG00000198876,DCAF12,25853,FALSE
ENSG00000198885,ITPRIPL1,150771,FALSE
ENSG00000198892,SHISA4,149345,FALSE
ENSG00000198894,CIPC,85457,FALSE
ENSG00000198898,CAPZA2,830,FALSE
ENSG00000198908,GPRASP3,80823,FALSE
ENSG00000198909,MAP3K3,4215,FALSE
ENSG00000198911,SREBF2,6721,FALSE
ENSG00000198912,C1orf174,339448,FALSE
ENSG00000198917,SPOUT1,51490,FALSE
ENSG00000198918,RPL39,6170,FALSE
ENSG00000198920,KIAA0753,9851,FALSE
ENSG00000198924,DCLRE1A,9937,FALSE
ENSG00000198925,ATG9A,79065,FALSE
ENSG00000198931,APRT,353,FALSE
ENSG00000198933,TBKBP1,9755,FALSE
ENSG00000198937,CCDC167,154467,FALSE
ENSG00000198939,ZFP2,80108,FALSE
ENSG00000198945,L3MBTL3,84456,FALSE
ENSG00000198947,DMD,1756,FALSE
ENSG00000198948,MFAP3L,9848,FALSE
ENSG00000198951,NAGA,4668,FALSE
ENSG00000198952,SMG5,23381,FALSE
ENSG00000198954,KIFBP,26128,FALSE
ENSG00000198959,TGM2,7052,FALSE
ENSG00000198961,PJA2,9867,FALSE
ENSG00000203326,ZNF525,170958,TRUE
ENSG00000203485,INF2,64423,FALSE
ENSG00000203546,,,FALSE
ENSG00000203618,GP1BB,2812,FALSE
ENSG00000203667,COX20,116228,TRUE
ENSG00000203668,CHML,1122,TRUE
ENSG00000203697,CAPN8,388743,FALSE
ENSG00000203705,TATDN3,128387,FALSE
ENSG00000203722,RAET1G,353091,FALSE
ENSG00000203724,C1orf53,388722,FALSE
ENSG00000203727,SAMD5,389432,FALSE
ENSG00000203760,CENPW,387103,FALSE
ENSG00000203778,FAM229B,619208,FALSE
ENSG00000203786,KPRP,448834,FALSE
ENSG00000203791,EEF1AKMT2,399818,FALSE
ENSG00000203797,DDO,8528,TRUE
ENSG00000203805,PLPP4,196051,FALSE
ENSG00000203814,H2BC18,440689,FALSE
ENSG00000203837,PNLIPRP3,119548,FALSE
ENSG00000203880,PCMTD2,55251,FALSE
ENSG00000203896,LIME1,54923,FALSE
ENSG00000203952,CCDC160,347475,TRUE
ENSG00000203965,EFCAB7,84455,FALSE
ENSG00000203985,LDLRAD1,388633,FALSE
ENSG00000204052,LRRC73,221424,FALSE
ENSG00000204070,SYS1,90196,FALSE
ENSG00000204084,INPP5B,3633,FALSE
ENSG00000204099,NEU4,129807,FALSE
ENSG00000204104,TRAF3IP1,26146,FALSE
ENSG00000204116,CHIC1,53344,FALSE
ENSG00000204128,C2orf72,257407,FALSE
ENSG00000204130,RUFY2,55680,TRUE
ENSG00000204131,NHSL2,340527,FALSE
ENSG00000204136,GGTA1,2681,FALSE
ENSG00000204138,PHACTR4,65979,FALSE
ENSG00000204147,ASAH2B,653308,FALSE
ENSG00000204149,AGAP6,414189,FALSE
ENSG00000204152,TIMM23B,100652748,FALSE
ENSG00000204160,ZDHHC18,84243,FALSE
ENSG00000204161,TMEM273,170371,FALSE
ENSG00000204174,NPY4R,5540,FALSE
ENSG00000204175,GPRIN2,9721,FALSE
ENSG00000204176,SYT15,83849,FALSE
ENSG00000204178,MACO1,55219,FALSE
ENSG00000204179,PTPN20,26095,FALSE
ENSG00000204186,ZDBF2,57683,FALSE
ENSG00000204209,DAXX,1616,FALSE
ENSG00000204217,BMPR2,659,FALSE
ENSG00000204219,TCEA3,6920,FALSE
ENSG00000204220,PFDN6,10471,TRUE
ENSG00000204227,RING1,6015,FALSE
ENSG00000204228,HSD17B8,7923,FALSE
ENSG00000204231,RXRB,6257,FALSE
ENSG00000204237,OXLD1,339229,FALSE
ENSG00000204256,BRD2,6046,FALSE
ENSG00000204257,HLA-DMA,3108,FALSE
ENSG00000204262,COL5A2,1290,FALSE
ENSG00000204267,TAP2,6891,FALSE
ENSG00000204271,SPIN3,169981,FALSE
ENSG00000204272,NBDY,550643,FALSE
ENSG00000204287,HLA-DRA,3122,FALSE
ENSG00000204291,COL15A1,1306,FALSE
ENSG00000204304,PBX2,5089,FALSE
ENSG00000204305,AGER,177,FALSE
ENSG00000204310,AGPAT1,10554,FALSE
ENSG00000204311,PJVK,494513,FALSE
ENSG00000204314,PRRT1,80863,FALSE
ENSG00000204315,FKBPL,63943,FALSE
ENSG00000204316,MRPL38,64978,FALSE
ENSG00000204323,SMIM5,643008,FALSE
ENSG00000204334,ERICH2,285141,FALSE
ENSG00000204344,WHR1,8859,FALSE
ENSG00000204348,DXO,1797,FALSE
ENSG00000204351,SKIC2,6499,FALSE
ENSG00000204356,NELFE,7936,FALSE
ENSG00000204370,SDHD,6392,FALSE
ENSG00000204371,EHMT2,10919,TRUE
ENSG00000204381,LAYN,143903,FALSE
ENSG00000204385,SLC44A4,80736,FALSE
ENSG00000204386,NEU1,4758,FALSE
ENSG00000204390,HSPA1L,3305,FALSE
ENSG00000204392,LSM2,57819,FALSE
ENSG00000204394,VARS1,7407,FALSE
ENSG00000204397,CARD16,114769,FALSE
ENSG00000204410,MSH5,4439,FALSE
ENSG00000204427,ABHD16A,7920,FALSE
ENSG00000204435,CSNK2B,1460,FALSE
ENSG00000204438,GPANK1,7918,TRUE
ENSG00000204444,APOM,55937,FALSE
ENSG00000204463,BAG6,7917,FALSE
ENSG00000204482,LST1,7940,FALSE
ENSG00000204498,NFKBIL1,4795,FALSE
ENSG00000204514,ZNF814,730051,FALSE
ENSG00000204519,ZNF551,90233,FALSE
ENSG00000204520,MICA,100507436,FALSE
ENSG00000204524,ZNF805,390980,FALSE
ENSG00000204525,HLA-C,3107,FALSE
ENSG00000204536,CCHCR1,54535,FALSE
ENSG00000204544,MUC21,394263,FALSE
ENSG00000204560,DHX16,8449,FALSE
ENSG00000204564,C6orf136,221545,FALSE
ENSG00000204568,MRPS18B,28973,TRUE
ENSG00000204574,ABCF1,23,FALSE
ENSG00000204576,PRR3,80742,FALSE
ENSG00000204583,LRCOL1,100507055,FALSE
ENSG00000204590,GNL1,2794,FALSE
ENSG00000204592,HLA-E,3133,FALSE
ENSG00000204604,ZNF468,90333,FALSE
ENSG00000204611,ZNF616,90317,TRUE
ENSG00000204616,TRIM31,11074,FALSE
ENSG00000204618,RNF39,80352,FALSE
ENSG00000204619,PPP1R11,6992,FALSE
ENSG00000204628,RACK1,10399,FALSE
ENSG00000204634,TBC1D8,11138,FALSE
ENSG00000204642,HLA-F,3134,FALSE
ENSG00000204644,ZFP57,346171,FALSE
ENSG00000204711,CFAP95,138255,FALSE
ENSG00000204713,TRIM27,5987,TRUE
ENSG00000204815,ODAD4,83538,FALSE
ENSG00000204822,MRPL53,116540,FALSE
ENSG00000204839,MROH6,642475,FALSE
ENSG00000204842,ATXN2,6311,FALSE
ENSG00000204843,DCTN1,1639,FALSE
ENSG00000204852,TCTN1,79600,FALSE
ENSG00000204856,FAM216A,29902,FALSE
ENSG00000204882,GPR20,2843,FALSE
ENSG00000204889,KRT40,125115,FALSE
ENSG00000204899,MZT1,440145,FALSE
ENSG00000204909,SPINK9,643394,FALSE
ENSG00000204920,ZNF155,7711,FALSE
ENSG00000204923,FBXO48,554251,FALSE
ENSG00000204936,CD177,57126,FALSE
ENSG00000204941,PSG5,5673,FALSE
ENSG00000204946,ZNF783,100289678,FALSE
ENSG00000204947,ZNF425,155054,FALSE
ENSG00000204954,UQCC6,728568,TRUE
ENSG00000204963,PCDHA7,56141,FALSE
ENSG00000204967,PCDHA4,56144,FALSE
ENSG00000204977,TRIM13,10206,FALSE
ENSG00000204983,PRSS1,5644,FALSE
ENSG00000204991,SPIRE2,84501,FALSE
ENSG00000205060,SLC35B4,84912,FALSE
ENSG00000205084,TMEM231,79583,FALSE
ENSG00000205090,TMEM240,339453,FALSE
ENSG00000205129,CFAP96,441054,FALSE
ENSG00000205133,TRIQK,286144,FALSE
ENSG00000205155,PSENEN,55851,FALSE
ENSG00000205189,ZBTB10,65986,FALSE
ENSG00000205213,LGR4,55366,FALSE
ENSG00000205220,PSMB10,5699,FALSE
ENSG00000205221,VIT,5212,FALSE
ENSG00000205250,E2F4,1874,FALSE
ENSG00000205268,PDE7A,5150,FALSE
ENSG00000205269,TMEM170B,100113407,FALSE
ENSG00000205302,SNX2,6643,FALSE
ENSG00000205307,SAP25,100316904,FALSE
ENSG00000205309,NT5M,56953,FALSE
ENSG00000205323,SARNP,84324,FALSE
ENSG00000205336,ADGRG1,9289,FALSE
ENSG00000205339,IPO7,10527,FALSE
ENSG00000205352,PRR13,54458,FALSE
ENSG00000205364,MT1M,4499,FALSE
ENSG00000205403,CFI,3426,FALSE
ENSG00000205413,SAMD9,54809,FALSE
ENSG00000205420,KRT6A,3853,FALSE
ENSG00000205423,CNEP1R1,255919,FALSE
ENSG00000205476,CCDC85C,317762,FALSE
ENSG00000205502,C2CD4B,388125,FALSE
ENSG00000205531,NAP1L4,4676,FALSE
ENSG00000205542,TMSB4X,7114,FALSE
ENSG00000205544,TMEM256,254863,FALSE
ENSG00000205571,SMN1,6606,FALSE
ENSG00000205572,SERF1A,8293,FALSE
ENSG00000205581,HMGN1,3150,FALSE
ENSG00000205593,DENND6B,414918,FALSE
ENSG00000205629,LCMT1,51451,FALSE
ENSG00000205643,CDPF1,150383,FALSE
ENSG00000205649,HTN3,3347,FALSE
ENSG00000205659,LIN52,91750,FALSE
ENSG00000205670,SMIM11,54065,FALSE
ENSG00000205683,DPF3,8110,FALSE
ENSG00000205704,SMIM45,339674,FALSE
ENSG00000205707,ETFRF1,144363,FALSE
ENSG00000205710,C17orf107,100130311,FALSE
ENSG00000205730,ITPRIPL2,162073,FALSE
ENSG00000205758,CRYZL1,9946,TRUE
ENSG00000205765,RIMOC1,285636,FALSE
ENSG00000205808,PLPP6,403313,FALSE
ENSG00000205810,KLRC3,3823,FALSE
ENSG00000205835,GMNC,647309,FALSE
ENSG00000205903,ZNF316,100131017,FALSE
ENSG00000205978,NYNRIN,57523,FALSE
ENSG00000205981,DNAJC19,131118,FALSE
ENSG00000206052,DOK6,220164,FALSE
ENSG00000206053,JPT2,90861,TRUE
ENSG00000206069,LHFPL7,255349,FALSE
ENSG00000206072,SERPINB11,89778,TRUE
ENSG00000206073,SERPINB4,6318,FALSE
ENSG00000206418,RAB12,201475,FALSE
ENSG00000206432,TMEM200C,645369,FALSE
ENSG00000206503,HLA-A,3105,FALSE
ENSG00000206527,HACD2,201562,FALSE
ENSG00000206535,LNP1,348801,FALSE
ENSG00000206538,VGLL3,389136,FALSE
ENSG00000206559,ZCWPW2,152098,FALSE
ENSG00000206560,ANKRD28,23243,FALSE
ENSG00000211445,GPX3,2878,FALSE
ENSG00000211448,DIO2,1734,FALSE
ENSG00000211450,SELENOH,280636,FALSE
ENSG00000211452,DIO1,1733,FALSE
ENSG00000211455,STK38L,23012,FALSE
ENSG00000211456,SACM1L,22908,FALSE
ENSG00000211584,SLC48A1,55652,FALSE
ENSG00000211791,TRAV13-2,28670,FALSE
ENSG00000211798,TRAV18,28665,FALSE
ENSG00000212864,RNF208,727800,FALSE
ENSG00000213015,ZNF580,51157,FALSE
ENSG00000213022,KLK9,284366,FALSE
ENSG00000213024,NUP62,23636,TRUE
ENSG00000213047,DENND1B,163486,FALSE
ENSG00000213064,SFT2D2,375035,FALSE
ENSG00000213066,CEP43,11116,TRUE
ENSG00000213079,SCAF8,22828,FALSE
ENSG00000213085,CFAP45,25790,FALSE
ENSG00000213096,ZNF254,9534,FALSE
ENSG00000213123,DYNLT2B,255758,FALSE
ENSG00000213160,KLHL23,151230,FALSE
ENSG00000213185,FAM24B,196792,TRUE
ENSG00000213186,TRIM59,286827,FALSE
ENSG00000213190,MLLT11,10962,TRUE
ENSG00000213203,GIMAP1,170575,TRUE
ENSG00000213214,ARHGEF35,445328,FALSE
ENSG00000213221,DNLZ,728489,FALSE
ENSG00000213246,SUPT4H1,6827,FALSE
ENSG00000213316,LTC4S,4056,FALSE
ENSG00000213337,ANKRD39,51239,FALSE
ENSG00000213339,QTRT1,81890,FALSE
ENSG00000213341,CHUK,1147,FALSE
ENSG00000213347,MXD3,83463,FALSE
ENSG00000213366,GSTM2,2946,FALSE
ENSG00000213380,COG8,84342,TRUE
ENSG00000213397,HAUS7,55559,FALSE
ENSG00000213398,LCAT,3931,TRUE
ENSG00000213424,KRT222,125113,FALSE
ENSG00000213445,SIPA1,6494,FALSE
ENSG00000213462,ERV3-1,2086,FALSE
ENSG00000213463,SYNJ2BP,55333,TRUE
ENSG00000213465,ARL2,402,TRUE
ENSG00000213516,RBMXL1,494115,FALSE
ENSG00000213523,SRA1,10011,FALSE
ENSG00000213533,STIMATE,375346,FALSE
ENSG00000213551,DNAJC9,23234,FALSE
ENSG00000213563,C8orf82,414919,FALSE
ENSG00000213585,VDAC1,7416,TRUE
ENSG00000213593,TMX2,51075,FALSE
ENSG00000213614,HEXA,3073,FALSE
ENSG00000213619,NDUFS3,4722,FALSE
ENSG00000213625,LEPROT,54741,FALSE
ENSG00000213626,LBH,81606,FALSE
ENSG00000213638,ADAT3,113179,FALSE
ENSG00000213639,PPP1CB,5500,FALSE
ENSG00000213648,SULT1A4,445329,FALSE
ENSG00000213654,GPSM3,63940,FALSE
ENSG00000213658,LAT,27040,FALSE
ENSG00000213672,NCKIPSD,51517,TRUE
ENSG00000213676,ATF6B,1388,TRUE
ENSG00000213689,TREX1,11277,FALSE
ENSG00000213694,S1PR3,1903,FALSE
ENSG00000213699,SLC35F6,54978,FALSE
ENSG00000213722,DDAH2,23564,FALSE
ENSG00000213741,RPS29,6235,FALSE
ENSG00000213762,ZNF134,7693,FALSE
ENSG00000213780,GTF2H4,2968,FALSE
ENSG00000213793,ZNF888,388559,TRUE
ENSG00000213799,ZNF845,91664,FALSE
ENSG00000213853,EMP2,2013,TRUE
ENSG00000213886,UBD,10537,FALSE
ENSG00000213889,PPM1N,147699,FALSE
ENSG00000213906,LTB4R2,56413,FALSE
ENSG00000213920,MDP1,145553,FALSE
ENSG00000213923,CSNK1E,1454,FALSE
ENSG00000213928,IRF9,10379,FALSE
ENSG00000213930,GALT,2592,FALSE
ENSG00000213949,ITGA1,3672,FALSE
ENSG00000213965,NUDT19,390916,FALSE
ENSG00000213967,ZNF726,730087,FALSE
ENSG00000213977,TAX1BP3,30851,FALSE
ENSG00000213983,AP1G2,8906,TRUE
ENSG00000213995,NAXD,55739,FALSE
ENSG00000213996,TM6SF2,53345,FALSE
ENSG00000213999,BORCS8-MEF2B,4207,FALSE
ENSG00000214013,GANC,2595,FALSE
ENSG00000214022,REPIN1,29803,FALSE
ENSG00000214026,MRPL23,6150,FALSE
ENSG00000214029,ZNF891,101060200,FALSE
ENSG00000214046,SMIM7,79086,FALSE
ENSG00000214063,TSPAN4,7106,FALSE
ENSG00000214078,CPNE1,8904,TRUE
ENSG00000214113,LYRM4,57128,FALSE
ENSG00000214114,MYCBP,26292,TRUE
ENSG00000214128,TMEM213,155006,FALSE
ENSG00000214193,SH3D21,79729,FALSE
ENSG00000214194,SMIM30,401397,FALSE
ENSG00000214212,C19orf38,255809,FALSE
ENSG00000214226,C17orf67,339210,FALSE
ENSG00000214274,ANG,283,FALSE
ENSG00000214290,POU2AF3,120376,FALSE
ENSG00000214309,MBLAC1,255374,FALSE
ENSG00000214376,VSTM5,387804,FALSE
ENSG00000214413,BBIP1,92482,FALSE
ENSG00000214456,PLIN5,440503,FALSE
ENSG00000214491,SEC14L6,730005,FALSE
ENSG00000214510,SPINK13,153218,FALSE
ENSG00000214517,PPME1,51400,FALSE
ENSG00000214530,STARD10,10809,FALSE
ENSG00000214562,NUTM2D,728130,FALSE
ENSG00000214652,ZNF727,442319,FALSE
ENSG00000214654,B3GALT9,100288842,FALSE
ENSG00000214694,ARHGEF33,100271715,FALSE
ENSG00000214706,IFRD2,7866,FALSE
ENSG00000214717,ZBED1,9189,FALSE
ENSG00000214736,TOMM6,100188893,FALSE
ENSG00000214753,HNRNPUL2,221092,FALSE
ENSG00000214860,EVPLL,645027,TRUE
ENSG00000214941,ZSWIM7,125150,FALSE
ENSG00000214960,CRPPA,729920,FALSE
ENSG00000215012,RTL10,79680,FALSE
ENSG00000215021,PHB2,11331,FALSE
ENSG00000215114,UBXN2B,137886,FALSE
ENSG00000215187,CIMIP2B,730112,FALSE
ENSG00000215217,CFAP90,134121,FALSE
ENSG00000215218,UBE2QL1,134111,FALSE
ENSG00000215251,FASTKD5,60493,FALSE
ENSG00000215301,DDX3X,1654,FALSE
ENSG00000215305,VPS16,64601,FALSE
ENSG00000215440,NPEPL1,79716,FALSE
ENSG00000215712,TMEM242,729515,FALSE
ENSG00000215717,TMEM167B,56900,FALSE
ENSG00000215784,FAM72D,728833,FALSE
ENSG00000215845,TSTD1,100131187,FALSE
ENSG00000215853,RPTN,126638,FALSE
ENSG00000216921,FAM240C,285095,FALSE
ENSG00000217555,CKLF,51192,FALSE
ENSG00000218739,CEBPZOS,100505876,FALSE
ENSG00000218891,ZNF579,163033,FALSE
ENSG00000219200,RNASEK,440400,FALSE
ENSG00000219438,TAFA5,25817,FALSE
ENSG00000219545,UMAD1,729852,FALSE
ENSG00000220201,ZGLP1,100125288,FALSE
ENSG00000220205,VAMP2,6844,FALSE
ENSG00000221823,PPP3R1,5534,FALSE
ENSG00000221826,PSG3,5671,FALSE
ENSG00000221829,FANCG,2189,FALSE
ENSG00000221838,AP4M1,9179,FALSE
ENSG00000221886,FAM200C,63920,FALSE
ENSG00000221887,HMSD,284293,FALSE
ENSG00000221890,NPTXR,23467,FALSE
ENSG00000221909,FAM200A,221786,FALSE
ENSG00000221914,PPP2R2A,5520,FALSE
ENSG00000221923,ZNF880,400713,FALSE
ENSG00000221944,TIGD1,200765,FALSE
ENSG00000221947,XKR9,389668,FALSE
ENSG00000221955,SLC12A8,84561,FALSE
ENSG00000221963,APOL6,80830,FALSE
ENSG00000221968,FADS3,3995,FALSE
ENSG00000221978,CCNL2,81669,TRUE
ENSG00000221983,UBA52,7311,FALSE
ENSG00000221988,PPT2,9374,FALSE
ENSG00000221994,ZNF630,57232,FALSE
ENSG00000222011,FAM185A,222234,FALSE
ENSG00000222046,DCDC2B,149069,FALSE
ENSG00000223501,VPS52,6293,FALSE
ENSG00000223547,ZNF844,284391,FALSE
ENSG00000223572,CKMT1B,1159,FALSE
ENSG00000223573,TINCR,257000,FALSE
ENSG00000223609,HBD,3045,FALSE
ENSG00000223802,CERS1,10715,FALSE
ENSG00000223865,HLA-DPB1,3115,FALSE
ENSG00000223953,C1QTNF5,114902,FALSE
ENSG00000224051,CPTP,80772,FALSE
ENSG00000224109,CENPVL3,347549,FALSE
ENSG00000224531,SMIM13,221710,FALSE
ENSG00000224877,NDUFAF8,284184,FALSE
ENSG00000224982,TMEM233,387890,FALSE
ENSG00000225526,MKRN2OS,100129480,FALSE
ENSG00000225556,C2CD4D,100191040,FALSE
ENSG00000225663,MCRIP1,348262,FALSE
ENSG00000225697,SLC26A6,65010,FALSE
ENSG00000225828,FAM229A,100128071,FALSE
ENSG00000225830,ERCC6,2074,FALSE
ENSG00000225921,NOL7,51406,FALSE
ENSG00000225950,NTF4,4909,TRUE
ENSG00000225973,PIGBOS1,101928527,FALSE
ENSG00000226314,ZKSCAN8P1,651302,FALSE
ENSG00000226742,HSBP1L1,440498,FALSE
ENSG00000226887,ERVMER34-1,100288413,FALSE
ENSG00000227051,C14orf132,56967,FALSE
ENSG00000227057,WDR46,9277,FALSE
ENSG00000227124,ZNF717,100131827,FALSE
ENSG00000227345,PARG,8505,FALSE
ENSG00000227471,AKR1B15,441282,FALSE
ENSG00000227500,SCAMP4,113178,FALSE
ENSG00000227507,LTB,4050,FALSE
ENSG00000228049,POLR2J2,246721,FALSE
ENSG00000228300,,,FALSE
ENSG00000228474,OST4,100128731,FALSE
ENSG00000228594,FNDC10,643988,FALSE
ENSG00000228623,ZNF883,169834,FALSE
ENSG00000228672,PROB1,389333,FALSE
ENSG00000228696,ARL17A,51326,FALSE
ENSG00000228716,DHFR,1719,FALSE
ENSG00000228727,SAPCD1,401251,FALSE
ENSG00000229117,RPL41,6171,FALSE
ENSG00000229676,ZNF492,57615,FALSE
ENSG00000229809,ZNF688,146542,TRUE
ENSG00000229833,PET100,100131801,FALSE
ENSG00000230062,ANKRD66,100287718,FALSE
ENSG00000230124,ACBD6,84320,FALSE
ENSG00000230873,STMND1,401236,FALSE
ENSG00000231389,HLA-DPA1,3113,FALSE
ENSG00000231500,RPS18,6222,FALSE
ENSG00000231924,PSG1,5669,FALSE
ENSG00000231925,TAPBP,6892,FALSE
ENSG00000232040,SCAND3,114821,FALSE
ENSG00000232070,TMEM253,643382,FALSE
ENSG00000232112,TMA7,51372,FALSE
ENSG00000232388,SMIM26,388789,FALSE
ENSG00000232629,HLA-DQB2,3120,FALSE
ENSG00000232838,PET117,100303755,FALSE
ENSG00000232859,LYRM9,201229,FALSE
ENSG00000233608,TWIST2,117581,FALSE
ENSG00000233757,ZNF892,344065,FALSE
ENSG00000233822,H2BC15,8341,FALSE
ENSG00000233927,RPS28,6234,FALSE
ENSG00000233932,CTXN2,399697,FALSE
ENSG00000234284,ZNF879,345462,FALSE
ENSG00000234465,PINLYP,390940,TRUE
ENSG00000234545,FAM133B,257415,FALSE
ENSG00000234602,MCIDAS,345643,FALSE
ENSG00000234616,JRK,8629,FALSE
ENSG00000234745,HLA-B,3106,FALSE
ENSG00000235098,ANKRD65,441869,TRUE
ENSG00000235106,BRD3OS,266655,FALSE
ENSG00000235109,ZSCAN31,64288,TRUE
ENSG00000235162,C12orf75,387882,FALSE
ENSG00000235169,SMIM1,388588,FALSE
ENSG00000235173,HGH1,51236,FALSE
ENSG00000235194,PPP1R3E,90673,TRUE
ENSG00000235387,SPAAR,158376,FALSE
ENSG00000235750,KIAA0040,9674,FALSE
ENSG00000235961,PNMA6A,84968,FALSE
ENSG00000236287,ZBED5,58486,TRUE
ENSG00000236699,ARHGEF38,54848,FALSE
ENSG00000237172,B3GNT9,84752,FALSE
ENSG00000237190,CDKN2AIPNL,91368,FALSE
ENSG00000237289,CKMT1B,1159,FALSE
ENSG00000237441,RGL2,5863,FALSE
ENSG00000237489,C10orf143,387723,FALSE
ENSG00000237649,KIFC1,3833,FALSE
ENSG00000237651,C2orf74,339804,TRUE
ENSG00000237763,AMY1A,276,FALSE
ENSG00000238227,TMEM250,90120,FALSE
ENSG00000239264,TXNDC5,81567,FALSE
ENSG00000239282,CASTOR1,652968,TRUE
ENSG00000239305,RNF103,7844,FALSE
ENSG00000239306,RBM14,10432,TRUE
ENSG00000239382,ALKBH6,84964,TRUE
ENSG00000239389,PCDHA13,56136,FALSE
ENSG00000239672,NME1,4830,TRUE
ENSG00000239697,TNFSF12,8742,FALSE
ENSG00000239704,CDRT4,284040,FALSE
ENSG00000239713,APOBEC3G,60489,FALSE
ENSG00000239779,WBP1,23559,FALSE
ENSG00000239789,MRPS17,51373,FALSE
ENSG00000239887,C1orf226,400793,FALSE
ENSG00000239900,ADSL,158,FALSE
ENSG00000240038,AMY2B,280,FALSE
ENSG00000240065,PSMB9,5698,FALSE
ENSG00000240184,PCDHGC3,5098,FALSE
ENSG00000240204,SMKR1,100287482,FALSE
ENSG00000240303,ACAD11,84129,FALSE
ENSG00000240344,PPIL3,53938,FALSE
ENSG00000240445,FOXO3B,2310,FALSE
ENSG00000240654,C1QTNF9,338872,FALSE
ENSG00000240682,ISY1,57461,FALSE
ENSG00000240694,PNMA2,10687,FALSE
ENSG00000240747,KRABD1,100506243,FALSE
ENSG00000240771,ARHGEF25,115557,FALSE
ENSG00000240849,PEDS1,387521,FALSE
ENSG00000240857,RDH14,57665,FALSE
ENSG00000240972,MIF,4282,FALSE
ENSG00000241058,NSUN6,221078,FALSE
ENSG00000241106,HLA-DOB,3112,FALSE
ENSG00000241127,YAE1,57002,FALSE
ENSG00000241258,CRCP,27297,FALSE
ENSG00000241343,RPL36A,6173,FALSE
ENSG00000241370,RPP21,79897,FALSE
ENSG00000241399,CD302,9936,FALSE
ENSG00000241484,ARHGAP8,23779,FALSE
ENSG00000241644,INMT,11185,FALSE
ENSG00000241685,ARPC1A,10552,FALSE
ENSG00000241697,TMEFF1,8577,FALSE
ENSG00000241794,SPRR2A,6700,FALSE
ENSG00000241837,ATP5PO,539,FALSE
ENSG00000241839,PLEKHO2,80301,FALSE
ENSG00000241852,C8orf58,541565,FALSE
ENSG00000241878,PISD,23761,FALSE
ENSG00000241935,HOGA1,112817,FALSE
ENSG00000241945,PWP2,5822,FALSE
ENSG00000242028,HYPK,25764,TRUE
ENSG00000242110,AMACR,23600,FALSE
ENSG00000242114,MTFP1,51537,TRUE
ENSG00000242173,ARHGDIG,398,FALSE
ENSG00000242221,PSG2,5670,FALSE
ENSG00000242247,ARFGAP3,26286,FALSE
ENSG00000242259,C22orf39,128977,FALSE
ENSG00000242265,PEG10,23089,FALSE
ENSG00000242372,EIF6,3692,FALSE
ENSG00000242485,MRPL20,55052,FALSE
ENSG00000242498,ARPIN,348110,FALSE
ENSG00000242515,UGT1A10,54575,FALSE
ENSG00000242550,SERPINB10,5273,FALSE
ENSG00000242612,DECR2,26063,FALSE
ENSG00000242616,GNG10,2790,FALSE
ENSG00000242732,RTL5,340526,FALSE
ENSG00000242802,AP5Z1,9907,FALSE
ENSG00000242852,ZNF709,163051,FALSE
ENSG00000243137,PSG4,5672,FALSE
ENSG00000243147,MRPL33,9553,FALSE
ENSG00000243232,PCDHAC2,56134,FALSE
ENSG00000243244,STON1,11037,FALSE
ENSG00000243279,PRAF2,11230,FALSE
ENSG00000243335,KCTD7,154881,FALSE
ENSG00000243364,EFNA4,1945,FALSE
ENSG00000243414,TICAM2,353376,FALSE
ENSG00000243449,NICOL1,401115,FALSE
ENSG00000243477,NAA80,24142,FALSE
ENSG00000243509,TNFRSF6B,8771,FALSE
ENSG00000243543,WFDC6,140870,FALSE
ENSG00000243646,IL10RB,3588,FALSE
ENSG00000243649,CFB,629,FALSE
ENSG00000243667,DNAAF10,116143,FALSE
ENSG00000243678,NME2,4831,FALSE
ENSG00000243725,TTC4,7268,FALSE
ENSG00000243789,JMJD7,100137047,FALSE
ENSG00000243811,APOBEC3D,140564,FALSE
ENSG00000243927,MRPS6,64968,FALSE
ENSG00000243943,ZNF512,84450,TRUE
ENSG00000243955,GSTA1,2938,FALSE
ENSG00000243989,ACY1,95,FALSE
ENSG00000244005,NFS1,9054,FALSE
ENSG00000244045,VMA12,147007,FALSE
ENSG00000244067,GSTA2,2939,FALSE
ENSG00000244122,UGT1A7,54577,FALSE
ENSG00000244187,TMEM141,85014,FALSE
ENSG00000244274,DBNDD2,55861,FALSE
ENSG00000244405,ETV5,2119,TRUE
ENSG00000244462,RBM12,10137,FALSE
ENSG00000244486,SCARF2,91179,FALSE
ENSG00000244509,APOBEC3C,27350,FALSE
ENSG00000244687,UBE2V1,7335,FALSE
ENSG00000244752,CRYBB2,1415,FALSE
ENSG00000244754,N4BP2L2,10443,FALSE
ENSG00000245680,ZNF585B,92285,FALSE
ENSG00000247077,PGAM5,192111,FALSE
ENSG00000247315,ZCCHC3,85364,FALSE
ENSG00000247596,TWF2,11344,FALSE
ENSG00000247746,USP51,158880,FALSE
ENSG00000248098,BCKDHA,593,FALSE
ENSG00000248144,ADH1C,126,FALSE
ENSG00000248487,ABHD14A,25864,FALSE
ENSG00000248771,SMIM31,100505989,FALSE
ENSG00000248905,FMN1,342184,FALSE
ENSG00000249115,HAUS5,23354,FALSE
ENSG00000249158,PCDHA11,56138,FALSE
ENSG00000249242,TMEM150C,441027,FALSE
ENSG00000249471,ZNF324B,388569,FALSE
ENSG00000249624,IFNAR2-IL10RB,127882475,FALSE
ENSG00000249693,SPMAP2L,100506564,FALSE
ENSG00000249709,ZNF564,163050,FALSE
ENSG00000249751,ECSCR,641700,FALSE
ENSG00000249915,PDCD6,10016,TRUE
ENSG00000249992,TMEM158,25907,FALSE
ENSG00000250021,ARPIN-AP3S2,100526783,FALSE
ENSG00000250120,PCDHA10,56139,FALSE
ENSG00000250479,CHCHD10,400916,FALSE
ENSG00000250506,CDK3,1018,FALSE
ENSG00000250510,GPR162,27239,FALSE
ENSG00000250565,ATP6V1E2,90423,FALSE
ENSG00000250571,GLI4,2738,TRUE
ENSG00000250644,,,FALSE
ENSG00000250722,SELENOP,6414,FALSE
ENSG00000251201,TMED7-TICAM2,100302736,FALSE
ENSG00000251247,ZNF345,25850,FALSE
ENSG00000251369,ZNF550,162972,FALSE
ENSG00000251569,,,FALSE
ENSG00000251664,PCDHA12,56137,FALSE
ENSG00000253159,PCDHGA12,26025,FALSE
ENSG00000253250,C8orf88,100127983,FALSE
ENSG00000253251,SHLD3,112441434,FALSE
ENSG00000253304,TMEM200B,399474,FALSE
ENSG00000253305,PCDHGB6,56100,FALSE
ENSG00000253313,C1orf210,149466,FALSE
ENSG00000253368,TRNP1,388610,FALSE
ENSG00000253537,PCDHGA7,56108,FALSE
ENSG00000253710,ALG11,440138,FALSE
ENSG00000253719,ATXN7L3B,552889,FALSE
ENSG00000253731,PCDHGA6,56109,FALSE
ENSG00000253958,CLDN23,137075,FALSE
ENSG00000254004,ZNF260,339324,FALSE
ENSG00000254087,LYN,4067,FALSE
ENSG00000254093,PINX1,54984,TRUE
ENSG00000254122,PCDHGB7,56099,FALSE
ENSG00000254402,LRRC24,441381,FALSE
ENSG00000254470,AP5B1,91056,FALSE
ENSG00000254505,CHMP4A,29082,FALSE
ENSG00000254685,FPGT,8790,FALSE
ENSG00000254772,EEF1G,1937,FALSE
ENSG00000254788,CKLF-CMTM1,100529251,FALSE
ENSG00000254806,SYS1-DBNDD2,767557,FALSE
ENSG00000254858,MPV17L2,84769,TRUE
ENSG00000254901,BORCS8,729991,FALSE
ENSG00000254986,DPP3,10072,TRUE
ENSG00000254999,BRK1,55845,FALSE
ENSG00000255071,SAA2-SAA4,100528017,FALSE
ENSG00000255112,CHMP1B,57132,FALSE
ENSG00000255154,HTD2,109703458,FALSE
ENSG00000255398,HCAR3,8843,FALSE
ENSG00000255408,PCDHA3,56145,FALSE
ENSG00000255529,POLR2M,81488,FALSE
ENSG00000255561,FDXACB1,91893,FALSE
ENSG00000255690,TRIL,9865,FALSE
ENSG00000255730,,,FALSE
ENSG00000255974,CYP2A6,1548,FALSE
ENSG00000256043,CTSO,1519,FALSE
ENSG00000256053,COA8,84334,FALSE
ENSG00000256087,ZNF432,9668,FALSE
ENSG00000256229,ZNF486,90649,FALSE
ENSG00000256269,HMBS,3145,TRUE
ENSG00000256294,ZNF225,7768,FALSE
ENSG00000256525,POLG2,11232,FALSE
ENSG00000256671,LIMS4,100288695,FALSE
ENSG00000256683,ZNF350,59348,FALSE
ENSG00000256771,ZNF253,56242,TRUE
ENSG00000256870,SLC5A8,160728,FALSE
ENSG00000256977,LIMS3,96626,FALSE
ENSG00000257017,HP,3240,FALSE
ENSG00000257103,LSM14A,26065,FALSE
ENSG00000257108,NHLRC4,283948,FALSE
ENSG00000257315,ZBED6,100381270,FALSE
ENSG00000257365,FNTB,2342,FALSE
ENSG00000257446,ZNF878,729747,FALSE
ENSG00000257529,RPL36A-HNRNPH2,100529097,FALSE
ENSG00000257727,CNPY2,10330,FALSE
ENSG00000257921,,,FALSE
ENSG00000257923,CUX1,1523,FALSE
ENSG00000257949,TEN1,100134934,FALSE
ENSG00000258289,CHURC1,91612,FALSE
ENSG00000258315,BACC1,124944,FALSE
ENSG00000258366,RTEL1,51750,FALSE
ENSG00000258388,PPT2-EGFL8,100532746,FALSE
ENSG00000258405,ZNF578,147660,FALSE
ENSG00000258429,PDF,64146,FALSE
ENSG00000258484,SPESP1,246777,FALSE
ENSG00000258643,BCL2L2-PABPN1,100529063,FALSE
ENSG00000258644,SYNJ2BP-COX16,100529257,FALSE
ENSG00000258659,TRIM34,53840,TRUE
ENSG00000258818,RNASE4,6038,FALSE
ENSG00000258890,CEP95,90799,TRUE
ENSG00000259024,TVP23C-CDRT4,100533496,FALSE
ENSG00000259075,POC1B-GALNT4,100528030,FALSE
ENSG00000259112,NDUFC2-KCTD14,100532726,TRUE
ENSG00000259120,ERLN,100130933,FALSE
ENSG00000259171,,,FALSE
ENSG00000259207,ITGB3,3690,FALSE
ENSG00000259330,INAFM2,100505573,FALSE
ENSG00000259332,ST20-MTHFS,100528021,FALSE
ENSG00000259431,THTPA,79178,FALSE
ENSG00000259494,MRPL46,26589,FALSE
ENSG00000259803,SLC22A31,146429,FALSE
ENSG00000260238,PMF1-BGLAP,100527963,FALSE
ENSG00000260314,MRC1,4360,FALSE
ENSG00000260428,SCX,642658,FALSE
ENSG00000260456,C16orf95,100506581,TRUE
ENSG00000260643,,,FALSE
ENSG00000260916,CCPG1,9236,FALSE
ENSG00000261052,SULT1A3,6818,FALSE
ENSG00000261150,EPPK1,83481,FALSE
ENSG00000261371,PECAM1,5175,FALSE
ENSG00000261609,GAN,8139,FALSE
ENSG00000261652,PIERCE2,145788,FALSE
ENSG00000261701,HPR,3250,FALSE
ENSG00000261740,BOLA2-SMG1P6,107282092,FALSE
ENSG00000261796,ISY1-RAB43,100534599,FALSE
ENSG00000261934,PCDHGA9,56107,FALSE
ENSG00000261949,GFY,100507003,FALSE
ENSG00000262246,CORO7,79585,FALSE
ENSG00000262406,MMP12,4321,FALSE
ENSG00000262576,PCDHGA4,56111,FALSE
ENSG00000262655,SPON1,10418,FALSE
ENSG00000262919,CCNQ,92002,FALSE
ENSG00000263001,GTF2I,2969,TRUE
ENSG00000263002,ZNF234,10780,FALSE
ENSG00000263155,MYZAP,100820829,FALSE
ENSG00000263465,SRSF8,10929,FALSE
ENSG00000263513,FAM72C,554282,FALSE
ENSG00000263528,IKBKE,9641,TRUE
ENSG00000263639,MSMB,4477,FALSE
ENSG00000264230,ANXA8L1,728113,FALSE
ENSG00000264343,NOTCH2NLA,388677,FALSE
ENSG00000264364,DYNLL2,140735,FALSE
ENSG00000264522,OTUD7B,56957,FALSE
ENSG00000265190,ANXA8,653145,FALSE
ENSG00000265241,RBM8A,9939,FALSE
ENSG00000265354,TIMM23,100287932,FALSE
ENSG00000265491,RNF115,27246,FALSE
ENSG00000265590,CFAP298-TCP10L,110091775,FALSE
ENSG00000265681,RPL17,6139,TRUE
ENSG00000265763,ZNF488,118738,FALSE
ENSG00000265808,SEC22B,9554,FALSE
ENSG00000265817,FSBP,100861412,FALSE
ENSG00000265972,TXNIP,10628,FALSE
ENSG00000266094,RASSF5,83593,FALSE
ENSG00000266173,STRADA,92335,FALSE
ENSG00000266412,NCOA4,8031,FALSE
ENSG00000266472,MRPS21,54460,FALSE
ENSG00000266524,GDF10,2662,FALSE
ENSG00000266964,FXYD1,5348,FALSE
ENSG00000266967,AARSD1,80755,FALSE
ENSG00000267041,ZNF850,342892,FALSE
ENSG00000267060,PTGES3L,100885848,FALSE
ENSG00000267127,,,FALSE
ENSG00000267221,C17orf113,110806298,FALSE
ENSG00000267508,ZNF285,26974,FALSE
ENSG00000267534,S1PR2,9294,FALSE
ENSG00000267673,FDX2,112812,FALSE
ENSG00000267680,ZNF224,7767,TRUE
ENSG00000267795,SMIM22,440335,FALSE
ENSG00000267796,LIN37,55957,FALSE
ENSG00000267855,NDUFA7,4701,FALSE
ENSG00000268041,ERFL,390937,FALSE
ENSG00000268104,SLC6A14,11254,FALSE
ENSG00000268223,ARL14EPL,644100,FALSE
ENSG00000268350,FAM156A,29057,TRUE
ENSG00000268750,,,FALSE
ENSG00000269190,FBXO17,115290,FALSE
ENSG00000269226,TMSB15B,286527,TRUE
ENSG00000269313,MAGIX,79917,FALSE
ENSG00000269335,IKBKG,8517,TRUE
ENSG00000269343,ZNF587B,100293516,FALSE
ENSG00000269556,TMEM185A,84548,FALSE
ENSG00000269825,LOC122539214,122539214,FALSE
ENSG00000269858,EGLN2,112398,FALSE
ENSG00000270011,ZNF559-ZNF177,100529215,FALSE
ENSG00000270647,TAF15,8148,FALSE
ENSG00000270765,GAS2L2,246176,FALSE
ENSG00000270882,H4C14,8370,FALSE
ENSG00000270885,RASL10B,91608,FALSE
ENSG00000271447,MMP28,79148,FALSE
ENSG00000271503,CCL5,6352,FALSE
ENSG00000271601,LIX1L,128077,FALSE
ENSG00000271605,MILR1,284021,FALSE
ENSG00000272047,GTF2H5,404672,TRUE
ENSG00000272398,CD24,100133941,FALSE
ENSG00000272514,CFAP206,154313,FALSE
ENSG00000272602,ZNF595,152687,FALSE
ENSG00000272636,DOC2B,8447,FALSE
ENSG00000272674,PCDHB16,57717,FALSE
ENSG00000272886,DCP1A,55802,FALSE
ENSG00000273045,C2orf15,150590,TRUE
ENSG00000273173,SNURF,8926,FALSE
ENSG00000273213,H3-7,440686,FALSE
ENSG00000273559,CWC25,54883,FALSE
ENSG00000273604,EPOP,100170841,FALSE
ENSG00000273611,ZNHIT3,9326,FALSE
ENSG00000273749,CYFIP1,23191,FALSE
ENSG00000273820,USP27X,389856,FALSE
ENSG00000273841,TAF9,6880,FALSE
ENSG00000273899,NOL12,79159,FALSE
ENSG00000274070,CASTOR2,729438,FALSE
ENSG00000274286,ADRA2B,151,FALSE
ENSG00000274349,ZNF658,26149,FALSE
ENSG00000274736,CCL23,6368,FALSE
ENSG00000274750,H3C6,8353,FALSE
ENSG00000274752,TRBV12-3,28577,FALSE
ENSG00000275052,PPP4R3B,57223,FALSE
ENSG00000275074,NUDT18,79873,FALSE
ENSG00000275111,ZNF2,7549,FALSE
ENSG00000275183,LENG9,94059,FALSE
ENSG00000275221,H2AC15,8330,FALSE
ENSG00000275410,HNF1B,6928,FALSE
ENSG00000275591,XKR5,389610,FALSE
ENSG00000275700,AATF,26574,FALSE
ENSG00000275718,CCL15,6359,FALSE
ENSG00000275835,TUBGCP5,114791,FALSE
ENSG00000275896,PRSS2,5645,FALSE
ENSG00000276023,DUSP14,11072,FALSE
ENSG00000276043,UHRF1,29128,FALSE
ENSG00000276234,TADA2A,6871,FALSE
ENSG00000276293,PIP4K2B,8396,FALSE
ENSG00000276409,CCL14,6358,FALSE
ENSG00000276547,PCDHGB5,56101,FALSE
ENSG00000276600,RAB7B,338382,FALSE
ENSG00000276644,DACH1,1602,FALSE
ENSG00000276953,TRBV12-4,28576,FALSE
ENSG00000277075,H2AC8,3012,FALSE
ENSG00000277149,TYW1B,441250,TRUE
ENSG00000277161,PIGW,284098,FALSE
ENSG00000277258,PCGF2,7703,FALSE
ENSG00000277443,MARCKS,4082,FALSE
ENSG00000277462,ZNF670,93474,FALSE
ENSG00000277586,NEFL,4747,FALSE
ENSG00000277639,CHD9NB,105371267,FALSE
ENSG00000277791,PSMB3,5691,TRUE
ENSG00000277893,SRD5A2,6716,FALSE
ENSG00000277972,CISD3,284106,FALSE
ENSG00000278023,RDM1,201299,FALSE
ENSG00000278053,DDX52,11056,FALSE
ENSG00000278129,ZNF8,7554,FALSE
ENSG00000278259,MYO19,80179,FALSE
ENSG00000278318,ZNF229,7772,FALSE
ENSG00000278535,DHRS11,79154,FALSE
ENSG00000278615,C11orf98,102288414,FALSE
ENSG00000278619,MRM1,79922,FALSE
ENSG00000278845,MRPL45,84311,FALSE
ENSG00000280670,CCDC163,126661,FALSE
ENSG00000281991,TMEM265,100862671,FALSE
ENSG00000282988,,,FALSE
ENSG00000283208,,,FALSE
ENSG00000283267,FAM237B,107986818,FALSE
ENSG00000283632,EXOC3L2,90332,FALSE
ENSG00000283761,,,FALSE
ENSG00000283992,SLURP2,432355,FALSE
ENSG00000284024,MSANTD7,100421372,FALSE
ENSG00000284130,TUBA3FP,113691,FALSE
ENSG00000284194,SCO2,9997,TRUE
ENSG00000284308,C2orf81,388963,FALSE
ENSG00000284526,LOC122455342,122455342,FALSE
ENSG00000284691,LOC728743,728743,FALSE
ENSG00000284753,EEF1AKMT4,110599564,FALSE
ENSG00000284770,TBCE,6905,FALSE
ENSG00000284791,SMIM41,113523638,FALSE
ENSG00000284981,UPK3BL2,107983993,FALSE
ENSG00000285082,,,FALSE
ENSG00000285547,,,FALSE
ENSG00000285815,GET1-SH3BGR,106865373,FALSE
ENSG00000286019,NOTCH2NLB,100996763,FALSE
ENSG00000286053,ASDURF,110599588,FALSE
ENSG00000286105,TMEM217B,121725057,FALSE
ENSG00000286106,NOTCH2NLR,101929796,FALSE
ENSG00000286140,DERPC,113455421,FALSE
ENSG00000286190,SMIM48,728392,FALSE
ENSG00000286219,NOTCH2NLC,100996717,FALSE
ENSG00000286264,LOC114841035,114841035,FALSE
ENSG00000288637,,,TRUE
ENSG00000288658,RNF228,122319436,FALSE
ENSG00000288709,F8A2,474383,FALSE
ENSG00000288722,F8A1,8263,FALSE
ENSG00000288920,RPSA2,388524,FALSE
ENSG00000289700,,,FALSE
ENSG00000289720,ITCH,83737,FALSE
ENSG00000289746,TARP,445347,FALSE
ENSG00000289791,,,FALSE
ENSG00000290203,SPESP1-NOX5,134826889,FALSE
ENSG00000290292,HOMEZ,57594,FALSE
ENSG00000291237,SOD2,6648,FALSE
ENSG00000291317,TMEM276,84773,TRUE
ENSG00000292332,IL3RA,3563,FALSE
ENSG00000292334,SLC25A6,293,FALSE
ENSG00000292338,DHRSX,207063,FALSE
ENSG00000292339,ASMTL,8623,FALSE
ENSG00000292343,AKAP17A,8227,FALSE
ENSG00000292345,ZBED1,9189,FALSE
ENSG00000292348,CD99,4267,FALSE
ENSG00000292357,CSF2RA,1438,FALSE
ENSG00000292358,GTPBP6,8225,FALSE
ENSG00000292366,VAMP7,6845,FALSE
ENSG00000293268,LOC124906262,124906262,FALSE
ENSG00000293543,DUSP13A,128854680,FALSE
ENSG00000293570,,,FALSE
ENSG00000293606,,,FALSE
ENSG00000293642,,,FALSE
ENSG00000310517,CAST,831,FALSE
ENSG00000310560,PAXX,286257,FALSE
