comparator_isoform_id	gene_id	reference_isoform_id	comparison	distance	category	last_ejc_tx_pos	own_stop_tx_pos
ENSG00000000419.15.novel1	ENSG00000000419.15	ENST00000371588.10	NMD	264	effectively_ptc	1508	1244
ENSG00000003402.22.novel42	ENSG00000003402.22	ENST00000341222.10	NMD	-163	truncated_no_ejc	1107	1270
ENSG00000003402.22.novel46	ENSG00000003402.22	ENST00000341222.10	Control	-58	no_downstream_ejc	3482	3540
ENSG00000004864.15.novel1	ENSG00000004864.15	ENST00000265631.10	NMD	1505	effectively_ptc	2169	664
ENSG00000004864.15.novel2	ENSG00000004864.15	ENST00000265631.10	Control	-166	truncated_no_ejc	777	943
ENSG00000005436.15.novel1	ENSG00000005436.15	ENST00000470503.1	Control	-276	no_downstream_ejc	553	829
ENSG00000005436.15.novel3	ENSG00000005436.15	ENST00000470503.1	NMD	1047	effectively_ptc	2258	1211
ENSG00000006194.12.novel67	ENSG00000006194.12	ENST00000575823.2	NMD	-1164	no_downstream_ejc	1593	2757
ENSG00000006282.23.novel1	ENSG00000006282.23	ENST00000503127.5	NMD	768	effectively_ptc	2697	1929
ENSG00000007341.20.novel6	ENSG00000007341.20	ENST00000473206.5	NMD	-15	truncated_no_ejc	1074	1089
ENSG00000011105.15.novel1	ENSG00000011105.15	ENST00000011898.10	NMD	219	effectively_ptc	748	529
ENSG00000011638.12.novel2	ENSG00000011638.12	ENST00000233047.9	NMD	122	effectively_ptc	819	697
ENSG00000012171.21.novel22	ENSG00000012171.21	ENST00000616701.5	NMD	814	effectively_ptc	2022	1208
ENSG00000013441.18.novel26	ENSG00000013441.18	ENST00000321356.9	Control	2783	effectively_ptc	3583	800
ENSG00000013561.19.novel1	ENSG00000013561.19	ENST00000394520.7	Control	-56	no_downstream_ejc	1687	1743
ENSG00000018699.14.novel1	ENSG00000018699.14	ENST00000317907.9	NMD	94	effectively_ptc	2384	2290
ENSG00000019102.13.novel1	ENSG00000019102.13	ENST00000326621.10	NMD	263	effectively_ptc	1155	892
ENSG00000020129.17.novel2	ENSG00000020129.17	ENST00000356090.8	NMD	341	effectively_ptc	2286	1945
ENSG00000020426.12.novel2	ENSG00000020426.12	ENST00000261245.9	Control	-133	truncated_no_ejc	830	963
ENSG00000020426.12.novel6	ENSG00000020426.12	ENST00000261245.9	NMD	401	effectively_ptc	871	470
ENSG00000022840.17.novel36	ENSG00000022840.17	ENST00000325954.9	NMD	157	effectively_ptc	2739	2582
ENSG00000023228.16.novel1	ENSG00000023228.16	ENST00000233190.11	NMD	1339	effectively_ptc	2960	1621
ENSG00000023697.14.novel1	ENSG00000023697.14	ENST00000428559.7	Control	571	effectively_ptc	988	417
ENSG00000023697.14.novel2	ENSG00000023697.14	ENST00000428559.7	NMD	649	effectively_ptc	1083	434
ENSG00000023909.11.novel3	ENSG00000023909.11	ENST00000370238.8	NMD	103	effectively_ptc	1108	1005
ENSG00000025708.15.novel1	ENSG00000025708.15	ENST00000252029.8	NMD	300	effectively_ptc	2354	2054
ENSG00000026652.16.novel1	ENSG00000026652.16	ENST00000320285.9	NMD	311	effectively_ptc	1361	1050
ENSG00000030066.15.novel2	ENSG00000030066.15	ENST00000378460.7	NMD	2282	effectively_ptc	4365	2083
ENSG00000033178.14.novel4	ENSG00000033178.14	ENST00000322244.10	NMD	654	effectively_ptc	3038	2384
ENSG00000037474.16.novel2	ENSG00000037474.16	ENST00000264670.11	NMD	1308	effectively_ptc	2498	1190
ENSG00000038210.15.novel1	ENSG00000038210.15	ENST00000264864.8	NMD	831	effectively_ptc	1330	499
ENSG00000042088.15.novel5	ENSG00000042088.15	ENST00000393454.6	NMD	940	effectively_ptc	1803	863
ENSG00000042980.15.novel4	ENSG00000042980.15	ENST00000265769.9	NMD	555	effectively_ptc	2622	2067
ENSG00000048140.19.novel2	ENSG00000048140.19	ENST00000508164.6	NMD	-13	truncated_no_ejc	997	1010
ENSG00000048162.23.novel1	ENSG00000048162.23	ENST00000614830.5	NMD	110	effectively_ptc	1719	1609
ENSG00000049167.17.novel2	ENSG00000049167.17	ENST00000676185.1	NMD	922	effectively_ptc	1749	827
ENSG00000051009.12.novel1	ENSG00000051009.12	ENST00000449352.7	NMD	149	effectively_ptc	2982	2833
ENSG00000053372.6.novel1	ENSG00000053372.6	ENST00000330263.5	Control	149	effectively_ptc	1168	1019
ENSG00000053372.6.novel2	ENSG00000053372.6	ENST00000330263.5	NMD	324	effectively_ptc	810	486
ENSG00000053770.13.novel2	ENSG00000053770.13	ENST00000261558.8	NMD	629	effectively_ptc	1597	968
ENSG00000053770.13.novel5	ENSG00000053770.13	ENST00000261558.8	Control	2	truncated_no_ejc	969	967
ENSG00000054148.19.novel2	ENSG00000054148.19	ENST00000247665.12	Control	-216	no_downstream_ejc	1663	1879
ENSG00000054277.14.novel3	ENSG00000054277.14	ENST00000490673.5	NMD	453	effectively_ptc	1408	955
ENSG00000057019.17.novel21	ENSG00000057019.17	ENST00000326840.11	Control	-219	truncated_no_ejc	1382	1601
ENSG00000057019.17.novel3	ENSG00000057019.17	ENST00000326840.11	NMD	499	effectively_ptc	2262	1763
ENSG00000058063.18.novel1	ENSG00000058063.18	ENST00000323116.10	Control	-169	truncated_no_ejc	3651	3820
ENSG00000058063.18.novel2	ENSG00000058063.18	ENST00000323116.10	NMD	891	effectively_ptc	3723	2832
ENSG00000058085.16.novel1	ENSG00000058085.16	ENST00000264144.5	NMD	2515	effectively_ptc	3580	1065
ENSG00000058085.16.novel45	ENSG00000058085.16	ENST00000264144.5	Control	-166	truncated_no_ejc	3296	3462
ENSG00000058804.13.novel1	ENSG00000058804.13	ENST00000371429.4	Control	1752	effectively_ptc	2219	467
ENSG00000058804.13.novel4	ENSG00000058804.13	ENST00000371429.4	NMD	224	effectively_ptc	1847	1623
ENSG00000059758.9.novel5	ENSG00000059758.9	ENST00000261211.8	NMD	809	effectively_ptc	2092	1283
ENSG00000059758.9.novel7	ENSG00000059758.9	ENST00000261211.8	Control	-136	truncated_no_ejc	1178	1314
ENSG00000059769.21.novel8	ENSG00000059769.21	ENST00000313525.4	Control	-496	truncated_no_ejc	608	1104
ENSG00000060140.10.novel1	ENSG00000060140.10	ENST00000075503.8	Control	-203	no_downstream_ejc	1473	1676
ENSG00000060140.10.novel5	ENSG00000060140.10	ENST00000075503.8	NMD	530	effectively_ptc	1356	826
ENSG00000060558.4.novel1	ENSG00000060558.4	ENST00000262958.4	Control	-157	truncated_no_ejc	1276	1433
ENSG00000060558.4.novel3	ENSG00000060558.4	ENST00000262958.4	NMD	285	effectively_ptc	1187	902
ENSG00000062598.19.novel1	ENSG00000062598.19	ENST00000290246.11	Control	-199	no_downstream_ejc	2190	2389
ENSG00000062598.19.novel3	ENSG00000062598.19	ENST00000290246.11	NMD	1699	effectively_ptc	2106	407
ENSG00000063660.10.novel1	ENSG00000063660.10	ENST00000264039.7	Control	-409	no_downstream_ejc	2204	2613
ENSG00000063660.10.novel24	ENSG00000063660.10	ENST00000264039.7	NMD	379	effectively_ptc	1821	1442
ENSG00000064225.14.novel3	ENSG00000064225.14	ENST00000265261.11	NMD	708	effectively_ptc	1507	799
ENSG00000064419.15.novel1	ENSG00000064419.15	ENST00000265388.10	Control	2801	effectively_ptc	3358	557
ENSG00000065457.12.novel1	ENSG00000065457.12	ENST00000564657.2	Control	826	effectively_ptc	3230	2404
ENSG00000065457.12.novel4	ENSG00000065457.12	ENST00000564657.2	NMD	1047	effectively_ptc	2221	1174
ENSG00000065600.14.novel3	ENSG00000065600.14	ENST00000261455.9	NMD	96	effectively_ptc	1123	1027
ENSG00000066557.7.novel1	ENSG00000066557.7	ENST00000370952.4	NMD	1038	effectively_ptc	1991	953
ENSG00000066557.7.novel3	ENSG00000066557.7	ENST00000370952.4	Control	1284	effectively_ptc	1766	482
ENSG00000066629.20.novel2	ENSG00000066629.20	ENST00000262233.11	Control	-26	truncated_no_ejc	749	775
ENSG00000066629.20.novel6	ENSG00000066629.20	ENST00000262233.11	NMD	430	effectively_ptc	2486	2056
ENSG00000068724.19.novel2	ENSG00000068724.19	ENST00000319190.11	Control	-237	truncated_no_ejc	552	789
ENSG00000068724.19.novel4	ENSG00000068724.19	ENST00000319190.11	NMD	1755	effectively_ptc	3070	1315
ENSG00000068971.15.novel3	ENSG00000068971.15	ENST00000164133.7	NMD	914	effectively_ptc	1777	863
ENSG00000069998.13.novel1	ENSG00000069998.13	ENST00000336737.8	Control	1297	effectively_ptc	2143	846
ENSG00000069998.13.novel2	ENSG00000069998.13	ENST00000336737.8	NMD	138	effectively_ptc	1265	1127
ENSG00000070413.22.novel2	ENSG00000070413.22	ENST00000263196.12	NMD	677	effectively_ptc	1774	1097
ENSG00000070495.16.novel5	ENSG00000070495.16	ENST00000397625.9	Control	-344	truncated_no_ejc	829	1173
ENSG00000070540.14.novel2	ENSG00000070540.14	ENST00000262139.10	NMD	540	effectively_ptc	1354	814
ENSG00000070669.18.novel1	ENSG00000070669.18	ENST00000394308.8	NMD	346	effectively_ptc	1763	1417
ENSG00000071242.14.novel1	ENSG00000071242.14	ENST00000265678.9	Control	-76	truncated_no_ejc	1253	1329
ENSG00000071242.14.novel9	ENSG00000071242.14	ENST00000265678.9	NMD	1120	effectively_ptc	2382	1262
ENSG00000071539.15.novel2	ENSG00000071539.15	ENST00000166345.8	Control	50	no_downstream_ejc	1761	1711
ENSG00000071539.15.novel5	ENSG00000071539.15	ENST00000166345.8	NMD	306	effectively_ptc	1523	1217
ENSG00000072571.21.novel1	ENSG00000072571.21	ENST00000393915.9	NMD	1450	effectively_ptc	2095	645
ENSG00000072849.12.novel1	ENSG00000072849.12	ENST00000158771.9	NMD	111	effectively_ptc	1442	1331
ENSG00000072864.17.novel3	ENSG00000072864.17	ENST00000396354.6	NMD	286	effectively_ptc	1193	907
ENSG00000072864.17.novel38	ENSG00000072864.17	ENST00000396354.6	Control	-241	no_downstream_ejc	970	1211
ENSG00000072958.10.novel5	ENSG00000072958.10	ENST00000291439.8	NMD	542	effectively_ptc	1237	695
ENSG00000073792.17.novel3	ENSG00000073792.17	ENST00000382199.7	NMD	369	effectively_ptc	1880	1511
ENSG00000074527.14.novel1	ENSG00000074527.14	ENST00000343702.9	Control	-546	truncated_no_ejc	655	1201
ENSG00000074527.14.novel21	ENSG00000074527.14	ENST00000343702.9	NMD	970	effectively_ptc	2350	1380
ENSG00000075223.15.novel1	ENSG00000075223.15	ENST00000265361.8	Control	-10	truncated_no_ejc	1023	1033
ENSG00000075223.15.novel5	ENSG00000075223.15	ENST00000265361.8	NMD	141	effectively_ptc	2258	2117
ENSG00000076067.15.novel2	ENSG00000076067.15	ENST00000262031.10	Control	-22	truncated_no_ejc	1383	1405
ENSG00000076067.15.novel3	ENSG00000076067.15	ENST00000262031.10	NMD	768	effectively_ptc	1592	824
ENSG00000076928.21.novel3	ENSG00000076928.21	ENST00000354532.8	NMD	952	effectively_ptc	2991	2039
ENSG00000077238.15.novel2	ENSG00000077238.15	ENST00000395762.7	NMD	-64	truncated_no_ejc	1520	1584
ENSG00000077454.18.novel3	ENSG00000077454.18	ENST00000310300.11	NMD	718	effectively_ptc	1951	1233
ENSG00000077458.13.novel71	ENSG00000077458.13	ENST00000358780.10	Control	-83	truncated_no_ejc	2141	2224
ENSG00000077585.15.novel1	ENSG00000077585.15	ENST00000366592.8	Control	384	effectively_ptc	1007	623
ENSG00000077585.15.novel4	ENSG00000077585.15	ENST00000366592.8	NMD	101	effectively_ptc	1431	1330
ENSG00000077713.20.novel1	ENSG00000077713.20	ENST00000217909.8	Control	100	effectively_ptc	764	664
ENSG00000077713.20.novel3	ENSG00000077713.20	ENST00000217909.8	NMD	229	effectively_ptc	1111	882
ENSG00000077942.20.novel1	ENSG00000077942.20	ENST00000262722.11	NMD	776	effectively_ptc	1998	1222
ENSG00000078070.15.novel1	ENSG00000078070.15	ENST00000265594.9	NMD	1770	effectively_ptc	2068	298
ENSG00000078070.15.novel4	ENSG00000078070.15	ENST00000265594.9	Control	-13	truncated_no_ejc	508	521
ENSG00000078747.18.novel7	ENSG00000078747.18	ENST00000374864.10	NMD	875	effectively_ptc	2712	1837
ENSG00000079385.24.novel1	ENSG00000079385.24	ENST00000403444.7	NMD	220	effectively_ptc	1507	1287
ENSG00000080189.16.novel1	ENSG00000080189.16	ENST00000372230.10	NMD	190	effectively_ptc	1298	1108
ENSG00000080608.11.novel10	ENSG00000080608.11	ENST00000397885.3	NMD	774	effectively_ptc	1858	1084
ENSG00000080608.11.novel14	ENSG00000080608.11	ENST00000397885.3	Control	-131	no_downstream_ejc	3954	4085
ENSG00000081320.13.novel1	ENSG00000081320.13	ENST00000263955.9	NMD	464	effectively_ptc	1259	795
ENSG00000084073.11.novel1	ENSG00000084073.11	ENST00000372759.4	Control	939	effectively_ptc	1477	538
ENSG00000085433.18.novel2	ENSG00000085433.18	ENST00000369962.8	NMD	1298	effectively_ptc	2229	931
ENSG00000085721.14.novel1	ENSG00000085721.14	ENST00000198767.11	NMD	1105	effectively_ptc	1827	722
ENSG00000086200.18.novel22	ENSG00000086200.18	ENST00000409534.1	NMD	-163	no_downstream_ejc	2862	3025
ENSG00000086696.12.novel1	ENSG00000086696.12	ENST00000199936.9	NMD	192	effectively_ptc	1161	969
ENSG00000086696.12.novel2	ENSG00000086696.12	ENST00000199936.9	Control	-360	truncated_no_ejc	842	1202
ENSG00000087076.10.novel1	ENSG00000087076.10	ENST00000263278.9	Control	-95	truncated_no_ejc	976	1071
ENSG00000087076.10.novel2	ENSG00000087076.10	ENST00000263278.9	NMD	126	effectively_ptc	1010	884
ENSG00000087884.17.novel1	ENSG00000087884.17	ENST00000526415.5	Control	-139	no_downstream_ejc	578	717
ENSG00000088451.12.novel1	ENSG00000088451.12	ENST00000261296.7	NMD	605	effectively_ptc	1058	453
ENSG00000088451.12.novel3	ENSG00000088451.12	ENST00000261296.7	Control	970	effectively_ptc	1225	255
ENSG00000088766.13.novel1	ENSG00000088766.13	ENST00000378863.9	Control	-18	truncated_no_ejc	907	925
ENSG00000088766.13.novel11	ENSG00000088766.13	ENST00000378863.9	NMD	428	effectively_ptc	1354	926
ENSG00000089060.13.novel9	ENSG00000089060.13	ENST00000680972.1	NMD	507	effectively_ptc	2335	1828
ENSG00000089639.12.novel2	ENSG00000089639.12	ENST00000203556.9	NMD	259	effectively_ptc	2495	2236
ENSG00000090054.17.novel2	ENSG00000090054.17	ENST00000262554.7	NMD	292	effectively_ptc	1501	1209
ENSG00000090661.14.novel1	ENSG00000090661.14	ENST00000251363.10	Control	-178	no_downstream_ejc	1590	1768
ENSG00000090661.14.novel4	ENSG00000090661.14	ENST00000251363.10	NMD	279	effectively_ptc	1574	1295
ENSG00000090989.19.novel1	ENSG00000090989.19	ENST00000892248.1	Control	-31	truncated_no_ejc	1407	1438
ENSG00000090989.19.novel54	ENSG00000090989.19	ENST00000892248.1	NMD	-420	truncated_no_ejc	2495	2915
ENSG00000091127.15.novel1	ENSG00000091127.15	ENST00000469408.6	NMD	431	effectively_ptc	2062	1631
ENSG00000091844.9.novel1	ENSG00000091844.9	ENST00000206262.2	Control	-187	no_downstream_ejc	585	772
ENSG00000091844.9.novel2	ENSG00000091844.9	ENST00000206262.2	NMD	106	effectively_ptc	937	831
ENSG00000092036.20.novel9	ENSG00000092036.20	ENST00000541587.6	NMD	327	effectively_ptc	1196	869
ENSG00000092108.23.novel2	ENSG00000092108.23	ENST00000458591.7	NMD	368	effectively_ptc	2037	1669
ENSG00000093009.12.novel3	ENSG00000093009.12	ENST00000263201.7	NMD	999	effectively_ptc	1859	860
ENSG00000093010.16.novel1	ENSG00000093010.16	ENST00000361682.11	NMD	75	effectively_ptc	1405	1330
ENSG00000093167.19.novel2	ENSG00000093167.19	ENST00000421276.6	NMD	352	effectively_ptc	1860	1508
ENSG00000095303.18.novel1	ENSG00000095303.18	ENST00000362012.7	NMD	1533	effectively_ptc	1772	239
ENSG00000096717.13.novel1	ENSG00000096717.13	ENST00000212015.11	Control	1370	effectively_ptc	2172	802
ENSG00000096717.13.novel3	ENSG00000096717.13	ENST00000212015.11	NMD	1085	effectively_ptc	2152	1067
ENSG00000096746.19.novel1	ENSG00000096746.19	ENST00000265866.12	Control	-75	no_downstream_ejc	2037	2112
ENSG00000096746.19.novel2	ENSG00000096746.19	ENST00000265866.12	NMD	611	effectively_ptc	2072	1461
ENSG00000099282.11.novel1	ENSG00000099282.11	ENST00000373290.7	NMD	67	effectively_ptc	993	926
ENSG00000099326.10.novel1	ENSG00000099326.10	ENST00000215057.7	NMD	138	effectively_ptc	1345	1207
ENSG00000099849.16.novel1	ENSG00000099849.16	ENST00000397582.7	NMD	-10	truncated_no_ejc	1134	1144
ENSG00000099917.18.novel1	ENSG00000099917.18	ENST00000292733.11	NMD	2257	effectively_ptc	2469	212
ENSG00000099998.20.novel2	ENSG00000099998.20	ENST00000327365.10	NMD	678	effectively_ptc	1606	928
ENSG00000100003.18.novel10	ENSG00000100003.18	ENST00000615189.5	NMD	845	effectively_ptc	1150	305
ENSG00000100003.18.novel12	ENSG00000100003.18	ENST00000615189.5	Control	37	truncated_no_ejc	1086	1049
ENSG00000100083.21.novel4	ENSG00000100083.21	ENST00000343632.9	NMD	957	effectively_ptc	2240	1283
ENSG00000100151.17.novel1	ENSG00000100151.17	ENST00000356976.8	Control	-267	no_downstream_ejc	1339	1606
ENSG00000100151.17.novel3	ENSG00000100151.17	ENST00000356976.8	NMD	626	effectively_ptc	1174	548
ENSG00000100239.17.novel2	ENSG00000100239.17	ENST00000612753.5	NMD	2523	effectively_ptc	3191	668
ENSG00000100258.19.novel3	ENSG00000100258.19	ENST00000474879.7	NMD	1114	effectively_ptc	1806	692
ENSG00000100258.19.novel7	ENSG00000100258.19	ENST00000474879.7	Control	1991	effectively_ptc	2439	448
ENSG00000100284.23.novel1	ENSG00000100284.23	ENST00000449058.7	NMD	1103	effectively_ptc	1390	287
ENSG00000100294.14.novel1	ENSG00000100294.14	ENST00000327555.5	NMD	321	effectively_ptc	843	522
ENSG00000100294.14.novel3	ENSG00000100294.14	ENST00000327555.5	Control	-22	no_downstream_ejc	792	814
ENSG00000100417.13.novel1	ENSG00000100417.13	ENST00000216259.8	NMD	99	effectively_ptc	809	710
ENSG00000100418.9.novel1	ENSG00000100418.9	ENST00000263256.7	Control	-215	no_downstream_ejc	663	878
ENSG00000100418.9.novel3	ENSG00000100418.9	ENST00000263256.7	NMD	311	effectively_ptc	819	508
ENSG00000100519.13.novel1	ENSG00000100519.13	ENST00000445930.7	NMD	1167	effectively_ptc	1568	401
ENSG00000100519.13.novel69	ENSG00000100519.13	ENST00000445930.7	Control	-87	truncated_no_ejc	767	854
ENSG00000100558.10.novel1	ENSG00000100558.10	ENST00000216446.9	NMD	904	effectively_ptc	1290	386
ENSG00000100558.10.novel4	ENSG00000100558.10	ENST00000216446.9	Control	-126	truncated_no_ejc	1079	1205
ENSG00000100726.16.novel2	ENSG00000100726.16	ENST00000262319.11	NMD	952	effectively_ptc	2628	1676
ENSG00000100897.19.novel11	ENSG00000100897.19	ENST00000559115.5	NMD	1039	effectively_ptc	2363	1324
ENSG00000100897.19.novel4	ENSG00000100897.19	ENST00000559115.5	Control	-133	no_downstream_ejc	2808	2941
ENSG00000100918.15.novel7	ENSG00000100918.15	ENST00000620473.4	NMD	478	effectively_ptc	2080	1602
ENSG00000101150.19.novel1	ENSG00000101150.19	ENST00000346249.9	NMD	52	effectively_ptc	1762	1710
ENSG00000101152.13.novel1	ENSG00000101152.13	ENST00000360864.9	Control	-102	no_downstream_ejc	1022	1124
ENSG00000101166.17.novel59	ENSG00000101166.17	ENST00000355937.9	NMD	164	effectively_ptc	943	779
ENSG00000101194.19.novel1	ENSG00000101194.19	ENST00000370351.9	NMD	256	effectively_ptc	1340	1084
ENSG00000101194.19.novel2	ENSG00000101194.19	ENST00000370351.9	Control	-78	truncated_no_ejc	1330	1408
ENSG00000101452.16.novel1	ENSG00000101452.16	ENST00000252011.8	Control	-43	truncated_no_ejc	2125	2168
ENSG00000101751.12.novel1	ENSG00000101751.12	ENST00000579534.6	Control	1240	effectively_ptc	1606	366
ENSG00000101751.12.novel5	ENSG00000101751.12	ENST00000579534.6	NMD	387	effectively_ptc	1506	1119
ENSG00000101773.20.novel47	ENSG00000101773.20	ENST00000327155.10	NMD	1948	effectively_ptc	3208	1260
ENSG00000101773.20.novel58	ENSG00000101773.20	ENST00000327155.10	Control	-947	truncated_no_ejc	1418	2365
ENSG00000102007.12.novel1	ENSG00000102007.12	ENST00000376327.6	NMD	220	effectively_ptc	990	770
ENSG00000102007.12.novel2	ENSG00000102007.12	ENST00000376327.6	Control	326	effectively_ptc	834	508
ENSG00000102032.14.novel3	ENSG00000102032.14	ENST00000393700.8	NMD	1134	effectively_ptc	1418	284
ENSG00000102032.14.novel7	ENSG00000102032.14	ENST00000393700.8	Control	1242	effectively_ptc	1361	119
ENSG00000102158.23.novel1	ENSG00000102158.23	ENST00000358075.11	Control	611	effectively_ptc	1800	1189
ENSG00000102158.23.novel4	ENSG00000102158.23	ENST00000358075.11	NMD	191	effectively_ptc	1380	1189
ENSG00000102225.18.novel1	ENSG00000102225.18	ENST00000357227.9	NMD	-36	no_downstream_ejc	1992	2028
ENSG00000102312.25.novel1	ENSG00000102312.25	ENST00000361988.7	NMD	921	effectively_ptc	1774	853
ENSG00000102738.9.novel2	ENSG00000102738.9	ENST00000323563.8	Control	-290	truncated_no_ejc	359	649
ENSG00000102738.9.novel24	ENSG00000102738.9	ENST00000323563.8	NMD	221	effectively_ptc	1439	1218
ENSG00000102796.13.novel1	ENSG00000102796.13	ENST00000650833.1	Control	-108	no_downstream_ejc	942	1050
ENSG00000102796.13.novel80	ENSG00000102796.13	ENST00000650833.1	NMD	134	effectively_ptc	831	697
ENSG00000103061.14.novel1	ENSG00000103061.14	ENST00000263997.11	NMD	119	effectively_ptc	1177	1058
ENSG00000103061.14.novel4	ENSG00000103061.14	ENST00000263997.11	Control	-154	truncated_no_ejc	757	911
ENSG00000103067.15.novel1	ENSG00000103067.15	ENST00000473183.7	NMD	1081	effectively_ptc	2148	1067
ENSG00000103067.15.novel5	ENSG00000103067.15	ENST00000473183.7	Control	1674	effectively_ptc	2284	610
ENSG00000103253.20.novel1	ENSG00000103253.20	ENST00000389703.8	NMD	152	effectively_ptc	1764	1612
ENSG00000103253.20.novel3	ENSG00000103253.20	ENST00000389703.8	Control	-167	no_downstream_ejc	1439	1606
ENSG00000103264.19.novel12	ENSG00000103264.19	ENST00000311635.12	NMD	1627	effectively_ptc	2960	1333
ENSG00000103429.12.novel1	ENSG00000103429.12	ENST00000562442.5	NMD	372	effectively_ptc	1341	969
ENSG00000103549.23.novel1	ENSG00000103549.23	ENST00000324685.11	Control	-175	no_downstream_ejc	3357	3532
ENSG00000103549.23.novel6	ENSG00000103549.23	ENST00000324685.11	NMD	823	effectively_ptc	3591	2768
ENSG00000103642.12.novel24	ENSG00000103642.12	ENST00000261893.9	Control	-346	truncated_no_ejc	700	1046
ENSG00000103642.12.novel7	ENSG00000103642.12	ENST00000261893.9	NMD	74	effectively_ptc	1260	1186
ENSG00000104205.17.novel18	ENSG00000104205.17	ENST00000521198.7	NMD	396	effectively_ptc	1492	1096
ENSG00000104320.16.novel1	ENSG00000104320.16	ENST00000265433.8	NMD	1634	effectively_ptc	2267	633
ENSG00000104375.18.novel1	ENSG00000104375.18	ENST00000419617.7	Control	-316	truncated_no_ejc	1032	1348
ENSG00000104375.18.novel9	ENSG00000104375.18	ENST00000419617.7	NMD	151	effectively_ptc	1083	932
ENSG00000104412.9.novel1	ENSG00000104412.9	ENST00000220853.8	NMD	376	effectively_ptc	807	431
ENSG00000104497.16.novel1	ENSG00000104497.16	ENST00000345957.9	NMD	240	effectively_ptc	1456	1216
ENSG00000104635.16.novel2	ENSG00000104635.16	ENST00000381237.6	NMD	850	effectively_ptc	1836	986
ENSG00000104714.15.novel1	ENSG00000104714.15	ENST00000262109.8	NMD	83	effectively_ptc	1350	1267
ENSG00000104714.15.novel3	ENSG00000104714.15	ENST00000262109.8	Control	-813	truncated_no_ejc	400	1213
ENSG00000104756.17.novel1	ENSG00000104756.17	ENST00000221200.9	NMD	850	effectively_ptc	1431	581
ENSG00000104756.17.novel3	ENSG00000104756.17	ENST00000221200.9	Control	802	effectively_ptc	1109	307
ENSG00000104856.15.novel2	ENSG00000104856.15	ENST00000505236.2	Control	-552	truncated_no_ejc	366	918
ENSG00000104856.15.novel5	ENSG00000104856.15	ENST00000505236.2	NMD	688	effectively_ptc	1402	714
ENSG00000104960.15.novel3	ENSG00000104960.15	ENST00000599732.5	NMD	342	effectively_ptc	2031	1689
ENSG00000105131.9.novel1	ENSG00000105131.9	ENST00000221730.8	NMD	572	effectively_ptc	1583	1011
ENSG00000105131.9.novel2	ENSG00000105131.9	ENST00000221730.8	Control	-224	no_downstream_ejc	1425	1649
ENSG00000105298.15.novel1	ENSG00000105298.15	ENST00000429344.7	NMD	440	effectively_ptc	2041	1601
ENSG00000105298.15.novel2	ENSG00000105298.15	ENST00000429344.7	Control	-509	truncated_no_ejc	368	877
ENSG00000105321.15.novel26	ENSG00000105321.15	ENST00000221922.11	Control	-16	no_downstream_ejc	1753	1769
ENSG00000105321.15.novel3	ENSG00000105321.15	ENST00000221922.11	NMD	1123	effectively_ptc	1416	293
ENSG00000105443.17.novel12	ENSG00000105443.17	ENST00000452733.7	Control	-208	truncated_no_ejc	1014	1222
ENSG00000105443.17.novel9	ENSG00000105443.17	ENST00000452733.7	NMD	944	effectively_ptc	1381	437
ENSG00000105499.15.novel1	ENSG00000105499.15	ENST00000599921.6	Control	-79	truncated_no_ejc	1732	1811
ENSG00000105499.15.novel3	ENSG00000105499.15	ENST00000599921.6	NMD	-264	truncated_no_ejc	965	1229
ENSG00000105655.20.novel2	ENSG00000105655.20	ENST00000338128.13	NMD	1071	effectively_ptc	2228	1157
ENSG00000105656.14.novel1	ENSG00000105656.14	ENST00000262809.9	NMD	1643	effectively_ptc	1941	298
ENSG00000105793.17.novel3	ENSG00000105793.17	ENST00000222511.11	NMD	346	effectively_ptc	940	594
ENSG00000105852.12.novel1	ENSG00000105852.12	ENST00000265627.10	NMD	409	effectively_ptc	912	503
ENSG00000105856.15.novel8	ENSG00000105856.15	ENST00000468410.5	NMD	580	effectively_ptc	1488	908
ENSG00000105993.16.novel1	ENSG00000105993.16	ENST00000429029.6	NMD	182	effectively_ptc	880	698
ENSG00000106052.15.novel1	ENSG00000106052.15	ENST00000265393.10	Control	-200	truncated_no_ejc	2026	2226
ENSG00000106052.15.novel4	ENSG00000106052.15	ENST00000265393.10	NMD	77	effectively_ptc	2058	1981
ENSG00000106258.17.novel1	ENSG00000106258.17	ENST00000222982.8	NMD	1238	effectively_ptc	1680	442
ENSG00000106526.13.novel1	ENSG00000106526.13	ENST00000683684.1	NMD	323	effectively_ptc	1052	729
ENSG00000106526.13.novel8	ENSG00000106526.13	ENST00000683684.1	Control	40	no_downstream_ejc	861	821
ENSG00000106701.14.novel1	ENSG00000106701.14	ENST00000469022.5	Control	-124	no_downstream_ejc	1566	1690
ENSG00000106701.14.novel2	ENSG00000106701.14	ENST00000469022.5	NMD	954	effectively_ptc	1672	718
ENSG00000106771.14.novel4	ENSG00000106771.14	ENST00000413712.7	NMD	575	effectively_ptc	2569	1994
ENSG00000107164.18.novel2	ENSG00000107164.18	ENST00000319725.10	NMD	543	effectively_ptc	2011	1468
ENSG00000107614.23.novel2	ENSG00000107614.23	ENST00000377799.8	Control	-99	truncated_no_ejc	1377	1476
ENSG00000107789.16.novel1	ENSG00000107789.16	ENST00000371996.9	Control	-199	truncated_no_ejc	1214	1413
ENSG00000107789.16.novel3	ENSG00000107789.16	ENST00000371996.9	NMD	224	effectively_ptc	1644	1420
ENSG00000108187.17.novel6	ENSG00000108187.17	ENST00000309049.8	NMD	256	effectively_ptc	1049	793
ENSG00000108349.19.novel1	ENSG00000108349.19	ENST00000264645.12	NMD	1853	effectively_ptc	2358	505
ENSG00000108599.16.novel3	ENSG00000108599.16	ENST00000225737.11	NMD	775	effectively_ptc	2026	1251
ENSG00000108599.16.novel4	ENSG00000108599.16	ENST00000225737.11	Control	-99	truncated_no_ejc	2001	2100
ENSG00000108651.11.novel1	ENSG00000108651.11	ENST00000261708.9	Control	37	truncated_no_ejc	1841	1804
ENSG00000108651.11.novel2	ENSG00000108651.11	ENST00000261708.9	NMD	791	effectively_ptc	1712	921
ENSG00000108771.14.novel2	ENSG00000108771.14	ENST00000251642.8	NMD	87	effectively_ptc	2282	2195
ENSG00000108784.11.novel4	ENSG00000108784.11	ENST00000225927.7	NMD	470	effectively_ptc	983	513
ENSG00000108784.11.novel5	ENSG00000108784.11	ENST00000225927.7	Control	-1209	no_downstream_ejc	1058	2267
ENSG00000108854.17.novel1	ENSG00000108854.17	ENST00000262435.14	Control	-98	truncated_no_ejc	2979	3077
ENSG00000108854.17.novel2	ENSG00000108854.17	ENST00000262435.14	NMD	2056	effectively_ptc	2745	689
ENSG00000108950.13.novel1	ENSG00000108950.13	ENST00000592554.2	Control	-47	truncated_no_ejc	1190	1237
ENSG00000108950.13.novel4	ENSG00000108950.13	ENST00000592554.2	NMD	227	effectively_ptc	2123	1896
ENSG00000109738.12.novel1	ENSG00000109738.12	ENST00000264428.9	Control	-21	truncated_no_ejc	1204	1225
ENSG00000109738.12.novel5	ENSG00000109738.12	ENST00000264428.9	NMD	336	effectively_ptc	1483	1147
ENSG00000109743.13.novel11	ENSG00000109743.13	ENST00000265016.9	NMD	224	effectively_ptc	1379	1155
ENSG00000109743.13.novel9	ENSG00000109743.13	ENST00000265016.9	Control	-17	truncated_no_ejc	1263	1280
ENSG00000109787.14.novel1	ENSG00000109787.14	ENST00000261438.10	NMD	235	effectively_ptc	1462	1227
ENSG00000109805.11.novel1	ENSG00000109805.11	ENST00000251496.7	NMD	149	effectively_ptc	3197	3048
ENSG00000109805.11.novel6	ENSG00000109805.11	ENST00000251496.7	Control	-220	truncated_no_ejc	2898	3118
ENSG00000109814.13.novel1	ENSG00000109814.13	ENST00000316423.11	NMD	517	effectively_ptc	1800	1283
ENSG00000110321.19.novel3	ENSG00000110321.19	ENST00000339995.11	NMD	487	effectively_ptc	3582	3095
ENSG00000110328.7.novel1	ENSG00000110328.7	ENST00000227756.5	Control	-13	truncated_no_ejc	1954	1967
ENSG00000110328.7.novel3	ENSG00000110328.7	ENST00000227756.5	NMD	295	effectively_ptc	2077	1782
ENSG00000110713.19.novel6	ENSG00000110713.19	ENST00000397004.9	NMD	1171	effectively_ptc	2789	1618
ENSG00000111052.9.novel1	ENSG00000111052.9	ENST00000552864.6	Control	46	truncated_no_ejc	628	582
ENSG00000111224.15.novel7	ENSG00000111224.15	ENST00000427057.6	Control	159	effectively_ptc	1283	1124
ENSG00000111247.16.novel2	ENSG00000111247.16	ENST00000352618.9	NMD	149	effectively_ptc	969	820
ENSG00000111321.12.novel1	ENSG00000111321.12	ENST00000228918.9	Control	-276	truncated_no_ejc	1564	1840
ENSG00000111321.12.novel2	ENSG00000111321.12	ENST00000228918.9	NMD	377	effectively_ptc	1777	1400
ENSG00000111581.11.novel2	ENSG00000111581.11	ENST00000229179.9	NMD	2361	effectively_ptc	2881	520
ENSG00000111906.19.novel4	ENSG00000111906.19	ENST00000398153.7	NMD	121	effectively_ptc	888	767
ENSG00000112039.7.novel17	ENSG00000112039.7	ENST00000229769.3	Control	4212	effectively_ptc	4660	448
ENSG00000112237.14.novel2	ENSG00000112237.14	ENST00000520429.6	NMD	320	effectively_ptc	1093	773
ENSG00000112763.18.novel1	ENSG00000112763.18	ENST00000312541.10	Control	-546	truncated_no_ejc	339	885
ENSG00000112855.18.novel1	ENSG00000112855.18	ENST00000230771.9	NMD	1263	effectively_ptc	1768	505
ENSG00000112877.9.novel2	ENSG00000112877.9	ENST00000264935.6	NMD	1185	effectively_ptc	1714	529
ENSG00000112877.9.novel4	ENSG00000112877.9	ENST00000264935.6	Control	1520	effectively_ptc	1889	369
ENSG00000112983.18.novel3	ENSG00000112983.18	ENST00000230901.9	Control	-58	truncated_no_ejc	2891	2949
ENSG00000112983.18.novel7	ENSG00000112983.18	ENST00000230901.9	NMD	693	effectively_ptc	3083	2390
ENSG00000113108.21.novel12	ENSG00000113108.21	ENST00000412920.7	NMD	867	effectively_ptc	1851	984
ENSG00000113108.21.novel48	ENSG00000113108.21	ENST00000412920.7	Control	988	effectively_ptc	2042	1054
ENSG00000113240.15.novel1	ENSG00000113240.15	ENST00000316308.9	NMD	784	effectively_ptc	1513	729
ENSG00000113319.14.novel1	ENSG00000113319.14	ENST00000638442.1	NMD	1174	effectively_ptc	2192	1018
ENSG00000113319.14.novel2	ENSG00000113319.14	ENST00000638442.1	Control	-82	no_downstream_ejc	2327	2409
ENSG00000113369.9.novel2	ENSG00000113369.9	ENST00000265138.4	NMD	130	effectively_ptc	1883	1753
ENSG00000113369.9.novel3	ENSG00000113369.9	ENST00000265138.4	Control	-84	truncated_no_ejc	937	1021
ENSG00000113597.19.novel10	ENSG00000113597.19	ENST00000399438.8	NMD	820	effectively_ptc	1425	605
ENSG00000113638.15.novel4	ENSG00000113638.15	ENST00000337702.5	Control	-352	no_downstream_ejc	1123	1475
ENSG00000113649.15.novel38	ENSG00000113649.15	ENST00000394421.7	NMD	92	effectively_ptc	3169	3077
ENSG00000113966.12.novel1	ENSG00000113966.12	ENST00000463745.6	NMD	156	effectively_ptc	1273	1117
ENSG00000113966.12.novel3	ENSG00000113966.12	ENST00000463745.6	Control	1	truncated_no_ejc	1042	1041
ENSG00000114316.14.novel1	ENSG00000114316.14	ENST00000265560.9	Control	-3	truncated_no_ejc	2689	2692
ENSG00000114316.14.novel2	ENSG00000114316.14	ENST00000265560.9	NMD	2095	effectively_ptc	3281	1186
ENSG00000114626.19.novel1	ENSG00000114626.19	ENST00000232744.13	NMD	387	effectively_ptc	1487	1100
ENSG00000114735.11.novel1	ENSG00000114735.11	ENST00000232854.9	NMD	677	effectively_ptc	1216	539
ENSG00000115109.15.novel3	ENSG00000115109.15	ENST00000331393.8	NMD	117	effectively_ptc	1658	1541
ENSG00000115109.15.novel4	ENSG00000115109.15	ENST00000331393.8	Control	-52	truncated_no_ejc	1060	1112
ENSG00000115282.22.novel1	ENSG00000115282.22	ENST00000888463.1	NMD	811	effectively_ptc	2122	1311
ENSG00000115289.15.novel1	ENSG00000115289.15	ENST00000475863.5	Control	-46	no_downstream_ejc	769	815
ENSG00000115289.15.novel4	ENSG00000115289.15	ENST00000475863.5	NMD	100	effectively_ptc	1500	1400
ENSG00000115602.18.novel1	ENSG00000115602.18	ENST00000311734.6	NMD	186	effectively_ptc	1509	1323
ENSG00000115750.18.novel2	ENSG00000115750.18	ENST00000263663.10	Control	-153	truncated_no_ejc	1579	1732
ENSG00000115993.14.novel1	ENSG00000115993.14	ENST00000332624.8	Control	-11	truncated_no_ejc	2535	2546
ENSG00000115993.14.novel2	ENSG00000115993.14	ENST00000332624.8	NMD	1697	effectively_ptc	2464	767
ENSG00000116001.18.novel17	ENSG00000116001.18	ENST00000433529.7	NMD	669	effectively_ptc	1484	815
ENSG00000116198.15.novel1	ENSG00000116198.15	ENST00000378230.8	Control	-101	truncated_no_ejc	1088	1189
ENSG00000116198.15.novel7	ENSG00000116198.15	ENST00000378230.8	NMD	903	effectively_ptc	2414	1511
ENSG00000116266.12.novel1	ENSG00000116266.12	ENST00000370008.4	Control	-133	truncated_no_ejc	837	970
ENSG00000116266.12.novel2	ENSG00000116266.12	ENST00000370008.4	NMD	871	effectively_ptc	1674	803
ENSG00000116473.16.novel2	ENSG00000116473.16	ENST00000369709.4	NMD	221	effectively_ptc	928	707
ENSG00000116679.18.novel1	ENSG00000116679.18	ENST00000367498.8	Control	-7	truncated_no_ejc	1372	1379
ENSG00000116704.9.novel1	ENSG00000116704.9	ENST00000235345.6	Control	26	no_downstream_ejc	1487	1461
ENSG00000116704.9.novel2	ENSG00000116704.9	ENST00000235345.6	NMD	-59	truncated_no_ejc	1356	1415
ENSG00000116954.9.novel2	ENSG00000116954.9	ENST00000373001.4	NMD	394	effectively_ptc	974	580
ENSG00000116954.9.novel7	ENSG00000116954.9	ENST00000373001.4	Control	3083	effectively_ptc	3505	422
ENSG00000117475.15.novel3	ENSG00000117475.15	ENST00000367808.8	NMD	336	effectively_ptc	1263	927
ENSG00000117480.17.novel3	ENSG00000117480.17	ENST00000243167.9	NMD	714	effectively_ptc	1772	1058
ENSG00000117620.16.novel12	ENSG00000117620.16	ENST00000533028.8	NMD	457	effectively_ptc	1377	920
ENSG00000117650.14.novel1	ENSG00000117650.14	ENST00000366999.9	NMD	454	effectively_ptc	1328	874
ENSG00000117682.19.novel1	ENSG00000117682.19	ENST00000236342.12	Control	-235	no_downstream_ejc	977	1212
ENSG00000117748.11.novel1	ENSG00000117748.11	ENST00000373912.8	NMD	755	effectively_ptc	1182	427
ENSG00000118454.14.novel1	ENSG00000118454.14	ENST00000370944.9	Control	-59	truncated_no_ejc	2014	2073
ENSG00000118454.14.novel4	ENSG00000118454.14	ENST00000370944.9	NMD	555	effectively_ptc	2200	1645
ENSG00000119403.16.novel2	ENSG00000119403.16	ENST00000312189.10	NMD	102	effectively_ptc	1690	1588
ENSG00000119599.19.novel4	ENSG00000119599.19	ENST00000892932.1	NMD	225	effectively_ptc	1920	1695
ENSG00000119661.16.novel1	ENSG00000119661.16	ENST00000553645.7	NMD	639	effectively_ptc	859	220
ENSG00000119723.18.novel1	ENSG00000119723.18	ENST00000334571.7	NMD	1370	effectively_ptc	2198	828
ENSG00000119965.13.novel1	ENSG00000119965.13	ENST00000481909.2	NMD	552	effectively_ptc	1136	584
ENSG00000119965.13.novel2	ENSG00000119965.13	ENST00000481909.2	Control	-457	truncated_no_ejc	872	1329
ENSG00000120217.14.novel1	ENSG00000120217.14	ENST00000381577.4	Control	-342	truncated_no_ejc	582	924
ENSG00000120217.14.novel2	ENSG00000120217.14	ENST00000381577.4	NMD	209	effectively_ptc	858	649
ENSG00000120910.16.novel1	ENSG00000120910.16	ENST00000289963.12	NMD	459	effectively_ptc	2106	1647
ENSG00000120913.25.novel1	ENSG00000120913.25	ENST00000614502.4	NMD	-176	no_downstream_ejc	1814	1990
ENSG00000120925.17.novel2	ENSG00000120925.17	ENST00000527424.6	NMD	154	effectively_ptc	944	790
ENSG00000120948.20.novel12	ENSG00000120948.20	ENST00000240185.8	Control	-319	truncated_no_ejc	115	434
ENSG00000120948.20.novel79	ENSG00000120948.20	ENST00000240185.8	NMD	83	effectively_ptc	1103	1020
ENSG00000121022.15.novel1	ENSG00000121022.15	ENST00000357849.9	Control	-83	no_downstream_ejc	1459	1542
ENSG00000121022.15.novel4	ENSG00000121022.15	ENST00000357849.9	NMD	311	effectively_ptc	1256	945
ENSG00000121578.14.novel1	ENSG00000121578.14	ENST00000393765.7	NMD	101	effectively_ptc	1841	1740
ENSG00000121578.14.novel2	ENSG00000121578.14	ENST00000393765.7	Control	-131	no_downstream_ejc	1548	1679
ENSG00000121621.8.novel1	ENSG00000121621.8	ENST00000263181.7	NMD	2125	effectively_ptc	2622	497
ENSG00000121931.17.novel2	ENSG00000121931.17	ENST00000485275.2	NMD	-439	no_downstream_ejc	1077	1516
ENSG00000121931.17.novel7	ENSG00000121931.17	ENST00000485275.2	Control	-439	no_downstream_ejc	2932	3371
ENSG00000121957.16.novel8	ENSG00000121957.16	ENST00000264126.9	NMD	534	effectively_ptc	2275	1741
ENSG00000122068.14.novel1	ENSG00000122068.14	ENST00000241502.9	NMD	667	effectively_ptc	1571	904
ENSG00000122068.14.novel2	ENSG00000122068.14	ENST00000241502.9	Control	19	truncated_no_ejc	952	933
ENSG00000122557.12.novel2	ENSG00000122557.12	ENST00000396081.5	NMD	119	effectively_ptc	2109	1990
ENSG00000122566.24.novel1	ENSG00000122566.24	ENST00000715986.1	NMD	159	effectively_ptc	2240	2081
ENSG00000122674.13.novel4	ENSG00000122674.13	ENST00000325974.9	NMD	676	effectively_ptc	1316	640
ENSG00000122882.12.novel1	ENSG00000122882.12	ENST00000372979.9	NMD	746	effectively_ptc	2148	1402
ENSG00000122882.12.novel2	ENSG00000122882.12	ENST00000372979.9	Control	-108	no_downstream_ejc	2151	2259
ENSG00000122912.16.novel1	ENSG00000122912.16	ENST00000609923.6	Control	-71	truncated_no_ejc	924	995
ENSG00000122912.16.novel2	ENSG00000122912.16	ENST00000609923.6	NMD	747	effectively_ptc	1193	446
ENSG00000122970.17.novel1	ENSG00000122970.17	ENST00000242591.10	Control	-106	truncated_no_ejc	1351	1457
ENSG00000122970.17.novel2	ENSG00000122970.17	ENST00000242591.10	NMD	742	effectively_ptc	2113	1371
ENSG00000123130.18.novel7	ENSG00000123130.18	ENST00000379303.10	NMD	568	effectively_ptc	1414	846
ENSG00000123130.18.novel79	ENSG00000123130.18	ENST00000379303.10	Control	-86	truncated_no_ejc	1079	1165
ENSG00000123213.24.novel2	ENSG00000123213.24	ENST00000380985.10	Control	-133	truncated_no_ejc	2149	2282
ENSG00000123213.24.novel3	ENSG00000123213.24	ENST00000380985.10	NMD	583	effectively_ptc	1813	1230
ENSG00000123342.17.novel1	ENSG00000123342.17	ENST00000322569.9	Control	132	effectively_ptc	1456	1324
ENSG00000123342.17.novel2	ENSG00000123342.17	ENST00000322569.9	NMD	732	effectively_ptc	1250	518
ENSG00000123352.19.novel1	ENSG00000123352.19	ENST00000549375.5	NMD	484	effectively_ptc	2240	1756
ENSG00000123352.19.novel29	ENSG00000123352.19	ENST00000549375.5	Control	-57	no_downstream_ejc	1256	1313
ENSG00000123983.16.novel1	ENSG00000123983.16	ENST00000392066.7	NMD	493	effectively_ptc	2236	1743
ENSG00000123989.16.novel2	ENSG00000123989.16	ENST00000243776.11	Control	2277	effectively_ptc	2873	596
ENSG00000124222.24.novel1	ENSG00000124222.24	ENST00000371132.8	NMD	313	effectively_ptc	1536	1223
ENSG00000124275.16.novel1	ENSG00000124275.16	ENST00000440940.7	NMD	1623	effectively_ptc	2009	386
ENSG00000124508.18.novel1	ENSG00000124508.18	ENST00000356709.9	NMD	-591	no_downstream_ejc	1165	1756
ENSG00000125459.19.novel1	ENSG00000125459.19	ENST00000245564.8	Control	-213	truncated_no_ejc	1546	1759
ENSG00000125459.19.novel2	ENSG00000125459.19	ENST00000245564.8	NMD	1120	effectively_ptc	1730	610
ENSG00000125731.14.novel1	ENSG00000125731.14	ENST00000245908.11	Control	-159	truncated_no_ejc	1568	1727
ENSG00000125731.14.novel2	ENSG00000125731.14	ENST00000245908.11	NMD	395	effectively_ptc	2405	2010
ENSG00000125733.19.novel2	ENSG00000125733.19	ENST00000313285.12	NMD	484	effectively_ptc	1610	1126
ENSG00000125753.16.novel1	ENSG00000125753.16	ENST00000245932.11	Control	346	effectively_ptc	1612	1266
ENSG00000125753.16.novel8	ENSG00000125753.16	ENST00000245932.11	NMD	650	effectively_ptc	1843	1193
ENSG00000125812.17.novel1	ENSG00000125812.17	ENST00000338121.10	Control	-247	truncated_no_ejc	2022	2269
ENSG00000125812.17.novel2	ENSG00000125812.17	ENST00000338121.10	NMD	324	effectively_ptc	1814	1490
ENSG00000125821.14.novel1	ENSG00000125821.14	ENST00000377452.4	Control	-294	no_downstream_ejc	550	844
ENSG00000125821.14.novel3	ENSG00000125821.14	ENST00000377452.4	NMD	124	effectively_ptc	741	617
ENSG00000125977.8.novel1	ENSG00000125977.8	ENST00000374980.3	NMD	533	effectively_ptc	1026	493
ENSG00000125977.8.novel28	ENSG00000125977.8	ENST00000374980.3	Control	-123	truncated_no_ejc	884	1007
ENSG00000126070.21.novel1	ENSG00000126070.21	ENST00000373191.9	NMD	62	effectively_ptc	1476	1414
ENSG00000126070.21.novel3	ENSG00000126070.21	ENST00000373191.9	Control	-107	no_downstream_ejc	2785	2892
ENSG00000126214.23.novel1	ENSG00000126214.23	ENST00000389744.8	NMD	91	effectively_ptc	2312	2221
ENSG00000126226.23.novel2	ENSG00000126226.23	ENST00000337344.9	NMD	363	effectively_ptc	2105	1742
ENSG00000126249.8.novel2	ENSG00000126249.8	ENST00000246535.4	Control	1022	effectively_ptc	1234	212
ENSG00000126460.12.novel1	ENSG00000126460.12	ENST00000246794.10	Control	-17	no_downstream_ejc	759	776
ENSG00000126460.12.novel2	ENSG00000126460.12	ENST00000246794.10	NMD	468	effectively_ptc	957	489
ENSG00000126524.13.novel1	ENSG00000126524.13	ENST00000246868.7	Control	-217	truncated_no_ejc	741	958
ENSG00000126787.14.novel6	ENSG00000126787.14	ENST00000247191.7	NMD	391	effectively_ptc	2381	1990
ENSG00000126790.13.novel4	ENSG00000126790.13	ENST00000247194.9	NMD	440	effectively_ptc	1418	978
ENSG00000126790.13.novel41	ENSG00000126790.13	ENST00000247194.9	Control	4768	effectively_ptc	5464	696
ENSG00000126858.20.novel9	ENSG00000126858.20	ENST00000333942.10	NMD	227	effectively_ptc	2042	1815
ENSG00000127022.17.novel5	ENSG00000127022.17	ENST00000247461.9	NMD	-208	truncated_no_ejc	721	929
ENSG00000127249.16.novel1	ENSG00000127249.16	ENST00000490925.5	Control	-225	truncated_no_ejc	968	1193
ENSG00000127249.16.novel2	ENSG00000127249.16	ENST00000490925.5	NMD	666	effectively_ptc	3423	2757
ENSG00000127586.18.novel2	ENSG00000127586.18	ENST00000262315.14	NMD	1588	effectively_ptc	2769	1181
ENSG00000128191.18.novel10	ENSG00000128191.18	ENST00000351989.8	NMD	1198	effectively_ptc	2898	1700
ENSG00000128191.18.novel11	ENSG00000128191.18	ENST00000351989.8	Control	-82	no_downstream_ejc	3686	3768
ENSG00000128309.19.novel2	ENSG00000128309.19	ENST00000429360.6	NMD	40	truncated_no_ejc	884	844
ENSG00000128654.15.novel79	ENSG00000128654.15	ENST00000249442.11	NMD	378	effectively_ptc	796	418
ENSG00000128683.15.novel1	ENSG00000128683.15	ENST00000344257.9	NMD	1024	effectively_ptc	2114	1090
ENSG00000128683.15.novel3	ENSG00000128683.15	ENST00000344257.9	Control	-35	no_downstream_ejc	951	986
ENSG00000128928.11.novel1	ENSG00000128928.11	ENST00000487418.8	Control	301	effectively_ptc	1787	1486
ENSG00000128928.11.novel8	ENSG00000128928.11	ENST00000487418.8	NMD	1192	effectively_ptc	1580	388
ENSG00000129071.11.novel2	ENSG00000129071.11	ENST00000429544.7	NMD	399	effectively_ptc	1335	936
ENSG00000129195.17.novel1	ENSG00000129195.17	ENST00000572447.6	NMD	313	effectively_ptc	1183	870
ENSG00000129197.16.novel2	ENSG00000129197.16	ENST00000381209.8	NMD	235	effectively_ptc	1747	1512
ENSG00000129451.13.novel1	ENSG00000129451.13	ENST00000358789.8	NMD	391	effectively_ptc	706	315
ENSG00000129657.17.novel21	ENSG00000129657.17	ENST00000436233.9	NMD	1211	effectively_ptc	2265	1054
ENSG00000130066.17.novel12	ENSG00000130066.17	ENST00000379270.5	Control	1428	effectively_ptc	2102	674
ENSG00000130150.13.novel1	ENSG00000130150.13	ENST00000380492.8	Control	-119	truncated_no_ejc	1183	1302
ENSG00000130150.13.novel4	ENSG00000130150.13	ENST00000380492.8	NMD	167	effectively_ptc	2021	1854
ENSG00000130244.14.novel1	ENSG00000130244.14	ENST00000252530.10	NMD	970	effectively_ptc	1061	91
ENSG00000130244.14.novel5	ENSG00000130244.14	ENST00000252530.10	Control	1043	effectively_ptc	1129	86
ENSG00000130479.12.novel1	ENSG00000130479.12	ENST00000324096.9	NMD	2727	effectively_ptc	3018	291
ENSG00000130517.15.novel2	ENSG00000130517.15	ENST00000269919.11	Control	-87	truncated_no_ejc	628	715
ENSG00000130517.15.novel3	ENSG00000130517.15	ENST00000269919.11	NMD	185	effectively_ptc	941	756
ENSG00000130703.18.novel2	ENSG00000130703.18	ENST00000313733.9	Control	-92	truncated_no_ejc	1064	1156
ENSG00000130703.18.novel3	ENSG00000130703.18	ENST00000313733.9	NMD	577	effectively_ptc	1684	1107
ENSG00000130958.14.novel22	ENSG00000130958.14	ENST00000253270.13	NMD	318	effectively_ptc	929	611
ENSG00000131037.16.novel4	ENSG00000131037.16	ENST00000201647.11	NMD	1944	effectively_ptc	2284	340
ENSG00000131061.16.novel4	ENSG00000131061.16	ENST00000342427.6	NMD	125	effectively_ptc	1978	1853
ENSG00000131067.18.novel2	ENSG00000131067.18	ENST00000336431.10	Control	-162	no_downstream_ejc	1932	2094
ENSG00000131067.18.novel7	ENSG00000131067.18	ENST00000336431.10	NMD	1015	effectively_ptc	1986	971
ENSG00000131389.19.novel1	ENSG00000131389.19	ENST00000622186.5	Control	-188	truncated_no_ejc	793	981
ENSG00000131389.19.novel2	ENSG00000131389.19	ENST00000622186.5	NMD	519	effectively_ptc	1934	1415
ENSG00000131591.19.novel2	ENSG00000131591.19	ENST00000421241.7	Control	-93	no_downstream_ejc	785	878
ENSG00000131746.14.novel1	ENSG00000131746.14	ENST00000254051.11	NMD	1693	effectively_ptc	2445	752
ENSG00000131746.14.novel71	ENSG00000131746.14	ENST00000254051.11	Control	819	effectively_ptc	3150	2331
ENSG00000131773.15.novel1	ENSG00000131773.15	ENST00000704572.1	NMD	119	effectively_ptc	1629	1510
ENSG00000131773.15.novel3	ENSG00000131773.15	ENST00000704572.1	Control	-17	truncated_no_ejc	1356	1373
ENSG00000131966.15.novel1	ENSG00000131966.15	ENST00000254286.9	NMD	517	effectively_ptc	1206	689
ENSG00000132570.16.novel1	ENSG00000132570.16	ENST00000254908.11	NMD	140	effectively_ptc	1102	962
ENSG00000132570.16.novel5	ENSG00000132570.16	ENST00000254908.11	Control	651	effectively_ptc	1419	768
ENSG00000132635.18.novel2	ENSG00000132635.18	ENST00000360652.7	Control	-246	no_downstream_ejc	1574	1820
ENSG00000132635.18.novel6	ENSG00000132635.18	ENST00000360652.7	NMD	484	effectively_ptc	1381	897
ENSG00000132664.14.novel2	ENSG00000132664.14	ENST00000377603.5	NMD	676	effectively_ptc	1622	946
ENSG00000132680.12.novel1	ENSG00000132680.12	ENST00000368321.8	NMD	86	effectively_ptc	1697	1611
ENSG00000132680.12.novel7	ENSG00000132680.12	ENST00000368321.8	Control	-34	truncated_no_ejc	1814	1848
ENSG00000132768.15.novel18	ENSG00000132768.15	ENST00000255108.8	Control	1735	effectively_ptc	2279	544
ENSG00000132842.17.novel29	ENSG00000132842.17	ENST00000255194.11	Control	-163	truncated_no_ejc	964	1127
ENSG00000132842.17.novel3	ENSG00000132842.17	ENST00000255194.11	NMD	1309	effectively_ptc	3471	2162
ENSG00000132879.15.novel1	ENSG00000132879.15	ENST00000251547.10	Control	372	effectively_ptc	897	525
ENSG00000132879.15.novel2	ENSG00000132879.15	ENST00000251547.10	NMD	221	effectively_ptc	1132	911
ENSG00000132950.20.novel1	ENSG00000132950.20	ENST00000382907.8	NMD	204	effectively_ptc	2345	2141
ENSG00000132950.20.novel4	ENSG00000132950.20	ENST00000382907.8	Control	-275	no_downstream_ejc	982	1257
ENSG00000132970.15.novel1	ENSG00000132970.15	ENST00000335327.6	NMD	785	effectively_ptc	1791	1006
ENSG00000133059.19.novel1	ENSG00000133059.19	ENST00000367162.8	NMD	1888	effectively_ptc	2426	538
ENSG00000133114.19.novel7	ENSG00000133114.19	ENST00000379151.9	NMD	475	effectively_ptc	790	315
ENSG00000133313.16.novel9	ENSG00000133313.16	ENST00000324262.9	NMD	887	effectively_ptc	1804	917
ENSG00000133315.13.novel2	ENSG00000133315.13	ENST00000538595.1	NMD	234	effectively_ptc	1705	1471
ENSG00000133433.12.novel1	ENSG00000133433.12	ENST00000290765.9	NMD	499	effectively_ptc	849	350
ENSG00000133433.12.novel2	ENSG00000133433.12	ENST00000290765.9	Control	2400	effectively_ptc	2869	469
ENSG00000133731.11.novel2	ENSG00000133731.11	ENST00000256108.10	NMD	376	effectively_ptc	1272	896
ENSG00000134086.11.novel3	ENSG00000134086.11	ENST00000256474.3	Control	975	effectively_ptc	1728	753
ENSG00000134109.11.novel1	ENSG00000134109.11	ENST00000256497.9	NMD	270	effectively_ptc	1988	1718
ENSG00000134109.11.novel3	ENSG00000134109.11	ENST00000256497.9	Control	1428	effectively_ptc	1578	150
ENSG00000134146.13.novel8	ENSG00000134146.13	ENST00000256538.9	NMD	318	effectively_ptc	1088	770
ENSG00000134285.12.novel8	ENSG00000134285.12	ENST00000550765.6	NMD	-216	no_downstream_ejc	1333	1549
ENSG00000134317.18.novel1	ENSG00000134317.18	ENST00000324907.14	Control	-113	no_downstream_ejc	1955	2068
ENSG00000134317.18.novel4	ENSG00000134317.18	ENST00000324907.14	NMD	986	effectively_ptc	1842	856
ENSG00000134480.18.novel1	ENSG00000134480.18	ENST00000256897.9	NMD	147	effectively_ptc	1004	857
ENSG00000134602.17.novel55	ENSG00000134602.17	ENST00000394334.7	NMD	177	effectively_ptc	1864	1687
ENSG00000134809.10.novel1	ENSG00000134809.10	ENST00000257245.9	NMD	-200	no_downstream_ejc	504	704
ENSG00000134897.15.novel6	ENSG00000134897.15	ENST00000257336.6	NMD	142	effectively_ptc	1758	1616
ENSG00000134996.13.novel1	ENSG00000134996.13	ENST00000346234.7	Control	499	effectively_ptc	969	470
ENSG00000134996.13.novel2	ENSG00000134996.13	ENST00000346234.7	NMD	455	effectively_ptc	1086	631
ENSG00000135040.17.novel1	ENSG00000135040.17	ENST00000361671.10	NMD	1518	effectively_ptc	2487	969
ENSG00000135108.17.novel1	ENSG00000135108.17	ENST00000622495.5	NMD	1220	effectively_ptc	1777	557
ENSG00000135124.17.novel1	ENSG00000135124.17	ENST00000337233.9	NMD	604	effectively_ptc	1394	790
ENSG00000135164.20.novel1	ENSG00000135164.20	ENST00000331242.12	Control	-108	no_downstream_ejc	2769	2877
ENSG00000135241.18.novel2	ENSG00000135241.18	ENST00000257694.13	NMD	261	effectively_ptc	2545	2284
ENSG00000135269.19.novel3	ENSG00000135269.19	ENST00000358204.9	NMD	1523	effectively_ptc	2232	709
ENSG00000135451.14.novel5	ENSG00000135451.14	ENST00000257909.8	NMD	1719	effectively_ptc	2335	616
ENSG00000135503.14.novel1	ENSG00000135503.14	ENST00000257963.9	NMD	123	effectively_ptc	1408	1285
ENSG00000135503.14.novel3	ENSG00000135503.14	ENST00000257963.9	Control	-288	truncated_no_ejc	739	1027
ENSG00000135655.17.novel26	ENSG00000135655.17	ENST00000353364.7	NMD	1981	effectively_ptc	3265	1284
ENSG00000135678.13.novel1	ENSG00000135678.13	ENST00000551568.6	NMD	798	effectively_ptc	1085	287
ENSG00000135678.13.novel2	ENSG00000135678.13	ENST00000551568.6	Control	-159	truncated_no_ejc	874	1033
ENSG00000135953.12.novel1	ENSG00000135953.12	ENST00000258436.10	NMD	134	effectively_ptc	701	567
ENSG00000135953.12.novel4	ENSG00000135953.12	ENST00000258436.10	Control	134	effectively_ptc	602	468
ENSG00000135974.12.novel2	ENSG00000135974.12	ENST00000258457.7	NMD	465	effectively_ptc	850	385
ENSG00000136143.17.novel2	ENSG00000136143.17	ENST00000646932.1	NMD	518	effectively_ptc	1457	939
ENSG00000136144.13.novel5	ENSG00000136144.13	ENST00000378302.7	NMD	739	effectively_ptc	2243	1504
ENSG00000136152.16.novel3	ENSG00000136152.16	ENST00000349995.10	NMD	2023	effectively_ptc	2568	545
ENSG00000136152.16.novel5	ENSG00000136152.16	ENST00000349995.10	Control	-94	truncated_no_ejc	1911	2005
ENSG00000136243.19.novel1	ENSG00000136243.19	ENST00000258742.10	NMD	124	effectively_ptc	938	814
ENSG00000136243.19.novel10	ENSG00000136243.19	ENST00000258742.10	Control	39	truncated_no_ejc	672	633
ENSG00000136536.16.novel2	ENSG00000136536.16	ENST00000856570.1	NMD	128	effectively_ptc	2545	2417
ENSG00000136643.13.novel1	ENSG00000136643.13	ENST00000366960.8	Control	-109	truncated_no_ejc	3167	3276
ENSG00000136783.11.novel1	ENSG00000136783.11	ENST00000374767.5	Control	-102	truncated_no_ejc	932	1034
ENSG00000136783.11.novel3	ENSG00000136783.11	ENST00000374767.5	NMD	326	effectively_ptc	942	616
ENSG00000136856.19.novel1	ENSG00000136856.19	ENST00000373371.8	Control	-16	truncated_no_ejc	1404	1420
ENSG00000136856.19.novel3	ENSG00000136856.19	ENST00000373371.8	NMD	447	effectively_ptc	1195	748
ENSG00000136877.17.novel52	ENSG00000136877.17	ENST00000373247.7	Control	-18	truncated_no_ejc	1583	1601
ENSG00000136878.15.novel1	ENSG00000136878.15	ENST00000372429.8	Control	18	no_downstream_ejc	2995	2977
ENSG00000136878.15.novel2	ENSG00000136878.15	ENST00000372429.8	NMD	2045	effectively_ptc	2916	871
ENSG00000137073.25.novel1	ENSG00000137073.25	ENST00000379238.7	NMD	2394	effectively_ptc	3366	972
ENSG00000137275.17.novel1	ENSG00000137275.17	ENST00000259808.9	NMD	1019	effectively_ptc	1880	861
ENSG00000137648.21.novel1	ENSG00000137648.21	ENST00000437212.8	NMD	147	effectively_ptc	1534	1387
ENSG00000137868.20.novel1	ENSG00000137868.20	ENST00000395105.9	NMD	-72	truncated_no_ejc	693	765
ENSG00000137942.19.novel1	ENSG00000137942.19	ENST00000370253.6	NMD	1180	effectively_ptc	1642	462
ENSG00000137955.17.novel3	ENSG00000137955.17	ENST00000319942.8	NMD	226	effectively_ptc	925	699
ENSG00000137955.17.novel7	ENSG00000137955.17	ENST00000319942.8	Control	1821	effectively_ptc	2081	260
ENSG00000137996.14.novel1	ENSG00000137996.14	ENST00000370128.9	NMD	857	effectively_ptc	1627	770
ENSG00000138018.19.novel1	ENSG00000138018.19	ENST00000260585.12	NMD	397	effectively_ptc	1189	792
ENSG00000138018.19.novel3	ENSG00000138018.19	ENST00000260585.12	Control	-172	truncated_no_ejc	752	924
ENSG00000138035.16.novel3	ENSG00000138035.16	ENST00000447944.7	Control	1957	effectively_ptc	2179	222
ENSG00000138035.16.novel6	ENSG00000138035.16	ENST00000447944.7	NMD	1249	effectively_ptc	2053	804
ENSG00000138131.5.novel1	ENSG00000138131.5	ENST00000260702.4	NMD	1217	effectively_ptc	2354	1137
ENSG00000138459.10.novel1	ENSG00000138459.10	ENST00000492406.6	Control	-64	no_downstream_ejc	2030	2094
ENSG00000138459.10.novel9	ENSG00000138459.10	ENST00000492406.6	NMD	271	effectively_ptc	1814	1543
ENSG00000138642.17.novel1	ENSG00000138642.17	ENST00000264346.12	Control	2477	effectively_ptc	2934	457
ENSG00000138642.17.novel3	ENSG00000138642.17	ENST00000264346.12	NMD	1117	effectively_ptc	2935	1818
ENSG00000138678.12.novel2	ENSG00000138678.12	ENST00000264409.5	NMD	875	effectively_ptc	1661	786
ENSG00000138785.17.novel2	ENSG00000138785.17	ENST00000451321.6	NMD	242	effectively_ptc	1088	846
ENSG00000138801.10.novel1	ENSG00000138801.10	ENST00000265174.5	Control	1472	effectively_ptc	2423	951
ENSG00000138801.10.novel2	ENSG00000138801.10	ENST00000265174.5	NMD	1566	effectively_ptc	2119	553
ENSG00000139163.17.novel1	ENSG00000139163.17	ENST00000266517.9	NMD	419	effectively_ptc	1431	1012
ENSG00000139372.15.novel10	ENSG00000139372.15	ENST00000392872.8	NMD	385	effectively_ptc	1294	909
ENSG00000139505.14.novel1	ENSG00000139505.14	ENST00000381801.6	Control	-128	truncated_no_ejc	1800	1928
ENSG00000139505.14.novel2	ENSG00000139505.14	ENST00000381801.6	NMD	256	effectively_ptc	1776	1520
ENSG00000139620.14.novel1	ENSG00000139620.14	ENST00000420613.7	NMD	766	effectively_ptc	1337	571
ENSG00000139620.14.novel2	ENSG00000139620.14	ENST00000420613.7	Control	-130	truncated_no_ejc	1343	1473
ENSG00000139626.17.novel1	ENSG00000139626.17	ENST00000267082.10	NMD	292	effectively_ptc	2482	2190
ENSG00000139636.17.novel1	ENSG00000139636.17	ENST00000267102.13	NMD	286	effectively_ptc	1695	1409
ENSG00000139651.12.novel1	ENSG00000139651.12	ENST00000416904.5	Control	620	effectively_ptc	1297	677
ENSG00000139651.12.novel2	ENSG00000139651.12	ENST00000416904.5	NMD	175	effectively_ptc	1791	1616
ENSG00000140299.15.novel1	ENSG00000140299.15	ENST00000607373.6	NMD	658	effectively_ptc	1505	847
ENSG00000140400.19.novel1	ENSG00000140400.19	ENST00000267978.10	NMD	2850	effectively_ptc	3315	465
ENSG00000140416.27.novel3	ENSG00000140416.27	ENST00000358278.7	NMD	193	effectively_ptc	1526	1333
ENSG00000140471.18.novel14	ENSG00000140471.18	ENST00000561308.5	NMD	1051	effectively_ptc	1749	698
ENSG00000140471.18.novel2	ENSG00000140471.18	ENST00000561308.5	Control	53	effectively_ptc	1585	1532
ENSG00000140563.17.novel1	ENSG00000140563.17	ENST00000357742.10	Control	-67	no_downstream_ejc	3276	3343
ENSG00000140563.17.novel4	ENSG00000140563.17	ENST00000357742.10	NMD	1314	effectively_ptc	3087	1773
ENSG00000140598.17.novel2	ENSG00000140598.17	ENST00000268206.12	NMD	1645	effectively_ptc	3429	1784
ENSG00000140598.17.novel50	ENSG00000140598.17	ENST00000268206.12	Control	-1016	truncated_no_ejc	2982	3998
ENSG00000140829.13.novel1	ENSG00000140829.13	ENST00000268482.8	NMD	963	effectively_ptc	3882	2919
ENSG00000140829.13.novel2	ENSG00000140829.13	ENST00000268482.8	Control	-221	truncated_no_ejc	721	942
ENSG00000140854.14.novel4	ENSG00000140854.14	ENST00000379661.8	NMD	978	effectively_ptc	2091	1113
ENSG00000140983.16.novel1	ENSG00000140983.16	ENST00000315082.9	NMD	1307	effectively_ptc	1832	525
ENSG00000140983.16.novel2	ENSG00000140983.16	ENST00000315082.9	Control	-125	truncated_no_ejc	1793	1918
ENSG00000140992.21.novel1	ENSG00000140992.21	ENST00000342085.9	NMD	742	effectively_ptc	1622	880
ENSG00000141198.17.novel5	ENSG00000141198.17	ENST00000575882.6	NMD	571	effectively_ptc	1483	912
ENSG00000141447.20.novel23	ENSG00000141447.20	ENST00000399443.7	NMD	650	effectively_ptc	1656	1006
ENSG00000141452.12.novel2	ENSG00000141452.12	ENST00000269221.8	NMD	1214	effectively_ptc	2160	946
ENSG00000142002.20.novel1	ENSG00000142002.20	ENST00000262960.14	NMD	287	effectively_ptc	3034	2747
ENSG00000142224.18.novel1	ENSG00000142224.18	ENST00000340758.7	Control	-412	no_downstream_ejc	626	1038
ENSG00000142224.18.novel2	ENSG00000142224.18	ENST00000340758.7	NMD	108	effectively_ptc	1150	1042
ENSG00000142273.14.novel1	ENSG00000142273.14	ENST00000647358.2	NMD	472	effectively_ptc	1379	907
ENSG00000142552.9.novel1	ENSG00000142552.9	ENST00000270645.8	NMD	316	effectively_ptc	890	574
ENSG00000142892.16.novel1	ENSG00000142892.16	ENST00000370812.8	NMD	694	effectively_ptc	983	289
ENSG00000142892.16.novel5	ENSG00000142892.16	ENST00000370812.8	Control	-35	truncated_no_ejc	277	312
ENSG00000142945.14.novel1	ENSG00000142945.14	ENST00000372224.9	Control	-81	truncated_no_ejc	2207	2288
ENSG00000142945.14.novel9	ENSG00000142945.14	ENST00000372224.9	NMD	752	effectively_ptc	3696	2944
ENSG00000143156.15.novel2	ENSG00000143156.15	ENST00000367811.8	NMD	325	effectively_ptc	1402	1077
ENSG00000143303.13.novel1	ENSG00000143303.13	ENST00000368216.9	NMD	1131	effectively_ptc	2126	995
ENSG00000143303.13.novel3	ENSG00000143303.13	ENST00000368216.9	Control	-24	truncated_no_ejc	1968	1992
ENSG00000143367.18.novel60	ENSG00000143367.18	ENST00000368848.6	NMD	1100	effectively_ptc	1338	238
ENSG00000143418.21.novel9	ENSG00000143418.21	ENST00000368954.10	NMD	277	effectively_ptc	1267	990
ENSG00000143498.19.novel4	ENSG00000143498.19	ENST00000352967.9	Control	-111	truncated_no_ejc	1329	1440
ENSG00000143797.13.novel4	ENSG00000143797.13	ENST00000305997.8	NMD	150	effectively_ptc	1478	1328
ENSG00000143797.13.novel7	ENSG00000143797.13	ENST00000305997.8	Control	911	effectively_ptc	1305	394
ENSG00000143845.15.novel2	ENSG00000143845.15	ENST00000367202.9	NMD	428	effectively_ptc	1138	710
ENSG00000144118.15.novel1	ENSG00000144118.15	ENST00000272519.10	NMD	153	effectively_ptc	566	413
ENSG00000144681.12.novel1	ENSG00000144681.12	ENST00000273183.8	Control	-69	truncated_no_ejc	706	775
ENSG00000144681.12.novel3	ENSG00000144681.12	ENST00000273183.8	NMD	576	effectively_ptc	1313	737
ENSG00000144744.19.novel4	ENSG00000144744.19	ENST00000361055.9	NMD	553	effectively_ptc	1326	773
ENSG00000145386.12.novel11	ENSG00000145386.12	ENST00000274026.10	Control	-136	truncated_no_ejc	1501	1637
ENSG00000145386.12.novel2	ENSG00000145386.12	ENST00000274026.10	NMD	677	effectively_ptc	1522	845
ENSG00000145414.10.novel2	ENSG00000145414.10	ENST00000274054.3	Control	-307	truncated_no_ejc	1141	1448
ENSG00000145723.18.novel4	ENSG00000145723.18	ENST00000399004.7	NMD	265	effectively_ptc	1379	1114
ENSG00000145740.21.novel3	ENSG00000145740.21	ENST00000380860.8	NMD	654	effectively_ptc	2276	1622
ENSG00000145782.14.novel1	ENSG00000145782.14	ENST00000509910.2	Control	509	effectively_ptc	1636	1127
ENSG00000145919.12.novel1	ENSG00000145919.12	ENST00000311086.9	NMD	273	effectively_ptc	1293	1020
ENSG00000146054.19.novel30	ENSG00000146054.19	ENST00000334421.5	NMD	683	effectively_ptc	2924	2241
ENSG00000146232.18.novel1	ENSG00000146232.18	ENST00000619360.6	NMD	493	effectively_ptc	1219	726
ENSG00000146232.18.novel24	ENSG00000146232.18	ENST00000619360.6	Control	4937	effectively_ptc	5524	587
ENSG00000146476.12.novel2	ENSG00000146476.12	ENST00000367294.4	Control	-215	truncated_no_ejc	594	809
ENSG00000146574.17.novel11	ENSG00000146574.17	ENST00000316731.13	NMD	895	effectively_ptc	1682	787
ENSG00000146826.18.novel1	ENSG00000146826.18	ENST00000316937.8	NMD	434	effectively_ptc	1928	1494
ENSG00000146826.18.novel14	ENSG00000146826.18	ENST00000316937.8	Control	1353	effectively_ptc	2050	697
ENSG00000146909.9.novel1	ENSG00000146909.9	ENST00000275820.4	Control	-274	truncated_no_ejc	2335	2609
ENSG00000146909.9.novel3	ENSG00000146909.9	ENST00000275820.4	NMD	153	effectively_ptc	1850	1697
ENSG00000146918.21.novel1	ENSG00000146918.21	ENST00000356309.8	Control	-50	truncated_no_ejc	3652	3702
ENSG00000146918.21.novel4	ENSG00000146918.21	ENST00000356309.8	NMD	2172	effectively_ptc	3724	1552
ENSG00000147475.18.novel2	ENSG00000147475.18	ENST00000648919.1	NMD	561	effectively_ptc	901	340
ENSG00000147654.17.novel34	ENSG00000147654.17	ENST00000337573.10	NMD	250	effectively_ptc	960	710
ENSG00000147854.19.novel1	ENSG00000147854.19	ENST00000276893.10	NMD	1575	effectively_ptc	2372	797
ENSG00000148110.18.novel1	ENSG00000148110.18	ENST00000375344.8	Control	42	truncated_no_ejc	1629	1587
ENSG00000148110.18.novel2	ENSG00000148110.18	ENST00000375344.8	NMD	628	effectively_ptc	1610	982
ENSG00000148154.11.novel1	ENSG00000148154.11	ENST00000374279.4	Control	-160	truncated_no_ejc	1581	1741
ENSG00000148154.11.novel5	ENSG00000148154.11	ENST00000374279.4	NMD	344	effectively_ptc	1092	748
ENSG00000148634.17.novel2	ENSG00000148634.17	ENST00000373700.9	NMD	2836	effectively_ptc	3365	529
ENSG00000148803.14.novel1	ENSG00000148803.14	ENST00000278025.9	NMD	-76	truncated_no_ejc	364	440
ENSG00000148814.19.novel3	ENSG00000148814.19	ENST00000368614.8	Control	-159	truncated_no_ejc	604	763
ENSG00000148814.19.novel8	ENSG00000148814.19	ENST00000368614.8	NMD	361	effectively_ptc	1706	1345
ENSG00000148832.17.novel4	ENSG00000148832.17	ENST00000278060.10	Control	1364	effectively_ptc	1922	558
ENSG00000148908.16.novel2	ENSG00000148908.16	ENST00000369103.3	Control	40	truncated_no_ejc	737	697
ENSG00000148908.16.novel7	ENSG00000148908.16	ENST00000369103.3	NMD	536	effectively_ptc	1841	1305
ENSG00000149182.16.novel44	ENSG00000149182.16	ENST00000524782.6	NMD	922	effectively_ptc	2276	1354
ENSG00000149243.18.novel1	ENSG00000149243.18	ENST00000376292.8	NMD	177	effectively_ptc	1561	1384
ENSG00000149243.18.novel3	ENSG00000149243.18	ENST00000376292.8	Control	-293	truncated_no_ejc	987	1280
ENSG00000149564.13.novel1	ENSG00000149564.13	ENST00000278927.10	NMD	446	effectively_ptc	951	505
ENSG00000150403.19.novel2	ENSG00000150403.19	ENST00000434316.7	NMD	232	effectively_ptc	2364	2132
ENSG00000151092.19.novel2	ENSG00000151092.19	ENST00000280700.10	NMD	634	effectively_ptc	1441	807
ENSG00000151575.16.novel1	ENSG00000151575.16	ENST00000696102.1	Control	1200	effectively_ptc	1434	234
ENSG00000151575.16.novel5	ENSG00000151575.16	ENST00000696102.1	NMD	190	effectively_ptc	1413	1223
ENSG00000151651.17.novel2	ENSG00000151651.17	ENST00000445355.8	NMD	1638	effectively_ptc	2504	866
ENSG00000151715.9.novel1	ENSG00000151715.9	ENST00000281441.8	NMD	92	effectively_ptc	812	720
ENSG00000151718.17.novel1	ENSG00000151718.17	ENST00000403733.8	NMD	3122	effectively_ptc	3914	792
ENSG00000151718.17.novel21	ENSG00000151718.17	ENST00000403733.8	Control	-152	truncated_no_ejc	1122	1274
ENSG00000151743.11.novel3	ENSG00000151743.11	ENST00000281471.11	NMD	520	effectively_ptc	901	381
ENSG00000151806.15.novel1	ENSG00000151806.15	ENST00000281543.6	NMD	771	effectively_ptc	1960	1189
ENSG00000151806.15.novel10	ENSG00000151806.15	ENST00000281543.6	Control	-146	truncated_no_ejc	1433	1579
ENSG00000151876.14.novel1	ENSG00000151876.14	ENST00000281623.8	Control	645	effectively_ptc	1279	634
ENSG00000151876.14.novel5	ENSG00000151876.14	ENST00000281623.8	NMD	1434	effectively_ptc	2355	921
ENSG00000151923.19.novel3	ENSG00000151923.19	ENST00000436547.7	NMD	666	effectively_ptc	1652	986
ENSG00000152700.15.novel1	ENSG00000152700.15	ENST00000402673.7	NMD	135	effectively_ptc	800	665
ENSG00000153066.14.novel1	ENSG00000153066.14	ENST00000283033.10	NMD	1479	effectively_ptc	2301	822
ENSG00000153066.14.novel11	ENSG00000153066.14	ENST00000283033.10	Control	-880	truncated_no_ejc	1278	2158
ENSG00000153071.16.novel3	ENSG00000153071.16	ENST00000320816.11	NMD	807	effectively_ptc	2109	1302
ENSG00000153071.16.novel36	ENSG00000153071.16	ENST00000320816.11	Control	-94	truncated_no_ejc	1222	1316
ENSG00000153292.17.novel5	ENSG00000153292.17	ENST00000371253.7	NMD	2023	effectively_ptc	3103	1080
ENSG00000153574.10.novel1	ENSG00000153574.10	ENST00000283646.5	NMD	394	effectively_ptc	992	598
ENSG00000153786.14.novel4	ENSG00000153786.14	ENST00000313732.9	NMD	440	effectively_ptc	1349	909
ENSG00000154114.14.novel7	ENSG00000154114.14	ENST00000422003.6	NMD	221	effectively_ptc	926	705
ENSG00000154277.14.novel1	ENSG00000154277.14	ENST00000284440.9	Control	859	effectively_ptc	1270	411
ENSG00000154277.14.novel4	ENSG00000154277.14	ENST00000284440.9	NMD	-85	no_downstream_ejc	739	824
ENSG00000154553.17.novel2	ENSG00000154553.17	ENST00000284771.7	NMD	974	effectively_ptc	1647	673
ENSG00000154640.16.novel1	ENSG00000154640.16	ENST00000348354.7	NMD	290	effectively_ptc	969	679
ENSG00000154655.17.novel1	ENSG00000154655.17	ENST00000317931.12	NMD	105	effectively_ptc	2133	2028
ENSG00000154655.17.novel2	ENSG00000154655.17	ENST00000317931.12	Control	-165	truncated_no_ejc	654	819
ENSG00000154710.19.novel1	ENSG00000154710.19	ENST00000284957.9	NMD	552	effectively_ptc	1073	521
ENSG00000154719.15.novel2	ENSG00000154719.15	ENST00000352957.9	Control	-73	truncated_no_ejc	978	1051
ENSG00000154719.15.novel62	ENSG00000154719.15	ENST00000352957.9	NMD	489	effectively_ptc	887	398
ENSG00000155256.19.novel2	ENSG00000155256.19	ENST00000891775.1	NMD	796	effectively_ptc	1295	499
ENSG00000155275.20.novel1	ENSG00000155275.20	ENST00000389737.5	NMD	1282	effectively_ptc	3964	2682
ENSG00000155275.20.novel69	ENSG00000155275.20	ENST00000389737.5	Control	-463	truncated_no_ejc	1665	2128
ENSG00000155367.17.novel2	ENSG00000155367.17	ENST00000309276.11	NMD	252	effectively_ptc	1340	1088
ENSG00000155367.17.novel8	ENSG00000155367.17	ENST00000309276.11	Control	-172	no_downstream_ejc	1825	1997
ENSG00000155438.13.novel1	ENSG00000155438.13	ENST00000285814.9	NMD	256	effectively_ptc	661	405
ENSG00000155666.13.novel3	ENSG00000155666.13	ENST00000286096.9	NMD	599	effectively_ptc	1362	763
ENSG00000155729.14.novel1	ENSG00000155729.14	ENST00000359878.8	NMD	387	effectively_ptc	995	608
ENSG00000155729.14.novel2	ENSG00000155729.14	ENST00000359878.8	Control	-141	truncated_no_ejc	929	1070
ENSG00000156171.16.novel3	ENSG00000156171.16	ENST00000484310.6	NMD	172	effectively_ptc	1385	1213
ENSG00000156469.10.novel1	ENSG00000156469.10	ENST00000287025.4	NMD	-193	no_downstream_ejc	1328	1521
ENSG00000156469.10.novel5	ENSG00000156469.10	ENST00000287025.4	Control	-193	no_downstream_ejc	1236	1429
ENSG00000156502.15.novel1	ENSG00000156502.15	ENST00000359655.9	Control	1765	effectively_ptc	2152	387
ENSG00000156502.15.novel2	ENSG00000156502.15	ENST00000359655.9	NMD	994	effectively_ptc	1938	944
ENSG00000156671.16.novel1	ENSG00000156671.16	ENST00000542569.6	NMD	89	effectively_ptc	1140	1051
ENSG00000156804.8.novel2	ENSG00000156804.8	ENST00000520511.1	NMD	705	effectively_ptc	1547	842
ENSG00000157014.11.novel1	ENSG00000157014.11	ENST00000287652.8	NMD	225	effectively_ptc	3091	2866
ENSG00000157107.15.novel30	ENSG00000157107.15	ENST00000430046.7	Control	-75	truncated_no_ejc	968	1043
ENSG00000157107.15.novel5	ENSG00000157107.15	ENST00000430046.7	NMD	1944	effectively_ptc	2670	726
ENSG00000157191.21.novel1	ENSG00000157191.21	ENST00000337132.10	NMD	78	effectively_ptc	1163	1085
ENSG00000157601.16.novel1	ENSG00000157601.16	ENST00000398598.8	NMD	480	effectively_ptc	2748	2268
ENSG00000157693.16.novel1	ENSG00000157693.16	ENST00000288502.9	NMD	936	effectively_ptc	1508	572
ENSG00000157800.19.novel2	ENSG00000157800.19	ENST00000326232.14	NMD	760	effectively_ptc	1633	873
ENSG00000157873.19.novel2	ENSG00000157873.19	ENST00000355716.5	Control	-124	no_downstream_ejc	990	1114
ENSG00000157873.19.novel7	ENSG00000157873.19	ENST00000355716.5	NMD	325	effectively_ptc	1913	1588
ENSG00000158106.16.novel3	ENSG00000158106.16	ENST00000289013.11	NMD	1386	effectively_ptc	2309	923
ENSG00000158161.17.novel4	ENSG00000158161.17	ENST00000540618.5	NMD	399	effectively_ptc	1610	1211
ENSG00000158161.17.novel54	ENSG00000158161.17	ENST00000540618.5	Control	-96	truncated_no_ejc	547	643
ENSG00000158201.11.novel2	ENSG00000158201.11	ENST00000289119.7	Control	-15	truncated_no_ejc	1245	1260
ENSG00000158201.11.novel3	ENSG00000158201.11	ENST00000289119.7	NMD	256	effectively_ptc	1106	850
ENSG00000158315.12.novel1	ENSG00000158315.12	ENST00000372990.6	NMD	201	effectively_ptc	1009	808
ENSG00000158315.12.novel6	ENSG00000158315.12	ENST00000372990.6	Control	-108	truncated_no_ejc	827	935
ENSG00000158402.22.novel2	ENSG00000158402.22	ENST00000323760.11	NMD	784	effectively_ptc	1458	674
ENSG00000158882.16.novel14	ENSG00000158882.16	ENST00000367988.8	Control	-138	no_downstream_ejc	995	1133
ENSG00000158882.16.novel17	ENSG00000158882.16	ENST00000367988.8	NMD	109	effectively_ptc	1049	940
ENSG00000159348.14.novel1	ENSG00000159348.14	ENST00000367249.9	NMD	392	effectively_ptc	1237	845
ENSG00000159423.18.novel1	ENSG00000159423.18	ENST00000375341.8	Control	-292	truncated_no_ejc	879	1171
ENSG00000159423.18.novel3	ENSG00000159423.18	ENST00000375341.8	NMD	403	effectively_ptc	1667	1264
ENSG00000160058.20.novel2	ENSG00000160058.20	ENST00000455895.7	NMD	1009	effectively_ptc	1232	223
ENSG00000160179.21.novel1	ENSG00000160179.21	ENST00000398449.8	NMD	-61	truncated_no_ejc	1961	2022
ENSG00000160226.16.novel10	ENSG00000160226.16	ENST00000339818.9	NMD	447	effectively_ptc	832	385
ENSG00000160310.21.novel2	ENSG00000160310.21	ENST00000397628.5	NMD	-271	no_downstream_ejc	1262	1533
ENSG00000160325.16.novel2	ENSG00000160325.16	ENST00000316948.9	Control	-71	truncated_no_ejc	409	480
ENSG00000160326.15.novel8	ENSG00000160326.15	ENST00000371899.9	NMD	102	effectively_ptc	1900	1798
ENSG00000160408.17.novel1	ENSG00000160408.17	ENST00000373144.7	NMD	87	effectively_ptc	1142	1055
ENSG00000160439.16.novel71	ENSG00000160439.16	ENST00000610356.4	NMD	714	effectively_ptc	2356	1642
ENSG00000160439.16.novel9	ENSG00000160439.16	ENST00000610356.4	Control	535	effectively_ptc	1495	960
ENSG00000160613.16.novel2	ENSG00000160613.16	ENST00000320934.8	NMD	112	effectively_ptc	2635	2523
ENSG00000160613.16.novel48	ENSG00000160613.16	ENST00000320934.8	Control	-358	no_downstream_ejc	2623	2981
ENSG00000160803.9.novel1	ENSG00000160803.9	ENST00000368309.4	Control	1453	effectively_ptc	1703	250
ENSG00000160803.9.novel3	ENSG00000160803.9	ENST00000368309.4	NMD	512	effectively_ptc	1889	1377
ENSG00000160813.8.novel2	ENSG00000160813.8	ENST00000292330.3	Control	-39	truncated_no_ejc	647	686
ENSG00000160961.13.novel1	ENSG00000160961.13	ENST00000292530.11	Control	-124	truncated_no_ejc	575	699
ENSG00000160961.13.novel5	ENSG00000160961.13	ENST00000292530.11	NMD	208	effectively_ptc	1033	825
ENSG00000160972.11.novel1	ENSG00000160972.11	ENST00000435887.2	Control	-382	no_downstream_ejc	2375	2757
ENSG00000160972.11.novel3	ENSG00000160972.11	ENST00000435887.2	NMD	957	effectively_ptc	2167	1210
ENSG00000161202.21.novel1	ENSG00000161202.21	ENST00000313143.9	Control	1243	effectively_ptc	2219	976
ENSG00000161202.21.novel4	ENSG00000161202.21	ENST00000313143.9	NMD	1241	effectively_ptc	2044	803
ENSG00000161800.14.novel11	ENSG00000161800.14	ENST00000312377.10	NMD	1343	effectively_ptc	2022	679
ENSG00000162066.17.novel2	ENSG00000162066.17	ENST00000293971.11	NMD	590	effectively_ptc	1424	834
ENSG00000162069.17.novel2	ENSG00000162069.17	ENST00000572449.6	NMD	1236	effectively_ptc	2200	964
ENSG00000162341.19.novel1	ENSG00000162341.19	ENST00000294309.8	NMD	377	effectively_ptc	2287	1910
ENSG00000162373.14.novel2	ENSG00000162373.14	ENST00000463562.1	NMD	187	effectively_ptc	1239	1052
ENSG00000162373.14.novel3	ENSG00000162373.14	ENST00000463562.1	Control	-156	no_downstream_ejc	1167	1323
ENSG00000162385.12.novel2	ENSG00000162385.12	ENST00000371470.8	NMD	303	effectively_ptc	696	393
ENSG00000162434.15.novel4	ENSG00000162434.15	ENST00000342505.5	NMD	-59	truncated_no_ejc	655	714
ENSG00000162434.15.novel5	ENSG00000162434.15	ENST00000342505.5	Control	-209	truncated_no_ejc	677	886
ENSG00000162601.13.novel1	ENSG00000162601.13	ENST00000697263.1	Control	-157	no_downstream_ejc	2390	2547
ENSG00000162601.13.novel14	ENSG00000162601.13	ENST00000697263.1	NMD	199	effectively_ptc	651	452
ENSG00000162695.14.novel2	ENSG00000162695.14	ENST00000370112.8	NMD	163	effectively_ptc	1272	1109
ENSG00000162723.10.novel1	ENSG00000162723.10	ENST00000368093.4	NMD	245	effectively_ptc	695	450
ENSG00000162852.15.novel1	ENSG00000162852.15	ENST00000366513.9	Control	-912	truncated_no_ejc	1327	2239
ENSG00000162852.15.novel7	ENSG00000162852.15	ENST00000366513.9	NMD	319	effectively_ptc	1274	955
ENSG00000162869.17.novel1	ENSG00000162869.17	ENST00000294952.13	Control	-91	truncated_no_ejc	1210	1301
ENSG00000162869.17.novel4	ENSG00000162869.17	ENST00000294952.13	NMD	1932	effectively_ptc	2615	683
ENSG00000162885.15.novel1	ENSG00000162885.15	ENST00000366600.8	Control	-133	no_downstream_ejc	1825	1958
ENSG00000162885.15.novel3	ENSG00000162885.15	ENST00000366600.8	NMD	310	effectively_ptc	1435	1125
ENSG00000163001.13.novel2	ENSG00000163001.13	ENST00000349456.9	NMD	225	effectively_ptc	1142	917
ENSG00000163001.13.novel6	ENSG00000163001.13	ENST00000349456.9	Control	-262	no_downstream_ejc	987	1249
ENSG00000163040.16.novel1	ENSG00000163040.16	ENST00000409856.8	Control	-3	truncated_no_ejc	904	907
ENSG00000163040.16.novel3	ENSG00000163040.16	ENST00000409856.8	NMD	633	effectively_ptc	1083	450
ENSG00000163072.17.novel1	ENSG00000163072.17	ENST00000317647.12	NMD	341	effectively_ptc	1611	1270
ENSG00000163141.21.novel25	ENSG00000163141.21	ENST00000368931.8	NMD	966	effectively_ptc	1218	252
ENSG00000163291.15.novel2	ENSG00000163291.15	ENST00000512733.5	NMD	288	effectively_ptc	1436	1148
ENSG00000163558.14.novel1	ENSG00000163558.14	ENST00000295797.5	NMD	1196	effectively_ptc	2163	967
ENSG00000163701.20.novel2	ENSG00000163701.20	ENST00000383814.8	NMD	341	effectively_ptc	1900	1559
ENSG00000163762.8.novel1	ENSG00000163762.8	ENST00000296059.7	NMD	165	effectively_ptc	863	698
ENSG00000164077.16.novel2	ENSG00000164077.16	ENST00000296473.8	NMD	1016	effectively_ptc	1981	965
ENSG00000164087.9.novel2	ENSG00000164087.9	ENST00000394970.6	NMD	252	effectively_ptc	1335	1083
ENSG00000164162.15.novel2	ENSG00000164162.15	ENST00000507656.6	NMD	230	effectively_ptc	1379	1149
ENSG00000164253.15.novel12	ENSG00000164253.15	ENST00000296679.9	NMD	126	effectively_ptc	1425	1299
ENSG00000164253.15.novel2	ENSG00000164253.15	ENST00000296679.9	Control	-162	truncated_no_ejc	1044	1206
ENSG00000164300.19.novel1	ENSG00000164300.19	ENST00000507668.7	Control	-21	truncated_no_ejc	1055	1076
ENSG00000164300.19.novel6	ENSG00000164300.19	ENST00000507668.7	NMD	371	effectively_ptc	1198	827
ENSG00000164307.14.novel3	ENSG00000164307.14	ENST00000443439.7	NMD	1635	effectively_ptc	2954	1319
ENSG00000164307.14.novel53	ENSG00000164307.14	ENST00000443439.7	Control	-202	truncated_no_ejc	1165	1367
ENSG00000164308.19.novel1	ENSG00000164308.19	ENST00000437043.8	Control	-187	truncated_no_ejc	2573	2760
ENSG00000164308.19.novel3	ENSG00000164308.19	ENST00000437043.8	NMD	1198	effectively_ptc	3522	2324
ENSG00000164329.16.novel3	ENSG00000164329.16	ENST00000453514.6	NMD	300	effectively_ptc	2028	1728
ENSG00000164347.19.novel1	ENSG00000164347.19	ENST00000296805.8	Control	-196	truncated_no_ejc	1104	1300
ENSG00000164347.19.novel2	ENSG00000164347.19	ENST00000296805.8	NMD	478	effectively_ptc	2572	2094
ENSG00000164761.10.novel1	ENSG00000164761.10	ENST00000297350.9	NMD	507	effectively_ptc	1548	1041
ENSG00000164761.10.novel3	ENSG00000164761.10	ENST00000297350.9	Control	-237	truncated_no_ejc	1241	1478
ENSG00000164815.12.novel1	ENSG00000164815.12	ENST00000297431.9	NMD	410	effectively_ptc	1355	945
ENSG00000164929.18.novel8	ENSG00000164929.18	ENST00000309982.10	NMD	76	effectively_ptc	734	658
ENSG00000165338.17.novel1	ENSG00000165338.17	ENST00000371681.8	NMD	691	effectively_ptc	2970	2279
ENSG00000165476.15.novel1	ENSG00000165476.15	ENST00000373758.5	NMD	117	effectively_ptc	1046	929
ENSG00000165476.15.novel15	ENSG00000165476.15	ENST00000373758.5	Control	-268	truncated_no_ejc	804	1072
ENSG00000165501.18.novel1	ENSG00000165501.18	ENST00000318317.8	Control	671	effectively_ptc	1808	1137
ENSG00000165501.18.novel4	ENSG00000165501.18	ENST00000318317.8	NMD	91	effectively_ptc	1698	1607
ENSG00000165591.8.novel5	ENSG00000165591.8	ENST00000374900.5	NMD	140	effectively_ptc	1834	1694
ENSG00000165733.9.novel50	ENSG00000165733.9	ENST00000374518.6	NMD	146	effectively_ptc	2119	1973
ENSG00000165792.19.novel3	ENSG00000165792.19	ENST00000339374.11	Control	1176	effectively_ptc	1645	469
ENSG00000165915.15.novel1	ENSG00000165915.15	ENST00000869741.1	NMD	135	effectively_ptc	1346	1211
ENSG00000165915.15.novel3	ENSG00000165915.15	ENST00000869741.1	Control	-74	truncated_no_ejc	1039	1113
ENSG00000166037.12.novel12	ENSG00000166037.12	ENST00000538658.5	Control	-174	truncated_no_ejc	1209	1383
ENSG00000166037.12.novel9	ENSG00000166037.12	ENST00000538658.5	NMD	144	effectively_ptc	1358	1214
ENSG00000166123.15.novel1	ENSG00000166123.15	ENST00000340124.9	NMD	1333	effectively_ptc	1765	432
ENSG00000166164.17.novel4	ENSG00000166164.17	ENST00000710357.1	NMD	389	effectively_ptc	2084	1695
ENSG00000166197.18.novel3	ENSG00000166197.18	ENST00000488254.6	NMD	1716	effectively_ptc	2124	408
ENSG00000166311.11.novel4	ENSG00000166311.11	ENST00000342245.9	Control	1571	effectively_ptc	2134	563
ENSG00000166484.21.novel1	ENSG00000166484.21	ENST00000395604.8	NMD	2451	effectively_ptc	3225	774
ENSG00000166529.17.novel1	ENSG00000166529.17	ENST00000292450.9	Control	-828	no_downstream_ejc	902	1730
ENSG00000166529.17.novel3	ENSG00000166529.17	ENST00000292450.9	NMD	110	effectively_ptc	916	806
ENSG00000166780.12.novel6	ENSG00000166780.12	ENST00000300006.9	Control	-129	no_downstream_ejc	686	815
ENSG00000166780.12.novel7	ENSG00000166780.12	ENST00000300006.9	NMD	386	effectively_ptc	837	451
ENSG00000166855.10.novel1	ENSG00000166855.10	ENST00000300107.7	NMD	721	effectively_ptc	2332	1611
ENSG00000166855.10.novel43	ENSG00000166855.10	ENST00000300107.7	Control	-349	truncated_no_ejc	1766	2115
ENSG00000166881.11.novel2	ENSG00000166881.11	ENST00000300128.9	NMD	375	effectively_ptc	1090	715
ENSG00000166881.11.novel3	ENSG00000166881.11	ENST00000300128.9	Control	-228	truncated_no_ejc	800	1028
ENSG00000167302.12.novel1	ENSG00000167302.12	ENST00000637944.2	NMD	313	effectively_ptc	1392	1079
ENSG00000167302.12.novel2	ENSG00000167302.12	ENST00000637944.2	Control	-547	no_downstream_ejc	2330	2877
ENSG00000167306.22.novel3	ENSG00000167306.22	ENST00000592688.1	Control	-151	no_downstream_ejc	5733	5884
ENSG00000167306.22.novel6	ENSG00000167306.22	ENST00000592688.1	NMD	496	effectively_ptc	4127	3631
ENSG00000167515.12.novel4	ENSG00000167515.12	ENST00000696289.1	NMD	932	effectively_ptc	1658	726
ENSG00000167600.15.novel1	ENSG00000167600.15	ENST00000310054.9	Control	-223	truncated_no_ejc	1032	1255
ENSG00000167600.15.novel2	ENSG00000167600.15	ENST00000310054.9	NMD	508	effectively_ptc	1556	1048
ENSG00000167861.17.novel1	ENSG00000167861.17	ENST00000425042.7	Control	-235	truncated_no_ejc	1541	1776
ENSG00000167861.17.novel5	ENSG00000167861.17	ENST00000425042.7	NMD	694	effectively_ptc	2522	1828
ENSG00000168216.14.novel1	ENSG00000168216.14	ENST00000649934.3	NMD	265	effectively_ptc	1661	1396
ENSG00000168216.14.novel3	ENSG00000168216.14	ENST00000649934.3	Control	-109	truncated_no_ejc	1177	1286
ENSG00000168389.19.novel1	ENSG00000168389.19	ENST00000372811.10	Control	-62	truncated_no_ejc	2303	2365
ENSG00000168389.19.novel2	ENSG00000168389.19	ENST00000372811.10	NMD	392	effectively_ptc	1504	1112
ENSG00000168476.13.novel1	ENSG00000168476.13	ENST00000306306.8	NMD	386	effectively_ptc	1531	1145
ENSG00000168495.14.novel2	ENSG00000168495.14	ENST00000397802.8	NMD	117	effectively_ptc	1025	908
ENSG00000168724.19.novel1	ENSG00000168724.19	ENST00000648817.1	Control	-167	truncated_no_ejc	1286	1453
ENSG00000168724.19.novel7	ENSG00000168724.19	ENST00000648817.1	NMD	448	effectively_ptc	1627	1179
ENSG00000168826.17.novel1	ENSG00000168826.17	ENST00000337872.9	NMD	313	effectively_ptc	1734	1421
ENSG00000168826.17.novel3	ENSG00000168826.17	ENST00000337872.9	Control	-23	truncated_no_ejc	1525	1548
ENSG00000168883.21.novel1	ENSG00000168883.21	ENST00000323701.11	NMD	1207	effectively_ptc	1755	548
ENSG00000169087.12.novel1	ENSG00000169087.12	ENST00000306103.3	Control	-31	truncated_no_ejc	933	964
ENSG00000169087.12.novel3	ENSG00000169087.12	ENST00000306103.3	NMD	342	effectively_ptc	1171	829
ENSG00000169251.14.novel2	ENSG00000169251.14	ENST00000351193.7	Control	-129	no_downstream_ejc	1857	1986
ENSG00000169251.14.novel3	ENSG00000169251.14	ENST00000351193.7	NMD	1163	effectively_ptc	1496	333
ENSG00000169410.12.novel11	ENSG00000169410.12	ENST00000618819.5	NMD	377	effectively_ptc	2280	1903
ENSG00000169410.12.novel8	ENSG00000169410.12	ENST00000618819.5	Control	-226	truncated_no_ejc	1241	1467
ENSG00000169621.12.novel1	ENSG00000169621.12	ENST00000303795.9	NMD	845	effectively_ptc	1788	943
ENSG00000169621.12.novel4	ENSG00000169621.12	ENST00000303795.9	Control	-229	truncated_no_ejc	364	593
ENSG00000169733.13.novel1	ENSG00000169733.13	ENST00000310496.9	NMD	325	effectively_ptc	1255	930
ENSG00000169733.13.novel9	ENSG00000169733.13	ENST00000310496.9	Control	1194	effectively_ptc	1685	491
ENSG00000169972.14.novel1	ENSG00000169972.14	ENST00000379031.10	Control	977	effectively_ptc	1655	678
ENSG00000169972.14.novel4	ENSG00000169972.14	ENST00000379031.10	NMD	952	effectively_ptc	1356	404
ENSG00000170412.19.novel2	ENSG00000170412.19	ENST00000392627.7	Control	35	no_downstream_ejc	2564	2529
ENSG00000170477.13.novel1	ENSG00000170477.13	ENST00000551956.2	Control	2489	effectively_ptc	3058	569
ENSG00000170477.13.novel5	ENSG00000170477.13	ENST00000551956.2	NMD	700	effectively_ptc	1485	785
ENSG00000170537.14.novel1	ENSG00000170537.14	ENST00000304381.10	NMD	1066	effectively_ptc	2305	1239
ENSG00000170542.8.novel1	ENSG00000170542.8	ENST00000380698.5	NMD	614	effectively_ptc	1189	575
ENSG00000170542.8.novel45	ENSG00000170542.8	ENST00000380698.5	Control	-94	truncated_no_ejc	1049	1143
ENSG00000170581.16.novel3	ENSG00000170581.16	ENST00000314128.9	NMD	1517	effectively_ptc	2860	1343
ENSG00000171055.16.novel7	ENSG00000171055.16	ENST00000405912.8	Control	-378	truncated_no_ejc	712	1090
ENSG00000171103.12.novel1	ENSG00000171103.12	ENST00000306108.10	Control	-42	truncated_no_ejc	1777	1819
ENSG00000171103.12.novel3	ENSG00000171103.12	ENST00000306108.10	NMD	566	effectively_ptc	1350	784
ENSG00000171401.16.novel1	ENSG00000171401.16	ENST00000246635.8	NMD	869	effectively_ptc	1359	490
ENSG00000171401.16.novel12	ENSG00000171401.16	ENST00000246635.8	Control	2270	effectively_ptc	2954	684
ENSG00000171462.16.novel2	ENSG00000171462.16	ENST00000357338.3	Control	-734	no_downstream_ejc	608	1342
ENSG00000171462.16.novel3	ENSG00000171462.16	ENST00000357338.3	NMD	377	effectively_ptc	712	335
ENSG00000171903.18.novel1	ENSG00000171903.18	ENST00000402119.9	NMD	740	effectively_ptc	1758	1018
ENSG00000172243.19.novel1	ENSG00000172243.19	ENST00000353231.9	Control	2	truncated_no_ejc	592	590
ENSG00000172243.19.novel3	ENSG00000172243.19	ENST00000353231.9	NMD	121	effectively_ptc	729	608
ENSG00000172331.13.novel14	ENSG00000172331.13	ENST00000344924.8	Control	-177	no_downstream_ejc	2142	2319
ENSG00000172594.14.novel4	ENSG00000172594.14	ENST00000368440.5	NMD	421	effectively_ptc	1476	1055
ENSG00000172939.10.novel1	ENSG00000172939.10	ENST00000311806.8	NMD	1306	effectively_ptc	2438	1132
ENSG00000172939.10.novel4	ENSG00000172939.10	ENST00000311806.8	Control	-67	truncated_no_ejc	1642	1709
ENSG00000173145.12.novel15	ENSG00000173145.12	ENST00000371361.3	Control	-177	truncated_no_ejc	732	909
ENSG00000173145.12.novel2	ENSG00000173145.12	ENST00000371361.3	NMD	2132	effectively_ptc	2547	415
ENSG00000173156.8.novel41	ENSG00000173156.8	ENST00000308831.7	NMD	121	effectively_ptc	1585	1464
ENSG00000173540.15.novel72	ENSG00000173540.15	ENST00000308388.7	NMD	136	effectively_ptc	1469	1333
ENSG00000173540.15.novel73	ENSG00000173540.15	ENST00000308388.7	Control	856	effectively_ptc	1321	465
ENSG00000173926.7.novel1	ENSG00000173926.7	ENST00000308660.6	Control	205	effectively_ptc	1064	859
ENSG00000173926.7.novel30	ENSG00000173926.7	ENST00000308660.6	NMD	-157	no_downstream_ejc	1211	1368
ENSG00000174177.14.novel3	ENSG00000174177.14	ENST00000453996.7	NMD	206	effectively_ptc	1484	1278
ENSG00000174227.17.novel2	ENSG00000174227.17	ENST00000453061.7	Control	-372	truncated_no_ejc	1063	1435
ENSG00000174227.17.novel4	ENSG00000174227.17	ENST00000453061.7	NMD	111	effectively_ptc	2590	2479
ENSG00000174442.13.novel1	ENSG00000174442.13	ENST00000307897.10	NMD	126	effectively_ptc	2142	2016
ENSG00000174483.21.novel2	ENSG00000174483.21	ENST00000318312.12	Control	-211	truncated_no_ejc	632	843
ENSG00000174483.21.novel6	ENSG00000174483.21	ENST00000318312.12	NMD	1404	effectively_ptc	1704	300
ENSG00000174842.18.novel1	ENSG00000174842.18	ENST00000370360.8	NMD	1397	effectively_ptc	1821	424
ENSG00000174842.18.novel2	ENSG00000174842.18	ENST00000370360.8	Control	-115	truncated_no_ejc	1749	1864
ENSG00000174915.13.novel1	ENSG00000174915.13	ENST00000308020.6	Control	62	effectively_ptc	1743	1681
ENSG00000174915.13.novel2	ENSG00000174915.13	ENST00000308020.6	NMD	830	effectively_ptc	1437	607
ENSG00000174943.12.novel3	ENSG00000174943.12	ENST00000568000.6	NMD	253	effectively_ptc	1022	769
ENSG00000174989.15.novel3	ENSG00000174989.15	ENST00000455858.2	NMD	890	effectively_ptc	1474	584
ENSG00000175137.12.novel2	ENSG00000175137.12	ENST00000366472.6	NMD	193	effectively_ptc	2116	1923
ENSG00000175215.11.novel1	ENSG00000175215.11	ENST00000398073.7	Control	-124	no_downstream_ejc	1236	1360
ENSG00000175215.11.novel3	ENSG00000175215.11	ENST00000398073.7	NMD	409	effectively_ptc	1334	925
ENSG00000175287.20.novel10	ENSG00000175287.20	ENST00000875832.1	NMD	515	effectively_ptc	1031	516
ENSG00000175287.20.novel22	ENSG00000175287.20	ENST00000875832.1	Control	-44	truncated_no_ejc	636	680
ENSG00000175782.12.novel2	ENSG00000175782.12	ENST00000398004.4	Control	-274	no_downstream_ejc	970	1244
ENSG00000176142.14.novel1	ENSG00000176142.14	ENST00000319172.10	Control	-232	no_downstream_ejc	1650	1882
ENSG00000176142.14.novel2	ENSG00000176142.14	ENST00000319172.10	NMD	273	effectively_ptc	1879	1606
ENSG00000176148.17.novel6	ENSG00000176148.17	ENST00000334274.9	NMD	1000	effectively_ptc	1959	959
ENSG00000176390.13.novel2	ENSG00000176390.13	ENST00000324238.7	Control	-301	truncated_no_ejc	737	1038
ENSG00000176390.13.novel3	ENSG00000176390.13	ENST00000324238.7	NMD	74	effectively_ptc	1098	1024
ENSG00000176531.13.novel5	ENSG00000176531.13	ENST00000934851.1	NMD	469	effectively_ptc	2363	1894
ENSG00000176853.17.novel2	ENSG00000176853.17	ENST00000334705.12	NMD	1069	effectively_ptc	2653	1584
ENSG00000176953.14.novel1	ENSG00000176953.14	ENST00000320805.9	Control	-157	truncated_no_ejc	1295	1452
ENSG00000176953.14.novel2	ENSG00000176953.14	ENST00000320805.9	NMD	136	effectively_ptc	1028	892
ENSG00000177054.15.novel2	ENSG00000177054.15	ENST00000446113.7	NMD	159	effectively_ptc	1843	1684
ENSG00000177302.17.novel2	ENSG00000177302.17	ENST00000580095.5	NMD	1415	effectively_ptc	3744	2329
ENSG00000177427.14.novel1	ENSG00000177427.14	ENST00000323019.9	NMD	70	effectively_ptc	626	556
ENSG00000177427.14.novel2	ENSG00000177427.14	ENST00000323019.9	Control	2	no_downstream_ejc	1641	1639
ENSG00000177548.14.novel1	ENSG00000177548.14	ENST00000358201.9	NMD	2028	effectively_ptc	2653	625
ENSG00000177663.16.novel1	ENSG00000177663.16	ENST00000319363.11	NMD	500	effectively_ptc	1469	969
ENSG00000177663.16.novel5	ENSG00000177663.16	ENST00000319363.11	Control	-195	truncated_no_ejc	733	928
ENSG00000177731.17.novel2	ENSG00000177731.17	ENST00000327031.9	NMD	138	effectively_ptc	4138	4000
ENSG00000178026.14.novel3	ENSG00000178026.14	ENST00000318753.13	Control	512	effectively_ptc	1253	741
ENSG00000178149.18.novel8	ENSG00000178149.18	ENST00000341949.9	NMD	396	effectively_ptc	1759	1363
ENSG00000178177.18.novel1	ENSG00000178177.18	ENST00000326877.8	NMD	218	effectively_ptc	1627	1409
ENSG00000178694.10.novel1	ENSG00000178694.10	ENST00000314622.9	NMD	263	effectively_ptc	864	601
ENSG00000178694.10.novel2	ENSG00000178694.10	ENST00000314622.9	Control	819	effectively_ptc	1275	456
ENSG00000178971.18.novel1	ENSG00000178971.18	ENST00000651323.1	NMD	250	effectively_ptc	3745	3495
ENSG00000178999.14.novel1	ENSG00000178999.14	ENST00000585124.6	NMD	406	effectively_ptc	1174	768
ENSG00000178999.14.novel4	ENSG00000178999.14	ENST00000585124.6	Control	-172	truncated_no_ejc	899	1071
ENSG00000179262.11.novel1	ENSG00000179262.11	ENST00000586534.6	NMD	543	effectively_ptc	1156	613
ENSG00000179344.18.novel7	ENSG00000179344.18	ENST00000434651.7	NMD	320	effectively_ptc	834	514
ENSG00000179593.17.novel5	ENSG00000179593.17	ENST00000380183.9	Control	-125	truncated_no_ejc	594	719
ENSG00000179593.17.novel8	ENSG00000179593.17	ENST00000380183.9	NMD	168	effectively_ptc	1787	1619
ENSG00000179630.12.novel5	ENSG00000179630.12	ENST00000325686.7	NMD	626	effectively_ptc	1399	773
ENSG00000181481.15.novel1	ENSG00000181481.15	ENST00000324689.8	NMD	164	effectively_ptc	1652	1488
ENSG00000181513.16.novel1	ENSG00000181513.16	ENST00000586346.5	Control	-197	no_downstream_ejc	1325	1522
ENSG00000181513.16.novel4	ENSG00000181513.16	ENST00000586346.5	NMD	649	effectively_ptc	1210	561
ENSG00000181523.14.novel2	ENSG00000181523.14	ENST00000326317.11	Control	1	truncated_no_ejc	1189	1188
ENSG00000182087.15.novel1	ENSG00000182087.15	ENST00000356663.8	Control	-544	truncated_no_ejc	1528	2072
ENSG00000182087.15.novel4	ENSG00000182087.15	ENST00000356663.8	NMD	292	effectively_ptc	1649	1357
ENSG00000182325.12.novel1	ENSG00000182325.12	ENST00000331890.6	NMD	1235	effectively_ptc	2119	884
ENSG00000182858.15.novel1	ENSG00000182858.15	ENST00000330817.11	NMD	59	effectively_ptc	1402	1343
ENSG00000182858.15.novel2	ENSG00000182858.15	ENST00000330817.11	Control	-78	truncated_no_ejc	1453	1531
ENSG00000182872.17.novel1	ENSG00000182872.17	ENST00000864485.1	NMD	2043	effectively_ptc	3690	1647
ENSG00000183474.17.novel2	ENSG00000183474.17	ENST00000877333.1	NMD	877	effectively_ptc	1165	288
ENSG00000183576.14.novel1	ENSG00000183576.14	ENST00000331768.10	NMD	945	effectively_ptc	1544	599
ENSG00000183735.12.novel44	ENSG00000183735.12	ENST00000331710.10	Control	-109	truncated_no_ejc	2324	2433
ENSG00000183763.10.novel1	ENSG00000183763.10	ENST00000331456.7	NMD	1084	effectively_ptc	1526	442
ENSG00000183763.10.novel2	ENSG00000183763.10	ENST00000331456.7	Control	-82	truncated_no_ejc	1361	1443
ENSG00000183963.20.novel1	ENSG00000183963.20	ENST00000333137.12	NMD	2502	effectively_ptc	3405	903
ENSG00000184205.15.novel1	ENSG00000184205.15	ENST00000375442.8	NMD	1069	effectively_ptc	2591	1522
ENSG00000184205.15.novel3	ENSG00000184205.15	ENST00000375442.8	Control	-162	truncated_no_ejc	1587	1749
ENSG00000184402.15.novel1	ENSG00000184402.15	ENST00000331758.8	NMD	150	effectively_ptc	1653	1503
ENSG00000184402.15.novel5	ENSG00000184402.15	ENST00000331758.8	Control	1156	effectively_ptc	1668	512
ENSG00000184497.14.novel1	ENSG00000184497.14	ENST00000375353.5	NMD	562	effectively_ptc	1199	637
ENSG00000184743.14.novel1	ENSG00000184743.14	ENST00000398868.8	Control	-85	truncated_no_ejc	1899	1984
ENSG00000184743.14.novel3	ENSG00000184743.14	ENST00000398868.8	NMD	698	effectively_ptc	2069	1371
ENSG00000185000.13.novel1	ENSG00000185000.13	ENST00000528718.6	Control	55	effectively_ptc	1125	1070
ENSG00000185000.13.novel11	ENSG00000185000.13	ENST00000528718.6	NMD	462	effectively_ptc	1729	1267
ENSG00000185009.14.novel1	ENSG00000185009.14	ENST00000372745.1	NMD	94	effectively_ptc	1635	1541
ENSG00000185163.11.novel1	ENSG00000185163.11	ENST00000397333.4	NMD	861	effectively_ptc	2206	1345
ENSG00000185163.11.novel6	ENSG00000185163.11	ENST00000397333.4	Control	1702	effectively_ptc	2078	376
ENSG00000185324.23.novel1	ENSG00000185324.23	ENST00000353379.12	Control	868	effectively_ptc	1912	1044
ENSG00000185324.23.novel2	ENSG00000185324.23	ENST00000353379.12	NMD	939	effectively_ptc	1071	132
ENSG00000185347.20.novel4	ENSG00000185347.20	ENST00000392522.8	NMD	651	effectively_ptc	1133	482
ENSG00000185386.16.novel1	ENSG00000185386.16	ENST00000330651.11	NMD	631	effectively_ptc	1341	710
ENSG00000185386.16.novel2	ENSG00000185386.16	ENST00000330651.11	Control	529	effectively_ptc	1193	664
ENSG00000185418.17.novel1	ENSG00000185418.17	ENST00000335968.8	NMD	1026	effectively_ptc	2545	1519
ENSG00000185418.17.novel2	ENSG00000185418.17	ENST00000335968.8	Control	-199	truncated_no_ejc	484	683
ENSG00000185507.22.novel2	ENSG00000185507.22	ENST00000525445.6	NMD	637	effectively_ptc	1539	902
ENSG00000185753.14.novel21	ENSG00000185753.14	ENST00000327877.10	NMD	718	effectively_ptc	4869	4151
ENSG00000186010.20.novel3	ENSG00000186010.20	ENST00000507754.9	Control	416	effectively_ptc	692	276
ENSG00000186088.17.novel2	ENSG00000186088.17	ENST00000257626.12	Control	-60	truncated_no_ejc	756	816
ENSG00000186088.17.novel7	ENSG00000186088.17	ENST00000257626.12	NMD	2215	effectively_ptc	2733	518
ENSG00000186448.16.novel1	ENSG00000186448.16	ENST00000344387.9	NMD	382	effectively_ptc	1123	741
ENSG00000186522.16.novel2	ENSG00000186522.16	ENST00000397712.7	NMD	747	effectively_ptc	1541	794
ENSG00000186567.15.novel1	ENSG00000186567.15	ENST00000358777.10	Control	-52	truncated_no_ejc	1219	1271
ENSG00000186567.15.novel3	ENSG00000186567.15	ENST00000358777.10	NMD	553	effectively_ptc	1369	816
ENSG00000186908.16.novel1	ENSG00000186908.16	ENST00000426126.7	Control	-106	truncated_no_ejc	1485	1591
ENSG00000186908.16.novel3	ENSG00000186908.16	ENST00000426126.7	NMD	1109	effectively_ptc	1977	868
ENSG00000187097.14.novel3	ENSG00000187097.14	ENST00000334696.11	NMD	411	effectively_ptc	1444	1033
ENSG00000187118.15.novel1	ENSG00000187118.15	ENST00000466830.6	NMD	108	effectively_ptc	523	415
ENSG00000187325.6.novel1	ENSG00000187325.6	ENST00000341864.6	Control	-14	no_downstream_ejc	838	852
ENSG00000187630.19.novel2	ENSG00000187630.19	ENST00000397071.5	Control	24	truncated_no_ejc	1051	1027
ENSG00000187630.19.novel3	ENSG00000187630.19	ENST00000397071.5	NMD	330	effectively_ptc	3284	2954
ENSG00000187735.17.novel2	ENSG00000187735.17	ENST00000521604.7	NMD	804	effectively_ptc	1594	790
ENSG00000187961.16.novel1	ENSG00000187961.16	ENST00000338591.8	NMD	1318	effectively_ptc	1569	251
ENSG00000187961.16.novel6	ENSG00000187961.16	ENST00000338591.8	Control	3728	effectively_ptc	3947	219
ENSG00000188130.15.novel2	ENSG00000188130.15	ENST00000215659.13	Control	843	effectively_ptc	1239	396
ENSG00000189050.17.novel18	ENSG00000189050.17	ENST00000305783.13	NMD	539	effectively_ptc	1387	848
ENSG00000189050.17.novel20	ENSG00000189050.17	ENST00000305783.13	Control	-163	truncated_no_ejc	1123	1286
ENSG00000189152.12.novel1	ENSG00000189152.12	ENST00000344415.9	Control	-122	no_downstream_ejc	598	720
ENSG00000196387.11.novel1	ENSG00000196387.11	ENST00000536790.5	NMD	-1140	no_downstream_ejc	641	1781
ENSG00000196428.14.novel1	ENSG00000196428.14	ENST00000466814.1	NMD	168	effectively_ptc	3296	3128
ENSG00000196505.12.novel3	ENSG00000196505.12	ENST00000369443.10	Control	-159	truncated_no_ejc	1137	1296
ENSG00000196505.12.novel6	ENSG00000196505.12	ENST00000369443.10	NMD	103	effectively_ptc	1683	1580
ENSG00000196792.13.novel1	ENSG00000196792.13	ENST00000355683.9	Control	-168	no_downstream_ejc	2999	3167
ENSG00000196873.17.novel1	ENSG00000196873.17	ENST00000478048.5	NMD	628	effectively_ptc	1405	777
ENSG00000196911.13.novel4	ENSG00000196911.13	ENST00000356348.6	NMD	1052	effectively_ptc	2023	971
ENSG00000196998.20.novel5	ENSG00000196998.20	ENST00000376372.9	NMD	547	effectively_ptc	1240	693
ENSG00000197150.14.novel1	ENSG00000197150.14	ENST00000358849.9	Control	-5	truncated_no_ejc	1323	1328
ENSG00000197150.14.novel4	ENSG00000197150.14	ENST00000358849.9	NMD	751	effectively_ptc	2072	1321
ENSG00000197355.12.novel1	ENSG00000197355.12	ENST00000409858.8	NMD	928	effectively_ptc	1351	423
ENSG00000197355.12.novel9	ENSG00000197355.12	ENST00000409858.8	Control	-91	no_downstream_ejc	1727	1818
ENSG00000197771.14.novel3	ENSG00000197771.14	ENST00000369077.4	NMD	1249	effectively_ptc	2165	916
ENSG00000197860.11.novel3	ENSG00000197860.11	ENST00000381007.9	NMD	516	effectively_ptc	974	458
ENSG00000197872.12.novel3	ENSG00000197872.12	ENST00000381323.7	NMD	449	effectively_ptc	1054	605
ENSG00000198026.9.novel1	ENSG00000198026.9	ENST00000322927.3	Control	-411	truncated_no_ejc	315	726
ENSG00000198060.11.novel1	ENSG00000198060.11	ENST00000358935.3	NMD	575	effectively_ptc	2006	1431
ENSG00000198060.11.novel2	ENSG00000198060.11	ENST00000358935.3	Control	-36	truncated_no_ejc	1708	1744
ENSG00000198185.13.novel1	ENSG00000198185.13	ENST00000347606.8	NMD	246	effectively_ptc	611	365
ENSG00000198185.13.novel2	ENSG00000198185.13	ENST00000347606.8	Control	329	effectively_ptc	629	300
ENSG00000198203.11.novel1	ENSG00000198203.11	ENST00000251481.11	NMD	325	effectively_ptc	1144	819
ENSG00000198276.17.novel1	ENSG00000198276.17	ENST00000354216.11	NMD	358	effectively_ptc	1678	1320
ENSG00000198408.15.novel1	ENSG00000198408.15	ENST00000361464.8	NMD	529	effectively_ptc	3558	3029
ENSG00000198408.15.novel48	ENSG00000198408.15	ENST00000361464.8	Control	-294	truncated_no_ejc	1490	1784
ENSG00000198612.12.novel1	ENSG00000198612.12	ENST00000354371.7	NMD	128	effectively_ptc	1086	958
ENSG00000198814.15.novel9	ENSG00000198814.15	ENST00000378945.7	NMD	1324	effectively_ptc	1734	410
ENSG00000198858.11.novel2	ENSG00000198858.11	ENST00000361574.10	Control	-18	truncated_no_ejc	796	814
ENSG00000203697.13.novel4	ENSG00000203697.13	ENST00000366873.6	NMD	571	effectively_ptc	1139	568
ENSG00000203791.16.novel1	ENSG00000203791.16	ENST00000368836.7	NMD	340	effectively_ptc	1132	792
ENSG00000203837.5.novel2	ENSG00000203837.5	ENST00000369230.4	Control	1121	effectively_ptc	1406	285
ENSG00000203837.5.novel7	ENSG00000203837.5	ENST00000369230.4	NMD	988	effectively_ptc	1246	258
ENSG00000204256.16.novel43	ENSG00000204256.16	ENST00000607833.5	Control	-135	no_downstream_ejc	3729	3864
ENSG00000204256.16.novel73	ENSG00000204256.16	ENST00000607833.5	NMD	1228	effectively_ptc	5214	3986
ENSG00000204394.14.novel1	ENSG00000204394.14	ENST00000375663.8	Control	-67	no_downstream_ejc	4673	4740
ENSG00000204394.14.novel2	ENSG00000204394.14	ENST00000375663.8	NMD	1992	effectively_ptc	4095	2103
ENSG00000204576.13.novel8	ENSG00000204576.13	ENST00000376557.3	Control	-99	truncated_no_ejc	1012	1111
ENSG00000204604.14.novel9	ENSG00000204604.14	ENST00000595646.6	NMD	146	effectively_ptc	587	441
ENSG00000204642.15.novel5	ENSG00000204642.15	ENST00000334668.8	NMD	532	effectively_ptc	1249	717
ENSG00000205571.16.novel3	ENSG00000205571.16	ENST00000380743.9	NMD	114	effectively_ptc	1058	944
ENSG00000213341.12.novel1	ENSG00000213341.12	ENST00000370397.8	Control	33	truncated_no_ejc	2295	2262
ENSG00000213341.12.novel4	ENSG00000213341.12	ENST00000370397.8	NMD	216	effectively_ptc	2553	2337
ENSG00000213551.8.novel4	ENSG00000213551.8	ENST00000372950.6	NMD	438	effectively_ptc	4489	4051
ENSG00000213551.8.novel5	ENSG00000213551.8	ENST00000372950.6	Control	453	effectively_ptc	2384	1931
ENSG00000221968.10.novel2	ENSG00000221968.10	ENST00000278829.7	Control	-50	no_downstream_ejc	1667	1717
ENSG00000221968.10.novel5	ENSG00000221968.10	ENST00000278829.7	NMD	422	effectively_ptc	1993	1571
ENSG00000221978.14.novel1	ENSG00000221978.14	ENST00000408918.8	Control	2470	effectively_ptc	3654	1184
ENSG00000221978.14.novel2	ENSG00000221978.14	ENST00000408918.8	NMD	657	effectively_ptc	1818	1161
ENSG00000224945.1.novel3	ENSG00000224945.1	ENST00000429700.2	Control	48	no_downstream_ejc	4659	4611
ENSG00000224945.1.novel5	ENSG00000224945.1	ENST00000429700.2	NMD	48	no_downstream_ejc	2900	2852
ENSG00000225921.8.novel28	ENSG00000225921.8	ENST00000451315.7	Control	-123	truncated_no_ejc	3047	3170
ENSG00000225921.8.novel29	ENSG00000225921.8	ENST00000451315.7	NMD	456	effectively_ptc	1649	1193
ENSG00000225950.10.novel2	ENSG00000225950.10	ENST00000594938.2	NMD	-643	no_downstream_ejc	442	1085
ENSG00000225950.10.novel4	ENSG00000225950.10	ENST00000594938.2	Control	-643	no_downstream_ejc	186	829
ENSG00000228696.13.novel1	ENSG00000228696.13	ENST00000450673.4	Control	-84	truncated_no_ejc	398	482
ENSG00000228696.13.novel2	ENSG00000228696.13	ENST00000450673.4	NMD	95	effectively_ptc	931	836
ENSG00000235173.7.novel1	ENSG00000235173.7	ENST00000347708.5	NMD	323	effectively_ptc	1337	1014
ENSG00000235173.7.novel17	ENSG00000235173.7	ENST00000347708.5	Control	881	effectively_ptc	1573	692
ENSG00000237651.8.novel2	ENSG00000237651.8	ENST00000426997.5	NMD	-172	no_downstream_ejc	621	793
ENSG00000240344.11.novel1	ENSG00000240344.11	ENST00000392283.9	NMD	257	effectively_ptc	913	656
ENSG00000242028.9.novel2	ENSG00000242028.9	ENST00000442995.4	NMD	-94	no_downstream_ejc	3043	3137
ENSG00000242028.9.novel3	ENSG00000242028.9	ENST00000442995.4	Control	-68	truncated_no_ejc	3011	3079
ENSG00000242247.12.novel12	ENSG00000242247.12	ENST00000263245.10	NMD	1015	effectively_ptc	1718	703
ENSG00000242247.12.novel22	ENSG00000242247.12	ENST00000263245.10	Control	-93	truncated_no_ejc	851	944
ENSG00000243789.12.novel1	ENSG00000243789.12	ENST00000397299.9	NMD	694	effectively_ptc	1043	349
ENSG00000243789.12.novel2	ENSG00000243789.12	ENST00000397299.9	Control	620	effectively_ptc	788	168
ENSG00000244607.8.novel11	ENSG00000244607.8	ENST00000492806.5	Control	-226	no_downstream_ejc	821	1047
ENSG00000244607.8.novel6	ENSG00000244607.8	ENST00000492806.5	NMD	-226	no_downstream_ejc	979	1205
ENSG00000259024.7.novel1	ENSG00000259024.7	ENST00000522212.6	Control	47	no_downstream_ejc	843	796
ENSG00000259024.7.novel6	ENSG00000259024.7	ENST00000522212.6	NMD	412	effectively_ptc	686	274
ENSG00000265681.9.novel3	ENSG00000265681.9	ENST00000578532.5	NMD	-46	no_downstream_ejc	857	903
ENSG00000266173.8.novel5	ENSG00000266173.8	ENST00000638708.1	NMD	1103	effectively_ptc	1379	276
ENSG00000267796.9.novel1	ENSG00000267796.9	ENST00000301159.14	NMD	263	effectively_ptc	753	490
ENSG00000268104.4.novel1	ENSG00000268104.4	ENST00000598581.3	Control	-145	truncated_no_ejc	1943	2088
ENSG00000268104.4.novel2	ENSG00000268104.4	ENST00000598581.3	NMD	586	effectively_ptc	1857	1271
ENSG00000269335.8.novel63	ENSG00000269335.8	ENST00000594239.6	NMD	-3	truncated_no_ejc	1566	1569
ENSG00000273559.6.novel3	ENSG00000273559.6	ENST00000614790.5	NMD	612	effectively_ptc	1455	843
ENSG00000278259.6.novel5	ENSG00000278259.6	ENST00000621344.4	NMD	188	effectively_ptc	1731	1543
ENSG00000280071.5.novel1	ENSG00000280071.5	ENST00000620528.5	Control	-127	truncated_no_ejc	705	832
ENSG00000280071.5.novel4	ENSG00000280071.5	ENST00000620528.5	NMD	453	effectively_ptc	786	333
ENSG00000290854.2.novel4	ENSG00000290854.2	ENST00000647043.1	NMD	221	effectively_ptc	2132	1911
ENSG00000292358.3.novel1	ENSG00000292358.3	ENST00000972676.1	Control	547	effectively_ptc	2202	1655
ENSG00000292358.3.novel5	ENSG00000292358.3	ENST00000972676.1	NMD	498	effectively_ptc	1616	1118
ENSG00000293241.2.novel1	ENSG00000293241.2	ENST00000544802.6	Control	-57	no_downstream_ejc	2619	2676
ENSG00000293241.2.novel2	ENSG00000293241.2	ENST00000544802.6	NMD	1373	effectively_ptc	2861	1488
ENST00000006658.11	ENSG00000006282.23	ENST00000503127.5	Control	-169	no_downstream_ejc	2273	2442
ENST00000175506.8	ENSG00000070669.18	ENST00000394308.8	Control	-208	no_downstream_ejc	2005	2213
ENST00000202831.7	ENSG00000089060.13	ENST00000680972.1	Control	-196	no_downstream_ejc	1767	1963
ENST00000206474.11	ENSG00000092036.20	ENST00000541587.6	Control	-182	no_downstream_ejc	1161	1343
ENST00000216288.11	ENSG00000075413.20	ENST00000303622.13	Control	-344	truncated_no_ejc	1966	2310
ENST00000219069.6	ENSG00000006194.12	ENST00000575823.2	Control	-1164	no_downstream_ejc	1214	2378
ENST00000222574.9	ENSG00000105856.15	ENST00000468410.5	Control	1672	effectively_ptc	1725	53
ENST00000223423.8	ENSG00000095303.18	ENST00000362012.7	Control	-354	truncated_no_ejc	1338	1692
ENST00000228843.13	ENSG00000111247.16	ENST00000352618.9	Control	-135	no_downstream_ejc	972	1107
ENST00000233623.11	ENSG00000115282.22	ENST00000888463.1	Control	-295	no_downstream_ejc	1278	1573
ENST00000238018.8	ENSG00000119125.18	ENST00000358399.8	Control	39	no_downstream_ejc	1662	1623
ENST00000240139.10	ENSG00000120910.16	ENST00000289963.12	Control	-186	no_downstream_ejc	1683	1869
ENST00000243639.8	ENSG00000204604.14	ENST00000595646.6	Control	-122	truncated_no_ejc	411	533
ENST00000243896.6	ENSG00000080189.16	ENST00000372230.10	Control	-129	no_downstream_ejc	1450	1579
ENST00000248041.12	ENSG00000171903.18	ENST00000402119.9	Control	-176	no_downstream_ejc	1434	1610
ENST00000249910.5	ENSG00000129071.11	ENST00000429544.7	Control	-76	no_downstream_ejc	1841	1917
ENST00000250056.12	ENSG00000129195.17	ENST00000572447.6	Control	-59	no_downstream_ejc	769	828
ENST00000250379.13	ENSG00000092208.20	ENST00000308317.12	Control	-38	truncated_no_ejc	758	796
ENST00000254742.6	ENSG00000132406.13	ENST00000382753.5	NMD	822	effectively_ptc	1022	200
ENST00000257659.12	ENSG00000105793.17	ENST00000222511.11	Control	-261	truncated_no_ejc	741	1002
ENST00000259050.8	ENSG00000136536.16	ENST00000856570.1	Control	-57	no_downstream_ejc	2178	2235
ENST00000259206.9	ENSG00000136689.20	ENST00000354115.6	Control	-214	no_downstream_ejc	449	663
ENST00000259951.12	ENSG00000204642.15	ENST00000334668.8	Control	-291	no_downstream_ejc	1066	1357
ENST00000260506.12	ENSG00000137942.19	ENST00000370253.6	Control	-177	no_downstream_ejc	1628	1805
ENST00000260563.4	ENSG00000137996.14	ENST00000370128.9	Control	-100	no_downstream_ejc	1165	1265
ENST00000261203.7	ENSG00000111052.9	ENST00000552864.6	NMD	475	effectively_ptc	837	362
ENST00000261388.7	ENSG00000011638.12	ENST00000233047.9	Control	-80	no_downstream_ejc	677	757
ENST00000261658.7	ENSG00000103429.12	ENST00000562442.5	Control	-191	no_downstream_ejc	1301	1492
ENST00000261817.6	ENSG00000110801.15	ENST00000541212.6	Control	-26	truncated_no_ejc	727	753
ENST00000262177.9	ENSG00000105993.16	ENST00000429029.6	Control	-81	no_downstream_ejc	1065	1146
ENST00000263112.11	ENSG00000099998.20	ENST00000327365.10	Control	-145	truncated_no_ejc	1871	2016
ENST00000263205.11	ENSG00000099917.18	ENST00000292733.11	Control	-135	no_downstream_ejc	2299	2434
ENST00000264668.6	ENSG00000124275.16	ENST00000440940.7	Control	-143	no_downstream_ejc	2063	2206
ENST00000265978.8	ENSG00000051009.12	ENST00000449352.7	Control	-360	no_downstream_ejc	2958	3318
ENST00000268673.12	ENSG00000140992.21	ENST00000342085.9	Control	-115	truncated_no_ejc	1283	1398
ENST00000271688.10	ENSG00000143418.21	ENST00000368954.10	Control	-139	no_downstream_ejc	1428	1567
ENST00000274773.12	ENSG00000146054.19	ENST00000334421.5	Control	-510	no_downstream_ejc	1110	1620
ENST00000285908.5	ENSG00000145919.12	ENST00000311086.9	Control	-26	truncated_no_ejc	514	540
ENST00000288723.9	ENSG00000157869.17	ENST00000330852.10	Control	7	truncated_no_ejc	858	851
ENST00000296702.9	ENSG00000113649.15	ENST00000394421.7	Control	-200	no_downstream_ejc	3133	3333
ENST00000296783.7	ENSG00000164329.16	ENST00000453514.6	Control	-73	no_downstream_ejc	1679	1752
ENST00000297574.6	ENSG00000164929.18	ENST00000309982.10	Control	-109	no_downstream_ejc	571	680
ENST00000298068.10	ENSG00000165338.17	ENST00000371681.8	Control	-119	no_downstream_ejc	2305	2424
ENST00000299421.9	ENSG00000166333.15	ENST00000420936.6	Control	-148	no_downstream_ejc	1350	1498
ENST00000301021.7	ENSG00000167515.12	ENST00000696289.1	Control	-47	no_downstream_ejc	439	486
ENST00000302956.8	ENSG00000162066.17	ENST00000293971.11	Control	-87	no_downstream_ejc	1325	1412
ENST00000306385.10	ENSG00000168487.20	ENST00000306349.13	Control	-133	no_downstream_ejc	2860	2993
ENST00000306433.9	ENSG00000168495.14	ENST00000397802.8	Control	-121	no_downstream_ejc	1130	1251
ENST00000309439.9	ENSG00000164162.15	ENST00000507656.6	Control	-229	no_downstream_ejc	422	651
ENST00000311350.8	ENSG00000122557.12	ENST00000396081.5	Control	-160	no_downstream_ejc	1691	1851
ENST00000311489.8	ENSG00000133731.11	ENST00000256108.10	Control	14	truncated_no_ejc	683	669
ENST00000312635.10	ENSG00000135655.17	ENST00000353364.7	Control	-23	truncated_no_ejc	701	724
ENST00000313244.14	ENSG00000125733.19	ENST00000313285.12	Control	-147	no_downstream_ejc	1739	1886
ENST00000316856.7	ENSG00000179262.11	ENST00000586534.6	Control	-112	truncated_no_ejc	1048	1160
ENST00000318787.13	ENSG00000111906.19	ENST00000398153.7	Control	200	effectively_ptc	456	256
ENST00000319073.5	ENSG00000120925.17	ENST00000527424.6	Control	84	effectively_ptc	545	461
ENST00000319481.8	ENSG00000141447.20	ENST00000399443.7	Control	-101	no_downstream_ejc	2922	3023
ENST00000323301.8	ENSG00000148356.16	ENST00000300417.11	Control	-124	no_downstream_ejc	2650	2774
ENST00000324932.12	ENSG00000110713.19	ENST00000397004.9	Control	-216	no_downstream_ejc	5368	5584
ENST00000325223.7	ENSG00000160226.16	ENST00000339818.9	Control	-127	truncated_no_ejc	847	974
ENST00000325324.11	ENSG00000086200.18	ENST00000409534.1	Control	-163	no_downstream_ejc	2936	3099
ENST00000326729.9	ENSG00000168765.20	ENST00000369836.9	Control	-19	truncated_no_ejc	835	854
ENST00000326853.9	ENSG00000198203.11	ENST00000251481.11	Control	-111	no_downstream_ejc	1264	1375
ENST00000327858.11	ENSG00000077942.20	ENST00000262722.11	Control	-138	no_downstream_ejc	2075	2213
ENST00000329281.6	ENSG00000117475.15	ENST00000367808.8	Control	29	no_downstream_ejc	1653	1624
ENST00000330243.9	ENSG00000185507.22	ENST00000525445.6	Control	1419	effectively_ptc	1782	363
ENST00000330622.9	ENSG00000135108.17	ENST00000622495.5	Control	-189	no_downstream_ejc	1696	1885
ENST00000334530.9	ENSG00000168476.13	ENST00000306306.8	Control	52	effectively_ptc	943	891
ENST00000335698.4	ENSG00000165629.21	ENST00000356708.12	Control	-2	truncated_no_ejc	921	923
ENST00000335725.9	ENSG00000042088.15	ENST00000393454.6	Control	-72	no_downstream_ejc	2027	2099
ENST00000335760.9	ENSG00000179750.16	ENST00000333467.4	NMD	226	effectively_ptc	1028	802
ENST00000337665.8	ENSG00000076928.21	ENST00000354532.8	Control	19	no_downstream_ejc	2821	2802
ENST00000337841.4	ENSG00000090054.17	ENST00000262554.7	Control	-3	truncated_no_ejc	440	443
ENST00000339773.9	ENSG00000135622.15	ENST00000357877.7	Control	-609	truncated_no_ejc	1334	1943
ENST00000339775.10	ENSG00000154640.16	ENST00000348354.7	Control	-238	no_downstream_ejc	805	1043
ENST00000340139.10	ENSG00000138785.17	ENST00000451321.6	Control	-583	no_downstream_ejc	1027	1610
ENST00000340308.7	ENSG00000157800.19	ENST00000326232.14	Control	-240	truncated_no_ejc	1202	1442
ENST00000340660.10	ENSG00000066427.26	ENST00000644486.2	Control	-93	truncated_no_ejc	884	977
ENST00000341116.7	ENSG00000128309.19	ENST00000429360.6	Control	776	effectively_ptc	900	124
ENST00000341505.4	ENSG00000142273.14	ENST00000647358.2	Control	9	truncated_no_ejc	1357	1348
ENST00000345724.7	ENSG00000172175.17	ENST00000649217.2	Control	-436	truncated_no_ejc	2116	2552
ENST00000345739.10	ENSG00000115966.19	ENST00000264110.7	Control	1064	effectively_ptc	1493	429
ENST00000346192.7	ENSG00000073792.17	ENST00000382199.7	Control	-91	truncated_no_ejc	1642	1733
ENST00000347691.9	ENSG00000182400.16	ENST00000330149.10	Control	-30	truncated_no_ejc	659	689
ENST00000348257.9	ENSG00000101150.19	ENST00000346249.9	Control	-94	truncated_no_ejc	541	635
ENST00000348520.10	ENSG00000126214.23	ENST00000389744.8	Control	3	no_downstream_ejc	2042	2039
ENST00000350027.8	ENSG00000143498.19	ENST00000352967.9	NMD	39	no_downstream_ejc	1599	1560
ENST00000351429.7	ENSG00000156239.13	ENST00000303775.10	Control	-105	truncated_no_ejc	480	585
ENST00000352297.11	ENSG00000087053.20	ENST00000346299.10	Control	1759	effectively_ptc	1987	228
ENST00000353788.8	ENSG00000104497.16	ENST00000345957.9	Control	-95	truncated_no_ejc	1019	1114
ENST00000353866.7	ENSG00000072571.21	ENST00000393915.9	Control	-51	truncated_no_ejc	2404	2455
ENST00000354379.8	ENSG00000093167.19	ENST00000421276.6	Control	-109	truncated_no_ejc	1515	1624
ENST00000354631.7	ENSG00000107614.23	ENST00000377799.8	NMD	1097	effectively_ptc	1343	246
ENST00000354667.8	ENSG00000122566.24	ENST00000715986.1	Control	23	no_downstream_ejc	1252	1229
ENST00000355264.9	ENSG00000185009.14	ENST00000372745.1	Control	-99	no_downstream_ejc	1233	1332
ENST00000355557.7	ENSG00000196387.11	ENST00000536790.5	Control	-1140	no_downstream_ejc	430	1570
ENST00000355957.9	ENSG00000124222.24	ENST00000371132.8	Control	-103	no_downstream_ejc	1557	1660
ENST00000356306.9	ENSG00000148832.17	ENST00000278060.10	NMD	163	effectively_ptc	1169	1006
ENST00000356362.6	ENSG00000091127.15	ENST00000469408.6	Control	-135	no_downstream_ejc	2064	2199
ENST00000356836.10	ENSG00000117411.19	ENST00000372324.6	NMD	-149	no_downstream_ejc	1758	1907
ENST00000357339.7	ENSG00000026103.25	ENST00000652046.1	Control	-330	truncated_no_ejc	931	1261
ENST00000357390.8	ENSG00000171109.20	ENST00000471841.6	NMD	909	effectively_ptc	2103	1194
ENST00000357430.8	ENSG00000123983.16	ENST00000392066.7	Control	-156	no_downstream_ejc	2434	2590
ENST00000358039.9	ENSG00000007341.20	ENST00000473206.5	Control	-97	no_downstream_ejc	1657	1754
ENST00000358377.7	ENSG00000119599.19	ENST00000892932.1	Control	-192	truncated_no_ejc	1382	1574
ENST00000358769.7	ENSG00000108187.17	ENST00000309049.8	Control	-111	no_downstream_ejc	958	1069
ENST00000359366.10	ENSG00000066427.26	ENST00000644486.2	NMD	667	effectively_ptc	943	276
ENST00000359479.7	ENSG00000169359.17	ENST00000643144.2	Control	30	no_downstream_ejc	2110	2080
ENST00000359949.11	ENSG00000135124.17	ENST00000337233.9	Control	-25	no_downstream_ejc	1288	1313
ENST00000359980.5	ENSG00000155256.19	ENST00000891775.1	Control	-63	no_downstream_ejc	1337	1400
ENST00000360003.7	ENSG00000197771.14	ENST00000369077.4	Control	-125	no_downstream_ejc	1972	2097
ENST00000360171.11	ENSG00000196873.17	ENST00000478048.5	Control	-105	no_downstream_ejc	1130	1235
ENST00000361042.8	ENSG00000132970.15	ENST00000335327.6	Control	-156	truncated_no_ejc	1567	1723
ENST00000361802.7	ENSG00000160179.21	ENST00000398449.8	Control	-227	no_downstream_ejc	1953	2180
ENST00000361875.8	ENSG00000196428.14	ENST00000466814.1	Control	-259	no_downstream_ejc	3135	3394
ENST00000361909.8	ENSG00000140931.21	ENST00000567572.6	Control	-27	no_downstream_ejc	875	902
ENST00000366554.3	ENSG00000054277.14	ENST00000490673.5	Control	-262	no_downstream_ejc	1060	1322
ENST00000366872.10	ENSG00000203697.13	ENST00000366873.6	Control	-22	no_downstream_ejc	2143	2165
ENST00000367201.7	ENSG00000143845.15	ENST00000367202.9	Control	11	no_downstream_ejc	1236	1225
ENST00000368092.7	ENSG00000162723.10	ENST00000368093.4	Control	-204	truncated_no_ejc	474	678
ENST00000368552.8	ENSG00000148803.14	ENST00000278025.9	Control	-5	truncated_no_ejc	416	421
ENST00000368564.7	ENSG00000196911.13	ENST00000356348.6	Control	-186	no_downstream_ejc	1556	1742
ENST00000368849.8	ENSG00000143367.18	ENST00000368848.6	Control	-62	no_downstream_ejc	1167	1229
ENST00000369093.6	ENSG00000151923.19	ENST00000436547.7	Control	-125	no_downstream_ejc	1082	1207
ENST00000369487.3	ENSG00000116815.17	ENST00000369489.10	Control	-93	truncated_no_ejc	695	788
ENST00000369627.6	ENSG00000135317.15	ENST00000314673.8	Control	-37	truncated_no_ejc	2907	2944
ENST00000369965.8	ENSG00000085433.18	ENST00000369962.8	Control	-141	no_downstream_ejc	2881	3022
ENST00000369969.7	ENSG00000121940.18	ENST00000356970.6	Control	47	no_downstream_ejc	1997	1950
ENST00000370779.8	ENSG00000101928.14	ENST00000370783.8	Control	-30	truncated_no_ejc	595	625
ENST00000371033.9	ENSG00000101166.17	ENST00000355937.9	Control	-118	truncated_no_ejc	450	568
ENST00000371242.6	ENSG00000101146.14	ENST00000395841.7	Control	-85	no_downstream_ejc	1163	1248
ENST00000371243.2	ENSG00000153292.17	ENST00000371253.7	Control	-44	truncated_no_ejc	758	802
ENST00000371466.4	ENSG00000162385.12	ENST00000371470.8	Control	-98	truncated_no_ejc	281	379
ENST00000371582.8	ENSG00000000419.15	ENST00000371588.10	Control	-103	no_downstream_ejc	791	894
ENST00000371897.8	ENSG00000160326.15	ENST00000371899.9	Control	-154	truncated_no_ejc	1219	1373
ENST00000372674.5	ENSG00000133134.13	ENST00000372677.8	Control	-390	no_downstream_ejc	188	578
ENST00000373146.6	ENSG00000160408.17	ENST00000373144.7	Control	-188	no_downstream_ejc	942	1130
ENST00000373150.8	ENSG00000116871.17	ENST00000474796.2	Control	-9	truncated_no_ejc	2636	2645
ENST00000373243.7	ENSG00000020129.17	ENST00000356090.8	Control	-435	no_downstream_ejc	2145	2580
ENST00000373896.8	ENSG00000119403.16	ENST00000312189.10	Control	-341	no_downstream_ejc	1513	1854
ENST00000374948.6	ENSG00000089685.16	ENST00000350051.8	Control	-191	truncated_no_ejc	274	465
ENST00000375200.6	ENSG00000131061.16	ENST00000342427.6	Control	-528	no_downstream_ejc	2061	2589
ENST00000375257.2	ENSG00000130958.14	ENST00000253270.13	Control	-71	truncated_no_ejc	463	534
ENST00000375479.6	ENSG00000126226.23	ENST00000337344.9	Control	26	no_downstream_ejc	1305	1279
ENST00000375840.9	ENSG00000266173.8	ENST00000638708.1	Control	1014	effectively_ptc	1292	278
ENST00000376368.7	ENSG00000196998.20	ENST00000376372.9	Control	-108	no_downstream_ejc	1172	1280
ENST00000377600.7	ENSG00000112763.18	ENST00000312541.10	NMD	629	effectively_ptc	1334	705
ENST00000377604.8	ENSG00000182872.17	ENST00000864485.1	Control	-124	no_downstream_ejc	3057	3181
ENST00000379158.7	ENSG00000164978.20	ENST00000892446.1	NMD	-315	no_downstream_ejc	422	737
ENST00000379325.7	ENSG00000131591.19	ENST00000421241.7	NMD	106	effectively_ptc	845	739
ENST00000379594.7	ENSG00000145782.14	ENST00000509910.2	NMD	253	effectively_ptc	764	511
ENST00000380327.9	ENSG00000135451.14	ENST00000257909.8	Control	-96	truncated_no_ejc	437	533
ENST00000380729.8	ENSG00000183474.17	ENST00000877333.1	Control	-118	no_downstream_ejc	1412	1530
ENST00000381208.9	ENSG00000129197.16	ENST00000381209.8	Control	-28	truncated_no_ejc	1059	1087
ENST00000381373.3	ENSG00000147854.19	ENST00000276893.10	Control	-25	truncated_no_ejc	457	482
ENST00000392008.6	ENSG00000198612.12	ENST00000354371.7	Control	530	effectively_ptc	698	168
ENST00000392523.9	ENSG00000185347.20	ENST00000392522.8	Control	-328	no_downstream_ejc	1288	1616
ENST00000392623.5	ENSG00000189171.17	ENST00000476133.6	NMD	-142	no_downstream_ejc	344	486
ENST00000393132.2	ENSG00000172331.13	ENST00000344924.8	NMD	-177	no_downstream_ejc	1090	1267
ENST00000393400.6	ENSG00000163870.17	ENST00000355552.8	NMD	75	effectively_ptc	1135	1060
ENST00000394073.6	ENSG00000124356.18	ENST00000339566.7	Control	-55	no_downstream_ejc	1420	1475
ENST00000394514.6	ENSG00000013561.19	ENST00000394520.7	NMD	977	effectively_ptc	1452	475
ENST00000394631.7	ENSG00000109534.18	ENST00000226796.7	Control	-12	no_downstream_ejc	688	700
ENST00000394689.2	ENSG00000166164.17	ENST00000710357.1	Control	-54	no_downstream_ejc	1908	1962
ENST00000395226.6	ENSG00000138678.12	ENST00000264409.5	Control	-98	no_downstream_ejc	1423	1521
ENST00000395425.6	ENSG00000126787.14	ENST00000247191.7	Control	-18	truncated_no_ejc	2592	2610
ENST00000395602.8	ENSG00000166484.21	ENST00000395604.8	Control	-152	no_downstream_ejc	2592	2744
ENST00000395744.7	ENSG00000100239.17	ENST00000612753.5	Control	-47	truncated_no_ejc	3117	3164
ENST00000395859.2	ENSG00000100483.15	ENST00000395860.7	Control	-13	truncated_no_ejc	618	631
ENST00000396058.1	ENSG00000186448.16	ENST00000344387.9	Control	-2319	no_downstream_ejc	936	3255
ENST00000396196.6	ENSG00000151116.18	ENST00000396197.8	NMD	888	effectively_ptc	1147	259
ENST00000396401.7	ENSG00000187735.17	ENST00000521604.7	Control	-7	truncated_no_ejc	1157	1164
ENST00000396525.7	ENSG00000110321.19	ENST00000339995.11	Control	-64	truncated_no_ejc	2634	2698
ENST00000396596.2	ENSG00000104205.17	ENST00000521198.7	Control	-169	no_downstream_ejc	1580	1749
ENST00000396649.7	ENSG00000151092.19	ENST00000280700.10	Control	-64	truncated_no_ejc	1659	1723
ENST00000397206.6	ENSG00000163072.17	ENST00000317647.12	Control	1255	effectively_ptc	1309	54
ENST00000397638.7	ENSG00000160310.21	ENST00000397628.5	Control	-31	no_downstream_ejc	1474	1505
ENST00000397760.8	ENSG00000120913.25	ENST00000614502.4	Control	-176	no_downstream_ejc	1281	1457
ENST00000398187.6	ENSG00000077458.13	ENST00000358780.10	NMD	288	effectively_ptc	1125	837
ENST00000399079.7	ENSG00000179344.18	ENST00000434651.7	Control	-12	truncated_no_ejc	718	730
ENST00000399351.7	ENSG00000177054.15	ENST00000446113.7	Control	1544	effectively_ptc	1689	145
ENST00000399777.2	ENSG00000099968.20	ENST00000317582.10	NMD	100	effectively_ptc	883	783
ENST00000402182.7	ENSG00000179750.16	ENST00000333467.4	Control	-453	no_downstream_ejc	1073	1526
ENST00000403461.5	ENSG00000079385.24	ENST00000403444.7	Control	15	truncated_no_ejc	1126	1111
ENST00000403470.1	ENSG00000019102.13	ENST00000326621.10	Control	-147	truncated_no_ejc	762	909
ENST00000404724.7	ENSG00000093009.12	ENST00000263201.7	Control	3	truncated_no_ejc	1595	1592
ENST00000406555.7	ENSG00000172889.17	ENST00000371698.3	NMD	-21	no_downstream_ejc	1114	1135
ENST00000406618.3	ENSG00000118960.14	ENST00000304031.8	Control	-400	truncated_no_ejc	219	619
ENST00000409160.7	ENSG00000144485.12	ENST00000272937.10	Control	-475	truncated_no_ejc	301	776
ENST00000409182.1	ENSG00000144485.12	ENST00000272937.10	NMD	-423	truncated_no_ejc	216	639
ENST00000409470.5	ENSG00000168883.21	ENST00000323701.11	Control	47	no_downstream_ejc	1770	1723
ENST00000409512.5	ENSG00000115919.16	ENST00000264170.9	NMD	-124	no_downstream_ejc	1450	1574
ENST00000409584.5	ENSG00000115602.18	ENST00000311734.6	Control	-161	truncated_no_ejc	1011	1172
ENST00000410049.1	ENSG00000135974.12	ENST00000258457.7	Control	-55	truncated_no_ejc	572	627
ENST00000411850.5	ENSG00000100284.23	ENST00000449058.7	Control	-153	no_downstream_ejc	1452	1605
ENST00000412033.7	ENSG00000092208.20	ENST00000308317.12	NMD	590	effectively_ptc	723	133
ENST00000413266.6	ENSG00000022840.17	ENST00000325954.9	Control	-75	no_downstream_ejc	2374	2449
ENST00000415095.5	ENSG00000186522.16	ENST00000397712.7	Control	-190	truncated_no_ejc	1169	1359
ENST00000415229.6	ENSG00000162174.13	ENST00000301776.9	Control	-204	no_downstream_ejc	936	1140
ENST00000415783.6	ENSG00000116001.18	ENST00000433529.7	Control	-125	truncated_no_ejc	1231	1356
ENST00000417220.6	ENSG00000041880.16	ENST00000471971.6	NMD	-168	no_downstream_ejc	1920	2088
ENST00000417413.7	ENSG00000127328.23	ENST00000247833.12	NMD	145	effectively_ptc	1253	1108
ENST00000417689.6	ENSG00000172831.15	ENST00000317091.10	Control	-185	truncated_no_ejc	2637	2822
ENST00000418431.5	ENSG00000172113.11	ENST00000442597.6	NMD	225	effectively_ptc	514	289
ENST00000420510.5	ENSG00000144118.15	ENST00000272519.10	Control	-118	no_downstream_ejc	727	845
ENST00000420827.2	ENSG00000033178.14	ENST00000322244.10	Control	-131	truncated_no_ejc	1071	1202
ENST00000420864.5	ENSG00000128654.15	ENST00000249442.11	Control	712	effectively_ptc	1059	347
ENST00000422257.7	ENSG00000139626.17	ENST00000267082.10	Control	-79	no_downstream_ejc	2477	2556
ENST00000423725.5	ENSG00000023228.16	ENST00000233190.11	Control	1933	effectively_ptc	2173	240
ENST00000423894.5	ENSG00000187118.15	ENST00000466830.6	Control	-119	truncated_no_ejc	286	405
ENST00000423945.6	ENSG00000291152.2	ENST00000685034.2	Control	-151	truncated_no_ejc	556	707
ENST00000424495.2	ENSG00000112561.20	ENST00000373033.6	NMD	-478	no_downstream_ejc	2504	2982
ENST00000426705.6	ENSG00000143416.22	ENST00000368868.10	Control	1410	effectively_ptc	1527	117
ENST00000426808.5	ENSG00000156976.18	ENST00000323963.10	NMD	650	effectively_ptc	978	328
ENST00000427190.6	ENSG00000198814.15	ENST00000378945.7	Control	-9	no_downstream_ejc	1784	1793
ENST00000427993.7	ENSG00000117620.16	ENST00000533028.8	Control	-89	no_downstream_ejc	1188	1277
ENST00000428707.2	ENSG00000093010.16	ENST00000361682.11	Control	-262	no_downstream_ejc	733	995
ENST00000428760.5	ENSG00000115966.19	ENST00000264110.7	NMD	179	effectively_ptc	1627	1448
ENST00000429751.6	ENSG00000085721.14	ENST00000198767.11	Control	-160	truncated_no_ejc	1720	1880
ENST00000429941.6	ENSG00000072958.10	ENST00000291439.8	Control	-21	truncated_no_ejc	1206	1227
ENST00000432425.5	ENSG00000013441.18	ENST00000321356.9	NMD	811	effectively_ptc	1313	502
ENST00000432569.2	ENSG00000145191.16	ENST00000648915.2	Control	-127	truncated_no_ejc	216	343
ENST00000432887.5	ENSG00000176148.17	ENST00000334274.9	Control	-201	no_downstream_ejc	1543	1744
ENST00000433753.4	ENSG00000012171.21	ENST00000616701.5	Control	-403	truncated_no_ejc	1914	2317
ENST00000434065.5	ENSG00000163701.20	ENST00000383814.8	Control	872	effectively_ptc	1396	524
ENST00000434391.6	ENSG00000117682.19	ENST00000236342.12	NMD	568	effectively_ptc	938	370
ENST00000434858.5	ENSG00000115750.18	ENST00000263663.10	NMD	828	effectively_ptc	1428	600
ENST00000436062.5	ENSG00000135241.18	ENST00000257694.13	Control	-273	no_downstream_ejc	2447	2720
ENST00000438419.6	ENSG00000113597.19	ENST00000399438.8	Control	-106	no_downstream_ejc	1176	1282
ENST00000439052.6	ENSG00000140299.15	ENST00000607373.6	Control	-50	no_downstream_ejc	1182	1232
ENST00000439578.5	ENSG00000152700.15	ENST00000402673.7	Control	-115	no_downstream_ejc	664	779
ENST00000439761.3	ENSG00000106258.17	ENST00000222982.8	Control	-103	truncated_no_ejc	418	521
ENST00000440191.6	ENSG00000156976.18	ENST00000323963.10	Control	-143	no_downstream_ejc	1116	1259
ENST00000440392.3	ENSG00000134146.13	ENST00000256538.9	Control	-184	truncated_no_ejc	363	547
ENST00000441576.6	ENSG00000178149.18	ENST00000341949.9	Control	-63	truncated_no_ejc	1486	1549
ENST00000441843.5	ENSG00000179630.12	ENST00000325686.7	Control	3	no_downstream_ejc	1779	1776
ENST00000443980.6	ENSG00000157191.21	ENST00000337132.10	Control	-153	no_downstream_ejc	693	846
ENST00000446293.6	ENSG00000160058.20	ENST00000455895.7	Control	-31	no_downstream_ejc	1327	1358
ENST00000446801.6	ENSG00000174442.13	ENST00000307897.10	Control	1824	effectively_ptc	2119	295
ENST00000446927.5	ENSG00000135622.15	ENST00000357877.7	NMD	1127	effectively_ptc	1524	397
ENST00000446942.5	ENSG00000178026.14	ENST00000318753.13	NMD	684	effectively_ptc	1036	352
ENST00000447096.1	ENSG00000059769.21	ENST00000313525.4	NMD	792	effectively_ptc	1246	454
ENST00000447133.7	ENSG00000111224.15	ENST00000427057.6	NMD	-315	no_downstream_ejc	798	1113
ENST00000447452.6	ENSG00000164815.12	ENST00000297431.9	Control	-149	truncated_no_ejc	877	1026
ENST00000447873.6	ENSG00000127990.20	ENST00000648936.2	Control	-15	truncated_no_ejc	1379	1394
ENST00000448281.7	ENSG00000157014.11	ENST00000287652.8	Control	40	no_downstream_ejc	2939	2899
ENST00000448392.6	ENSG00000103978.18	ENST00000389834.9	NMD	1393	effectively_ptc	1615	222
ENST00000449301.5	ENSG00000119004.18	ENST00000356079.9	NMD	534	effectively_ptc	1245	711
ENST00000450873.6	ENSG00000154710.19	ENST00000284957.9	Control	-397	no_downstream_ejc	1349	1746
ENST00000450991.6	ENSG00000089818.18	ENST00000339754.11	NMD	390	effectively_ptc	718	328
ENST00000451590.5	ENSG00000174775.19	ENST00000311189.8	Control	-118	no_downstream_ejc	638	756
ENST00000451623.5	ENSG00000171055.16	ENST00000405912.8	NMD	53	effectively_ptc	993	940
ENST00000452673.6	ENSG00000127022.17	ENST00000247461.9	Control	-52	no_downstream_ejc	1872	1924
ENST00000453172.2	ENSG00000134285.12	ENST00000550765.6	Control	-51	truncated_no_ejc	480	531
ENST00000453791.6	ENSG00000114626.19	ENST00000232744.13	Control	1180	effectively_ptc	1309	129
ENST00000454520.6	ENSG00000161800.14	ENST00000312377.10	Control	-74	no_downstream_ejc	1900	1974
ENST00000455319.6	ENSG00000182325.12	ENST00000331890.6	Control	-146	truncated_no_ejc	1479	1625
ENST00000455834.5	ENSG00000114735.11	ENST00000232854.9	Control	-35	no_downstream_ejc	1207	1242
ENST00000457269.8	ENSG00000105655.20	ENST00000338128.13	Control	-203	truncated_no_ejc	1394	1597
ENST00000457458.6	ENSG00000102225.18	ENST00000357227.9	Control	-36	no_downstream_ejc	1891	1927
ENST00000459929.6	ENSG00000116679.18	ENST00000367498.8	NMD	1152	effectively_ptc	2383	1231
ENST00000460181.5	ENSG00000136877.17	ENST00000373247.7	NMD	812	effectively_ptc	1342	530
ENST00000460212.1	ENSG00000156239.13	ENST00000303775.10	NMD	75	effectively_ptc	744	669
ENST00000461304.5	ENSG00000125875.16	ENST00000354200.5	NMD	197	effectively_ptc	1533	1336
ENST00000461371.5	ENSG00000119004.18	ENST00000356079.9	Control	927	effectively_ptc	1102	175
ENST00000461440.5	ENSG00000135269.19	ENST00000358204.9	Control	-329	truncated_no_ejc	315	644
ENST00000462677.3	ENSG00000198860.15	ENST00000645668.2	NMD	200	effectively_ptc	612	412
ENST00000462997.6	ENSG00000132664.14	ENST00000377603.5	Control	912	effectively_ptc	1094	182
ENST00000463664.5	ENSG00000143416.22	ENST00000368868.10	NMD	1192	effectively_ptc	1561	369
ENST00000464088.5	ENSG00000116815.17	ENST00000369489.10	NMD	66	effectively_ptc	790	724
ENST00000464099.5	ENSG00000203791.16	ENST00000368836.7	Control	307	effectively_ptc	655	348
ENST00000464605.1	ENSG00000144744.19	ENST00000361055.9	Control	-362	truncated_no_ejc	21	383
ENST00000464909.2	ENSG00000237651.8	ENST00000426997.5	Control	-172	no_downstream_ejc	270	442
ENST00000467891.5	ENSG00000188130.15	ENST00000215659.13	NMD	1132	effectively_ptc	1458	326
ENST00000470080.5	ENSG00000163762.8	ENST00000296059.7	Control	-13	no_downstream_ejc	691	704
ENST00000470551.1	ENSG00000101152.13	ENST00000360864.9	NMD	65	effectively_ptc	720	655
ENST00000472647.5	ENSG00000143156.15	ENST00000367811.8	Control	979	effectively_ptc	1303	324
ENST00000474012.1	ENSG00000164087.9	ENST00000394970.6	Control	1126	effectively_ptc	1228	102
ENST00000474361.6	ENSG00000197976.13	ENST00000313871.9	NMD	66	effectively_ptc	1388	1322
ENST00000474393.5	ENSG00000150403.19	ENST00000434316.7	Control	-230	truncated_no_ejc	1601	1831
ENST00000475764.5	ENSG00000119125.18	ENST00000358399.8	NMD	158	effectively_ptc	1606	1448
ENST00000477538.2	ENSG00000134086.11	ENST00000256474.3	NMD	852	effectively_ptc	1343	491
ENST00000477693.1	ENSG00000155438.13	ENST00000285814.9	Control	-279	truncated_no_ejc	374	653
ENST00000478672.1	ENSG00000122674.13	ENST00000325974.9	Control	-134	truncated_no_ejc	237	371
ENST00000480046.5	ENSG00000165055.17	ENST00000262432.13	Control	778	effectively_ptc	902	124
ENST00000480681.1	ENSG00000187325.6	ENST00000341864.6	NMD	387	effectively_ptc	681	294
ENST00000480948.6	ENSG00000144048.13	ENST00000272444.8	Control	-197	truncated_no_ejc	746	943
ENST00000481935.5	ENSG00000119688.22	ENST00000356924.9	Control	1339	effectively_ptc	1533	194
ENST00000482320.5	ENSG00000064419.15	ENST00000265388.10	NMD	2837	effectively_ptc	3287	450
ENST00000482555.5	ENSG00000165055.17	ENST00000262432.13	NMD	1076	effectively_ptc	1225	149
ENST00000484413.6	ENSG00000189171.17	ENST00000476133.6	Control	-142	no_downstream_ejc	1093	1235
ENST00000484417.5	ENSG00000101452.16	ENST00000252011.8	NMD	1708	effectively_ptc	2095	387
ENST00000485554.6	ENSG00000077454.18	ENST00000310300.11	Control	-103	truncated_no_ejc	1883	1986
ENST00000485648.5	ENSG00000100417.13	ENST00000216259.8	Control	512	effectively_ptc	901	389
ENST00000486228.7	ENSG00000156345.19	ENST00000325303.9	NMD	486	effectively_ptc	1243	757
ENST00000487577.5	ENSG00000025708.15	ENST00000252029.8	Control	-147	no_downstream_ejc	1587	1734
ENST00000488362.5	ENSG00000184497.14	ENST00000375353.5	Control	-157	truncated_no_ejc	372	529
ENST00000488877.6	ENSG00000026103.25	ENST00000652046.1	NMD	119	effectively_ptc	567	448
ENST00000489394.5	ENSG00000130066.17	ENST00000379270.5	NMD	241	effectively_ptc	610	369
ENST00000489519.1	ENSG00000160325.16	ENST00000316948.9	NMD	-128	truncated_no_ejc	263	391
ENST00000489772.5	ENSG00000100083.21	ENST00000343632.9	Control	-140	truncated_no_ejc	159	299
ENST00000491231.5	ENSG00000162236.14	ENST00000294179.8	NMD	168	effectively_ptc	1027	859
ENST00000491402.5	ENSG00000100483.15	ENST00000395860.7	NMD	231	effectively_ptc	712	481
ENST00000491407.1	ENSG00000160813.8	ENST00000292330.3	NMD	133	effectively_ptc	767	634
ENST00000492498.5	ENSG00000101146.14	ENST00000395841.7	NMD	261	effectively_ptc	1069	808
ENST00000492540.5	ENSG00000054148.19	ENST00000247665.12	NMD	332	effectively_ptc	1048	716
ENST00000492996.6	ENSG00000148634.17	ENST00000373700.9	Control	-105	truncated_no_ejc	474	579
ENST00000493053.5	ENSG00000165629.21	ENST00000356708.12	NMD	750	effectively_ptc	953	203
ENST00000493230.5	ENSG00000174775.19	ENST00000311189.8	NMD	146	effectively_ptc	833	687
ENST00000493680.5	ENSG00000099968.20	ENST00000317582.10	Control	-148	truncated_no_ejc	621	769
ENST00000494584.5	ENSG00000130717.14	ENST00000372215.5	NMD	350	effectively_ptc	714	364
ENST00000494826.1	ENSG00000146476.12	ENST00000367294.4	NMD	283	effectively_ptc	512	229
ENST00000495421.1	ENSG00000132768.15	ENST00000255108.8	NMD	1013	effectively_ptc	1459	446
ENST00000495509.6	ENSG00000112511.19	ENST00000374516.8	NMD	146	effectively_ptc	1510	1364
ENST00000495742.5	ENSG00000168765.20	ENST00000369836.9	NMD	199	effectively_ptc	623	424
ENST00000498336.5	ENSG00000204576.13	ENST00000376557.3	NMD	373	effectively_ptc	670	297
ENST00000498510.2	ENSG00000041880.16	ENST00000471971.6	Control	-168	no_downstream_ejc	1538	1706
ENST00000501493.6	ENSG00000109814.13	ENST00000316423.11	Control	-109	truncated_no_ejc	1335	1444
ENST00000502506.6	ENSG00000186010.20	ENST00000507754.9	NMD	150	effectively_ptc	975	825
ENST00000502973.1	ENSG00000145414.10	ENST00000274054.3	NMD	99	effectively_ptc	668	569
ENST00000502979.1	ENSG00000145740.21	ENST00000380860.8	Control	-82	truncated_no_ejc	208	290
ENST00000503235.1	ENSG00000168884.16	ENST00000315423.12	Control	-262	truncated_no_ejc	830	1092
ENST00000503936.6	ENSG00000113638.15	ENST00000337702.5	NMD	-20	truncated_no_ejc	344	364
ENST00000504011.5	ENSG00000154553.17	ENST00000284771.7	Control	-50	truncated_no_ejc	575	625
ENST00000504286.2	ENSG00000145545.14	ENST00000274192.7	NMD	140	effectively_ptc	1024	884
ENST00000504878.1	ENSG00000134480.18	ENST00000256897.9	Control	1013	effectively_ptc	1286	273
ENST00000505803.5	ENSG00000164211.14	ENST00000502322.5	Control	-219	no_downstream_ejc	578	797
ENST00000506139.5	ENSG00000037474.16	ENST00000264670.11	Control	-305	truncated_no_ejc	1955	2260
ENST00000508274.5	ENSG00000157869.17	ENST00000330852.10	NMD	157	effectively_ptc	624	467
ENST00000508629.5	ENSG00000145723.18	ENST00000399004.7	Control	-28	truncated_no_ejc	680	708
ENST00000510267.5	ENSG00000168884.16	ENST00000315423.12	NMD	736	effectively_ptc	1133	397
ENST00000511137.5	ENSG00000164211.14	ENST00000502322.5	NMD	104	effectively_ptc	430	326
ENST00000513117.1	ENSG00000145545.14	ENST00000274192.7	Control	140	effectively_ptc	696	556
ENST00000514033.1	ENSG00000109787.14	ENST00000261438.10	Control	-153	truncated_no_ejc	848	1001
ENST00000515708.5	ENSG00000048140.19	ENST00000508164.6	Control	-13	truncated_no_ejc	825	838
ENST00000515853.5	ENSG00000163291.15	ENST00000512733.5	Control	365	effectively_ptc	630	265
ENST00000517956.5	ENSG00000156804.8	ENST00000520511.1	Control	-88	no_downstream_ejc	1170	1258
ENST00000518714.5	ENSG00000112237.14	ENST00000520429.6	Control	-50	truncated_no_ejc	932	982
ENST00000518913.5	ENSG00000168487.20	ENST00000306349.13	NMD	1576	effectively_ptc	2298	722
ENST00000519357.1	ENSG00000111671.11	ENST00000524270.6	Control	-898	no_downstream_ejc	91	989
ENST00000520957.1	ENSG00000113240.15	ENST00000316308.9	Control	-163	truncated_no_ejc	85	248
ENST00000521166.5	ENSG00000176853.17	ENST00000334705.12	Control	-107	truncated_no_ejc	2508	2615
ENST00000523444.2	ENSG00000104320.16	ENST00000265433.8	Control	2109	effectively_ptc	2447	338
ENST00000523887.5	ENSG00000147475.18	ENST00000648919.1	Control	-321	no_downstream_ejc	367	688
ENST00000525158.1	ENSG00000134809.10	ENST00000257245.9	Control	-200	no_downstream_ejc	252	452
ENST00000525314.6	ENSG00000149182.16	ENST00000524782.6	Control	-19	no_downstream_ejc	1616	1635
ENST00000526288.1	ENSG00000121621.8	ENST00000263181.7	Control	-482	truncated_no_ejc	82	564
ENST00000526711.5	ENSG00000166333.15	ENST00000420936.6	NMD	922	effectively_ptc	1181	259
ENST00000527764.1	ENSG00000116871.17	ENST00000474796.2	NMD	-75	truncated_no_ejc	634	709
ENST00000528071.5	ENSG00000030066.15	ENST00000378460.7	Control	-165	truncated_no_ejc	3203	3368
ENST00000529397.5	ENSG00000154114.14	ENST00000422003.6	Control	-317	no_downstream_ejc	1056	1373
ENST00000533603.5	ENSG00000149257.17	ENST00000358171.8	NMD	-301	no_downstream_ejc	1296	1597
ENST00000533723.1	ENSG00000166471.12	ENST00000528080.6	Control	-143	truncated_no_ejc	431	574
ENST00000534111.5	ENSG00000137648.21	ENST00000437212.8	Control	-10	truncated_no_ejc	1561	1571
ENST00000534405.5	ENSG00000166311.11	ENST00000342245.9	NMD	319	effectively_ptc	1652	1333
ENST00000535306.6	ENSG00000181481.15	ENST00000324689.8	Control	-25	no_downstream_ejc	848	873
ENST00000536343.5	ENSG00000102858.14	ENST00000262370.12	NMD	481	effectively_ptc	1561	1080
ENST00000536761.5	ENSG00000151743.11	ENST00000281471.11	Control	866	effectively_ptc	925	59
ENST00000536889.1	ENSG00000133134.13	ENST00000372677.8	NMD	-390	no_downstream_ejc	449	839
ENST00000537971.5	ENSG00000011105.15	ENST00000011898.10	Control	-70	no_downstream_ejc	764	834
ENST00000539041.5	ENSG00000172594.14	ENST00000368440.5	Control	667	effectively_ptc	1128	461
ENST00000539140.6	ENSG00000156171.16	ENST00000484310.6	Control	-106	no_downstream_ejc	937	1043
ENST00000542934.5	ENSG00000070495.16	ENST00000397625.9	NMD	90	effectively_ptc	1483	1393
ENST00000543699.5	ENSG00000110801.15	ENST00000541212.6	NMD	150	effectively_ptc	700	550
ENST00000543987.5	ENSG00000151116.18	ENST00000396197.8	Control	-14	truncated_no_ejc	1216	1230
ENST00000544052.6	ENSG00000092108.23	ENST00000458591.7	Control	1761	effectively_ptc	1854	93
ENST00000544060.1	ENSG00000139372.15	ENST00000392872.8	Control	-318	truncated_no_ejc	301	619
ENST00000544257.5	ENSG00000166532.17	ENST00000535829.6	NMD	299	effectively_ptc	1405	1106
ENST00000546181.2	ENSG00000089818.18	ENST00000339754.11	Control	-116	truncated_no_ejc	156	272
ENST00000546360.5	ENSG00000070540.14	ENST00000262139.10	Control	1128	effectively_ptc	1268	140
ENST00000547382.5	ENSG00000139636.17	ENST00000267102.13	Control	-66	truncated_no_ejc	1637	1703
ENST00000550536.5	ENSG00000127328.23	ENST00000247833.12	Control	-81	no_downstream_ejc	1805	1886
ENST00000553152.2	ENSG00000089127.15	ENST00000452357.7	Control	-115	no_downstream_ejc	1116	1231
ENST00000553486.5	ENSG00000119688.22	ENST00000356924.9	NMD	1455	effectively_ptc	1657	202
ENST00000554764.6	ENSG00000166888.14	ENST00000300134.8	Control	2100	effectively_ptc	2470	370
ENST00000554871.5	ENSG00000119661.16	ENST00000553645.7	Control	544	effectively_ptc	591	47
ENST00000554920.5	ENSG00000119723.18	ENST00000334571.7	Control	-120	truncated_no_ejc	506	626
ENST00000555269.5	ENSG00000182400.16	ENST00000330149.10	NMD	327	effectively_ptc	736	409
ENST00000555358.5	ENSG00000196792.13	ENST00000355683.9	NMD	841	effectively_ptc	1972	1131
ENST00000555394.5	ENSG00000133961.23	ENST00000554546.5	Control	-714	no_downstream_ejc	1416	2130
ENST00000557235.5	ENSG00000170581.16	ENST00000314128.9	Control	-141	truncated_no_ejc	2477	2618
ENST00000557550.6	ENSG00000165792.19	ENST00000339374.11	NMD	822	effectively_ptc	1297	475
ENST00000559556.5	ENSG00000140416.27	ENST00000358278.7	Control	-81	no_downstream_ejc	844	925
ENST00000562410.5	ENSG00000205084.13	ENST00000258173.11	NMD	574	effectively_ptc	952	378
ENST00000562706.5	ENSG00000166479.11	ENST00000299608.7	Control	-94	truncated_no_ejc	569	663
ENST00000564105.5	ENSG00000174177.14	ENST00000453996.7	Control	1191	effectively_ptc	1447	256
ENST00000564466.5	ENSG00000153786.14	ENST00000313732.9	Control	-175	no_downstream_ejc	1181	1356
ENST00000564631.5	ENSG00000166479.11	ENST00000299608.7	NMD	790	effectively_ptc	1154	364
ENST00000566014.2	ENSG00000103978.18	ENST00000389834.9	Control	-40	no_downstream_ejc	1765	1805
ENST00000566188.5	ENSG00000103066.14	ENST00000219345.10	NMD	-107	truncated_no_ejc	656	763
ENST00000566756.5	ENSG00000140931.21	ENST00000567572.6	NMD	148	effectively_ptc	709	561
ENST00000567795.3	ENSG00000174943.12	ENST00000568000.6	Control	-106	truncated_no_ejc	586	692
ENST00000568470.6	ENSG00000172831.15	ENST00000317091.10	NMD	1583	effectively_ptc	2923	1340
ENST00000569482.5	ENSG00000140400.19	ENST00000267978.10	Control	-125	truncated_no_ejc	2936	3061
ENST00000570030.1	ENSG00000177548.14	ENST00000358201.9	Control	-207	truncated_no_ejc	327	534
ENST00000572415.5	ENSG00000133393.14	ENST00000255759.11	NMD	175	effectively_ptc	586	411
ENST00000573150.5	ENSG00000181523.14	ENST00000326317.11	NMD	161	effectively_ptc	890	729
ENST00000574867.5	ENSG00000108559.14	ENST00000573584.6	Control	-188	truncated_no_ejc	1496	1684
ENST00000575333.5	ENSG00000141198.17	ENST00000575882.6	Control	-124	truncated_no_ejc	924	1048
ENST00000575744.5	ENSG00000133393.14	ENST00000255759.11	Control	-75	truncated_no_ejc	268	343
ENST00000575949.6	ENSG00000108433.17	ENST00000640051.2	NMD	-227	truncated_no_ejc	243	470
ENST00000578205.5	ENSG00000126858.20	ENST00000333942.10	Control	1709	effectively_ptc	1883	174
ENST00000579248.5	ENSG00000265681.9	ENST00000578532.5	Control	-46	no_downstream_ejc	707	753
ENST00000579677.5	ENSG00000135164.20	ENST00000331242.12	NMD	1528	effectively_ptc	2620	1092
ENST00000579847.5	ENSG00000133313.16	ENST00000324262.9	Control	-68	no_downstream_ejc	1520	1588
ENST00000581729.2	ENSG00000178971.18	ENST00000651323.1	Control	-138	truncated_no_ejc	3305	3443
ENST00000583328.5	ENSG00000177302.17	ENST00000580095.5	Control	-200	no_downstream_ejc	310	510
ENST00000583540.2	ENSG00000189152.12	ENST00000344415.9	NMD	57	effectively_ptc	398	341
ENST00000587238.5	ENSG00000089639.12	ENST00000203556.9	Control	-372	truncated_no_ejc	2493	2865
ENST00000587385.6	ENSG00000126249.8	ENST00000246535.4	NMD	783	effectively_ptc	1066	283
ENST00000588994.5	ENSG00000102858.14	ENST00000262370.12	Control	-111	truncated_no_ejc	1552	1663
ENST00000589428.5	ENSG00000198858.11	ENST00000361574.10	NMD	286	effectively_ptc	666	380
ENST00000590310.2	ENSG00000136448.14	ENST00000258960.7	Control	-296	truncated_no_ejc	913	1209
ENST00000590925.6	ENSG00000089685.16	ENST00000350051.8	NMD	143	effectively_ptc	558	415
ENST00000596915.1	ENSG00000105656.14	ENST00000262809.9	Control	-184	truncated_no_ejc	147	331
ENST00000597849.5	ENSG00000142002.20	ENST00000262960.14	Control	-202	truncated_no_ejc	1518	1720
ENST00000599369.5	ENSG00000099326.10	ENST00000215057.7	Control	-1431	no_downstream_ejc	1015	2446
ENST00000601675.5	ENSG00000104960.15	ENST00000599732.5	Control	59	effectively_ptc	1412	1353
ENST00000602022.5	ENSG00000127527.16	ENST00000597937.5	NMD	190	effectively_ptc	2469	2279
ENST00000605788.6	ENSG00000166197.18	ENST00000488254.6	Control	-157	truncated_no_ejc	1963	2120
ENST00000611268.4	ENSG00000166471.12	ENST00000528080.6	NMD	55	effectively_ptc	1055	1000
ENST00000611366.5	ENSG00000100918.15	ENST00000620473.4	Control	-84	no_downstream_ejc	2031	2115
ENST00000614623.5	ENSG00000278259.6	ENST00000621344.4	Control	-154	no_downstream_ejc	3160	3314
ENST00000615148.5	ENSG00000141452.12	ENST00000269221.8	Control	-58	truncated_no_ejc	1893	1951
ENST00000615329.4	ENSG00000136643.13	ENST00000366960.8	NMD	1831	effectively_ptc	3081	1250
ENST00000615724.1	ENSG00000023909.11	ENST00000370238.8	Control	-168	truncated_no_ejc	882	1050
ENST00000616000.4	ENSG00000137868.20	ENST00000395105.9	Control	-162	no_downstream_ejc	2068	2230
ENST00000617207.4	ENSG00000269335.8	ENST00000594239.6	Control	-141	truncated_no_ejc	1234	1375
ENST00000618590.1	ENSG00000164978.20	ENST00000892446.1	Control	-315	no_downstream_ejc	237	552
ENST00000618911.4	ENSG00000048162.23	ENST00000614830.5	Control	-304	no_downstream_ejc	781	1085
ENST00000620557.4	ENSG00000147654.17	ENST00000337573.10	Control	-119	no_downstream_ejc	636	755
ENST00000626257.2	ENSG00000146574.17	ENST00000316731.13	Control	1064	effectively_ptc	1872	808
ENST00000626847.2	ENSG00000205571.16	ENST00000380743.9	Control	-13	truncated_no_ejc	866	879
ENST00000628829.2	ENSG00000162174.13	ENST00000301776.9	NMD	367	effectively_ptc	671	304
ENST00000636077.2	ENSG00000103264.19	ENST00000311635.12	Control	-221	no_downstream_ejc	1488	1709
ENST00000640621.1	ENSG00000108433.17	ENST00000640051.2	Control	-250	truncated_no_ejc	391	641
ENST00000642752.1	ENSG00000112855.18	ENST00000230771.9	Control	-58	truncated_no_ejc	1558	1616
ENST00000643231.1	ENSG00000198860.15	ENST00000645668.2	Control	-113	truncated_no_ejc	423	536
ENST00000643457.1	ENSG00000172113.11	ENST00000442597.6	Control	-165	no_downstream_ejc	511	676
ENST00000644094.1	ENSG00000169359.17	ENST00000643144.2	NMD	288	effectively_ptc	1550	1262
ENST00000644338.1	ENSG00000136143.17	ENST00000646932.1	Control	-1	truncated_no_ejc	673	674
ENST00000646097.1	ENSG00000139687.18	ENST00000267163.6	Control	-46	truncated_no_ejc	433	479
ENST00000646559.1	ENSG00000127990.20	ENST00000648936.2	NMD	1229	effectively_ptc	1434	205
ENST00000647753.1	ENSG00000115275.15	ENST00000448666.7	NMD	71	effectively_ptc	690	619
ENST00000648890.1	ENSG00000145191.16	ENST00000648915.2	NMD	531	effectively_ptc	2133	1602
ENST00000649642.1	ENSG00000140519.15	ENST00000268122.9	NMD	186	effectively_ptc	1477	1291
ENST00000649777.1	ENSG00000115275.15	ENST00000448666.7	Control	540	effectively_ptc	985	445
ENST00000650045.1	ENSG00000172175.17	ENST00000649217.2	NMD	731	effectively_ptc	2214	1483
ENST00000651498.1	ENSG00000118960.14	ENST00000304031.8	NMD	363	effectively_ptc	779	416
ENST00000652537.1	ENSG00000183735.12	ENST00000331710.10	NMD	520	effectively_ptc	2373	1853
ENST00000652555.1	ENSG00000174989.15	ENST00000455858.2	Control	-143	no_downstream_ejc	1740	1883
ENST00000672951.1	ENSG00000139163.17	ENST00000266517.9	Control	-92	truncated_no_ejc	705	797
ENST00000673715.1	ENSG00000076242.19	ENST00000231790.8	Control	-169	truncated_no_ejc	1756	1925
ENST00000673737.2	ENSG00000163703.21	ENST00000452070.6	NMD	317	effectively_ptc	1085	768
ENST00000673972.1	ENSG00000076242.19	ENST00000231790.8	NMD	1983	effectively_ptc	2131	148
ENST00000674096.1	ENSG00000175782.12	ENST00000398004.4	NMD	402	effectively_ptc	1067	665
ENST00000674992.1	ENSG00000121940.18	ENST00000356970.6	NMD	1520	effectively_ptc	2027	507
ENST00000675625.1	ENSG00000104381.15	ENST00000220822.12	NMD	368	effectively_ptc	616	248
ENST00000675641.1	ENSG00000148356.16	ENST00000300417.11	NMD	790	effectively_ptc	2404	1614
ENST00000675777.1	ENSG00000133315.13	ENST00000538595.1	Control	-30	no_downstream_ejc	1092	1122
ENST00000675928.1	ENSG00000104381.15	ENST00000220822.12	Control	-381	truncated_no_ejc	587	968
ENST00000675937.1	ENSG00000084073.11	ENST00000372759.4	NMD	450	effectively_ptc	1627	1177
ENST00000676177.1	ENSG00000087053.20	ENST00000346299.10	NMD	1685	effectively_ptc	2062	377
ENST00000676694.1	ENSG00000075413.20	ENST00000303622.13	NMD	1497	effectively_ptc	2436	939
ENST00000676828.1	ENSG00000136448.14	ENST00000258960.7	NMD	308	effectively_ptc	1856	1548
ENST00000677531.1	ENSG00000112561.20	ENST00000373033.6	Control	-478	no_downstream_ejc	1134	1612
ENST00000681505.1	ENSG00000089127.15	ENST00000452357.7	NMD	381	effectively_ptc	1058	677
ENST00000681539.1	ENSG00000125875.16	ENST00000354200.5	Control	38	no_downstream_ejc	1393	1355
ENST00000681849.1	ENSG00000157601.16	ENST00000398598.8	Control	-229	no_downstream_ejc	2141	2370
ENST00000683199.1	ENSG00000049167.17	ENST00000676185.1	Control	-232	truncated_no_ejc	865	1097
ENST00000683803.1	ENSG00000135317.15	ENST00000314673.8	NMD	1555	effectively_ptc	2977	1422
ENST00000684337.1	ENSG00000124356.18	ENST00000339566.7	NMD	981	effectively_ptc	1453	472
ENST00000684493.1	ENSG00000163703.21	ENST00000452070.6	Control	-213	no_downstream_ejc	1115	1328
ENST00000686305.1	ENSG00000064763.13	ENST00000536681.8	NMD	818	effectively_ptc	1425	607
ENST00000686419.1	ENSG00000064763.13	ENST00000536681.8	Control	-4	truncated_no_ejc	1801	1805
ENST00000687939.1	ENSG00000116473.16	ENST00000369709.4	Control	31	no_downstream_ejc	863	832
ENST00000688634.1	ENSG00000123989.16	ENST00000243776.11	NMD	254	effectively_ptc	1206	952
ENST00000696050.1	ENSG00000144048.13	ENST00000272444.8	NMD	245	effectively_ptc	905	660
ENST00000696134.1	ENSG00000117595.14	ENST00000367021.8	NMD	608	effectively_ptc	1605	997
ENST00000696265.1	ENSG00000112039.7	ENST00000229769.3	NMD	118	effectively_ptc	1442	1324
ENST00000696881.1	ENSG00000136689.20	ENST00000354115.6	NMD	416	effectively_ptc	576	160
ENST00000697868.1	ENSG00000126524.13	ENST00000246868.7	NMD	390	effectively_ptc	726	336
ENST00000698605.1	ENSG00000013375.18	ENST00000513973.6	NMD	1321	effectively_ptc	1616	295
ENST00000698622.1	ENSG00000013375.18	ENST00000513973.6	Control	-306	truncated_no_ejc	546	852
ENST00000700533.1	ENSG00000108559.14	ENST00000573584.6	NMD	909	effectively_ptc	2025	1116
ENST00000703125.1	ENSG00000102471.16	ENST00000620924.1	NMD	327	effectively_ptc	1050	723
ENST00000703146.1	ENSG00000102471.16	ENST00000620924.1	Control	4	truncated_no_ejc	980	976
ENST00000713859.1	ENSG00000139687.18	ENST00000267163.6	NMD	1789	effectively_ptc	2608	819
ENST00000714370.1	ENSG00000166888.14	ENST00000300134.8	NMD	1191	effectively_ptc	2769	1578
ENST00000721291.1	ENSG00000290831.2	ENST00000444583.7	NMD	416	effectively_ptc	1520	1104
ENST00000721294.1	ENSG00000290831.2	ENST00000444583.7	Control	2	truncated_no_ejc	901	899
ENST00000736734.1	ENSG00000290940.2	ENST00000736737.1	Control	64	effectively_ptc	655	591
ENST00000736757.1	ENSG00000290940.2	ENST00000736737.1	NMD	206	effectively_ptc	779	573
ENST00000754443.1	ENSG00000291152.2	ENST00000685034.2	NMD	-151	no_downstream_ejc	727	878
ENST00000847564.1	ENSG00000290854.2	ENST00000647043.1	Control	-67	no_downstream_ejc	1332	1399
ENST00000850622.1	ENSG00000162695.14	ENST00000370112.8	Control	93	effectively_ptc	1405	1312
ENST00000851570.1	ENSG00000104635.16	ENST00000381237.6	Control	-145	no_downstream_ejc	1609	1754
ENST00000851812.1	ENSG00000130717.14	ENST00000372215.5	Control	-180	no_downstream_ejc	798	978
ENST00000852080.1	ENSG00000115919.16	ENST00000264170.9	Control	-124	no_downstream_ejc	1554	1678
ENST00000852588.1	ENSG00000131966.15	ENST00000254286.9	Control	-180	truncated_no_ejc	1136	1316
ENST00000853393.1	ENSG00000108349.19	ENST00000264645.12	Control	43	no_downstream_ejc	2424	2381
ENST00000855804.1	ENSG00000177731.17	ENST00000327031.9	Control	-133	truncated_no_ejc	3754	3887
ENST00000856359.1	ENSG00000077238.15	ENST00000395762.7	Control	-1577	no_downstream_ejc	1406	2983
ENST00000856636.1	ENSG00000183576.14	ENST00000331768.10	Control	-445	truncated_no_ejc	1366	1811
ENST00000857760.1	ENSG00000158106.16	ENST00000289013.11	Control	-214	truncated_no_ejc	1970	2184
ENST00000858136.1	ENSG00000173156.8	ENST00000308831.7	Control	-166	truncated_no_ejc	386	552
ENST00000858301.1	ENSG00000099282.11	ENST00000373290.7	Control	-148	truncated_no_ejc	682	830
ENST00000858490.1	ENSG00000137275.17	ENST00000259808.9	Control	-285	no_downstream_ejc	2025	2310
ENST00000858717.1	ENSG00000162236.14	ENST00000294179.8	Control	-158	no_downstream_ejc	1705	1863
ENST00000859006.1	ENSG00000112511.19	ENST00000374516.8	Control	-287	truncated_no_ejc	1746	2033
ENST00000860234.1	ENSG00000166123.15	ENST00000340124.9	Control	-89	no_downstream_ejc	1832	1921
ENST00000860383.1	ENSG00000163870.17	ENST00000355552.8	Control	-266	no_downstream_ejc	1113	1379
ENST00000860932.1	ENSG00000136144.13	ENST00000378302.7	Control	-139	no_downstream_ejc	1655	1794
ENST00000860937.1	ENSG00000026652.16	ENST00000320285.9	Control	-93	truncated_no_ejc	1093	1186
ENST00000862173.1	ENSG00000157693.16	ENST00000288502.9	Control	-178	no_downstream_ejc	1021	1199
ENST00000862370.1	ENSG00000137073.25	ENST00000379238.7	Control	-94	truncated_no_ejc	3251	3345
ENST00000862677.1	ENSG00000198026.9	ENST00000322927.3	NMD	-126	no_downstream_ejc	4390	4516
ENST00000863349.1	ENSG00000156671.16	ENST00000542569.6	Control	-303	no_downstream_ejc	1276	1579
ENST00000863473.1	ENSG00000101928.14	ENST00000370783.8	NMD	-30	truncated_no_ejc	771	801
ENST00000863494.1	ENSG00000107164.18	ENST00000319725.10	Control	-7	truncated_no_ejc	1759	1766
ENST00000863519.1	ENSG00000109534.18	ENST00000226796.7	NMD	-12	no_downstream_ejc	872	884
ENST00000863601.1	ENSG00000133961.23	ENST00000554546.5	NMD	-714	no_downstream_ejc	1454	2168
ENST00000863916.1	ENSG00000117595.14	ENST00000367021.8	Control	-223	no_downstream_ejc	1363	1586
ENST00000864159.1	ENSG00000164077.16	ENST00000296473.8	Control	-139	no_downstream_ejc	1861	2000
ENST00000869409.1	ENSG00000155666.13	ENST00000286096.9	Control	-163	truncated_no_ejc	1175	1338
ENST00000870257.1	ENSG00000175137.12	ENST00000366472.6	Control	-469	no_downstream_ejc	2298	2767
ENST00000870301.1	ENSG00000205084.13	ENST00000258173.11	Control	-188	no_downstream_ejc	845	1033
ENST00000870587.1	ENSG00000156345.19	ENST00000325303.9	Control	-196	no_downstream_ejc	914	1110
ENST00000871058.1	ENSG00000153574.10	ENST00000283646.5	Control	-96	truncated_no_ejc	835	931
ENST00000871551.1	ENSG00000197872.12	ENST00000381323.7	Control	-62	no_downstream_ejc	1195	1257
ENST00000872726.1	ENSG00000068971.15	ENST00000164133.7	Control	-146	no_downstream_ejc	2795	2941
ENST00000872813.1	ENSG00000149257.17	ENST00000358171.8	Control	-301	no_downstream_ejc	4031	4332
ENST00000873753.1	ENSG00000162069.17	ENST00000572449.6	Control	-166	no_downstream_ejc	1473	1639
ENST00000873777.1	ENSG00000127586.18	ENST00000262315.14	Control	-135	truncated_no_ejc	2599	2734
ENST00000874411.1	ENSG00000140854.14	ENST00000379661.8	Control	-131	no_downstream_ejc	2378	2509
ENST00000874492.1	ENSG00000129451.13	ENST00000358789.8	Control	-151	no_downstream_ejc	881	1032
ENST00000875146.1	ENSG00000129657.17	ENST00000436233.9	Control	-104	no_downstream_ejc	2425	2529
ENST00000875201.1	ENSG00000158402.22	ENST00000323760.11	Control	-148	truncated_no_ejc	1276	1424
ENST00000875763.1	ENSG00000117411.19	ENST00000372324.6	Control	-149	no_downstream_ejc	1649	1798
ENST00000876528.1	ENSG00000121957.16	ENST00000264126.9	Control	-238	no_downstream_ejc	2364	2602
ENST00000877141.1	ENSG00000117480.17	ENST00000243167.9	Control	-127	truncated_no_ejc	1647	1774
ENST00000877223.1	ENSG00000170537.14	ENST00000304381.10	Control	-64	truncated_no_ejc	2020	2084
ENST00000877279.1	ENSG00000170412.19	ENST00000392627.7	NMD	-178	no_downstream_ejc	2158	2336
ENST00000877423.1	ENSG00000165733.9	ENST00000374518.6	Control	-229	no_downstream_ejc	3858	4087
ENST00000879799.1	ENSG00000081320.13	ENST00000263955.9	Control	-281	no_downstream_ejc	1395	1676
ENST00000881501.1	ENSG00000064225.14	ENST00000265261.11	Control	-85	no_downstream_ejc	1450	1535
ENST00000882504.1	ENSG00000117748.11	ENST00000373912.8	Control	-83	truncated_no_ejc	953	1036
ENST00000883817.1	ENSG00000178177.18	ENST00000326877.8	Control	-12	truncated_no_ejc	924	936
ENST00000884253.1	ENSG00000078747.18	ENST00000374864.10	Control	-98	no_downstream_ejc	2707	2805
ENST00000884598.1	ENSG00000018699.14	ENST00000317907.9	Control	-121	truncated_no_ejc	2529	2650
ENST00000886035.1	ENSG00000165591.8	ENST00000374900.5	Control	-174	truncated_no_ejc	1360	1534
ENST00000886266.1	ENSG00000099849.16	ENST00000397582.7	Control	-86	no_downstream_ejc	1153	1239
ENST00000887359.1	ENSG00000151715.9	ENST00000281441.8	Control	-110	no_downstream_ejc	918	1028
ENST00000889578.1	ENSG00000072849.12	ENST00000158771.9	Control	-104	truncated_no_ejc	658	762
ENST00000889735.1	ENSG00000100726.16	ENST00000262319.11	Control	-105	no_downstream_ejc	2663	2768
ENST00000890095.1	ENSG00000111671.11	ENST00000524270.6	NMD	-126	no_downstream_ejc	1765	1891
ENST00000890428.1	ENSG00000104412.9	ENST00000220853.8	Control	-85	truncated_no_ejc	736	821
ENST00000890971.1	ENSG00000065600.14	ENST00000261455.9	Control	-160	truncated_no_ejc	927	1087
ENST00000891019.1	ENSG00000134602.17	ENST00000394334.7	Control	-23	no_downstream_ejc	1618	1641
ENST00000893236.1	ENSG00000133059.19	ENST00000367162.8	Control	-186	truncated_no_ejc	2749	2935
ENST00000893628.1	ENSG00000103066.14	ENST00000219345.10	Control	-510	no_downstream_ejc	946	1456
ENST00000893672.1	ENSG00000172889.17	ENST00000371698.3	Control	-21	no_downstream_ejc	1928	1949
ENST00000894211.1	ENSG00000106771.14	ENST00000413712.7	Control	-44	truncated_no_ejc	2628	2672
ENST00000894507.1	ENSG00000267796.9	ENST00000301159.14	Control	-80	truncated_no_ejc	782	862
ENST00000896293.1	ENSG00000171097.15	ENST00000302586.8	Control	-58	no_downstream_ejc	1421	1479
ENST00000896310.1	ENSG00000171097.15	ENST00000302586.8	NMD	-58	no_downstream_ejc	2366	2424
ENST00000897030.1	ENSG00000185753.14	ENST00000327877.10	Control	3	no_downstream_ejc	1002	999
ENST00000897045.1	ENSG00000151651.17	ENST00000445355.8	Control	-76	truncated_no_ejc	2370	2446
ENST00000897103.1	ENSG00000183963.20	ENST00000333137.12	Control	22	truncated_no_ejc	2759	2737
ENST00000897241.1	ENSG00000162341.19	ENST00000294309.8	Control	-77	truncated_no_ejc	2073	2150
ENST00000897431.1	ENSG00000130479.12	ENST00000324096.9	Control	-154	no_downstream_ejc	3081	3235
ENST00000897668.1	ENSG00000171109.20	ENST00000471841.6	Control	-77	no_downstream_ejc	2273	2350
ENST00000898373.1	ENSG00000132406.13	ENST00000382753.5	Control	11	no_downstream_ejc	543	532
ENST00000899879.1	ENSG00000240344.11	ENST00000392283.9	Control	-125	no_downstream_ejc	519	644
ENST00000900699.1	ENSG00000108771.14	ENST00000251642.8	Control	-184	no_downstream_ejc	2673	2857
ENST00000900880.1	ENSG00000187097.14	ENST00000334696.11	Control	-85	truncated_no_ejc	1395	1480
ENST00000902749.1	ENSG00000105852.12	ENST00000265627.10	Control	-157	no_downstream_ejc	1178	1335
ENST00000904227.1	ENSG00000133114.19	ENST00000379151.9	Control	2	no_downstream_ejc	1142	1140
ENST00000904759.1	ENSG00000042980.15	ENST00000265769.9	Control	-19	truncated_no_ejc	2417	2436
ENST00000904925.1	ENSG00000163558.14	ENST00000295797.5	Control	-86	no_downstream_ejc	2100	2186
ENST00000905240.1	ENSG00000273559.6	ENST00000614790.5	Control	-113	truncated_no_ejc	1527	1640
ENST00000905808.1	ENSG00000087884.17	ENST00000526415.5	NMD	-139	no_downstream_ejc	511	650
ENST00000905838.1	ENSG00000176531.13	ENST00000934851.1	Control	-133	no_downstream_ejc	2500	2633
ENST00000905878.1	ENSG00000138131.5	ENST00000260702.4	Control	-69	no_downstream_ejc	2581	2650
ENST00000906746.1	ENSG00000127527.16	ENST00000597937.5	Control	-145	no_downstream_ejc	2311	2456
ENST00000907057.1	ENSG00000158301.21	ENST00000907060.1	NMD	-2848	no_downstream_ejc	1308	4156
ENST00000907061.1	ENSG00000158301.21	ENST00000907060.1	Control	-2848	no_downstream_ejc	401	3249
ENST00000907534.1	ENSG00000070413.22	ENST00000263196.12	Control	-255	truncated_no_ejc	1642	1897
ENST00000908300.1	ENSG00000117650.14	ENST00000366999.9	Control	-201	truncated_no_ejc	1295	1496
ENST00000908398.1	ENSG00000131037.16	ENST00000201647.11	Control	-85	no_downstream_ejc	2284	2369
ENST00000908484.1	ENSG00000111581.11	ENST00000229179.9	Control	-106	truncated_no_ejc	2736	2842
ENST00000908678.1	ENSG00000123395.16	ENST00000336854.9	NMD	-403	no_downstream_ejc	677	1080
ENST00000908862.1	ENSG00000102312.25	ENST00000361988.7	Control	-100	no_downstream_ejc	1798	1898
ENST00000909442.1	ENSG00000134897.15	ENST00000257336.6	Control	-292	no_downstream_ejc	1752	2044
ENST00000910062.1	ENSG00000135040.17	ENST00000361671.10	Control	-58	no_downstream_ejc	2968	3026
ENST00000910594.1	ENSG00000166532.17	ENST00000535829.6	Control	-462	no_downstream_ejc	1089	1551
ENST00000912143.1	ENSG00000197976.13	ENST00000313871.9	Control	-934	no_downstream_ejc	1205	2139
ENST00000912274.1	ENSG00000163141.21	ENST00000368931.8	Control	-35	truncated_no_ejc	1156	1191
ENST00000919128.1	ENSG00000159348.14	ENST00000367249.9	Control	-171	truncated_no_ejc	711	882
ENST00000923335.1	ENSG00000124508.18	ENST00000356709.9	Control	-591	no_downstream_ejc	1201	1792
ENST00000933698.1	ENSG00000142552.9	ENST00000270645.8	Control	-106	no_downstream_ejc	2116	2222
ENST00000938053.1	ENSG00000123395.16	ENST00000336854.9	Control	-403	no_downstream_ejc	898	1301
ENST00000940753.1	ENSG00000140519.15	ENST00000268122.9	Control	15	no_downstream_ejc	1523	1508
ENST00000942048.1	ENSG00000197860.11	ENST00000381007.9	Control	-110	truncated_no_ejc	933	1043
ENST00000942605.1	ENSG00000149564.13	ENST00000278927.10	Control	-314	truncated_no_ejc	481	795
ENST00000963199.1	ENSG00000038210.15	ENST00000264864.8	Control	-172	truncated_no_ejc	1453	1625
ENST00000969433.1	ENSG00000198276.17	ENST00000354216.11	Control	-78	truncated_no_ejc	1672	1750
ENST00000972675.1	ENSG00000292366.2	ENST00000711265.2	Control	-255	no_downstream_ejc	609	864
ENST00000972741.1	ENSG00000292343.2	ENST00000711185.2	NMD	66	effectively_ptc	1388	1322
ENST00000972767.1	ENSG00000292366.2	ENST00000711265.2	NMD	358	effectively_ptc	634	276
ENST00000972982.1	ENSG00000292343.2	ENST00000711185.2	Control	-934	no_downstream_ejc	1205	2139
